{"no_of_atoms": 192, "centre_of_mass": [26.675571238563556, 3.41942876143646, 18.466940705809996], "maximum_diameter": {"diameter": 24.545280056373098, "atom_1": 109, "atom_2": 169}, "pore_diameter": {"diameter": 4.777937290471915, "atom": 36}, "pore_volume": 57.11102550367676, "pore_diameter_opt": {"diameter": 4.788770789616505, "atom_1": 49, "centre_of_mass": [26.69715800429001, 3.397902805077056, 18.445678840411002]}, "pore_volume_opt": 57.500387776899224, "windows": {"diameters": [3.5306401684099256, 3.9267191636204584, 3.5619873222302973, 3.266600645249294, 3.5948648737947306], "centre_of_mass": [[25.68766223379479, 1.4304933267302125, 19.851168456786034], [23.909917538300487, 6.185445765205628, 21.232859749212317], [29.38764357013102, 5.947024018132494, 19.881689268673195], [29.470400515451065, 0.6248087503591551, 15.6720450331666], [25.462024560157495, 4.352830242653269, 16.588662890825745]]}}