{"no_of_atoms": 192, "centre_of_mass": [18.466940705810003, 3.4194287614364596, 11.628059294189995], "maximum_diameter": {"diameter": 24.545641886608127, "atom_1": 77, "atom_2": 176}, "pore_diameter": {"diameter": 4.778323323364699, "atom": 39}, "pore_volume": 57.124869458309874, "pore_diameter_opt": {"diameter": 4.778690711459962, "atom_1": 162, "centre_of_mass": [18.466956449600797, 3.4192603284226832, 11.627979356784062]}, "pore_volume_opt": 57.138046848715355, "windows": {"diameters": [3.57663525612208, 3.265013277615028, 3.536082958104315, 3.562342167376612, 3.9264900271504426], "centre_of_mass": [[21.065851191762405, 4.878080860072346, 14.43753990208674], [15.678444732434642, 0.6311980629081901, 14.416438872393098], [20.02967086289765, -0.19634317070211527, 10.75529456152574], [15.753587631033668, 5.9480751731592285, 10.21293198645061], [21.225041160292623, 6.177602856452729, 8.869613309225356]]}}