{"no_of_atoms": 224, "centre_of_mass": [-3.2269627517121027, 5.589252529232645, 17.53000065112158], "maximum_diameter": {"diameter": 26.206107466670503, "atom_1": 9, "atom_2": 220}, "pore_diameter": {"diameter": 2.4997469008349937, "atom": 55}, "pore_volume": 8.178746325032854, "pore_diameter_opt": {"diameter": 3.6855833429977483, "atom_1": 175, "centre_of_mass": [-2.1486068311427386, 4.339379078815148, 17.919113464226154]}, "pore_volume_opt": 26.21303646621242, "windows": {"diameters": [4.007186947834622, 3.836936917305701, 3.8539896908626896], "centre_of_mass": [[-0.9473134886875874, 6.492679764256116, 21.455605844850165], [-3.0522162654155585, 3.4275534738233144, 16.297619604371555], [-2.924980536580269, 3.3658334416253046, 16.394591371014876]]}}