{"no_of_atoms": 224, "centre_of_mass": [16.31915100206836, 5.595633695024478, 4.388065949313287], "maximum_diameter": {"diameter": 26.25264376839403, "atom_1": 127, "atom_2": 191}, "pore_diameter": {"diameter": 3.0000867494274606, "atom": 50}, "pore_volume": 14.138393367755379, "pore_diameter_opt": {"diameter": 3.860139424418882, "atom_1": 177, "centre_of_mass": [16.62570391538868, 5.209276488842713, 4.504761566408681]}, "pore_volume_opt": 30.116714783253684, "windows": {"diameters": [3.7910516117540056, 1.5994847311320854, 4.283632596896812, 1.3666230289758374, 3.813572812083723], "centre_of_mass": [[19.13377135079193, 6.820937132186536, 8.880442647836432], [13.42353539543836, 4.943208859084921, 4.323895556714084], [17.88356972405009, 5.903177046541209, 6.550745637728902], [16.4822120425484, 7.100944139326206, 1.4400712031845515], [13.608878252821546, 3.6320428920849572, -0.44665557905559705]]}}