{"no_of_atoms": 27, "centre_of_mass": [9.313120262254133, 16.13087660431981, 26.294818363466064], "maximum_diameter": {"diameter": 9.089634036989775, "atom_1": 11, "atom_2": 22}, "pore_diameter": {"diameter": 0.18997276461844992, "atom": 6}, "pore_volume": 0.003589819820532737, "pore_diameter_opt": {"diameter": 0.1903441408319737, "atom_1": 6, "centre_of_mass": [9.312994715191493, 16.131002149434075, 26.29494390998632]}, "pore_volume_opt": 0.003610914132713224, "windows": {"diameters": [0.4761696833728388, 0.5697764428129051], "centre_of_mass": [[9.578878832022845, 15.65119353306229, 26.555282821770657], [8.590694220859305, 16.11647212929172, 25.88391056346646]]}}