{"no_of_atoms": 224, "centre_of_mass": [-3.3135828080651235, 16.930650765003254, 21.940610615090275], "maximum_diameter": {"diameter": 26.253695063284326, "atom_1": 7, "atom_2": 212}, "pore_diameter": {"diameter": 2.9993567046823197, "atom": 60}, "pore_volume": 14.128074517838757, "pore_diameter_opt": {"diameter": 3.858861850713819, "atom_1": 64, "centre_of_mass": [-3.796670769480524, 16.988321599751952, 21.847291640032726]}, "pore_volume_opt": 30.086821881166678, "windows": {"diameters": [3.8217033270614267, 1.6730082587641246, 4.242515764257062, 1.3736470325841261, 3.797849368659264], "centre_of_mass": [[-3.6589440693700155, 13.573793729725756, 26.80994828993451], [-2.5324262816138887, 19.679307063927773, 21.81915008794331], [-3.791925344880862, 15.481770782734799, 23.960462760674456], [-2.1038704112554423, 16.055920354741453, 19.00835324844419], [-3.659580068903167, 19.931476276921572, 17.508272295013413]]}}