{"no_of_atoms": 240, "centre_of_mass": [8.578370302920263, 14.85801030776215, 60.90150000000003], "maximum_diameter": {"diameter": 25.84879931470965, "atom_1": 2, "atom_2": 235}, "pore_diameter": {"diameter": 1.490182796805771, "atom": 45}, "pore_volume": 1.7326755962084024, "pore_diameter_opt": {"diameter": 1.4909115387974414, "atom_1": 45, "centre_of_mass": [8.578711645395572, 14.858108803997965, 60.90168208774786]}, "pore_volume_opt": 1.735218823223948, "windows": {"diameters": [1.2955183526320133, 1.2952002322413576], "centre_of_mass": [[8.578300795054576, 14.857758200491805, 61.87972954821763], [8.578281135414546, 14.858296379754982, 59.92727192204428]]}}