{"no_of_atoms": 240, "centre_of_mass": [4.569233812952681e-18, 9.997367291874722, 30.407500000000006], "maximum_diameter": {"diameter": 25.703627462617238, "atom_1": 82, "atom_2": 238}, "pore_diameter": {"diameter": 2.022491091873967, "atom": 184}, "pore_volume": 4.331701032001085, "pore_diameter_opt": {"diameter": 2.0227751965527365, "atom_1": 8, "centre_of_mass": [-3.773882072465352e-05, 9.997164444025223, 30.407414099083095]}, "pore_volume_opt": 4.333526744979761, "windows": {"diameters": [1.8008196255491007, 1.7975281658784108], "centre_of_mass": [[0.0004641567951309027, 9.9973016620492, 31.310406581623578], [-0.0004611509533117965, 9.997287661455726, 29.546000308932463]]}}