{"no_of_atoms": 240, "centre_of_mass": [-8.657983020729311, 14.996044226963232, 1.4621548201448578e-16], "maximum_diameter": {"diameter": 25.80036832905025, "atom_1": 3, "atom_2": 235}, "pore_diameter": {"diameter": 1.4969022885286098, "atom": 165}, "pore_volume": 1.7562202456382416, "pore_diameter_opt": {"diameter": 1.4969909211464674, "atom_1": 56, "centre_of_mass": [-8.657994128515995, 14.996004019147296, -2.053480531406273e-05]}, "pore_volume_opt": 1.756532225149372, "windows": {"diameters": [1.2234082983843266, 1.2239419625309567], "centre_of_mass": [[-8.658145106572698, 14.996059644881054, 0.9460277615213912], [-8.658214087250837, 14.99600951690213, -0.9539612657600148]]}}