{"no_of_atoms": 27, "centre_of_mass": [-8.881149706241306, 16.878806919649186, 8.764818363466068], "maximum_diameter": {"diameter": 9.089595145721667, "atom_1": 0, "atom_2": 18}, "pore_diameter": {"diameter": 0.18980572953739117, "atom": 17}, "pore_volume": 0.003580359010064637, "pore_diameter_opt": {"diameter": 0.21956538425370642, "atom_1": 17, "centre_of_mass": [-8.786246841472611, 16.867248048320057, 8.758768087972246]}, "pore_volume_opt": 0.005542302663192845, "windows": {"diameters": [0.4203517143296276, 0.47915230329276426], "centre_of_mass": [[-8.592001279765643, 17.2546818825343, 8.973348372422143], [-8.59883546519596, 16.40402264838949, 8.502212170110582]]}}