{"no_of_atoms": 168, "centre_of_mass": [-8.657968676960632, 14.996051072526633, 73.92679964350523], "maximum_diameter": {"diameter": 22.310859420302943, "atom_1": 109, "atom_2": 123}, "pore_diameter": {"diameter": 5.221624810817238, "atom": 143}, "pore_volume": 74.54450103059992, "pore_diameter_opt": {"diameter": 5.285763335155043, "atom_1": 30, "centre_of_mass": [-8.658921500383624, 14.995549835150232, 74.14088909048579]}, "pore_volume_opt": 77.32532689673394, "windows": {"diameters": [3.693398936539738, 3.6903933550760226, 3.7183674481423803, 3.523332177808721], "centre_of_mass": [[-10.756750003572504, 16.51034694197875, 74.98809583886137], [-6.339103428553957, 16.038627809845227, 74.97229833197048], [-8.945202058215578, 12.241990974123718, 75.05073198332241], [-8.65800623307398, 14.99594941279026, 71.12514327328708]]}}