{"no_of_atoms": 216, "centre_of_mass": [4.716508179891994e-06, 13.044046193839396, 29.059308405892416], "maximum_diameter": {"diameter": 25.852433778553486, "atom_1": 10, "atom_2": 212}, "pore_diameter": {"diameter": 1.0667420235902108, "atom": 66}, "pore_volume": 0.6355896768052449, "pore_diameter_opt": {"diameter": 1.1134584443434572, "atom_1": 54, "centre_of_mass": [-0.0011723436273516866, 13.048578316360906, 28.927791209086795]}, "pore_volume_opt": 0.7228041910829804, "windows": {"diameters": [0.9984072139729361, 0.843959454328536], "centre_of_mass": [[0.00036901109444059384, 13.043588891268413, 29.573681043648598], [-6.771434124330246e-05, 13.044170863738618, 28.045985868512087]]}}