{"no_of_atoms": 300, "centre_of_mass": [13.842852565360905, 6.432302843328212, 12.72032535181875], "maximum_diameter": {"diameter": 26.548915958655197, "atom_1": 179, "atom_2": 264}, "pore_diameter": {"diameter": 2.582438614599892, "atom": 89}, "pore_volume": 9.01755174922884, "pore_diameter_opt": {"diameter": 3.727201527462253, "atom_1": 205, "centre_of_mass": [13.875256520289831, 5.7848722894703535, 12.747398779136953]}, "pore_volume_opt": 27.111106845728127, "windows": {"diameters": [0.9366206228569323, 3.7632114603184292, 1.7052493921661371, 3.7591466307868298, 0.9559200466393531], "centre_of_mass": [[12.151439993775508, 7.176083194056361, 14.86206549815987], [18.81013538414395, 5.816347519037916, 15.718955236408593], [15.572302197419498, 3.113908779471029, 13.582870989312655], [8.908881183637684, 5.817099888131351, 9.740128660165704], [15.253151332391226, 7.25146247811627, 10.53296504644053]]}}