{"no_of_atoms": 216, "centre_of_mass": [13.147770888396028, 5.470490124476776, 15.705662462183058], "maximum_diameter": {"diameter": 26.342447723688924, "atom_1": 95, "atom_2": 195}, "pore_diameter": {"diameter": 1.9318826628819559, "atom": 153}, "pore_volume": 3.7752077638402937, "pore_diameter_opt": {"diameter": 3.4418254452586594, "atom_1": 55, "centre_of_mass": [14.113712219837005, 5.903114486274462, 14.73972113074208]}, "pore_volume_opt": 21.348390845770385, "windows": {"diameters": [3.450797050061801, 3.6178462381111847, 3.589087051098223], "centre_of_mass": [[15.723037573468849, 5.437596042388557, 16.94230852697965], [9.214673398998087, 5.446228545516654, 12.639176258733062], [13.691615129797281, 5.958096980772011, 14.49872774352281]]}}