{"no_of_atoms": 216, "centre_of_mass": [11.36447658791114, 6.561296502324161, 18.57793813994713], "maximum_diameter": {"diameter": 25.74998684768407, "atom_1": 98, "atom_2": 177}, "pore_diameter": {"diameter": 1.1964402047537086, "atom": 56}, "pore_volume": 0.8967504798917907, "pore_diameter_opt": {"diameter": 1.249609914959969, "atom_1": 157, "centre_of_mass": [11.364466016896532, 6.561527662622321, 18.706108378074692]}, "pore_volume_opt": 1.0216967446059761, "windows": {"diameters": [0.9832014250816692, 1.1263449885642571], "centre_of_mass": [[11.364258693930818, 6.561073553363163, 19.564711651220225], [11.364445567652016, 6.561487992538328, 18.070829753822185]]}}