{"no_of_atoms": 228, "centre_of_mass": [11.276524439778218, 6.510501216958891, 38.45671243492992], "maximum_diameter": {"diameter": 29.45403959812335, "atom_1": 102, "atom_2": 197}, "pore_diameter": {"diameter": 6.433218457779052, "atom": 155}, "pore_volume": 139.40665938537185, "pore_diameter_opt": {"diameter": 6.508854559033681, "atom_1": 53, "centre_of_mass": [11.276536924313493, 6.510820943160562, 38.271456390678644]}, "pore_volume_opt": 144.3817575698516, "windows": {"diameters": [3.848397074834931, 4.762899646463637, 4.775175984139361, 4.7423788717270625, 3.98279383712909], "centre_of_mass": [[11.276279321242745, 6.510594877661569, 46.60984438495981], [9.6927187135936, 8.464740314453753, 35.69388761184533], [10.396336086810315, 4.227753629824882, 35.734592063684296], [13.820313008115026, 6.89486995413346, 35.713403013382006], [11.276566880052371, 6.510713725269222, 30.36529615409109]]}}