{"no_of_atoms": 216, "centre_of_mass": [11.364493318948519, 6.561297176111044, 18.57793813994713], "maximum_diameter": {"diameter": 25.74932915888783, "atom_1": 96, "atom_2": 177}, "pore_diameter": {"diameter": 1.1964222638650885, "atom": 56}, "pore_volume": 0.896710139574323, "pore_diameter_opt": {"diameter": 1.2420497819722862, "atom_1": 43, "centre_of_mass": [11.36092438511106, 6.556775942494985, 18.706425125966216]}, "pore_volume_opt": 1.0032649293643636, "windows": {"diameters": [0.9831691889250771, 1.1263255731637778], "centre_of_mass": [[11.364306804645802, 6.561078253159019, 19.5647093368319], [11.364427526039796, 6.561579039699775, 18.070834251550544]]}}