{"no_of_atoms": 228, "centre_of_mass": [11.276499397617542, 6.510486582967205, 80.47048864496873], "maximum_diameter": {"diameter": 29.49353688191994, "atom_1": 3, "atom_2": 219}, "pore_diameter": {"diameter": 6.24272749389557, "atom": 62}, "pore_volume": 127.38601597657905, "pore_diameter_opt": {"diameter": 6.243022661510592, "atom_1": 149, "centre_of_mass": [11.27662762592694, 6.510168452926567, 80.47060833409459]}, "pore_volume_opt": 127.4040859649273, "windows": {"diameters": [4.007541127021252, 5.429139298640958, 5.239845597943329, 5.2322861699885514, 3.975302415377407], "centre_of_mass": [[11.276664075654471, 6.510247865258342, 88.59800790346213], [12.810483753779376, 6.240242166063938, 83.6216544802374], [10.191180253445967, 9.32652950318109, 83.14420136881819], [9.293451867131362, 4.0818503127827634, 83.14679024593985], [11.276933429205103, 6.510035466799663, 72.38971512382649]]}}