{"no_of_atoms": 192, "centre_of_mass": [6.529778036060942e-17, 10.044198797725617, 43.06050000000002], "maximum_diameter": {"diameter": 24.45654517648551, "atom_1": 94, "atom_2": 166}, "pore_diameter": {"diameter": 5.300587899289619, "atom": 160}, "pore_volume": 77.97775806581791, "pore_diameter_opt": {"diameter": 5.300744894291961, "atom_1": 45, "centre_of_mass": [-1.8804894767094106e-06, 10.044117937196432, 43.06048851492528]}, "pore_volume_opt": 77.98468700340287, "windows": {"diameters": [3.830245319505551, 3.858819075346903, 3.9014126055171094, 3.8607946296320548, 3.8252882768417407], "centre_of_mass": [[9.937348740067073e-05, 10.043868776101819, 47.8911987022691], [0.41994053619966476, 6.551235979017044, 43.52172413344515], [-3.506756351264978, 11.475816075747552, 43.66531269878243], [3.2681275403926766, 11.433003433359282, 42.5816894299856], [-4.559546425604154e-05, 10.043860269238571, 38.294758998063685]]}}