{"no_of_atoms": 192, "centre_of_mass": [8.748000000000001, 5.050627798004769, 14.518000000000006], "maximum_diameter": {"diameter": 24.417490865652987, "atom_1": 111, "atom_2": 170}, "pore_diameter": {"diameter": 4.107528703940098, "atom": 7}, "pore_volume": 36.28611255648805, "pore_diameter_opt": {"diameter": 4.107528703940098, "atom_1": 7, "centre_of_mass": [8.748000000000001, 5.050627798004769, 14.518000000000006]}, "pore_volume_opt": 36.28611255648805, "windows": {"diameters": [3.535735271655714, 3.274556960564866, 3.386408084928703, 3.253079263206254, 3.539616559020781], "centre_of_mass": [[8.748489637406605, 5.050808184019581, 19.34325074992991], [8.172226397021518, 8.859126982895619, 15.086717523926247], [12.569257407245034, 3.6129290697100567, 15.175155432052524], [5.769415434157309, 2.693281210005862, 15.063521838534268], [8.747521602588268, 5.050873962087314, 9.646918976766592]]}}