{"no_of_atoms": 168, "centre_of_mass": [8.747991056312566, 5.050611124533353, 1.9250803697022434], "maximum_diameter": {"diameter": 22.3265302719848, "atom_1": 121, "atom_2": 131}, "pore_diameter": {"diameter": 5.330825028688995, "atom": 135}, "pore_volume": 79.31985408584467, "pore_diameter_opt": {"diameter": 5.3545957565682905, "atom_1": 116, "centre_of_mass": [8.743618259140321, 5.054100190751775, 1.714828870446722]}, "pore_volume_opt": 80.38568016035669, "windows": {"diameters": [3.69722000843555, 3.7454748059353746, 3.748541346683479, 3.7676288246997314], "centre_of_mass": [[8.748004227716338, 5.050934830557384, 4.780549096964375], [11.065965822245182, 6.107466474100067, 0.9269080386145842], [8.49940801564513, 2.461184327242203, 0.9090443080234974], [6.501794265726591, 6.647392199355915, 0.858499527763692]]}}