{"no_of_atoms": 115, "centre_of_mass": [-1.2413606966005002, 2.88340862112213, 21.47077821089908], "maximum_diameter": {"diameter": 17.371847730346907, "atom_1": 0, "atom_2": 114}, "pore_diameter": {"diameter": 4.215923883428125, "atom": 91}, "pore_volume": 39.23529354262096, "pore_diameter_opt": {"diameter": 4.422432767462917, "atom_1": 91, "centre_of_mass": [-1.1716705328289814, 2.9592952212105836, 21.477559433941224]}, "pore_volume_opt": 45.28791637795452, "windows": {"diameters": [3.171186770459399, 3.1039415616751684], "centre_of_mass": [[-1.6006685033438517, 6.546179431082526, 21.95927470720862], [-0.7469917355752276, -0.5906806552295643, 21.5844252370937]]}}