{"no_of_atoms": 152, "centre_of_mass": [11.662680662367604, 1.9148261783504805, 21.028747330173598], "maximum_diameter": {"diameter": 18.68480639086687, "atom_1": 4, "atom_2": 151}, "pore_diameter": {"diameter": 5.843062097823909, "atom": 67}, "pore_volume": 104.45280998877456, "pore_diameter_opt": {"diameter": 5.860542298110365, "atom_1": 67, "centre_of_mass": [11.6629000585617, 1.9234648584288734, 21.030056690513693]}, "pore_volume_opt": 105.39306548303041, "windows": {"diameters": [5.972294899854434, 3.8358460026495784, 5.905935099740558, 1.0517280005593035], "centre_of_mass": [[11.861630505300008, 1.7430629518845997, 21.928163882786908], [10.442521643913132, -0.7096549198232172, 23.720161403506697], [10.720338229114372, 2.1984806778334103, 20.46077238771179], [14.18871655934253, 4.693060957430882, 16.513500771117428]]}}