{"no_of_atoms": 152, "centre_of_mass": [23.749000959884256, 1.9148014568213485, 29.437036836388646], "maximum_diameter": {"diameter": 18.685075643570986, "atom_1": 48, "atom_2": 113}, "pore_diameter": {"diameter": 5.843043626937861, "atom": 114}, "pore_volume": 104.45181941406253, "pore_diameter_opt": {"diameter": 5.8607713774374375, "atom_1": 114, "centre_of_mass": [23.748778514152594, 1.9235623009918275, 29.43570777214562]}, "pore_volume_opt": 105.40542491072293, "windows": {"diameters": [5.934615941396983, 1.2990458750946976, 5.960058537949921, 4.178486776170424], "centre_of_mass": [[23.7801513368338, 2.0086308776366897, 29.91588223030711], [20.89795118406781, 5.029452842404224, 34.804674990721075], [23.677700076391883, 1.778000348380158, 28.63540018408484], [25.96569722516322, -3.0201511425480003, 25.940228666389963]]}}