{"no_of_atoms": 152, "centre_of_mass": [47.560825115926676, 4.954817323869313, 4.206589514190336], "maximum_diameter": {"diameter": 18.68592148291032, "atom_1": 53, "atom_2": 137}, "pore_diameter": {"diameter": 5.8437268037038645, "atom": 30}, "pore_volume": 104.48846165283672, "pore_diameter_opt": {"diameter": 5.8608274434941965, "atom_1": 77, "centre_of_mass": [47.561036641213796, 4.946365791827389, 4.207868158420422]}, "pore_volume_opt": 105.40844996801785, "windows": {"diameters": [5.913647825680744, 4.146367369670546, 5.931211411806693], "centre_of_mass": [[48.562021004143006, 5.281210059052204, 5.077091835552564], [45.36130670850156, 9.807813898685868, 7.679862200647403], [46.74083695368095, 4.643134561010221, 3.5523368237525337]]}}