{"no_of_atoms": 180, "centre_of_mass": [10.932948688626384, 18.172207598919663, 6.179550918628174], "maximum_diameter": {"diameter": 18.96053533115079, "atom_1": 74, "atom_2": 159}, "pore_diameter": {"diameter": 5.526079428442793, "atom": 15}, "pore_volume": 88.35883701552193, "pore_diameter_opt": {"diameter": 5.906512381077189, "atom_1": 156, "centre_of_mass": [11.219897936154942, 18.173189492975148, 6.021924947474201]}, "pore_volume_opt": 107.89267935257132, "windows": {"diameters": [1.6017419359442822, 1.5813816619891545, 1.2141175334512897, 1.1603118764822113, 2.7413831491617837], "centre_of_mass": [[7.456754236799658, 18.313953195834284, 8.99717908615374], [14.799240829206969, 18.616756789238742, 9.740008828319308], [11.515185982930962, 13.959956663094715, 6.120361767373892], [11.160116450680926, 22.32523125810056, 5.740065287309757], [14.82567898277521, 18.239232422786134, 2.5240611778198647]]}}