{"no_of_atoms": 166, "centre_of_mass": [-1.8798185091506894, 7.899886320587668, 13.293941855837241], "maximum_diameter": {"diameter": 20.28851832701947, "atom_1": 97, "atom_2": 122}, "pore_diameter": {"diameter": 4.565312434433006, "atom": 87}, "pore_volume": 49.82073563436942, "pore_diameter_opt": {"diameter": 6.118478952025459, "atom_1": 44, "centre_of_mass": [-3.007111499059846, 7.723733223656864, 13.318286559247206]}, "pore_volume_opt": 119.93033131028366, "windows": {"diameters": [6.29617159448442, 5.145639072720963], "centre_of_mass": [[-3.1433764371163337, 7.357202803980033, 13.130151211386314], [0.656779418748124, 9.332023058533002, 12.852232996446354]]}}