{"no_of_atoms": 267, "centre_of_mass": [15.950510289806605, 5.618639101372259, 0.07501645200306206], "maximum_diameter": {"diameter": 26.17858956272222, "atom_1": 2, "atom_2": 263}, "pore_diameter": {"diameter": 0.7988899186717053, "atom": 125}, "pore_volume": 0.2669681454488232, "pore_diameter_opt": {"diameter": 0.9408910603564888, "atom_1": 137, "centre_of_mass": [15.905380398353511, 5.663768951955216, 0.029886683944487447]}, "pore_volume_opt": 0.4361306904069723, "windows": {"diameters": [1.2358728408361563, 1.219437861525873], "centre_of_mass": [[15.534977888044313, 6.271977388990784, 0.5349230956064129], [16.36449024716578, 5.016779664086201, -0.5172123212642782]]}}