{"no_of_atoms": 102, "centre_of_mass": [5.760736091444057, 6.397011264462482, 19.098199719716796], "maximum_diameter": {"diameter": 19.365183973922814, "atom_1": 27, "atom_2": 79}, "pore_diameter": {"diameter": 2.5890698327156665, "atom": 31}, "pore_volume": 9.087196423836009, "pore_diameter_opt": {"diameter": 3.7185589696251244, "atom_1": 75, "centre_of_mass": [5.178467277881395, 5.264559350938591, 18.725365309369803]}, "pore_volume_opt": 26.922949793650854, "windows": {"diameters": [3.705496572260572, 4.218268242825744, 4.077621270518424], "centre_of_mass": [[6.524388211313655, 4.038067940952856, 20.05305789764282], [3.852793376000945, 4.69967316605422, 17.41183484492055], [3.968148716250578, 8.224729031416437, 17.21419219706759]]}}