{"no_of_atoms": 102, "centre_of_mass": [5.7607732987075115, 6.396896847810205, 19.09822236952219], "maximum_diameter": {"diameter": 19.365183973922814, "atom_1": 27, "atom_2": 79}, "pore_diameter": {"diameter": 2.589227337651974, "atom": 31}, "pore_volume": 9.088854971645908, "pore_diameter_opt": {"diameter": 3.7274002757780713, "atom_1": 9, "centre_of_mass": [5.177870998095024, 5.102283178984218, 18.706627936376645]}, "pore_volume_opt": 27.115444073630528, "windows": {"diameters": [3.7053865061099547, 4.345683761496606, 4.023132842177763], "centre_of_mass": [[6.524742154406191, 4.036592699055417, 20.05285907157533], [3.878017218419195, 4.456269836239074, 17.460536714645624], [3.745287976045125, 5.586136733625549, 17.226790654409736]]}}