{"no_of_atoms": 97, "centre_of_mass": [3.2849747471693953, 4.594981555732659, 23.69867472930636], "maximum_diameter": {"diameter": 17.714067078521325, "atom_1": 16, "atom_2": 65}, "pore_diameter": {"diameter": 4.1265866921637855, "atom": 20}, "pore_volume": 36.79353726815043, "pore_diameter_opt": {"diameter": 4.4456402375309665, "atom_1": 9, "centre_of_mass": [3.192368681239666, 4.116954760568049, 23.27806040379964]}, "pore_volume_opt": 46.00463253599698, "windows": {"diameters": [4.36511644018786, 4.377623794534339, 4.135211530415038], "centre_of_mass": [[2.349196908731869, 5.800821579177796, 24.762279208831657], [2.2671276656438764, 5.777305682587859, 24.73886864954364], [2.440666522614868, 2.4432333895059806, 21.47865391276479]]}}