{"no_of_atoms": 131, "centre_of_mass": [19.441674993796763, 2.953275328065912, 2.564668933301355], "maximum_diameter": {"diameter": 14.77962499441948, "atom_1": 26, "atom_2": 120}, "pore_diameter": {"diameter": 4.914346570523742, "atom": 83}, "pore_volume": 62.14353642644306, "pore_diameter_opt": {"diameter": 4.958447299217113, "atom_1": 42, "centre_of_mass": [19.440717803842865, 2.9605128119721607, 2.5854779128981122]}, "pore_volume_opt": 63.83159953600274, "windows": {"diameters": [3.7148272070891917, 3.345861708664536], "centre_of_mass": [[19.854860082501702, 0.893325940574158, 4.7613465477343695], [19.04369296677712, 5.21522422662898, 0.17901066600645743]]}}