{"no_of_atoms": 131, "centre_of_mass": [19.44167499379677, 2.953275328065912, 2.564668933301355], "maximum_diameter": {"diameter": 14.77962499441948, "atom_1": 26, "atom_2": 117}, "pore_diameter": {"diameter": 4.914346570523756, "atom": 83}, "pore_volume": 62.1435364264436, "pore_diameter_opt": {"diameter": 4.958438484219863, "atom_1": 83, "centre_of_mass": [19.44096564897369, 2.9603517580076506, 2.5855362585675503]}, "pore_volume_opt": 63.831259102189456, "windows": {"diameters": [3.7148126705182216, 3.345876037055932], "centre_of_mass": [[19.85472998724173, 0.893319503049502, 4.761347342852617], [19.043727254472625, 5.2152353419263715, 0.1790243977189374]]}}