{"no_of_atoms": 114, "centre_of_mass": [24.02034125580935, 13.87455021162974, 6.209597591379514], "maximum_diameter": {"diameter": 14.617402461929094, "atom_1": 24, "atom_2": 98}, "pore_diameter": {"diameter": 4.711831451076748, "atom": 27}, "pore_volume": 54.77316823595171, "pore_diameter_opt": {"diameter": 4.724142718888718, "atom_1": 84, "centre_of_mass": [24.024818533514182, 13.870699169941455, 6.211334593593289]}, "pore_volume_opt": 55.203631800547676, "windows": {"diameters": [3.487920110036841, 3.573277725536948], "centre_of_mass": [[24.13096663311466, 16.193261684817298, 7.6633694592800365], [23.958185989560498, 10.75425633300804, 4.4057782725166]]}}