{"no_of_atoms": 95, "centre_of_mass": [9.23776380082268, 7.07574082809069, 19.434018593599234], "maximum_diameter": {"diameter": 12.967, "atom_1": 5, "atom_2": 94}, "pore_diameter": {"diameter": 3.655893354639978, "atom": 40}, "pore_volume": 25.58463219255382, "pore_diameter_opt": {"diameter": 3.867762929828666, "atom_1": 26, "centre_of_mass": [9.293120187589544, 6.985199279086736, 19.463999993158893]}, "pore_volume_opt": 30.295502628894337, "windows": {"diameters": [2.092450043675033, 2.231090259091739], "centre_of_mass": [[10.816701099178168, 9.620948463218841, 19.46397676054578], [7.855936862808283, 4.445627488861632, 19.46395593515374]]}}