{"no_of_atoms": 144, "centre_of_mass": [7.027044441434934, 21.08115888783556, 16.42178162769351], "maximum_diameter": {"diameter": 17.582778255886176, "atom_1": 40, "atom_2": 118}, "pore_diameter": {"diameter": 7.97415680703544, "atom": 96}, "pore_volume": 265.4929156536192, "pore_diameter_opt": {"diameter": 7.974856228752589, "atom_1": 37, "centre_of_mass": [7.026934732174205, 21.081236565222316, 16.42145878075994]}, "pore_volume_opt": 265.56278177355864, "windows": {"diameters": [6.654807040579963, 6.667111581248732], "centre_of_mass": [[4.790306432392912, 19.465052378489442, 17.913309834216108], [9.399029807453342, 22.750344298780185, 14.873213282065876]]}}