{"no_of_atoms": 278, "centre_of_mass": [0.09732822975836498, 0.16508130074207522, 21.26706812724429], "maximum_diameter": {"diameter": 17.584111464151384, "atom_1": 113, "atom_2": 208}, "pore_diameter": {"diameter": 6.666570233675085, "atom": 15}, "pore_volume": 155.13364575959068, "pore_diameter_opt": {"diameter": 7.974806327217202, "atom_1": 15, "centre_of_mass": [-0.04455134790066967, -0.0576708861469159, 21.865685102105974]}, "pore_volume_opt": 265.5577966400654, "windows": {"diameters": [6.660945946553816, 6.653285603871942], "centre_of_mass": [[-1.662007569799087, 2.297133875364124, 23.42846534792139], [1.6088024742514966, -2.225753089291721, 20.410804852557437]]}}