{"no_of_atoms": 108, "centre_of_mass": [8.009015062597806, 13.872049207495685, 6.20871587416235], "maximum_diameter": {"diameter": 14.617296973217288, "atom_1": 57, "atom_2": 62}, "pore_diameter": {"diameter": 4.7239063906895495, "atom": 6}, "pore_volume": 55.1953474261955, "pore_diameter_opt": {"diameter": 4.7246345391305695, "atom_1": 6, "centre_of_mass": [8.009079328818974, 13.872393302818477, 6.208815965618975]}, "pore_volume_opt": 55.22087498633527, "windows": {"diameters": [3.50910212135451, 3.4866874823680662], "centre_of_mass": [[6.026717740352554, 12.852485794519074, 7.6218212669339245], [10.082103091964331, 14.949481632582952, 4.748477331156749]]}}