{"no_of_atoms": 117, "centre_of_mass": [24.047674025911828, 13.833170886236417, 6.244023485354284], "maximum_diameter": {"diameter": 14.617402461929094, "atom_1": 24, "atom_2": 101}, "pore_diameter": {"diameter": 4.6260362478083135, "atom": 86}, "pore_volume": 51.83531195387946, "pore_diameter_opt": {"diameter": 4.724336304459081, "atom_1": 27, "centre_of_mass": [24.01159918007578, 13.863815832453946, 6.2307864836994575]}, "pore_volume_opt": 55.210418469646775, "windows": {"diameters": [3.487958896372491, 3.5732467891704243], "centre_of_mass": [[24.1309422379862, 16.193222604592975, 7.6634278609663], [23.95800435519316, 10.754137605091302, 4.4060027478544415]]}}