{"no_of_atoms": 158, "centre_of_mass": [3.4379299862605444, 3.255368460669334, 1.0946215697621777], "maximum_diameter": {"diameter": 20.89567142394819, "atom_1": 85, "atom_2": 156}, "pore_diameter": {"diameter": 4.80735871005597, "atom": 68}, "pore_volume": 58.17256444570233, "pore_diameter_opt": {"diameter": 5.6273609014077834, "atom_1": 96, "centre_of_mass": [3.6637406530346865, 2.761535276409257, 1.2399123738291153]}, "pore_volume_opt": 93.30672122783396, "windows": {"diameters": [5.66487687723083, 5.804311837657375], "centre_of_mass": [[2.778078235466774, 2.5204602915451635, 1.39013319769238], [4.172596637908133, 2.900104411732984, 1.1536703474639913]]}}