{"no_of_atoms": 157, "centre_of_mass": [20.40030214372166, 8.837786236917664, 1.6814018033885747], "maximum_diameter": {"diameter": 19.126436439558614, "atom_1": 30, "atom_2": 156}, "pore_diameter": {"diameter": 4.87384155973616, "atom": 125}, "pore_volume": 60.619568830286184, "pore_diameter_opt": {"diameter": 5.718561429738211, "atom_1": 8, "centre_of_mass": [19.99954728638326, 8.799704746669907, 1.5474535810693013]}, "pore_volume_opt": 97.91720190223558, "windows": {"diameters": [4.799785915721867, 5.781744028621718], "centre_of_mass": [[18.968499593673922, 7.773693790568798, 4.088376777277827], [20.038224479198874, 8.901111193838393, 1.3078277859941903]]}}