{"no_of_atoms": 157, "centre_of_mass": [19.874786236917668, 12.710697856278342, 23.138806442624503], "maximum_diameter": {"diameter": 19.126436439558614, "atom_1": 54, "atom_2": 136}, "pore_diameter": {"diameter": 4.873635871968418, "atom": 70}, "pore_volume": 60.611894281920364, "pore_diameter_opt": {"diameter": 5.70948636399271, "atom_1": 70, "centre_of_mass": [19.85437497920401, 13.111840862705398, 23.022073366035393]}, "pore_volume_opt": 97.45177245947168, "windows": {"diameters": [4.79775096851708, 5.731230717414093], "centre_of_mass": [[18.994267762368917, 14.012227034266552, 25.146770161696903], [19.862178240377496, 13.102799826239746, 22.947813523330282]]}}