{"no_of_atoms": 157, "centre_of_mass": [1.6736978562783453, 13.23621376308234, 15.986402594568796], "maximum_diameter": {"diameter": 19.126436439558614, "atom_1": 92, "atom_2": 150}, "pore_diameter": {"diameter": 4.873841157475667, "atom": 93}, "pore_volume": 60.619553820654446, "pore_diameter_opt": {"diameter": 5.7196997066000765, "atom_1": 70, "centre_of_mass": [2.072624359828108, 13.271555253737851, 15.843323840409331]}, "pore_volume_opt": 97.97568465541623, "windows": {"diameters": [4.78761872669903, 5.721254891084941], "centre_of_mass": [[3.016055007949496, 14.174398023938664, 18.120026830337295], [2.0739263371585874, 13.268817074955187, 15.844923108594438]]}}