{"no_of_atoms": 157, "centre_of_mass": [12.710697856278342, 19.87478623691767, 5.4711935573754795], "maximum_diameter": {"diameter": 19.126436439558614, "atom_1": 85, "atom_2": 110}, "pore_diameter": {"diameter": 4.873635871968354, "atom": 41}, "pore_volume": 60.611894281917984, "pore_diameter_opt": {"diameter": 5.709544876820601, "atom_1": 41, "centre_of_mass": [13.111841736797121, 19.854291647320657, 5.588031544434778]}, "pore_volume_opt": 97.45476865047603, "windows": {"diameters": [5.866570581784366, 4.796417256109017], "centre_of_mass": [[13.03721929913834, 20.027506404568204, 6.06137522407132], [14.015985688733783, 18.98911508522372, 3.4517999315164203]]}}