{"no_of_atoms": 157, "centre_of_mass": [2.1992137630823376, 9.363302143721658, 8.833806442624518], "maximum_diameter": {"diameter": 19.126436439558614, "atom_1": 21, "atom_2": 156}, "pore_diameter": {"diameter": 4.873635871968377, "atom": 112}, "pore_volume": 60.61189428191884, "pore_diameter_opt": {"diameter": 5.709544910210932, "atom_1": 51, "centre_of_mass": [2.219708384614234, 8.962158266431146, 8.716968379018422]}, "pore_volume_opt": 97.45477036026921, "windows": {"diameters": [4.849072795366984, 5.850874571378066], "centre_of_mass": [[3.373764871177849, 7.852533439371963, 11.479917873796603], [2.061052205710276, 9.030990916697746, 8.278894253505444]]}}