{"no_of_atoms": 129, "centre_of_mass": [4.6064154516460345, 14.631940955101005, 14.857056495074302], "maximum_diameter": {"diameter": 20.683617051809083, "atom_1": 25, "atom_2": 85}, "pore_diameter": {"diameter": 3.553996055348938, "atom": 28}, "pore_volume": 23.50441500507774, "pore_diameter_opt": {"diameter": 4.116820636591706, "atom_1": 98, "centre_of_mass": [4.708017693372814, 15.227978185238983, 15.064709879260501]}, "pore_volume_opt": 36.53292623365614, "windows": {"diameters": [3.999242432399862, 3.9305658164392137, 4.0709134524141355], "centre_of_mass": [[5.074988252349624, 13.743442513774962, 16.312885579350645], [5.291475168246867, 11.306033778185032, 15.237718065072752], [4.493479268831287, 15.241858047924628, 13.47390529060122]]}}