{"no_of_atoms": 129, "centre_of_mass": [10.057415451646031, 11.53515081567309, 23.82227406969937], "maximum_diameter": {"diameter": 20.68454887318251, "atom_1": 45, "atom_2": 124}, "pore_diameter": {"diameter": 3.5540337828547437, "atom": 53}, "pore_volume": 23.505163547580235, "pore_diameter_opt": {"diameter": 3.9403709357268997, "atom_1": 53, "centre_of_mass": [10.24523421710267, 11.491442882556749, 23.81029637679763]}, "pore_volume_opt": 32.03390943620116, "windows": {"diameters": [4.106227795144655, 3.889634935504836, 4.0497041838920715], "centre_of_mass": [[9.900179818959556, 10.904217546239224, 25.351102495712365], [10.774773347397048, 14.50518858511207, 22.59592299180249], [10.619098291097185, 12.587137264624968, 22.054985860395455]]}}