{"no_of_atoms": 60, "centre_of_mass": [5.024993449460127, 24.586183320447894, 2.7142411747844983], "maximum_diameter": {"diameter": 17.175434185534776, "atom_1": 0, "atom_2": 57}, "pore_diameter": {"diameter": 3.404586979914393, "atom": 35}, "pore_volume": 20.662930938668854, "pore_diameter_opt": {"diameter": 3.5388858963309544, "atom_1": 20, "centre_of_mass": [4.959509398462986, 24.57619662116063, 2.703069344708581]}, "pore_volume_opt": 23.205893899590524, "windows": {"diameters": [3.9213683791630682, 1.9617703727082603, 1.9592136391136856, 4.023776472983517], "centre_of_mass": [[4.770285771086712, 25.678150381899627, 2.9303188308206116], [7.137637829360517, 19.28537123573285, 2.70777458087743], [3.0803346386899633, 29.2665713433376, 2.9905129933342076], [4.594993813903092, 26.281160487509617, 1.6146542939971251]]}}