{"no_of_atoms": 60, "centre_of_mass": [3.197317096356838, 8.03581667955211, 17.13324828150229], "maximum_diameter": {"diameter": 17.175419340259662, "atom_1": 12, "atom_2": 49}, "pore_diameter": {"diameter": 3.405338563303649, "atom": 30}, "pore_volume": 20.676618364780676, "pore_diameter_opt": {"diameter": 3.5400364139639016, "atom_1": 30, "centre_of_mass": [3.262993786540116, 8.045833117659171, 17.14446468716189]}, "pore_volume_opt": 23.22853447502668, "windows": {"diameters": [4.0003367486116925, 1.9775287298582107, 1.971238604292303, 3.8121081427850876], "centre_of_mass": [[3.7741128107949855, 6.04548968841927, 17.8329723197248], [5.138858963967602, 3.4199340978939734, 16.84652597350626], [1.0681639803471903, 13.365895418081433, 17.136445421702987], [2.932936960851317, 9.452555740111551, 16.96434001598593]]}}