{"no_of_atoms": 178, "centre_of_mass": [-3.711022535196588, 13.426327532365567, 4.318913971127159], "maximum_diameter": {"diameter": 18.52708403739397, "atom_1": 144, "atom_2": 153}, "pore_diameter": {"diameter": 6.152099951638473, "atom": 13}, "pore_volume": 121.91826410846829, "pore_diameter_opt": {"diameter": 6.638867661575599, "atom_1": 47, "centre_of_mass": [-3.821787347041153, 13.905209651676785, 4.402478370027273]}, "pore_volume_opt": 153.20772261858093, "windows": {"diameters": [5.7805342286603505, 5.6438138645922145], "centre_of_mass": [[-8.84457055294015, 12.92023132353398, 6.824042767300879], [-0.3183616605568571, 13.716834471886452, 2.7835962720831837]]}}