{"no_of_atoms": 147, "centre_of_mass": [10.27550323725674, 0.1698821030415912, 4.2680280983965035], "maximum_diameter": {"diameter": 12.857000000000001, "atom_1": 35, "atom_2": 108}, "pore_diameter": {"diameter": 3.8017393110072306, "atom": 10}, "pore_volume": 28.770381647147627, "pore_diameter_opt": {"diameter": 3.9922212050431, "atom_1": 71, "centre_of_mass": [10.278153960139363, 2.3763144282869627e-06, 4.121707115428543]}, "pore_volume_opt": 33.315199144464245, "windows": {"diameters": [2.4383037920667947, 2.3791473498328513], "centre_of_mass": [[13.236782528632155, -0.0005081289162161204, 5.292279591316693], [7.1402012946874205, 4.859734733050902e-05, 2.7888342407654463]]}}