{"no_of_atoms": 90, "centre_of_mass": [7.14, 9.090751993499458, 10.131778752859029], "maximum_diameter": {"diameter": 12.856676542819866, "atom_1": 39, "atom_2": 70}, "pore_diameter": {"diameter": 4.082573820523503, "atom": 1}, "pore_volume": 35.628764396469236, "pore_diameter_opt": {"diameter": 4.082573820523503, "atom_1": 1, "centre_of_mass": [7.14, 9.090751993499458, 10.131778752859029]}, "pore_volume_opt": 35.628764396469236, "windows": {"diameters": [2.44538935394234, 2.2958421504246935], "centre_of_mass": [[7.1400437149550395, 10.47997565550088, 13.054102374724653], [7.139999409243362, 7.840041082911772, 7.353902498841789]]}}