{"no_of_atoms": 111, "centre_of_mass": [8.265057714205463, 14.2909539202997, 14.824927270346384], "maximum_diameter": {"diameter": 12.823252322481137, "atom_1": 47, "atom_2": 86}, "pore_diameter": {"diameter": 3.720841014970295, "atom": 80}, "pore_volume": 26.972547316717016, "pore_diameter_opt": {"diameter": 4.09835257205083, "atom_1": 80, "centre_of_mass": [8.416183957984568, 14.190500096071453, 14.881164681123456]}, "pore_volume_opt": 36.04346821257556, "windows": {"diameters": [2.3894022895777773, 2.351669037106813], "centre_of_mass": [[9.618834370428994, 14.191000300975789, 17.87317439252403], [7.206243013513656, 14.190494795411443, 12.007335662871498]]}}