{"no_of_atoms": 147, "centre_of_mass": [9.075812680673875, 7.5540382162967505, 11.828873010880292], "maximum_diameter": {"diameter": 17.610028166640223, "atom_1": 30, "atom_2": 137}, "pore_diameter": {"diameter": 5.683652357721904, "atom": 44}, "pore_volume": 96.13491380785408, "pore_diameter_opt": {"diameter": 6.265672164445997, "atom_1": 44, "centre_of_mass": [8.96629421422037, 7.717156941303731, 11.401572147448224]}, "pore_volume_opt": 128.79577764259668, "windows": {"diameters": [5.769255287245636, 6.371614417427393], "centre_of_mass": [[8.867161949953767, 7.729253516991234, 12.941814535358635], [9.064939469596155, 7.558019843826337, 10.90565052241977]]}}