{"no_of_atoms": 199, "centre_of_mass": [4.707555918203304, 3.245468588449856, 0.4497454597291747], "maximum_diameter": {"diameter": 19.967101181514884, "atom_1": 6, "atom_2": 185}, "pore_diameter": {"diameter": 3.04022080270286, "atom": 198}, "pore_volume": 14.713432504573454, "pore_diameter_opt": {"diameter": 6.218018693552896, "atom_1": 198, "centre_of_mass": [6.227666319554734, 4.130093862332773, 0.4701844838603604]}, "pore_volume_opt": 125.87940816453255, "windows": {"diameters": [6.530174959749768, 1.7237267915939118], "centre_of_mass": [[6.523315511844481, 3.964287354377204, 0.36705080008503205], [1.6804073362106715, 3.185724750126265, 1.466016000097901]]}}