{"no_of_atoms": 111, "centre_of_mass": [0.3053910510429569, 4.519117412885924, 9.244183967220325], "maximum_diameter": {"diameter": 19.205671243450116, "atom_1": 40, "atom_2": 110}, "pore_diameter": {"diameter": 4.797230030767576, "atom": 58}, "pore_volume": 57.80564526615754, "pore_diameter_opt": {"diameter": 4.935927782094515, "atom_1": 94, "centre_of_mass": [0.27058207551915964, 4.57871897905651, 9.207623240912957]}, "pore_volume_opt": 62.96584166404011, "windows": {"diameters": [3.6475269817682947, 3.7458060468099066], "centre_of_mass": [[3.450280668553319, 4.529640375325854, 9.748507865587847], [-3.5652647624176286, 4.057565321463519, 8.101767498960553]]}}