{"no_of_atoms": 114, "centre_of_mass": [13.832796430184247, 4.786078149335695, 6.992061864076228], "maximum_diameter": {"diameter": 18.441202308208226, "atom_1": 53, "atom_2": 73}, "pore_diameter": {"diameter": 3.9829416005311056, "atom": 39}, "pore_volume": 33.083423037382154, "pore_diameter_opt": {"diameter": 4.845464886814327, "atom_1": 19, "centre_of_mass": [13.673422731329802, 4.1851770116474585, 7.0452879382177676]}, "pore_volume_opt": 59.56689665136519, "windows": {"diameters": [4.54422392590109, 4.277548457822968], "centre_of_mass": [[12.696183318997058, 3.7645655382240153, 9.47577813643014], [15.530628355014308, 5.960240148005743, 2.980708458476668]]}}