{"no_of_atoms": 108, "centre_of_mass": [4.4506085101142885, 9.655775519927632, 1.5402507932269867], "maximum_diameter": {"diameter": 17.85117958170657, "atom_1": 48, "atom_2": 102}, "pore_diameter": {"diameter": 3.6068352909592973, "atom": 70}, "pore_volume": 24.568438418814285, "pore_diameter_opt": {"diameter": 4.982575736968599, "atom_1": 69, "centre_of_mass": [4.496094998821935, 8.959647565861907, 0.8700452606108224]}, "pore_volume_opt": 64.76797947837056, "windows": {"diameters": [4.298411216968697, 4.269951052318559], "centre_of_mass": [[4.743638285569193, 7.766512743910452, 4.719324398352601], [4.219426005905337, 9.635119196896305, -2.594839272006523]]}}