{"no_of_atoms": 111, "centre_of_mass": [7.810312426224959, 6.657317882411826, 13.55553996086946], "maximum_diameter": {"diameter": 17.61075449935982, "atom_1": 45, "atom_2": 107}, "pore_diameter": {"diameter": 3.0870734936364728, "atom": 38}, "pore_volume": 15.404213481907874, "pore_diameter_opt": {"diameter": 4.731703522972989, "atom_1": 76, "centre_of_mass": [7.473444222726161, 5.897404387208675, 14.052857488665206]}, "pore_volume_opt": 55.46910994065492, "windows": {"diameters": [4.078663794924921, 5.280501685887055], "centre_of_mass": [[2.8762508438477976, 7.461100907325381, 14.857003606741035], [12.294475853742945, 4.223531675772046, 13.909993267898589]]}}