{"no_of_atoms": 114, "centre_of_mass": [4.26647975134549, 10.785079061563621, 3.6611211290268555], "maximum_diameter": {"diameter": 18.441202308208226, "atom_1": 49, "atom_2": 111}, "pore_diameter": {"diameter": 3.981496957639074, "atom": 97}, "pore_volume": 33.04743727333409, "pore_diameter_opt": {"diameter": 4.844099398720944, "atom_1": 59, "centre_of_mass": [4.427636335881426, 10.180786538056738, 3.5968622599072897]}, "pore_volume_opt": 59.516551656261235, "windows": {"diameters": [4.260443866022111, 4.632016551238998], "centre_of_mass": [[2.60267480387561, 11.889615019788135, 7.618202338769949], [5.287019613846217, 9.840589731077237, 1.6905680180893365]]}}