{"no_of_atoms": 125, "centre_of_mass": [6.6067455008854, 13.921094922542277, 14.661382443699978], "maximum_diameter": {"diameter": 17.40766139504659, "atom_1": 58, "atom_2": 72}, "pore_diameter": {"diameter": 3.05906705118581, "atom": 95}, "pore_volume": 14.988756739568032, "pore_diameter_opt": {"diameter": 4.61060833457997, "atom_1": 84, "centre_of_mass": [6.2604467374791, 14.646717848100975, 14.515983344134604]}, "pore_volume_opt": 51.318424557558544, "windows": {"diameters": [4.469851187043501, 4.339306368490689], "centre_of_mass": [[6.538557837739975, 18.792576295150333, 15.635517334316514], [5.445658254817063, 9.455260964295512, 14.228352551642889]]}}