{"no_of_atoms": 125, "centre_of_mass": [6.606730648080463, 19.507368984078457, 2.5765256351219805], "maximum_diameter": {"diameter": 17.408226610080348, "atom_1": 64, "atom_2": 103}, "pore_diameter": {"diameter": 3.0603673327492267, "atom": 61}, "pore_volume": 15.007878147282254, "pore_diameter_opt": {"diameter": 4.611167263500883, "atom_1": 22, "centre_of_mass": [6.260809616282794, 18.781726208458924, 2.43058403021354]}, "pore_volume_opt": 51.33709031286131, "windows": {"diameters": [4.451045338517591, 3.4777023833961676], "centre_of_mass": [[6.532324575799265, 14.52096115937524, 3.576419532213597], [5.878700874995241, 22.57393558902369, 2.166111576750791]]}}