{"no_of_atoms": 125, "centre_of_mass": [16.92125014443919, 13.921085532235931, 21.59312221236274], "maximum_diameter": {"diameter": 17.40687697495486, "atom_1": 79, "atom_2": 96}, "pore_diameter": {"diameter": 3.060043640348651, "atom": 47}, "pore_volume": 15.003116540152789, "pore_diameter_opt": {"diameter": 4.6110896787960325, "atom_1": 18, "centre_of_mass": [16.57481702728325, 14.646094572296729, 21.739676875747417]}, "pore_volume_opt": 51.334499056185386, "windows": {"diameters": [3.7981150457592885, 4.4508046749940355], "centre_of_mass": [[15.903866048939978, 12.537480953448334, 21.999053536311497], [16.8463016978192, 18.916645836747477, 20.59137837111649]]}}