{"no_of_atoms": 125, "centre_of_mass": [3.707642685200748, 8.36448175062642, 2.5765952512929147], "maximum_diameter": {"diameter": 17.407402642336137, "atom_1": 79, "atom_2": 96}, "pore_diameter": {"diameter": 3.0606669038646004, "atom": 47}, "pore_volume": 15.01228582101774, "pore_diameter_opt": {"diameter": 4.578013302127607, "atom_1": 17, "centre_of_mass": [4.055350588984927, 7.657344706852623, 2.446565788156716]}, "pore_volume_opt": 50.237702880285944, "windows": {"diameters": [4.457560736493637, 3.783465300177775], "centre_of_mass": [[3.7798526362341938, 3.4199464617721143, 3.566264030041042], [4.720888690192906, 9.768314090250517, 2.1704173989577296]]}}