{"no_of_atoms": 126, "centre_of_mass": [0.5596301275162304, 5.857675679800758, 12.76017178733708], "maximum_diameter": {"diameter": 17.359399533500003, "atom_1": 26, "atom_2": 111}, "pore_diameter": {"diameter": 5.026705271838441, "atom": 46}, "pore_volume": 66.50417173091164, "pore_diameter_opt": {"diameter": 6.01990420924121, "atom_1": 46, "centre_of_mass": [1.220693463131456, 4.9210740264611275, 12.933149282693384]}, "pore_volume_opt": 114.22663005902156, "windows": {"diameters": [6.092317871935295, 5.1501676779167], "centre_of_mass": [[1.67961477114302, 4.83284042768013, 13.043194088086004], [-0.12535208531590647, 6.505540478991397, 12.743332765051042]]}}