{"no_of_atoms": 144, "centre_of_mass": [-3.620021832490672, 2.4869086313007504e-05, 13.901843420458656], "maximum_diameter": {"diameter": 18.22439917852956, "atom_1": 1, "atom_2": 142}, "pore_diameter": {"diameter": 7.375538128202839, "atom": 45}, "pore_volume": 210.07760601898835, "pore_diameter_opt": {"diameter": 7.375854674033416, "atom_1": 45, "centre_of_mass": [-3.620008907604739, 2.1932214684486723e-05, 13.902001137413428]}, "pore_volume_opt": 210.10465572432608, "windows": {"diameters": [6.294135236221586, 6.322245025301231], "centre_of_mass": [[-5.997143484681705, 1.8672031516369358, 15.157460594252486], [-1.0778568358880927, -1.9743746979338128, 12.552138373030543]]}}