{"no_of_atoms": 168, "centre_of_mass": [-3.608653494138642, 23.261736577468948, 13.944714096728168], "maximum_diameter": {"diameter": 18.225608090689487, "atom_1": 36, "atom_2": 150}, "pore_diameter": {"diameter": 7.2880870824663955, "atom": 87}, "pore_volume": 202.69324798542505, "pore_diameter_opt": {"diameter": 7.37597002387955, "atom_1": 87, "centre_of_mass": [-3.612176439098278, 23.262354334430885, 13.900918433581317]}, "pore_volume_opt": 210.11451326076028, "windows": {"diameters": [6.294130394042974, 6.322246248365913], "centre_of_mass": [[-5.9971438228800205, 25.153193823043008, 15.157463861265883], [-1.0778553779672162, 21.311629722185575, 12.552137850976132]]}}