{"no_of_atoms": 144, "centre_of_mass": [7.626481167990859, 11.643055723335737, 0.00039155456241714835], "maximum_diameter": {"diameter": 18.22652893930647, "atom_1": 65, "atom_2": 86}, "pore_diameter": {"diameter": 7.374396459301462, "atom": 113}, "pore_volume": 209.98006658155833, "pore_diameter_opt": {"diameter": 7.37461358321735, "atom_1": 113, "centre_of_mass": [7.62649000414885, 11.643057739600053, 0.0004997375356754258]}, "pore_volume_opt": 209.9986144194457, "windows": {"diameters": [6.315589661115056, 6.287069305994698], "centre_of_mass": [[5.110413232289458, 9.685314899464572, 1.3348572528628706], [9.941890325098298, 13.47165141359236, -1.220033160031495]]}}