{"no_of_atoms": 126, "centre_of_mass": [11.81239751242497, 41.92212315001116, 12.103292701508195], "maximum_diameter": {"diameter": 16.10049586042105, "atom_1": 25, "atom_2": 111}, "pore_diameter": {"diameter": 6.3805672832119935, "atom": 104}, "pore_volume": 136.01177249118763, "pore_diameter_opt": {"diameter": 6.5623887535559895, "atom_1": 104, "centre_of_mass": [11.718547403709367, 41.808529478377174, 12.099271090982551]}, "pore_volume_opt": 147.97368359798057, "windows": {"diameters": [5.3114635212885135, 5.025020810316911], "centre_of_mass": [[10.055307004819829, 39.5851593148612, 13.745723626462256], [13.469235745141994, 44.131922669243686, 10.340681211830981]]}}