{"no_of_atoms": 126, "centre_of_mass": [-0.2708785722884314, 17.85112315001118, 8.405790771122456], "maximum_diameter": {"diameter": 16.100495860421066, "atom_1": 29, "atom_2": 112}, "pore_diameter": {"diameter": 6.380796534181581, "atom": 72}, "pore_volume": 136.0264335470131, "pore_diameter_opt": {"diameter": 6.562448350751909, "atom_1": 44, "centre_of_mass": [-0.1774843175588457, 17.737696561755815, 8.40994425390627]}, "pore_volume_opt": 147.97771516195812, "windows": {"diameters": [5.013486188780365, 5.295194424353155], "centre_of_mass": [[-1.868788976593303, 19.983345553343216, 10.11548107473608], [1.4226831554238848, 15.595184565814659, 6.824710071040634]]}}