{"no_of_atoms": 126, "centre_of_mass": [-0.2708906335448588, 17.85112315001118, 8.40578817090577], "maximum_diameter": {"diameter": 16.099171275618385, "atom_1": 29, "atom_2": 112}, "pore_diameter": {"diameter": 6.380799157072744, "atom": 72}, "pore_volume": 136.02660129221948, "pore_diameter_opt": {"diameter": 6.562450289332428, "atom_1": 44, "centre_of_mass": [-0.17748460520464562, 17.737693606580077, 8.409938359162014]}, "pore_volume_opt": 147.97784630209912, "windows": {"diameters": [5.01348375193603, 5.295201098797441], "centre_of_mass": [[-1.8687917061109753, 19.983345934847062, 10.115478015791124], [1.4226807410461404, 15.595180495784145, 6.824713442992695]]}}