{"no_of_atoms": 64, "centre_of_mass": [5.832038179159534, 3.2615153791676854, 12.435271735143068], "maximum_diameter": {"diameter": 10.9069000247874, "atom_1": 0, "atom_2": 61}, "pore_diameter": {"diameter": 0.49758163503276265, "atom": 17}, "pore_volume": 0.06450474323488375, "pore_diameter_opt": {"diameter": 0.9756626122077234, "atom_1": 5, "centre_of_mass": [5.773656960002567, 3.4418461244034675, 12.68406255265945]}, "pore_volume_opt": 0.4862925443772641, "windows": {"diameters": [1.1101956899714862, 1.7614908226666137], "centre_of_mass": [[6.196690824712696, 3.382131776351202, 13.339892837398438], [5.612023526987769, 5.883315914310007, 10.750577967290559]]}}