{"no_of_atoms": 126, "centre_of_mass": [5.222148779110428, 1.0845272652019762, 2.0640747796545056], "maximum_diameter": {"diameter": 17.805936509412465, "atom_1": 62, "atom_2": 86}, "pore_diameter": {"diameter": 5.038041901656895, "atom": 6}, "pore_volume": 66.95514393499757, "pore_diameter_opt": {"diameter": 6.559070704948262, "atom_1": 34, "centre_of_mass": [6.4279987587697285, -1.4344936856264712, 0.37591556216609723]}, "pore_volume_opt": 147.74934348991053, "windows": {"diameters": [4.986423216503679, 8.071155099193351], "centre_of_mass": [[5.048558670639556, 1.7943934362331848, 2.800148845676343], [7.738786557262675, -1.8073838825141433, -2.5773979024653504]]}}