{"no_of_atoms": 126, "centre_of_mass": [27.42820959603777, 6.216651828062392, 20.358785187191526], "maximum_diameter": {"diameter": 16.155484535428457, "atom_1": 17, "atom_2": 122}, "pore_diameter": {"diameter": 6.495477653920071, "atom": 54}, "pore_volume": 143.49339184002886, "pore_diameter_opt": {"diameter": 6.521553636219055, "atom_1": 54, "centre_of_mass": [27.44505184598928, 6.226350779715092, 20.370662493212382]}, "pore_volume_opt": 145.2284939654813, "windows": {"diameters": [5.080069042047401, 5.079941070321614], "centre_of_mass": [[25.707288364257295, 8.551270345438342, 21.791949328869187], [29.124550530204377, 3.8618136640274368, 18.887977465388094]]}}