{"no_of_atoms": 126, "centre_of_mass": [20.122734801114373, 0.46595132332456335, 11.001793293951742], "maximum_diameter": {"diameter": 16.17337035885208, "atom_1": 52, "atom_2": 92}, "pore_diameter": {"diameter": 6.428556541992515, "atom": 8}, "pore_volume": 139.1038103849323, "pore_diameter_opt": {"diameter": 6.433714228842961, "atom_1": 8, "centre_of_mass": [20.12507569275015, 0.464965916013177, 11.00134648975731]}, "pore_volume_opt": 139.43889167219584, "windows": {"diameters": [5.054235896319146, 5.0800841453090095], "centre_of_mass": [[22.248106741443845, 2.095244741132021, 12.312927312702753], [17.814847379598127, -1.2475599825728128, 9.61213809102457]]}}