{"no_of_atoms": 126, "centre_of_mass": [7.732394649091129, 27.42809515382896, 15.228937484737493], "maximum_diameter": {"diameter": 16.15556914762329, "atom_1": 17, "atom_2": 123}, "pore_diameter": {"diameter": 6.495251940049204, "atom": 50}, "pore_volume": 143.47843343734817, "pore_diameter_opt": {"diameter": 6.521295432074693, "atom_1": 45, "centre_of_mass": [7.722471373996315, 27.44427619837547, 15.239984390008468]}, "pore_volume_opt": 145.2112448022579, "windows": {"diameters": [5.0743938446558134, 5.069858281871203], "centre_of_mass": [[5.470113975476907, 25.758864356038824, 16.62034179607367], [10.013125333149668, 29.069511386774, 13.800442731391271]]}}