{"no_of_atoms": 126, "centre_of_mass": [14.37050117370892, 7.686061265026055, 5.807721019278062], "maximum_diameter": {"diameter": 16.172796039391123, "atom_1": 42, "atom_2": 85}, "pore_diameter": {"diameter": 6.429296011885404, "atom": 95}, "pore_volume": 139.1518187885806, "pore_diameter_opt": {"diameter": 6.476242171403129, "atom_1": 24, "centre_of_mass": [14.409760860069406, 7.661392446000951, 5.720045014792601]}, "pore_volume_opt": 142.22235420923457, "windows": {"diameters": [5.057105644631785, 5.07877960584123], "centre_of_mass": [[16.09376802434098, 5.426571082554505, 7.193041444099222], [12.661662847448525, 9.987665444492963, 4.4217454684610225]]}}