{"no_of_atoms": 126, "centre_of_mass": [20.122733934375475, 0.4658876016784471, 11.001793293951742], "maximum_diameter": {"diameter": 16.17337035885208, "atom_1": 52, "atom_2": 92}, "pore_diameter": {"diameter": 6.428603699084041, "atom": 8}, "pore_volume": 139.10687162233197, "pore_diameter_opt": {"diameter": 6.475545745100817, "atom_1": 80, "centre_of_mass": [20.148593462559447, 0.50244794008769, 10.91548615759592]}, "pore_volume_opt": 142.17647726320968, "windows": {"diameters": [5.054258331676928, 5.078721167483889], "centre_of_mass": [[22.24806960559665, 2.095230445034363, 12.312988393807187], [17.82594354661243, -1.239405575545021, 9.618535519120687]]}}