{"no_of_atoms": 168, "centre_of_mass": [-1.3669809993702425e-16, 12.496000000000002, 12.496000000000006], "maximum_diameter": {"diameter": 22.338523854687377, "atom_1": 80, "atom_2": 128}, "pore_diameter": {"diameter": 5.623777479525957, "atom": 124}, "pore_volume": 93.12858560598374, "pore_diameter_opt": {"diameter": 5.623777479525957, "atom_1": 124, "centre_of_mass": [-1.3669809993702425e-16, 12.496000000000002, 12.496000000000006]}, "pore_volume_opt": 93.12858560598374, "windows": {"diameters": [3.837601574552471, 3.835006440630085, 3.82839759234292, 3.837534556181613], "centre_of_mass": [[-1.6647889083764043, 10.831149803320848, 14.160814917670956], [1.6487746181298846, 14.144714954046018, 14.144725597266552], [1.5651707125143393, 10.930869497632688, 10.930824798770482], [-1.6644990381627107, 14.16043123289532, 10.831582644515231]]}}