{"no_of_atoms": 204, "centre_of_mass": [0.07523544167523963, 12.483602847641004, 12.483591590972473], "maximum_diameter": {"diameter": 22.327555335573592, "atom_1": 143, "atom_2": 157}, "pore_diameter": {"diameter": 5.537901071330477, "atom": 29}, "pore_volume": 88.9271148151232, "pore_diameter_opt": {"diameter": 5.644316809558253, "atom_1": 40, "centre_of_mass": [4.445800456042496e-05, 12.483027072446973, 12.483791510168961]}, "pore_volume_opt": 94.15269791220724, "windows": {"diameters": [3.8571037119240175, 3.8542306377127926, 3.8570248523631387, 3.847474711141921], "centre_of_mass": [[-1.6677637328225319, 10.815143937196412, 14.151518175844037], [1.6520999512516135, 14.135085012922712, 14.135067341582605], [-1.6676082776380807, 14.1516441752101, 10.815515309047386], [1.5684081166281842, 10.915371761952427, 10.915533079631004]]}}