{"no_of_atoms": 216, "centre_of_mass": [12.486209433198386, 12.486210113360327, 0.27808380836707197], "maximum_diameter": {"diameter": 22.31310718691976, "atom_1": 103, "atom_2": 198}, "pore_diameter": {"diameter": 5.224728761073237, "atom": 107}, "pore_volume": 74.67751709475831, "pore_diameter_opt": {"diameter": 5.653140885204843, "atom_1": 23, "centre_of_mass": [12.485818333708927, 12.486073595783159, 0.00105278072074209]}, "pore_volume_opt": 94.59497113293443, "windows": {"diameters": [3.8663548913111785, 3.862942084793725, 3.8661844036770314, 3.8569504242462043], "centre_of_mass": [[10.81686645348385, 10.816973926355175, 1.669748267516831], [14.138895858980526, 14.139194384724636, 1.6530426647124394], [10.817425920472383, 14.155239077959344, -1.6695507257025104], [14.055932771868374, 10.91697574968592, -1.5695574813715147]]}}