{"no_of_atoms": 168, "centre_of_mass": [6.241897783361438, 6.241897783361436, 6.241897783361437], "maximum_diameter": {"diameter": 22.3274643565884, "atom_1": 40, "atom_2": 166}, "pore_diameter": {"diameter": 5.6450424116215405, "atom": 88}, "pore_volume": 94.18901382627932, "pore_diameter_opt": {"diameter": 5.6450424116215405, "atom_1": 88, "centre_of_mass": [6.241897783361438, 6.241897783361436, 6.241897783361437]}, "pore_volume_opt": 94.18901382627932, "windows": {"diameters": [3.8518595471054353, 3.8506706129863963, 3.859427574261369, 3.862709555014207], "centre_of_mass": [[4.614344373549982, 7.869618640855694, 7.869609665674188], [7.857204046094648, 4.626779369762568, 7.857206314458681], [7.920212321719504, 7.920285535114697, 4.563749634972904], [4.547903545444464, 4.547905313153871, 4.547942320306383]]}}