{"no_of_atoms": 168, "centre_of_mass": [18.685500000000005, 6.228500000000006, 18.6855], "maximum_diameter": {"diameter": 22.30503103103198, "atom_1": 15, "atom_2": 166}, "pore_diameter": {"diameter": 5.513008190280036, "atom": 126}, "pore_volume": 87.73331416786823, "pore_diameter_opt": {"diameter": 5.513008190280036, "atom_1": 126, "centre_of_mass": [18.685500000000005, 6.228500000000006, 18.6855]}, "pore_volume_opt": 87.73331416786823, "windows": {"diameters": [3.7406295927092716, 3.7394731748874395, 3.7480377127922258, 3.751534560408691], "centre_of_mass": [[17.079900577849088, 7.834129342301463, 20.291123178305586], [20.27910349942257, 4.634874158107157, 20.279104134749133], [20.340768427848086, 7.883854392910548, 17.030221528360098], [17.013424981863494, 4.556441783024412, 17.013454767758304]]}}