{"no_of_atoms": 168, "centre_of_mass": [18.725428334174467, 18.725428334174463, 6.241897783361437], "maximum_diameter": {"diameter": 22.32755531075669, "atom_1": 110, "atom_2": 116}, "pore_diameter": {"diameter": 5.644133081618294, "atom": 124}, "pore_volume": 94.14350392891227, "pore_diameter_opt": {"diameter": 5.644311662059366, "atom_1": 124, "centre_of_mass": [18.72549256044663, 18.725484895681205, 6.2419903112397]}, "pore_volume_opt": 94.15244031656788, "windows": {"diameters": [3.8514111051015694, 3.850132564820885, 3.8590586327432157, 3.8621786358877555], "centre_of_mass": [[17.097896018254815, 20.353390768027353, 7.869345264071046], [20.34065845068394, 17.11002516670348, 7.856990944243066], [20.404072723656636, 20.404323366877097, 4.563666242920884], [17.031450028278588, 17.03113285269597, 4.548120540689235]]}}