{"no_of_atoms": 168, "centre_of_mass": [18.743999999999993, 18.743999999999993, 6.248], "maximum_diameter": {"diameter": 22.338523854687384, "atom_1": 106, "atom_2": 134}, "pore_diameter": {"diameter": 5.623777479525932, "atom": 22}, "pore_volume": 93.12858560598251, "pore_diameter_opt": {"diameter": 5.623777479525932, "atom_1": 22, "centre_of_mass": [18.743999999999993, 18.743999999999993, 6.248]}, "pore_volume_opt": 93.12858560598251, "windows": {"diameters": [3.83189152524136, 3.830745186052551, 3.8394706031683987, 3.842873994950223], "centre_of_mass": [[17.11934573837188, 20.368687536876696, 7.872742095395829], [20.3564206412272, 17.131590337068186, 7.86043547593058], [20.41914141378429, 20.41907758704701, 4.572936063008316], [17.052511278517294, 17.052501982527293, 4.556535246356116]]}}