{"no_of_atoms": 168, "centre_of_mass": [12.496000000000004, 12.496000000000002, -2.3187017823620244e-16], "maximum_diameter": {"diameter": 22.338523854687377, "atom_1": 28, "atom_2": 166}, "pore_diameter": {"diameter": 5.623777479525945, "atom": 94}, "pore_volume": 93.12858560598312, "pore_diameter_opt": {"diameter": 5.623777479525945, "atom_1": 94, "centre_of_mass": [12.496000000000004, 12.496000000000002, -2.3187017823620244e-16]}, "pore_volume_opt": 93.12858560598312, "windows": {"diameters": [3.837601565471305, 3.8350064406300874, 3.8283975923429145, 3.837534556181367], "centre_of_mass": [[10.831211218656689, 10.831149924336206, 1.6648147713995527], [14.144774618129889, 14.144714954046018, 1.648725597266545], [14.061170712514345, 10.930869497632688, -1.5651752012295237], [10.831500795124246, 14.160431387036548, -1.6644174983568134]]}}