{"no_of_atoms": 168, "centre_of_mass": [6.228500000000001, 6.228500000000001, 6.228500000000003], "maximum_diameter": {"diameter": 22.305031031031977, "atom_1": 46, "atom_2": 160}, "pore_diameter": {"diameter": 5.513008190280075, "atom": 4}, "pore_volume": 87.7333141678701, "pore_diameter_opt": {"diameter": 5.513008190280075, "atom_1": 4, "centre_of_mass": [6.228500000000001, 6.228500000000001, 6.228500000000003]}, "pore_volume_opt": 87.7333141678701, "windows": {"diameters": [3.7406295927092796, 3.7394731566687303, 3.7480377127922213, 3.7515345604086803], "centre_of_mass": [[4.622900577849085, 7.834129342301458, 7.834123178305588], [7.822103341149676, 4.634874309579324, 7.822103973521038], [7.883768427848081, 7.8838543929105445, 4.5732215283601], [4.556424981863488, 4.556441783024407, 4.556454767758307]]}}