{"no_of_atoms": 168, "centre_of_mass": [6.222500000000005, 18.667500000000008, 18.667499999999993], "maximum_diameter": {"diameter": 22.291074014084884, "atom_1": 3, "atom_2": 166}, "pore_diameter": {"diameter": 5.423401781625941, "atom": 30}, "pore_volume": 83.52451464187897, "pore_diameter_opt": {"diameter": 5.423401781625941, "atom_1": 30, "centre_of_mass": [6.222500000000005, 18.667500000000008, 18.667499999999993]}, "pore_volume_opt": 83.52451464187897, "windows": {"diameters": [3.6554363662162923, 3.6542488468647165, 3.6661658832768302, 3.662806687780177], "centre_of_mass": [[4.627956110860602, 20.262064720158158, 20.26207346524922], [7.805133743879197, 17.084830719260566, 20.250114299126047], [4.562540252818163, 17.007540108555844, 17.00755663463948], [7.866173176867678, 20.311213408430472, 17.023818945689538]]}}