{"no_of_atoms": 168, "centre_of_mass": [1.4305615109688584e-17, 12.4665, 12.466499999999998], "maximum_diameter": {"diameter": 22.328130558441398, "atom_1": 13, "atom_2": 164}, "pore_diameter": {"diameter": 5.436260181773726, "atom": 31}, "pore_volume": 84.12001172571743, "pore_diameter_opt": {"diameter": 5.436260181773726, "atom_1": 31, "centre_of_mass": [1.4305615109688584e-17, 12.4665, 12.466499999999998]}, "pore_volume_opt": 84.12001172571743, "windows": {"diameters": [3.6748135530692196, 3.672254270370027, 3.6658188047337137, 3.674626017717052], "centre_of_mass": [[-1.6348839656366472, 10.831804731182572, 14.101139382217998], [1.6192878858068085, 14.085566079886593, 14.085516696566227], [1.5374764514908879, 10.929130971426927, 10.929252624057764], [-1.634579120933587, 14.100838231069028, 10.832299070915743]]}}