{"no_of_atoms": 168, "centre_of_mass": [18.66978493093809, 18.669784930938093, 6.22321506906191], "maximum_diameter": {"diameter": 22.298044760860833, "atom_1": 84, "atom_2": 122}, "pore_diameter": {"diameter": 5.451040986100983, "atom": 44}, "pore_volume": 84.80802797220854, "pore_diameter_opt": {"diameter": 5.451621991802957, "atom_1": 142, "centre_of_mass": [18.669491058721103, 18.66949657624043, 6.223490975893612]}, "pore_volume_opt": 84.83514895702214, "windows": {"diameters": [3.6823145111438946, 3.6811059055167523, 3.6929332565325184, 3.688630210427814], "centre_of_mass": [[17.071518343234192, 20.268098937516214, 7.821391223887304], [20.25609208065582, 17.083615288823786, 7.80950969854561], [17.00612744128918, 17.00607425886588, 4.559473549595358], [20.31735546280625, 20.31731067526536, 4.575688261717998]]}}