{"no_of_atoms": 168, "centre_of_mass": [12.446500000000002, 5.70635091597578e-16, 12.446500000000002], "maximum_diameter": {"diameter": 22.298044760860833, "atom_1": 23, "atom_2": 164}, "pore_diameter": {"diameter": 5.45151885271674, "atom": 5}, "pore_volume": 84.83033406658083, "pore_diameter_opt": {"diameter": 5.45151885271674, "atom_1": 5, "centre_of_mass": [12.446500000000002, 5.70635091597578e-16, 12.446500000000002]}, "pore_volume_opt": 84.83033406658083, "windows": {"diameters": [3.688106730567632, 3.6855145795022834, 3.6790865215407558, 3.688008892610846], "centre_of_mass": [[10.809193846465636, -1.6377976344397747, 14.084177748415406], [14.06777266838769, 1.6217809497096065, 14.068139361724132], [13.98591377204531, -1.5398822411693418, 10.90668392414407], [10.809841157956626, 1.637151140322329, 10.80948715664284]]}}