{"no_of_atoms": 168, "centre_of_mass": [18.6735, 18.673499999999994, 6.2245], "maximum_diameter": {"diameter": 22.239652290107127, "atom_1": 84, "atom_2": 122}, "pore_diameter": {"diameter": 5.4810149757783755, "atom": 19}, "pore_volume": 86.21475301791718, "pore_diameter_opt": {"diameter": 5.4810149757783755, "atom_1": 19, "centre_of_mass": [18.6735, 18.673499999999994, 6.2245]}, "pore_volume_opt": 86.21475301791718, "windows": {"diameters": [3.701363791559156, 3.700024494487344, 3.710741783979572, 3.7090297930961182], "centre_of_mass": [[17.064451112743377, 20.282533081913463, 7.83349324224205], [20.26841451121168, 17.078607439520972, 7.819401658243133], [17.006059609434747, 17.00610055295567, 4.557085836115975], [20.332682216581752, 20.332703967024067, 4.565205537296061]]}}