{"no_of_atoms": 214, "centre_of_mass": [23.913621304928487, 1.0461473047865455, 34.79740735949726], "maximum_diameter": {"diameter": 26.31626060515589, "atom_1": 66, "atom_2": 208}, "pore_diameter": {"diameter": 8.160855271527042, "atom": 77}, "pore_volume": 284.5808355326204, "pore_diameter_opt": {"diameter": 8.197623897882554, "atom_1": 144, "centre_of_mass": [23.923779764007094, 1.073914683843368, 34.77833840464957]}, "pore_volume_opt": 288.4447176933111, "windows": {"diameters": [7.060752003487, 6.639311758350356, 6.818196426638735], "centre_of_mass": [[22.945820942373366, -1.2615322163297567, 35.80618684634632], [23.55925102231577, 3.55749289718349, 36.2569034057352], [24.91323511323582, 0.5821966819122666, 31.540986093433325]]}}