{"no_of_atoms": 195, "centre_of_mass": [18.94364647625875, 13.889415847980919, 16.244046311540124], "maximum_diameter": {"diameter": 20.597386513835236, "atom_1": 120, "atom_2": 180}, "pore_diameter": {"diameter": 4.963078594414949, "atom": 32}, "pore_volume": 64.01062686048208, "pore_diameter_opt": {"diameter": 4.970658999742621, "atom_1": 32, "centre_of_mass": [18.944183428360216, 13.893165421567565, 16.24419522999984]}, "pore_volume_opt": 64.30437678621513, "windows": {"diameters": [4.228144865692171, 4.035044671584524], "centre_of_mass": [[15.40873699254194, 13.431981209721162, 17.101776415727496], [24.520966250453696, 14.094691984605879, 14.692868417449311]]}}