{"no_of_atoms": 135, "centre_of_mass": [26.663588722500567, 3.9004627848129676, 15.867678284922375], "maximum_diameter": {"diameter": 16.578170944690243, "atom_1": 59, "atom_2": 121}, "pore_diameter": {"diameter": 4.954051771485208, "atom": 103}, "pore_volume": 63.661995080174826, "pore_diameter_opt": {"diameter": 5.016371055713119, "atom_1": 91, "centre_of_mass": [26.60180037259337, 3.8739114209057033, 15.841660463730303]}, "pore_volume_opt": 66.0948440587685, "windows": {"diameters": [4.2865756599892055, 3.930787721569238], "centre_of_mass": [[26.718787946456736, 6.55650264199809, 18.88875558273888], [26.82116312938481, 1.7649794205265348, 13.308496997167946]]}}