{"no_of_atoms": 195, "centre_of_mass": [6.6512501188449225, 21.100014079602634, 5.465830644493666], "maximum_diameter": {"diameter": 20.597735447117266, "atom_1": 91, "atom_2": 168}, "pore_diameter": {"diameter": 4.964143991523432, "atom": 135}, "pore_volume": 64.05185815026046, "pore_diameter_opt": {"diameter": 4.992560069330802, "atom_1": 117, "centre_of_mass": [6.623575899682126, 21.087059887895652, 5.490996894326152]}, "pore_volume_opt": 65.15811607804496, "windows": {"diameters": [4.035421328222775, 4.03739559612651], "centre_of_mass": [[1.074420492191904, 20.89455744133784, 7.016872638194309], [12.356814238601267, 22.321683281695336, 4.055649075675017]]}}