{"no_of_atoms": 210, "centre_of_mass": [12.086096401669959, 8.9860364042636e-05, 8.986036404256771e-05], "maximum_diameter": {"diameter": 22.43764053388252, "atom_1": 26, "atom_2": 204}, "pore_diameter": {"diameter": 5.414586830952171, "atom": 112}, "pore_volume": 83.11790539711326, "pore_diameter_opt": {"diameter": 5.414670829555268, "atom_1": 125, "centre_of_mass": [12.086111023514341, 0.00013317952375099812, 6.603250275431991e-05]}, "pore_volume_opt": 83.12177377884329, "windows": {"diameters": [3.636287436814373, 3.63456475789839, 3.6454094571810747, 3.643880585346278], "centre_of_mass": [[10.479761056098097, 1.606193118009998, 1.6062408305742262], [13.673305634089447, -1.5873799550676284, 1.5871465177538084], [13.746895934182113, 1.660914501881654, -1.6607138758753706], [10.431545654891933, -1.654431471743528, -1.6543988285671174]]}}