{"no_of_atoms": 198, "centre_of_mass": [12.292999999999994, 5.268456921320954e-17, -7.375839689849335e-16], "maximum_diameter": {"diameter": 22.05284398368789, "atom_1": 34, "atom_2": 194}, "pore_diameter": {"diameter": 5.583999999999989, "atom": 105}, "pore_volume": 91.16640955949121, "pore_diameter_opt": {"diameter": 5.583999999999989, "atom_1": 105, "centre_of_mass": [12.292999999999994, 5.268456921320954e-17, -7.375839689849335e-16]}, "pore_volume_opt": 91.16640955949121, "windows": {"diameters": [3.3264138504710847, 3.3247671419233114, 3.3336055218648872, 3.332424751593384], "centre_of_mass": [[10.564781664571855, 1.7283197425879515, 1.7282666617791336], [14.001120342663269, -1.7080933955518638, 1.708067537141622], [14.066768298426565, 1.7737244273640782, -1.7737670774105], [10.525143619999959, -1.7678916051600535, -1.7679037885950513]]}}