{"no_of_atoms": 256, "centre_of_mass": [-0.0070247794794957704, -0.01311853052094424, 12.079825045957051], "maximum_diameter": {"diameter": 22.43764053388252, "atom_1": 32, "atom_2": 250}, "pore_diameter": {"diameter": 5.393735469803053, "atom": 67}, "pore_volume": 82.16134717652989, "pore_diameter_opt": {"diameter": 5.415013558226963, "atom_1": 66, "centre_of_mass": [0.001219694296132021, 0.0005243460278429874, 12.086163950188702]}, "pore_volume_opt": 83.13755868207187, "windows": {"diameters": [3.6365001566965787, 3.634643499225738, 3.6451433669898425, 3.643898837543612], "centre_of_mass": [[-1.6063582034534236, 1.6060243050956375, 13.692300060714288], [1.5876868985323358, -1.5874914476237665, 13.673668027603753], [1.6608273838506735, 1.6608986545126698, 10.425200564068337], [-1.6544459093584438, -1.654432559046382, 10.43159285249508]]}}