{"no_of_atoms": 108, "centre_of_mass": [6.146499999999999, 6.146499999999999, 6.146500000000001], "maximum_diameter": {"diameter": 17.27799622466505, "atom_1": 18, "atom_2": 106}, "pore_diameter": {"diameter": 5.530077883198999, "atom": 8}, "pore_volume": 88.55077481421354, "pore_diameter_opt": {"diameter": 5.530077883198999, "atom_1": 8, "centre_of_mass": [6.146499999999999, 6.146499999999999, 6.146500000000001]}, "pore_volume_opt": 88.55077481421354, "windows": {"diameters": [3.7578857624142032, 3.7568365258898804, 3.7562587122388336, 3.768801595887719], "centre_of_mass": [[4.5113716944083935, 4.511342095284569, 7.781641768590095], [7.774249969190247, 7.774308506860941, 7.774235247728267], [7.769385602177535, 4.523615684175244, 4.523598635903634], [4.454607608703383, 7.838397739498706, 4.454575978617482]]}}