{"no_of_atoms": 65, "centre_of_mass": [9.654087586892421, 0.04649665259876808, 14.952410581826424], "maximum_diameter": {"diameter": 15.913214711174515, "atom_1": 7, "atom_2": 64}, "pore_diameter": {"diameter": 4.84636407948598, "atom": 28}, "pore_volume": 59.60006502130409, "pore_diameter_opt": {"diameter": 5.085429385640805, "atom_1": 4, "centre_of_mass": [9.480373705376014, 0.01305650417358581, 14.860583291057091]}, "pore_volume_opt": 68.86229730290519, "windows": {"diameters": [4.851020513016934, 5.107733451204635], "centre_of_mass": [[9.619602963013175, 0.06748398579736237, 16.292424794938484], [9.490989067119411, -0.0010708091919308833, 14.78580187283681]]}}