{"no_of_atoms": 66, "centre_of_mass": [3.373925220799547, 22.21348962148962, 1.3708222171803857], "maximum_diameter": {"diameter": 15.889332044896346, "atom_1": 26, "atom_2": 33}, "pore_diameter": {"diameter": 4.670743410632397, "atom": 14}, "pore_volume": 53.35273060958636, "pore_diameter_opt": {"diameter": 6.494796964855473, "atom_1": 36, "centre_of_mass": [3.7347142544636007, 19.878117916173423, 3.7061939224965843]}, "pore_volume_opt": 143.4482846966394, "windows": {"diameters": [1.3784623859816589e+44, 4.5197504889374756], "centre_of_mass": [[-1.259235552940632e+43, -6.775979645333734e+43, 6.625260288785073e+41], [3.4645395464139788, 23.485671331666637, 0.26128892335697484]]}}