{"no_of_atoms": 126, "centre_of_mass": [2.8805926378785536, 12.189916713099107, 20.893722374417447], "maximum_diameter": {"diameter": 16.086705900392086, "atom_1": 66, "atom_2": 77}, "pore_diameter": {"diameter": 6.398880159781282, "atom": 121}, "pore_volume": 137.18623972135907, "pore_diameter_opt": {"diameter": 6.560173804588418, "atom_1": 22, "centre_of_mass": [2.9898263153144757, 12.118848927991307, 20.825717731693363]}, "pore_volume_opt": 147.8239011521495, "windows": {"diameters": [5.081973394793715, 5.202030709685796], "centre_of_mass": [[1.5235145077577263, 10.454320922698955, 23.264159463749017], [4.387704937788758, 14.054139647172939, 18.36788819724297]]}}