{"no_of_atoms": 196, "centre_of_mass": [7.475974699046847, 2.7064671665145856, 5.432613300938496], "maximum_diameter": {"diameter": 19.881263996556832, "atom_1": 72, "atom_2": 131}, "pore_diameter": {"diameter": 4.867078872437519, "atom": 79}, "pore_volume": 60.367581181866036, "pore_diameter_opt": {"diameter": 6.418668927972458, "atom_1": 41, "centre_of_mass": [7.4657033471080885, 3.5150720304163268, 4.8068303939592445]}, "pore_volume_opt": 138.46294005121493, "windows": {"diameters": [3.8565944091144915, 6.444177294564684], "centre_of_mass": [[8.778503397505396, 0.740812703207371, 7.419793861188994], [7.6722782001605125, 4.144648435324055, 4.707478366810064]]}}