{"no_of_atoms": 108, "centre_of_mass": [5.936264055415112, 15.283846373540388, 5.22210184183395e-05], "maximum_diameter": {"diameter": 15.045665198504118, "atom_1": 22, "atom_2": 92}, "pore_diameter": {"diameter": 4.733273868686361, "atom": 28}, "pore_volume": 55.52435511200116, "pore_diameter_opt": {"diameter": 4.733409939318985, "atom_1": 28, "centre_of_mass": [5.936253134954294, 15.283904625252015, 8.563188330417615e-05]}, "pore_volume_opt": 55.52914383849362, "windows": {"diameters": [3.1607284474956376, 3.244225208489156], "centre_of_mass": [[8.710692035730283, 13.894844845775596, 0.4230991643149431], [2.3686473135873833, 16.473681659873606, 0.31595072094894644]]}}