{"no_of_atoms": 108, "centre_of_mass": [0.00044676778620444187, 7.599338345170742, -6.627242084946485e-05], "maximum_diameter": {"diameter": 15.067095599862677, "atom_1": 10, "atom_2": 101}, "pore_diameter": {"diameter": 4.664428423203482, "atom": 24}, "pore_volume": 53.13661950890645, "pore_diameter_opt": {"diameter": 4.664753310435758, "atom_1": 24, "centre_of_mass": [0.0004207212451924934, 7.599477509935649, 1.3368487892030456e-05]}, "pore_volume_opt": 53.1477235136026, "windows": {"diameters": [3.1163310296735816, 3.1140688021947893], "centre_of_mass": [[2.7699853073542817, 6.167898049511663, 0.46171890826396933], [-2.6663048676902723, 8.988765434919207, -0.4629885257640495]]}}