{"no_of_atoms": 119, "centre_of_mass": [11.761598031321192, 7.910043860926984, 7.183736072097902], "maximum_diameter": {"diameter": 14.516135213266756, "atom_1": 33, "atom_2": 94}, "pore_diameter": {"diameter": 5.05778475163496, "atom": 1}, "pore_volume": 67.74537492085317, "pore_diameter_opt": {"diameter": 5.302453272632217, "atom_1": 1, "centre_of_mass": [11.834303183679975, 7.997912618740192, 7.231993081333763]}, "pore_volume_opt": 78.06011241735503, "windows": {"diameters": [3.8408500694493792, 3.814447134431596], "centre_of_mass": [[15.075012276154466, 6.873580066107244, 7.262267698287527], [8.803156393254064, 9.06645323736319, 7.149009182722217]]}}