{"no_of_atoms": 125, "centre_of_mass": [11.190823104262233, 3.9579967206468565, 3.110613164951361], "maximum_diameter": {"diameter": 16.609344627517387, "atom_1": 45, "atom_2": 107}, "pore_diameter": {"diameter": 3.5613714236164076, "atom": 54}, "pore_volume": 23.651050267467053, "pore_diameter_opt": {"diameter": 4.538846604899577, "atom_1": 54, "centre_of_mass": [10.532663494515912, 3.5185756270356956, 2.3940594056757263]}, "pore_volume_opt": 48.95929313993634, "windows": {"diameters": [3.410640982209498, 4.538953124616203], "centre_of_mass": [[10.142741024232706, 6.0584574268496745, 5.050476891056761], [10.532455888734177, 3.518548404218124, 2.3939224060198994]]}}