{"no_of_atoms": 126, "centre_of_mass": [3.763542644981836, 13.053113148432534, 6.4244627073555325], "maximum_diameter": {"diameter": 16.707098333803625, "atom_1": 61, "atom_2": 76}, "pore_diameter": {"diameter": 3.265934844809998, "atom": 8}, "pore_volume": 18.23984617196728, "pore_diameter_opt": {"diameter": 5.100092834880273, "atom_1": 43, "centre_of_mass": [3.6370288084696516, 14.461577988451806, 8.057430129760531]}, "pore_volume_opt": 69.45969415109133, "windows": {"diameters": [5.121364795805729, 2.828448647377541], "centre_of_mass": [[3.6547667420130017, 14.46589451081667, 8.065154618275512], [2.816327707977333, 11.573404333894196, 5.094393148434186]]}}