{"no_of_atoms": 35, "centre_of_mass": [18.91913228586023, 0.6721098508421497, 4.281514954819916], "maximum_diameter": {"diameter": 13.50995445093597, "atom_1": 8, "atom_2": 18}, "pore_diameter": {"diameter": 0.5172501614399834, "atom": 9}, "pore_volume": 0.07246036660528682, "pore_diameter_opt": {"diameter": 1.33968918444369, "atom_1": 9, "centre_of_mass": [18.660507205140238, 0.413484770122158, 4.022889874099924]}, "pore_volume_opt": 1.2589566496113065, "windows": {"diameters": [1.6883302089591763, 1.836590879012857, 1.8368922895951143], "centre_of_mass": [[16.63701596421182, -1.797699904365122, 6.786143494378556], [18.98484966506913, 0.2507983262653602, 3.6041452939914684], [18.619952859629322, 0.26374428082611023, 3.7766294419947566]]}}