{"no_of_atoms": 143, "centre_of_mass": [7.692081928403191, 4.718089754044623, 4.852338915549834], "maximum_diameter": {"diameter": 19.248051324038133, "atom_1": 58, "atom_2": 91}, "pore_diameter": {"diameter": 4.508291642643194, "atom": 41}, "pore_volume": 47.97717045604014, "pore_diameter_opt": {"diameter": 4.852684225930325, "atom_1": 13, "centre_of_mass": [7.63093990816628, 5.1507552223086766, 4.852856675472003]}, "pore_volume_opt": 59.833542681972524, "windows": {"diameters": [4.072922941602197, 4.106057477796391], "centre_of_mass": [[3.8041479080644995, 6.73424965904821, 10.008655278436002], [11.597648491521591, 6.7552880603224255, -0.33021056494445844]]}}