{"no_of_atoms": 149, "centre_of_mass": [3.122731393855692, 0.6474225545608359, 15.616942804349463], "maximum_diameter": {"diameter": 18.652268423019336, "atom_1": 5, "atom_2": 136}, "pore_diameter": {"diameter": 3.8791736002247634, "atom": 59}, "pore_volume": 30.564427739652317, "pore_diameter_opt": {"diameter": 5.012306206892397, "atom_1": 79, "centre_of_mass": [2.639703548482511, 0.8428551867688406, 15.898604022696697]}, "pore_volume_opt": 65.93430096859964, "windows": {"diameters": [4.454699439508952, 3.079872059195633], "centre_of_mass": [[0.8481756253308368, -0.8551371533878923, 21.00278427227272], [3.5720767685522334, 4.155731114104979, 13.39620263759517]]}}