{"no_of_atoms": 149, "centre_of_mass": [4.560268606144307, 9.87428069231069, 5.8381797220281415], "maximum_diameter": {"diameter": 18.651705497610138, "atom_1": 122, "atom_2": 144}, "pore_diameter": {"diameter": 3.87930298806496, "atom": 80}, "pore_volume": 30.567486223963883, "pore_diameter_opt": {"diameter": 5.012077500077924, "atom_1": 73, "centre_of_mass": [5.043572200402671, 9.679917183037064, 5.5558853074866095]}, "pore_volume_opt": 65.92527582014019, "windows": {"diameters": [3.049211654379812, 4.598839294221975], "centre_of_mass": [[4.116244799940281, 6.196065675403516, 8.14693736730908], [5.627188481899028, 11.099670436186031, 3.324593658728582]]}}