{"no_of_atoms": 108, "centre_of_mass": [1.5625897531947387e-17, 11.584426928688014, 4.113262855890067], "maximum_diameter": {"diameter": 16.120587075155765, "atom_1": 73, "atom_2": 87}, "pore_diameter": {"diameter": 1.8446922129827725, "atom": 32}, "pore_volume": 3.2867779574130305, "pore_diameter_opt": {"diameter": 1.938398485579674, "atom_1": 32, "centre_of_mass": [-0.0015146874723893935, 11.517907094705064, 4.11337659121351]}, "pore_volume_opt": 3.8135356248867813, "windows": {"diameters": [1.385347720336107, 1.356508478796473], "centre_of_mass": [[-3.4187906622828277, 11.70839316970091, 5.046754605326594], [3.3407961319981343, 10.227825422982422, 4.546735619006885]]}}