{"no_of_atoms": 144, "centre_of_mass": [12.938, -3.976060549247431e-16, -6.114446054725042e-17], "maximum_diameter": {"diameter": 17.64453219467049, "atom_1": 77, "atom_2": 81}, "pore_diameter": {"diameter": 7.646064095414257, "atom": 5}, "pore_volume": 234.05203699251751, "pore_diameter_opt": {"diameter": 7.646064095414257, "atom_1": 5, "centre_of_mass": [12.938, -3.976060549247431e-16, -6.114446054725042e-17]}, "pore_volume_opt": 234.05203699251751, "windows": {"diameters": [6.346956495342799, 6.350568519340253], "centre_of_mass": [[13.960099953444855, -0.1831146012269907, 2.8205738193939793], [12.22249723086475, 0.6771128140709995, -3.187112802394015]]}}