{"no_of_atoms": 196, "centre_of_mass": [-0.3066045922569896, 13.565087815473076, 13.122975990113341], "maximum_diameter": {"diameter": 17.68041102680829, "atom_1": 18, "atom_2": 193}, "pore_diameter": {"diameter": 7.517483689414814, "atom": 82}, "pore_volume": 222.44164892942152, "pore_diameter_opt": {"diameter": 7.70631187081746, "atom_1": 82, "centre_of_mass": [-0.22535198093593142, 13.620308530290187, 13.106907790103508]}, "pore_volume_opt": 239.62844221709742, "windows": {"diameters": [6.653900942779125, 6.510433778224976], "centre_of_mass": [[1.0185191020054956, 13.949645786623192, 16.84770838475712], [-0.8357350095545755, 13.0334139638004, 10.215067509097723]]}}