{"no_of_atoms": 108, "centre_of_mass": [-2.2045271116728835, 1.639428887532834e-16, 7.56533034789936], "maximum_diameter": {"diameter": 14.74712568569281, "atom_1": 28, "atom_2": 84}, "pore_diameter": {"diameter": 5.3870029142755715, "atom": 23}, "pore_volume": 81.85406533246704, "pore_diameter_opt": {"diameter": 5.387028020490977, "atom_1": 23, "centre_of_mass": [-2.2045231501428755, -1.1910678177416217e-05, 7.565330197654921]}, "pore_volume_opt": 81.85520978444136, "windows": {"diameters": [3.8095483234197287, 3.808982521616014], "centre_of_mass": [[-4.111695749070164, -2.1409348899803695, 8.970110166483575], [-0.300896373159635, 2.1369562115702867, 6.162580462999138]]}}