{"no_of_atoms": 93, "centre_of_mass": [8.367995222438328, 8.417153499428855, 10.432859829891017], "maximum_diameter": {"diameter": 15.718395399751037, "atom_1": 18, "atom_2": 72}, "pore_diameter": {"diameter": 0.58187197137172, "atom": 89}, "pore_volume": 0.1031527797601168, "pore_diameter_opt": {"diameter": 1.0429344727728784, "atom_1": 43, "centre_of_mass": [8.227369647862371, 8.126217513742995, 10.527028132406516]}, "pore_volume_opt": 0.5939770846422794, "windows": {"diameters": [2.0092931535477994, 2.3748418966559606], "centre_of_mass": [[8.329138399701524, 7.610191587629325, 11.445654480416868], [7.923102617612398, 7.5274187910379915, 9.592865637056951]]}}