{"no_of_atoms": 60, "centre_of_mass": [-1.745712431665377e-16, 3.8172596389928914, 8.284858158747754], "maximum_diameter": {"diameter": 13.971528163985123, "atom_1": 10, "atom_2": 52}, "pore_diameter": {"diameter": 2.6846882089617705, "atom": 4}, "pore_volume": 10.131650231775655, "pore_diameter_opt": {"diameter": 2.7283547720480645, "atom_1": 4, "centre_of_mass": [0.0007347016498794923, 3.8150182873473955, 8.3804399151004]}, "pore_volume_opt": 10.63410997027514, "windows": {"diameters": [1.7255047247077306, 1.183891841062283, 1.457020944696478, 1.4628563598014481], "centre_of_mass": [[-2.342645418249337, 3.1320208395126925, 11.420060893548296], [1.958773336325542, 4.194500524781451, 9.82552154838024], [-0.3603493744927467, 5.380117748127796, 6.849775470023865], [0.3535359541821723, 2.3288256368660525, 6.909933204059463]]}}