{"no_of_atoms": 60, "centre_of_mass": [6.009829682782445e-17, 11.451745166809513, 2.8815871069810606], "maximum_diameter": {"diameter": 13.972488509026665, "atom_1": 29, "atom_2": 32}, "pore_diameter": {"diameter": 2.6842820453966154, "atom": 14}, "pore_volume": 10.127052508330594, "pore_diameter_opt": {"diameter": 2.6847869277442027, "atom_1": 14, "centre_of_mass": [-0.00010910951829822974, 11.451959610982733, 2.88167610330832]}, "pore_volume_opt": 10.1327679268769, "windows": {"diameters": [1.236198813155506, 1.1999816071763836, 1.4950764950718827, 1.5359144075651252], "centre_of_mass": [[-0.3552145494446601, 13.367475563835114, 4.273290156432582], [0.3715514767549607, 9.500567577839679, 4.38151644335906], [-1.8303438238073368, 11.067724894402359, 1.232500075200941], [1.9425817458895598, 11.843070931888349, 1.145213126087977]]}}