{"no_of_atoms": 60, "centre_of_mass": [7.634499999999997, 3.8172596389928923, 2.521790294309079], "maximum_diameter": {"diameter": 13.972488509026661, "atom_1": 10, "atom_2": 52}, "pore_diameter": {"diameter": 2.685329048214308, "atom": 50}, "pore_volume": 10.138907285792042, "pore_diameter_opt": {"diameter": 2.729264106303503, "atom_1": 24, "centre_of_mass": [7.6342916204287, 3.817501552214745, 2.425477244842232]}, "pore_volume_opt": 10.644746252440699, "windows": {"diameters": [1.552159375269453, 1.4671603274974605, 1.2318527143381108, 1.7565376752624045], "centre_of_mass": [[7.240435748461685, 5.796422872105126, 4.286126432182175], [7.9860862715449805, 2.355967238060636, 3.8742425547111656], [9.536035438824948, 4.1704060564068985, 1.1391286342479368], [5.281254954573601, 3.1230310745871295, -0.6446611253059404]]}}