{"no_of_atoms": 229, "centre_of_mass": [4.953953466949056, 3.6258245752970812, 0.08663361582758049], "maximum_diameter": {"diameter": 19.516433341376764, "atom_1": 16, "atom_2": 185}, "pore_diameter": {"diameter": 2.3264034824243764, "atom": 187}, "pore_volume": 6.59255467308555, "pore_diameter_opt": {"diameter": 3.1610228441675443, "atom_1": 202, "centre_of_mass": [5.091797284831876, 4.789026316509269, 0.17028765764030854]}, "pore_volume_opt": 16.53794432629502, "windows": {"diameters": [9.540421648748819e+41, 1.479651170606918], "centre_of_mass": [[-5.256243804228715e+40, -4.244188537714425e+41, 2.113171544389464e+41], [6.070761662236137, 6.180786363170806, -2.7274533898432196]]}}