{"no_of_atoms": 172, "centre_of_mass": [6.639201997379847, 14.09060695605084, 13.811750587750787], "maximum_diameter": {"diameter": 19.970149746418663, "atom_1": 56, "atom_2": 122}, "pore_diameter": {"diameter": 2.196460463932748, "atom": 131}, "pore_volume": 5.548413165278068, "pore_diameter_opt": {"diameter": 3.960875624516478, "atom_1": 26, "centre_of_mass": [5.559111945559091, 14.181408019319756, 13.696915465640867]}, "pore_volume_opt": 32.53660525310542, "windows": {"diameters": [2.180657736792542, 4.1399753971425506e+39, 1.4725037283675513, 2.1997815423171327], "centre_of_mass": [[5.985520198637112, 14.583490058452993, 17.85894593435423], [6.399373736512386e+38, -1.2732767337055148e+39, -1.5013645757926273e+39], [2.5200635559291964, 14.141760886350777, 13.845134869859757], [4.970731873146214, 14.835655223867994, 10.422389089689261]]}}