{"no_of_atoms": 150, "centre_of_mass": [-3.4920384676358885e-06, 9.836022805542418, 21.349134355457462], "maximum_diameter": {"diameter": 19.192476509902963, "atom_1": 80, "atom_2": 108}, "pore_diameter": {"diameter": 4.722032910214271, "atom": 53}, "pore_volume": 55.129702772165494, "pore_diameter_opt": {"diameter": 4.7222481219443235, "atom_1": 53, "centre_of_mass": [0.00011783990262929133, 9.83597814255929, 21.349148160935457]}, "pore_volume_opt": 55.13724090225782, "windows": {"diameters": [2.9982008751099625, 3.0069485264092743, 3.00712603456788], "centre_of_mass": [[-1.1891134722629968, 12.116288195814366, 22.680707519654852], [2.3706948215816213, 9.978400136705595, 20.00306304389729], [-1.129145976894853, 7.663532236631768, 20.042188024364087]]}}