{"no_of_atoms": 150, "centre_of_mass": [8.518329819398462, 14.75402368840542, 38.42849999999999], "maximum_diameter": {"diameter": 19.192994709926882, "atom_1": 80, "atom_2": 113}, "pore_diameter": {"diameter": 4.722085788015876, "atom": 70}, "pore_volume": 55.131554836849496, "pore_diameter_opt": {"diameter": 4.722259196737207, "atom_1": 48, "centre_of_mass": [8.518097647632352, 14.75399915522549, 38.4284853179486]}, "pore_volume_opt": 55.13762883292525, "windows": {"diameters": [2.998867790546932, 3.0067959721754076, 3.007126607487242], "centre_of_mass": [[7.3289732412714645, 17.034132493129345, 39.76035670108289], [10.888707712592765, 14.896463084041734, 37.082099590128415], [7.388846634416538, 12.581531198436638, 37.12119799673106]]}}