{"no_of_atoms": 92, "centre_of_mass": [4.084431379405079, 7.737443783561027, 10.128312511551238], "maximum_diameter": {"diameter": 18.01564441379005, "atom_1": 36, "atom_2": 84}, "pore_diameter": {"diameter": 1.9000952659873445, "atom": 88}, "pore_volume": 3.591904241816846, "pore_diameter_opt": {"diameter": 2.458295604644326, "atom_1": 76, "centre_of_mass": [3.134383746411407, 7.788761922173265, 10.1546357784924]}, "pore_volume_opt": 7.778590990363106, "windows": {"diameters": [1.6692096746805527, 2.655268516638388], "centre_of_mass": [[5.018306434257653, 7.779858641320327, 9.111241198418302], [2.95682187376728, 8.414285939000305, 10.57792627587512]]}}