{"no_of_atoms": 92, "centre_of_mass": [7.738221208072128, 11.386931823971636, 40.5898099690302], "maximum_diameter": {"diameter": 18.101276990241708, "atom_1": 63, "atom_2": 69}, "pore_diameter": {"diameter": 1.8805419446193445, "atom": 23}, "pore_volume": 3.4821517712236956, "pore_diameter_opt": {"diameter": 2.482672438257936, "atom_1": 9, "centre_of_mass": [7.691305490559519, 12.327202796281309, 40.61362273770668]}, "pore_volume_opt": 8.012294262080045, "windows": {"diameters": [1.6661737643651353, 2.8009373248819376], "centre_of_mass": [[7.768435522997428, 10.967531432491077, 41.23179390454167], [6.965273157512684, 12.649179991659434, 41.10639604452357]]}}