{"no_of_atoms": 147, "centre_of_mass": [3.097492444406851, 17.52171881616265, 19.229375066850984], "maximum_diameter": {"diameter": 17.53580626343013, "atom_1": 2, "atom_2": 129}, "pore_diameter": {"diameter": 5.630759347209727, "atom": 26}, "pore_volume": 93.47587123217515, "pore_diameter_opt": {"diameter": 6.358591240932526, "atom_1": 111, "centre_of_mass": [3.0864749929122786, 17.127913424451023, 20.056194781055705]}, "pore_volume_opt": 134.6112461472233, "windows": {"diameters": [6.271830763078034, 5.361131145406681], "centre_of_mass": [[3.18456781540343, 16.75145762231439, 20.8143555580811], [2.755095315340471, 19.394528508691547, 16.341917624275464]]}}