{"no_of_atoms": 48, "centre_of_mass": [8.07162718935783, -3.5385023270935823, 13.766461731882945], "maximum_diameter": {"diameter": 17.11282173733765, "atom_1": 43, "atom_2": 47}, "pore_diameter": {"diameter": 3.313952141725735, "atom": 16}, "pore_volume": 19.056244623141918, "pore_diameter_opt": {"diameter": 3.3807388987219853, "atom_1": 12, "centre_of_mass": [8.054608519657842, -3.5603292148378034, 13.747778259304274]}, "pore_volume_opt": 20.23175299573768, "windows": {"diameters": [3.9664021914263503, 3.479960101174212, 3.4613859731647834], "centre_of_mass": [[6.739042107389219, -3.3824159166465315, 13.94582251549237], [9.564645415041849, -3.4592113309333588, 12.89258281589538], [4.2740003754562, -2.79712223675177, 11.03001911171371]]}}