{"no_of_atoms": 97, "centre_of_mass": [3.693528045337572, 7.586363419185226, 4.6587103806108345], "maximum_diameter": {"diameter": 15.02604954840203, "atom_1": 31, "atom_2": 87}, "pore_diameter": {"diameter": 4.559841184454248, "atom": 37}, "pore_volume": 49.6418288275111, "pore_diameter_opt": {"diameter": 4.904539694655826, "atom_1": 26, "centre_of_mass": [3.5741364298731524, 7.467232266555163, 4.695231996054941]}, "pore_volume_opt": 61.77224478939746, "windows": {"diameters": [3.990403465016587, 4.710341318237194], "centre_of_mass": [[3.5574943990497316, 9.672020678617393, 8.073706417403212], [2.821994222825737, 4.645412062515126, 2.300017943030147]]}}