{"no_of_atoms": 97, "centre_of_mass": [3.968267806580051, 1.5840425726434662, 13.029557679848505], "maximum_diameter": {"diameter": 15.02604954840203, "atom_1": 46, "atom_2": 56}, "pore_diameter": {"diameter": 4.559895370100902, "atom": 72}, "pore_volume": 49.64359856451629, "pore_diameter_opt": {"diameter": 4.904754626062909, "atom_1": 72, "centre_of_mass": [4.088008301041496, 1.4649818208068344, 12.993785262587888]}, "pore_volume_opt": 61.780366271629056, "windows": {"diameters": [4.5627203153922515, 3.953770223547091], "centre_of_mass": [[4.72427893932345, -1.0044536978089664, 15.099860208832284], [4.082884746924701, 3.256362045246645, 10.062559221918459]]}}