{"no_of_atoms": 97, "centre_of_mass": [21.929954126925768, 17.986901232632512, 20.096982525335907], "maximum_diameter": {"diameter": 14.69213585874402, "atom_1": 42, "atom_2": 68}, "pore_diameter": {"diameter": 4.5555150606341375, "atom": 29}, "pore_volume": 49.50067061297826, "pore_diameter_opt": {"diameter": 4.897130560447909, "atom_1": 29, "centre_of_mass": [22.117902831703585, 18.037402581685928, 20.03630593047489]}, "pore_volume_opt": 61.49271531619518, "windows": {"diameters": [3.9384682576839922, 2.8588799698186436], "centre_of_mass": [[24.448885596270287, 18.185663403817873, 21.73389696900449], [18.940455104453036, 18.89889940433267, 18.35580004386284]]}}