{"no_of_atoms": 103, "centre_of_mass": [9.650089028328498, 18.192936773903448, 2.7725364441537557], "maximum_diameter": {"diameter": 17.667480366913978, "atom_1": 35, "atom_2": 92}, "pore_diameter": {"diameter": 3.88304257078809, "atom": 30}, "pore_volume": 30.655971092278843, "pore_diameter_opt": {"diameter": 3.910478214552828, "atom_1": 30, "centre_of_mass": [9.668944516861476, 18.19464528951024, 2.791118341007984]}, "pore_volume_opt": 31.31037250904041, "windows": {"diameters": [3.562707680082463, 3.9336829104208975], "centre_of_mass": [[8.93415405747217, 17.463282257522366, 3.5051814166057884], [9.897816140932033, 18.413634917234646, 2.590081601074715]]}}