{"no_of_atoms": 174, "centre_of_mass": [8.796916687941694, 15.236884480388206, 16.89343097530395], "maximum_diameter": {"diameter": 19.656517988432363, "atom_1": 66, "atom_2": 98}, "pore_diameter": {"diameter": 5.428909215972839, "atom": 142}, "pore_volume": 83.77922916832756, "pore_diameter_opt": {"diameter": 5.529719963681282, "atom_1": 29, "centre_of_mass": [8.796816764768314, 15.23699823310582, 16.80077160379281]}, "pore_volume_opt": 88.53358228997658, "windows": {"diameters": [4.052313334655468, 3.750146780779494, 3.757832134572712, 3.7670278218494393], "centre_of_mass": [[8.797144173440778, 15.2366351099955, 19.43645483227593], [8.714251236504172, 12.522073970875214, 15.830722872232489], [6.413089959716081, 16.709898813146307, 15.79731525904192], [11.32545635571474, 16.59904143657819, 15.769606653230795]]}}