{"no_of_atoms": 272, "centre_of_mass": [-0.1939193867008491, 0.2870643073119617, 8.99543301219451], "maximum_diameter": {"diameter": 22.374127215604048, "atom_1": 127, "atom_2": 230}, "pore_diameter": {"diameter": 4.771987150670746, "atom": 5}, "pore_volume": 56.897923770139755, "pore_diameter_opt": {"diameter": 5.366186083812396, "atom_1": 77, "centre_of_mass": [-0.000684984203886633, -0.0005653666781080762, 9.004764559085071]}, "pore_volume_opt": 80.90880900859635, "windows": {"diameters": [3.454324418484236, 3.6610805124032706, 3.6690343679290103, 3.662065414644531], "centre_of_mass": [[0.0006678421234366239, -0.0006595227395315146, 11.981855396023445], [-2.2323216054504225, 1.3257099672828039, 8.128282815214234], [2.330050714823156, 1.3069835648223664, 8.102778243441255], [-0.032770840034227665, -2.611553508241241, 8.122810010204265]]}}