{"no_of_atoms": 142, "centre_of_mass": [11.45411148383943, 13.999841084364288, 9.944544416771317], "maximum_diameter": {"diameter": 21.62922348064313, "atom_1": 3, "atom_2": 135}, "pore_diameter": {"diameter": 3.984646736740219, "atom": 54}, "pore_volume": 33.125931240163254, "pore_diameter_opt": {"diameter": 4.569434010709038, "atom_1": 54, "centre_of_mass": [11.185762523090274, 13.562804922655374, 10.087546844622661]}, "pore_volume_opt": 49.95579237073835, "windows": {"diameters": [4.579039237253788, 4.562064591632701], "centre_of_mass": [[11.200701036989033, 13.565911998077679, 10.09112412191941], [11.403808623097502, 13.371291987290826, 9.647029971330936]]}}