{"no_of_atoms": 142, "centre_of_mass": [11.535269294174917, 24.580158915635725, 1.7603979885207586], "maximum_diameter": {"diameter": 21.62922348064313, "atom_1": 13, "atom_2": 140}, "pore_diameter": {"diameter": 3.9837411669343905, "atom": 27}, "pore_volume": 33.10335130158938, "pore_diameter_opt": {"diameter": 4.575080998171229, "atom_1": 115, "centre_of_mass": [11.282936216687594, 25.016534642079925, 1.9067082200588321]}, "pore_volume_opt": 50.14123010765066, "windows": {"diameters": [4.611727901540663, 4.5545029812795175], "centre_of_mass": [[11.218686953674622, 24.954144306907978, 2.0443550668207773], [11.449433806094454, 25.175380720450818, 1.5397983065131098]]}}