{"no_of_atoms": 130, "centre_of_mass": [3.664406496768204, 5.540170243759119, 0.936609307769585], "maximum_diameter": {"diameter": 23.64112896224087, "atom_1": 62, "atom_2": 126}, "pore_diameter": {"diameter": 4.677525006007098, "atom": 10}, "pore_volume": 53.58546158161905, "pore_diameter_opt": {"diameter": 4.696483586516633, "atom_1": 35, "centre_of_mass": [3.6573415864070187, 5.539202249820268, 0.9294516986435993]}, "pore_volume_opt": 54.23967129732458, "windows": {"diameters": [4.703510526663152, 4.690386805412581], "centre_of_mass": [[3.623612417271813, 5.489896611000956, 0.9612354950066304], [3.7879158383761706, 5.730269634511072, 0.8062556890562904]]}}