{"no_of_atoms": 125, "centre_of_mass": [0.7673359418341232, 0.5721965934320463, 10.149874753546383], "maximum_diameter": {"diameter": 21.688453295943273, "atom_1": 81, "atom_2": 86}, "pore_diameter": {"diameter": 4.462515682699177, "atom": 18}, "pore_volume": 46.530518116974136, "pore_diameter_opt": {"diameter": 4.617063094655673, "atom_1": 61, "centre_of_mass": [0.7288677002691597, 0.5236016186379999, 10.199409389381836]}, "pore_volume_opt": 51.534260766864115, "windows": {"diameters": [4.796035443788121, 4.586020419772073], "centre_of_mass": [[0.9483476767561941, 0.6998379363892832, 10.6791469018448], [0.5313319321245302, 0.3648892145859195, 9.767477722743214]]}}