{"no_of_atoms": 82, "centre_of_mass": [6.216730721857318, 3.380970187596934, 5.848752994437193], "maximum_diameter": {"diameter": 19.330312125792084, "atom_1": 39, "atom_2": 59}, "pore_diameter": {"diameter": 3.4259488785284575, "atom": 65}, "pore_volume": 21.05432181922397, "pore_diameter_opt": {"diameter": 5.032540976756607, "atom_1": 23, "centre_of_mass": [7.9297051611215466, 1.7071107577515225, 5.636164542951204]}, "pore_volume_opt": 66.73606286129754, "windows": {"diameters": [5.103740779969614, 2.6128214872325386], "centre_of_mass": [[7.921757951867672, 1.8712524208232972, 5.755839268138444], [4.746667630942101, 4.667016504931493, 6.096349032320959]]}}