{"no_of_atoms": 82, "centre_of_mass": [26.85526964639875, 13.295486575620695, 5.848752994437195], "maximum_diameter": {"diameter": 19.33133039261072, "atom_1": 46, "atom_2": 49}, "pore_diameter": {"diameter": 3.427228932769484, "atom": 13}, "pore_volume": 21.07793052956416, "pore_diameter_opt": {"diameter": 5.113578316161796, "atom_1": 23, "centre_of_mass": [28.56888411278349, 11.777211756077175, 5.7551745958654035]}, "pore_volume_opt": 70.01214078303894, "windows": {"diameters": [5.596810766813315, 2.6121216113913523], "centre_of_mass": [[28.978261500384537, 11.404912182162407, 5.730136630069176], [25.384911734774295, 14.581276884643753, 6.0968627167973874]]}}