{"no_of_atoms": 86, "centre_of_mass": [22.15334944339864, 2.983143682167842, 13.705220317692714], "maximum_diameter": {"diameter": 18.84469573679639, "atom_1": 2, "atom_2": 84}, "pore_diameter": {"diameter": 3.468271436582762, "atom": 16}, "pore_volume": 21.844286303107694, "pore_diameter_opt": {"diameter": 4.669047588049752, "atom_1": 15, "centre_of_mass": [22.103419988191554, 1.2490079638764608, 13.838269706511273]}, "pore_volume_opt": 53.294638838063314, "windows": {"diameters": [4.828767845765849, 2.559978382073749], "centre_of_mass": [[22.2397480878777, 1.013937968801537, 13.475466524907539], [22.173882213616274, 5.088940594447956, 13.710061954765807]]}}