{"no_of_atoms": 82, "centre_of_mass": [27.91825671596019, 3.380970187596935, 6.828384136332673], "maximum_diameter": {"diameter": 19.33031212579209, "atom_1": 5, "atom_2": 81}, "pore_diameter": {"diameter": 3.426071562689106, "atom": 55}, "pore_volume": 21.056583783186806, "pore_diameter_opt": {"diameter": 5.03256026795796, "atom_1": 32, "centre_of_mass": [26.20522093461564, 1.7069029186582436, 7.040946832564429]}, "pore_volume_opt": 66.73683032077804, "windows": {"diameters": [5.817339205543522, 2.613366825868741], "centre_of_mass": [[25.566221917869445, 1.4176764946926055, 6.940277192340379], [29.395130637588828, 4.673062725495772, 6.580167230531188]]}}