{"no_of_atoms": 86, "centre_of_mass": [24.35381921030004, 8.083182109739942, 4.568441829928652], "maximum_diameter": {"diameter": 18.845507162999866, "atom_1": 51, "atom_2": 80}, "pore_diameter": {"diameter": 3.466777946951899, "atom": 59}, "pore_volume": 21.81607902242822, "pore_diameter_opt": {"diameter": 4.667479720362703, "atom_1": 5, "centre_of_mass": [24.396494014272122, 9.816571083215893, 4.4535870886324105]}, "pore_volume_opt": 53.240967794082984, "windows": {"diameters": [4.900551073596043, 2.5719229232385277], "centre_of_mass": [[24.441440649261683, 10.152420745806369, 4.334068187163501], [24.383565168289767, 5.798229282858099, 4.575666200872575]]}}