{"no_of_atoms": 82, "centre_of_mass": [-3.57099746619711, 18.655541228341395, 6.338596855118258], "maximum_diameter": {"diameter": 19.599342467498595, "atom_1": 53, "atom_2": 73}, "pore_diameter": {"diameter": 3.849015492209715, "atom": 31}, "pore_volume": 29.857098417221096, "pore_diameter_opt": {"diameter": 4.58482325582527, "atom_1": 18, "centre_of_mass": [-3.5403881214900372, 16.731033482236537, 6.345456294141374]}, "pore_volume_opt": 50.46222751812749, "windows": {"diameters": [5.3003891050202405, 3.0557681915792902], "centre_of_mass": [[-4.03069701130549, 15.885289705483503, 6.242017288038325], [-3.559325413929217, 20.956282781182697, 6.339077017857974]]}}