{"no_of_atoms": 128, "centre_of_mass": [1.1795949641173067, 4.579171503826527, 5.475870613719293], "maximum_diameter": {"diameter": 17.512037589779816, "atom_1": 26, "atom_2": 107}, "pore_diameter": {"diameter": 5.808650156239329, "atom": 59}, "pore_volume": 102.61817434321051, "pore_diameter_opt": {"diameter": 6.415034058328189, "atom_1": 51, "centre_of_mass": [1.6262413039347696, 4.590029784087113, 5.876369191859753]}, "pore_volume_opt": 138.2278400095769, "windows": {"diameters": [6.75443660710685, 5.925991454834461], "centre_of_mass": [[3.5140486928505545, 4.788276790734789, 6.400982133878011], [-0.03377156752440169, 4.527174338456837, 5.249336813446812]]}}