{"no_of_atoms": 123, "centre_of_mass": [8.47917467832399, 4.66384321571828, 7.7586563736130145], "maximum_diameter": {"diameter": 17.636323030133312, "atom_1": 19, "atom_2": 115}, "pore_diameter": {"diameter": 6.102153071005551, "atom": 71}, "pore_volume": 118.97286366862116, "pore_diameter_opt": {"diameter": 6.647716816677509, "atom_1": 38, "centre_of_mass": [7.859138279401707, 4.616147295261596, 7.722731311867555]}, "pore_volume_opt": 153.8211857448202, "windows": {"diameters": [6.073429652697643, 6.6972939560130325], "centre_of_mass": [[9.516298090690269, 4.692816606882157, 8.27703516098365], [6.487415997062455, 4.684336018936022, 7.234565362767239]]}}