{"no_of_atoms": 144, "centre_of_mass": [1.9700135721379575, 5.180447295202841, 16.053990204797156], "maximum_diameter": {"diameter": 17.647988912589767, "atom_1": 56, "atom_2": 97}, "pore_diameter": {"diameter": 7.765005816643031, "atom": 40}, "pore_volume": 245.14552987255541, "pore_diameter_opt": {"diameter": 7.765009665290757, "atom_1": 102, "centre_of_mass": [1.9700116849332925, 5.180446909655191, 16.05399004670749]}, "pore_volume_opt": 245.14589438455033, "windows": {"diameters": [6.48275180126427, 6.536142119893438], "centre_of_mass": [[2.3816298645778406, 6.843465027472703, 18.46675158140884], [1.464156549953092, 3.23577516642178, 13.190822436135157]]}}