{"no_of_atoms": 148, "centre_of_mass": [15.291419731357458, 21.000579427250187, 6.577574813254236], "maximum_diameter": {"diameter": 21.097451149666014, "atom_1": 51, "atom_2": 125}, "pore_diameter": {"diameter": 3.6776988555995147, "atom": 92}, "pore_volume": 26.04516518484651, "pore_diameter_opt": {"diameter": 3.844979506622871, "atom_1": 115, "centre_of_mass": [15.206037023715515, 21.016195508813038, 6.346626597849111]}, "pore_volume_opt": 29.763274549602343, "windows": {"diameters": [3.7465207785379904, 4.145191925749529], "centre_of_mass": [[16.290563103279908, 20.84073935141254, 7.370161420299808], [14.564326203838565, 21.144511310437746, 5.991179248989819]]}}