{"no_of_atoms": 164, "centre_of_mass": [17.603320707320787, 9.905317112637881, 3.268867617807067], "maximum_diameter": {"diameter": 19.52543882408283, "atom_1": 78, "atom_2": 162}, "pore_diameter": {"diameter": 1.030435101336359, "atom": 23}, "pore_volume": 0.5728759036257565, "pore_diameter_opt": {"diameter": 2.69119997590955, "atom_1": 23, "centre_of_mass": [18.118538257988966, 10.42053466330606, 3.6763198104898915]}, "pore_volume_opt": 10.20555277792225, "windows": {"diameters": [3.442534109648854, 3.7031456191869627], "centre_of_mass": [[14.181596264438783, 10.252309912244048, 5.437783302056812], [17.935666356649765, 11.946173094053826, 3.8174638886578154]]}}