{"no_of_atoms": 123, "centre_of_mass": [10.173992126359952, 19.267879941843454, 20.670180288892197], "maximum_diameter": {"diameter": 17.306604880039465, "atom_1": 59, "atom_2": 85}, "pore_diameter": {"diameter": 5.984917430916514, "atom": 32}, "pore_volume": 112.2465785297589, "pore_diameter_opt": {"diameter": 6.293563273068342, "atom_1": 109, "centre_of_mass": [10.120589679794644, 19.413865016770593, 20.730633826815836]}, "pore_volume_opt": 130.52341577189944, "windows": {"diameters": [6.512709060568376, 5.973994234391213], "centre_of_mass": [[10.078205815969907, 19.21973839415537, 21.562940222006027], [10.361160970051792, 19.37573370358298, 19.437646373459362]]}}