{"no_of_atoms": 123, "centre_of_mass": [0.6465010609518406, 16.276120058156547, 11.68681971110781], "maximum_diameter": {"diameter": 17.306604880039473, "atom_1": 50, "atom_2": 76}, "pore_diameter": {"diameter": 5.984878759476514, "atom": 103}, "pore_volume": 112.24440270586688, "pore_diameter_opt": {"diameter": 6.351272621036037, "atom_1": 37, "centre_of_mass": [0.5753851496337631, 16.127870624921545, 11.526279455391661]}, "pore_volume_opt": 134.14697582468844, "windows": {"diameters": [5.975377078632494, 6.603807777018028], "centre_of_mass": [[0.8378453912392791, 16.169087298979647, 12.940912983689826], [0.29585647103814666, 16.30594772127729, 9.47743340382357]]}}