{"no_of_atoms": 123, "centre_of_mass": [18.40849893904816, 16.27612005815655, 4.49162987499944], "maximum_diameter": {"diameter": 17.306938932988732, "atom_1": 53, "atom_2": 68}, "pore_diameter": {"diameter": 5.984602928961458, "atom": 96}, "pore_volume": 112.22888409348961, "pore_diameter_opt": {"diameter": 6.35106241897298, "atom_1": 96, "centre_of_mass": [18.479999328864523, 16.127718229211, 4.651842961005761]}, "pore_volume_opt": 134.13365705873915, "windows": {"diameters": [6.472134961657623, 5.9708247374796635], "centre_of_mass": [[18.4735068131162, 16.281775336014977, 5.245716113869494], [18.228943027223725, 16.167220495386086, 3.3017776413923823]]}}