{"no_of_atoms": 108, "centre_of_mass": [6.4469608910813, 12.61169955560999, 12.323739017145531], "maximum_diameter": {"diameter": 15.948893717123866, "atom_1": 26, "atom_2": 107}, "pore_diameter": {"diameter": 3.5636568264989825, "atom": 69}, "pore_volume": 23.696611540753167, "pore_diameter_opt": {"diameter": 4.874158771784142, "atom_1": 40, "centre_of_mass": [6.487918805599832, 11.904620006741899, 13.472750177265294]}, "pore_volume_opt": 60.63140580255733, "windows": {"diameters": [5.1545028872747505, 3.9234134814371235], "centre_of_mass": [[6.525272767986329, 12.106562685345242, 13.796708279145411], [6.181124567019147, 12.00471276546043, 11.540101036564124]]}}