{"no_of_atoms": 121, "centre_of_mass": [18.765290368135823, 7.599023116829958, 11.923792111375109], "maximum_diameter": {"diameter": 17.59088643347889, "atom_1": 0, "atom_2": 119}, "pore_diameter": {"diameter": 5.898599564143092, "atom": 59}, "pore_volume": 107.45963608757269, "pore_diameter_opt": {"diameter": 6.2846053799746535, "atom_1": 59, "centre_of_mass": [18.717425527689368, 7.767529601897533, 11.806644631967009]}, "pore_volume_opt": 129.96687028992682, "windows": {"diameters": [6.008990279592442, 6.315040940683396], "centre_of_mass": [[18.42859984451874, 7.743793242942354, 12.97007678410455], [18.653859129876565, 7.777817935172522, 11.795298263596413]]}}