{"no_of_atoms": 121, "centre_of_mass": [9.118764094966052, 4.432364249802008, 20.949207888624894], "maximum_diameter": {"diameter": 17.59016254204743, "atom_1": 28, "atom_2": 113}, "pore_diameter": {"diameter": 5.897867729592184, "atom": 32}, "pore_volume": 107.41964375535991, "pore_diameter_opt": {"diameter": 6.407601158990486, "atom_1": 106, "centre_of_mass": [9.03812226852482, 4.2493599924722565, 21.24031789809141]}, "pore_volume_opt": 137.74791568694408, "windows": {"diameters": [6.564860667293665, 6.00994278146575], "centre_of_mass": [[8.982592302152819, 4.407460366330519, 21.86597273343514], [8.77325216755321, 4.289192044898856, 19.857047703074443]]}}