{"no_of_atoms": 121, "centre_of_mass": [0.5277096318641719, 7.5990231168299625, 4.512774299011365], "maximum_diameter": {"diameter": 17.590380235581474, "atom_1": 26, "atom_2": 118}, "pore_diameter": {"diameter": 5.898863881247825, "atom": 39}, "pore_volume": 107.47408258068916, "pore_diameter_opt": {"diameter": 6.40692631028176, "atom_1": 39, "centre_of_mass": [0.6069811437066999, 7.780368203429567, 4.806617014670297]}, "pore_volume_opt": 137.70439742919484, "windows": {"diameters": [6.4775386309571275, 6.026928560417501], "centre_of_mass": [[0.6416403887875536, 7.688137115681749, 5.173312599884152], [0.9046181691962027, 7.737724387529553, 3.2567777850801525]]}}