{"no_of_atoms": 144, "centre_of_mass": [11.640435983206933, 9.112721198981335e-05, 9.629832075358129], "maximum_diameter": {"diameter": 17.74212401955466, "atom_1": 14, "atom_2": 140}, "pore_diameter": {"diameter": 7.689761337412836, "atom": 72}, "pore_volume": 238.08783480449688, "pore_diameter_opt": {"diameter": 7.690089915725574, "atom_1": 72, "centre_of_mass": [11.64050861677828, 0.00020155719245849618, 9.629734502254102]}, "pore_volume_opt": 238.11835610615813, "windows": {"diameters": [6.505451945736291, 6.406470337907115], "centre_of_mass": [[13.44960855204502, -3.3734392779518982, 9.353742258630763], [10.035754499579646, 3.0431800120927064, 9.913085584218553]]}}