{"no_of_atoms": 151, "centre_of_mass": [10.235200391677715, 7.777880759265518, 20.77837629569933], "maximum_diameter": {"diameter": 17.692191684234754, "atom_1": 58, "atom_2": 106}, "pore_diameter": {"diameter": 6.2901742391152755, "atom": 125}, "pore_volume": 130.3126718211768, "pore_diameter_opt": {"diameter": 6.584061419135876, "atom_1": 125, "centre_of_mass": [10.154097495665845, 7.786756010104927, 21.290020488548354]}, "pore_volume_opt": 149.4446054781521, "windows": {"diameters": [6.723222869323331, 6.982802512943421], "centre_of_mass": [[10.11657420242664, 7.647792112574136, 21.7695051282079], [10.52109702975506, 7.522838991797844, 17.281977252447547]]}}