{"no_of_atoms": 108, "centre_of_mass": [11.855399499418155, 19.048256598852372, 6.313505142249508], "maximum_diameter": {"diameter": 14.655631006085422, "atom_1": 42, "atom_2": 76}, "pore_diameter": {"diameter": 5.16474398284482, "atom": 105}, "pore_volume": 72.1348307831568, "pore_diameter_opt": {"diameter": 5.170247248435997, "atom_1": 1, "centre_of_mass": [11.854136344951048, 19.0458133318188, 6.3134252106035795]}, "pore_volume_opt": 72.36566523339204, "windows": {"diameters": [3.7522872140622505, 3.76780013579715], "centre_of_mass": [[12.221587760302075, 17.19416638376842, 8.909161971007585], [11.465837046085964, 20.926956777476814, 3.6752899430259505]]}}