{"no_of_atoms": 92, "centre_of_mass": [4.425253074429587, 1.7699947405588794, 5.267563132953451], "maximum_diameter": {"diameter": 15.062710295611154, "atom_1": 51, "atom_2": 80}, "pore_diameter": {"diameter": 0.608765646223842, "atom": 0}, "pore_volume": 0.11812696109090336, "pore_diameter_opt": {"diameter": 1.3554598308359016, "atom_1": 27, "centre_of_mass": [4.177942662746688, 1.4656119174469584, 5.564625647736609]}, "pore_volume_opt": 1.303942910898809, "windows": {"diameters": [1.9473453149226922, 1.3765682098906864, 1.8410036860257235], "centre_of_mass": [[4.78025419065418, 1.1728655534938852, 5.6665310114971215], [2.86360962324349, 1.6533207716498426, 5.374257721657978], [6.738953125939712, 3.2077386934676166, 3.537663235537312]]}}