{"no_of_atoms": 95, "centre_of_mass": [4.062895910858276, 9.88880757809034, 14.009596296199641], "maximum_diameter": {"diameter": 15.000506113254657, "atom_1": 2, "atom_2": 92}, "pore_diameter": {"diameter": 3.176113559731339, "atom": 30}, "pore_volume": 16.775933198226706, "pore_diameter_opt": {"diameter": 3.545993575377272, "atom_1": 30, "centre_of_mass": [3.683064838922996, 9.847239914856175, 14.101686992247776]}, "pore_volume_opt": 23.34599862162837, "windows": {"diameters": [3.453177085203647, 3.242793114698477, 1.58013520896661, 1.0709021588348304], "centre_of_mass": [[3.639213683028763, 8.714752094995768, 14.175386724623479], [2.9706734560263923, 11.109335843807857, 14.380579902858981], [5.711787919182404, 11.0219427594822, 15.988832141952049], [5.647348136429487, 9.495999619570371, 11.430428196200765]]}}