{"no_of_atoms": 411, "centre_of_mass": [28.894489480593034, 0.15283333769800692, 44.61010984179155], "maximum_diameter": {"diameter": 30.58133745090185, "atom_1": 244, "atom_2": 288}, "pore_diameter": {"diameter": 9.606986668095908, "atom": 57}, "pore_volume": 464.2588447357329, "pore_diameter_opt": {"diameter": 10.195517542495416, "atom_1": 57, "centre_of_mass": [29.148205452289517, -0.00033160212813836566, 44.57765781118004]}, "pore_volume_opt": 554.9149828006966, "windows": {"diameters": [9.122858148037295, 9.067592409322302, 8.732623720523055, 8.731080365807248], "centre_of_mass": [[29.149187791570725, -0.0002571178295879687, 49.27804550582597], [25.159614424831997, -2.433251839824422, 43.13308189953365], [29.00992319739448, 3.026345291836317, 43.324147148579385], [31.91176195347534, -1.430675596172448, 43.32590583345992]]}}