{"no_of_atoms": 298, "centre_of_mass": [2.687520225073968e-06, 16.82916199396602, 25.186298798345394], "maximum_diameter": {"diameter": 30.580765975585937, "atom_1": 186, "atom_2": 200}, "pore_diameter": {"diameter": 10.110749020424523, "atom": 249}, "pore_volume": 541.1885658866593, "pore_diameter_opt": {"diameter": 10.194527392559355, "atom_1": 36, "centre_of_mass": [-0.0010966695435533835, 16.82811741413687, 25.071522059420467]}, "pore_volume_opt": 554.7533247954681, "windows": {"diameters": [9.12322775961411, 8.733615490704786, 9.067581608374002, 8.73176980969961], "centre_of_mass": [[-0.00011837031860039478, 16.82955506842559, 29.772060497911767], [-0.13863241403471815, 19.85542862422335, 23.818377139792943], [-3.9894052015328363, 14.3957658840672, 23.62710155220831], [2.7622634793182304, 15.398575344678116, 23.820523163052446]]}}