{"no_of_atoms": 108, "centre_of_mass": [10.507547956105705, 6.066516417485081, 6.640601591937409], "maximum_diameter": {"diameter": 17.333753165470263, "atom_1": 57, "atom_2": 68}, "pore_diameter": {"diameter": 5.269295073036471, "atom": 81}, "pore_volume": 76.60483468475284, "pore_diameter_opt": {"diameter": 5.370700498171763, "atom_1": 35, "centre_of_mass": [10.508172484999703, 6.0668997125224795, 6.568384448778963]}, "pore_volume_opt": 81.11317943966523, "windows": {"diameters": [3.571158701776208, 3.569348682565209, 3.5653003860682744, 3.7394144426649496], "centre_of_mass": [[11.747100405541804, 3.6913388496397532, 7.57418670831052], [11.93344289973491, 8.309173246826928, 7.565909570866473], [7.906051374920015, 6.177799569506417, 7.546022293035745], [10.507480760111452, 6.0664606395379295, 3.8309411461951055]]}}