{"no_of_atoms": 132, "centre_of_mass": [3.443073901141026e-05, 9.357303118263465, 15.650425023096707], "maximum_diameter": {"diameter": 16.04356595540989, "atom_1": 57, "atom_2": 71}, "pore_diameter": {"diameter": 5.2999094418651485, "atom": 7}, "pore_volume": 77.9478192258697, "pore_diameter_opt": {"diameter": 5.300101189538012, "atom_1": 117, "centre_of_mass": [-8.169952768356282e-06, 9.357313661345957, 15.65051026477477]}, "pore_volume_opt": 77.95627985365634, "windows": {"diameters": [2.0056798788793375, 3.2972307560749203, 2.0066851988478427, 3.3371090984773777, 2.3071966023354284, 2.3222151026363753], "centre_of_mass": [[-3.575833368193031, 6.5878757645752675, 17.229487429198187], [-0.6480675854430369, 15.221654108790446, 18.470467882882353], [4.250150965383453, 7.613887043482583, 17.28768049126477], [5.427618785802489, 11.736181330750831, 12.802673161962888], [-0.2691250155191123, 5.944553434593465, 14.690160858043983], [-2.8058496628364105, 11.271660513586184, 14.701051005253154]]}}