{"no_of_atoms": 144, "centre_of_mass": [17.885725707987238, 10.914909530365957, 13.957224532773568], "maximum_diameter": {"diameter": 18.194176469615908, "atom_1": 69, "atom_2": 82}, "pore_diameter": {"diameter": 6.661112627541467, "atom": 5}, "pore_volume": 154.75295581996753, "pore_diameter_opt": {"diameter": 7.203747382145709, "atom_1": 122, "centre_of_mass": [18.021202579116917, 11.287683474502824, 14.141242053145378]}, "pore_volume_opt": 195.73750427705946, "windows": {"diameters": [5.983395959340837, 5.3762691074184366], "centre_of_mass": [[18.473363885685604, 13.489899952689356, 15.512999512474686], [17.9371044884697, 9.127836810779069, 11.289574607746811]]}}