{"no_of_atoms": 144, "centre_of_mass": [8.66200785482123, 0.044415400415312646, 19.3917261880041], "maximum_diameter": {"diameter": 18.260042692729392, "atom_1": 14, "atom_2": 140}, "pore_diameter": {"diameter": 7.075212893964334, "atom": 77}, "pore_volume": 185.44586728807997, "pore_diameter_opt": {"diameter": 7.234011501944428, "atom_1": 77, "centre_of_mass": [8.691419902225865, 0.15426841045207149, 19.297983993086692]}, "pore_volume_opt": 198.21485867215202, "windows": {"diameters": [5.653219432018315, 6.429433488699419], "centre_of_mass": [[8.609844524827134, -2.4567572433229787, 21.248752111318954], [8.6332182848405, 2.4471951718434704, 17.547085857451734]]}}