{"no_of_atoms": 176, "centre_of_mass": [15.790000000000004, 4.988462157476295, 15.056260705528047], "maximum_diameter": {"diameter": 34.773958029058086, "atom_1": 17, "atom_2": 174}, "pore_diameter": {"diameter": 11.160157285873451, "atom": 28}, "pore_volume": 727.7958392910912, "pore_diameter_opt": {"diameter": 11.160497398874524, "atom_1": 28, "centre_of_mass": [15.790119646591945, 4.988453277595177, 15.056381225498663]}, "pore_volume_opt": 727.8623814637133, "windows": {"diameters": [10.792171189761987, 10.92002166356281, 10.773673334619795], "centre_of_mass": [[13.36210083596704, 3.0732846347939127, 16.90142041807091], [15.48984218301488, 8.33553142016915, 14.920438552804846], [18.47723234328445, 2.814120682472042, 12.936351635833528]]}}