{"no_of_atoms": 176, "centre_of_mass": [-3.582873621822556e-16, 4.159537842523709, 5.018739294471959], "maximum_diameter": {"diameter": 34.773958029058086, "atom_1": 87, "atom_2": 157}, "pore_diameter": {"diameter": 11.16015728587341, "atom": 129}, "pore_volume": 727.7958392910832, "pore_diameter_opt": {"diameter": 11.160497399787172, "atom_1": 25, "centre_of_mass": [0.00011964579940059422, 4.159546725718624, 5.018618772002107]}, "pore_volume_opt": 727.8623816422757, "windows": {"diameters": [10.772427143339767, 10.919234952113639, 10.793793196606147], "centre_of_mass": [[2.9996981056713627, 6.635718249331571, 7.537691403156261], [-0.2987491830648127, 0.8265445393069535, 5.153918741207661], [-3.103385223731913, 6.7367520222353425, 2.3651378060698476]]}}