{"no_of_atoms": 176, "centre_of_mass": [35.86554944222255, 32.87445055777747, 14.917500000000002], "maximum_diameter": {"diameter": 33.630198870595386, "atom_1": 87, "atom_2": 157}, "pore_diameter": {"diameter": 9.091484850115872, "atom": 66}, "pore_volume": 393.4622584134414, "pore_diameter_opt": {"diameter": 9.091484850115872, "atom_1": 66, "centre_of_mass": [35.86554944222255, 32.87445055777747, 14.917500000000002]}, "pore_volume_opt": 393.4622584134414, "windows": {"diameters": [10.170158392762364, 11.8627138542747, 10.180680651688437], "centre_of_mass": [[35.7575750676261, 31.206965164768246, 15.697432394384627], [40.565065328195736, 28.802456598258107, 14.40811091647547], [37.594000577673285, 32.81122621762125, 14.148561967889428]]}}