{"no_of_atoms": 176, "centre_of_mass": [3.4427081860862017, 26.01729181391379, 14.917500000000004], "maximum_diameter": {"diameter": 33.6301988705954, "atom_1": 97, "atom_2": 151}, "pore_diameter": {"diameter": 9.054190759503358, "atom": 28}, "pore_volume": 388.64004080739915, "pore_diameter_opt": {"diameter": 9.054190759503358, "atom_1": 28, "centre_of_mass": [3.4427081860862017, 26.01729181391379, 14.917500000000004]}, "pore_volume_opt": 388.64004080739915, "windows": {"diameters": [10.16974252108408, 10.014803219390913, 10.181136495853941], "centre_of_mass": [[3.5353797294027287, 27.708507430446225, 15.69829206877268], [1.8427545793735098, 24.832975122792416, 13.870860212220617], [1.6879250904321186, 26.10725700694184, 14.148974732819903]]}}