{"no_of_atoms": 176, "centre_of_mass": [-8.82507486267976e-16, 14.096765139729504, 15.056260043858984], "maximum_diameter": {"diameter": 34.773958029058086, "atom_1": 79, "atom_2": 168}, "pore_diameter": {"diameter": 11.16449293905359, "atom": 54}, "pore_volume": 728.6444016287069, "pore_diameter_opt": {"diameter": 11.164834107766382, "atom_1": 54, "centre_of_mass": [-0.00011997891036106383, 14.096755197495824, 15.056380896040865]}, "pore_volume_opt": 728.7112022269644, "windows": {"diameters": [10.793543046542938, 11.07483202737771, 10.80310209803243], "centre_of_mass": [[3.1024532634582, 11.56015166719108, 17.708682474488754], [0.03368266409617059, 16.25497258707123, 15.041232501690848], [-2.3427327062757834, 12.307941016825989, 13.293842390750326]]}}