{"no_of_atoms": 181, "centre_of_mass": [13.822892200687171, 2.14472740352642, 0.11919884510843323], "maximum_diameter": {"diameter": 19.204781257973845, "atom_1": 56, "atom_2": 115}, "pore_diameter": {"diameter": 5.180279037120917, "atom": 29}, "pore_volume": 72.78771460916151, "pore_diameter_opt": {"diameter": 5.69131800614975, "atom_1": 149, "centre_of_mass": [14.140568054853876, 1.938032829347046, -0.41955977104750586]}, "pore_volume_opt": 96.52441554262941, "windows": {"diameters": [5.762816829151488, 5.615806392233077], "centre_of_mass": [[13.195893099931597, 1.901474312454124, 1.107792549995747], [15.000895989970836, 2.2748129952204414, -0.9324779496006586]]}}