{"no_of_atoms": 135, "centre_of_mass": [10.127768216582398, 1.6683306508983555, 5.566832097293135], "maximum_diameter": {"diameter": 20.3982137982844, "atom_1": 45, "atom_2": 121}, "pore_diameter": {"diameter": 4.38090095068393, "atom": 52}, "pore_volume": 44.023941715811695, "pore_diameter_opt": {"diameter": 4.858607147989339, "atom_1": 11, "centre_of_mass": [10.170034214808554, 1.412576540761859, 5.615914292507256]}, "pore_volume_opt": 60.05289888836882, "windows": {"diameters": [5.040802818323963, 4.869391786642682], "centre_of_mass": [[9.682473005086505, 1.3174767785398753, 6.636384745308584], [10.328207617039215, 1.3994125717612014, 5.300433973638126]]}}