{"no_of_atoms": 135, "centre_of_mass": [10.12786276682526, 1.6683298161053768, 5.566831262500156], "maximum_diameter": {"diameter": 20.398837970628094, "atom_1": 45, "atom_2": 121}, "pore_diameter": {"diameter": 4.380859817242879, "atom": 52}, "pore_volume": 44.022701670056776, "pore_diameter_opt": {"diameter": 4.8580081059182625, "atom_1": 52, "centre_of_mass": [10.170534544949865, 1.412773229250243, 5.6161206474339185]}, "pore_volume_opt": 60.030688956652035, "windows": {"diameters": [5.040815846097159, 4.869426063738182], "centre_of_mass": [[9.682448702737133, 1.3174477577492438, 6.636384502985812], [10.328286510827263, 1.3994226807534837, 5.300463463410241]]}}