{"no_of_atoms": 84, "centre_of_mass": [3.4760308630945347, 4.061360993362799, 2.316818666402586], "maximum_diameter": {"diameter": 18.112701328421174, "atom_1": 20, "atom_2": 83}, "pore_diameter": {"diameter": 3.6083466007925327, "atom": 15}, "pore_volume": 24.599334825143103, "pore_diameter_opt": {"diameter": 3.812906460899707, "atom_1": 68, "centre_of_mass": [3.4101532878542473, 3.9605064809388417, 2.289540355496343]}, "pore_volume_opt": 29.02465564580901, "windows": {"diameters": [3.922731854382834, 3.8476637394021123], "centre_of_mass": [[3.572957815671773, 3.6912023647994325, 2.432787017201481], [2.9887118234715015, 4.666895261355717, 1.9133642914370186]]}}