{"no_of_atoms": 84, "centre_of_mass": [13.694437922898233, 6.705639006637203, 23.19966526696275], "maximum_diameter": {"diameter": 18.112701328421174, "atom_1": 41, "atom_2": 58}, "pore_diameter": {"diameter": 3.609263402673959, "atom": 5}, "pore_volume": 24.61809004706227, "pore_diameter_opt": {"diameter": 3.812722394807721, "atom_1": 16, "centre_of_mass": [13.760526654388121, 6.80696190759887, 23.227492727518342]}, "pore_volume_opt": 29.020452397900375, "windows": {"diameters": [4.22810430419587, 3.8607952541636945], "centre_of_mass": [[14.121250745662623, 4.732552329746484, 24.528359573509796], [13.6771508039438, 6.942760605007007, 23.15458870648601]]}}