{"no_of_atoms": 81, "centre_of_mass": [0.7031358375004926, 0.8616621398865618, 2.014093583409075], "maximum_diameter": {"diameter": 15.848100958974442, "atom_1": 12, "atom_2": 76}, "pore_diameter": {"diameter": 4.458705649128852, "atom": 7}, "pore_volume": 46.4114385236693, "pore_diameter_opt": {"diameter": 5.219577434756526, "atom_1": 26, "centre_of_mass": [0.022225685611375997, 1.1270810605753185, 1.8290840925231118]}, "pore_volume_opt": 74.45684969695859, "windows": {"diameters": [3.638352061582497, 5.537395375679183], "centre_of_mass": [[2.7972890529711187, -0.6437286122925359, 3.289425896878221], [-0.3072037885538186, 1.6200893590354541, 1.5923600603176142]]}}