{"no_of_atoms": 81, "centre_of_mass": [3.980154165898588, 19.1554135722422, 14.670308901862462], "maximum_diameter": {"diameter": 15.847111996202194, "atom_1": 33, "atom_2": 67}, "pore_diameter": {"diameter": 4.4576682851054645, "atom": 14}, "pore_volume": 46.37905175515893, "pore_diameter_opt": {"diameter": 6.139062498799365, "atom_1": 4, "centre_of_mass": [6.20898830845132, 17.183963263912528, 13.47826726152322]}, "pore_volume_opt": 121.14480258099206, "windows": {"diameters": [3.988782630545717, 6.616797700708065], "centre_of_mass": [[0.8277089957370398, 21.237548991352135, 16.17266019215176], [6.557369452616908, 15.074106657265904, 13.017704011199479]]}}