{"no_of_atoms": 624, "centre_of_mass": [11.55661416586226, 6.672377830835089, 25.23371331000948], "maximum_diameter": {"diameter": 32.22056980152008, "atom_1": 15, "atom_2": 622}, "pore_diameter": {"diameter": 2.5588179626435292, "atom": 137}, "pore_volume": 8.772367042351942, "pore_diameter_opt": {"diameter": 3.2685833742633776, "atom_1": 287, "centre_of_mass": [11.556674421248436, 6.672320174604751, 25.750659055391143]}, "pore_volume_opt": 18.284257305978546, "windows": {"diameters": [2.544223660809172, 2.544406354237173], "centre_of_mass": [[15.04205451383511, 3.4121695239414045, 24.644041216743013], [7.229091580582906, 5.39381752187319, 24.69124835103604]]}}