{"no_of_atoms": 624, "centre_of_mass": [11.56057599412376, 6.674436047126933, 10.109480864633554], "maximum_diameter": {"diameter": 32.0708392990227, "atom_1": 211, "atom_2": 496}, "pore_diameter": {"diameter": 2.447106932208069, "atom": 580}, "pore_volume": 7.672863359425715, "pore_diameter_opt": {"diameter": 4.075959011298876, "atom_1": 494, "centre_of_mass": [11.558572606714645, 6.675192375924106, 11.155239049931817]}, "pore_volume_opt": 35.45586183173509, "windows": {"diameters": [1.3227775483839945, 1.3593044799691971, 0.8824917031212132], "centre_of_mass": [[9.600953494060724, 2.854989761864022, 11.428604974282116], [15.634383117584347, 6.9070734354231975, 11.361532167481082], [11.5607945222853, 6.674440448578493, 6.0688072743527]]}}