{"no_of_atoms": 615, "centre_of_mass": [4.2104948651502624e-05, 13.398689926527418, 42.51256399069126], "maximum_diameter": {"diameter": 32.23186990854314, "atom_1": 318, "atom_2": 345}, "pore_diameter": {"diameter": 2.203038812063387, "atom": 217}, "pore_volume": 5.598414726348406, "pore_diameter_opt": {"diameter": 2.310840108882766, "atom_1": 239, "centre_of_mass": [-0.00011635767425606192, 13.398463318537651, 42.58891258021951]}, "pore_volume_opt": 6.461127527139642, "windows": {"diameters": [1.1565045497312822, 1.2079497228432587, 0.8687044993088708], "centre_of_mass": [[-3.016417015735227, 10.191712827670171, 43.8626149079244], [-1.207448344656274, 17.494357677078142, 43.802317678201206], [0.0002121443145622082, 13.398904902006839, 38.55204887774439]]}}