{"no_of_atoms": 624, "centre_of_mass": [1.1232065083293428e-05, 13.34888495152681, 27.331480864633566], "maximum_diameter": {"diameter": 32.070252909602495, "atom_1": 143, "atom_2": 620}, "pore_diameter": {"diameter": 2.4475185231247134, "atom": 386}, "pore_volume": 7.676735620206038, "pore_diameter_opt": {"diameter": 4.077161480206046, "atom_1": 367, "centre_of_mass": [2.9630987088999213e-06, 13.349468079352524, 28.376682966248584]}, "pore_volume_opt": 35.48725111979088, "windows": {"diameters": [1.323638940270416, 1.3593776570984581, 0.8826151059492191], "centre_of_mass": [[-1.9593958924102814, 9.530146085157476, 28.650448041677674], [4.074289783102498, 13.581385083135078, 28.584182683146775], [-0.0002984691516778193, 13.34939506395546, 23.290812050566576]]}}