{"no_of_atoms": 147, "centre_of_mass": [10.812567550993972, 2.3749054738071864, 28.839095584354713], "maximum_diameter": {"diameter": 17.712469268301785, "atom_1": 46, "atom_2": 103}, "pore_diameter": {"diameter": 6.007487167196574, "atom": 86}, "pore_volume": 113.52125341040858, "pore_diameter_opt": {"diameter": 6.263786800168587, "atom_1": 86, "centre_of_mass": [10.803455173307496, 2.498263859297518, 28.87269515747833]}, "pore_volume_opt": 128.67954722469605, "windows": {"diameters": [6.281899327049329, 6.008619166901246], "centre_of_mass": [[10.761488796264741, 2.50433238352041, 28.874867365797847], [10.521336135999787, 2.4655752181061894, 27.58559682451726]]}}