{"no_of_atoms": 147, "centre_of_mass": [6.38443207435273, 13.980744764682449, 12.545938997093861], "maximum_diameter": {"diameter": 17.779395180583126, "atom_1": 43, "atom_2": 145}, "pore_diameter": {"diameter": 6.201332206907786, "atom": 125}, "pore_volume": 124.86870680902632, "pore_diameter_opt": {"diameter": 6.277635827880916, "atom_1": 80, "centre_of_mass": [6.41330659372599, 13.947804997081601, 12.567407808657794]}, "pore_volume_opt": 129.53495452616622, "windows": {"diameters": [6.283162537025989, 6.754281591403565], "centre_of_mass": [[6.4101304914343356, 13.944781196246737, 12.567380929852824], [7.567048748765865, 14.21841229019987, 9.012283313967476]]}}