{"no_of_atoms": 132, "centre_of_mass": [8.8364107722708, 7.359564840635744, 22.595082825785695], "maximum_diameter": {"diameter": 17.165535369174712, "atom_1": 63, "atom_2": 67}, "pore_diameter": {"diameter": 4.908789536839745, "atom": 109}, "pore_volume": 61.93296313553976, "pore_diameter_opt": {"diameter": 4.923443942874652, "atom_1": 5, "centre_of_mass": [8.834981987179125, 7.361026729340694, 22.588046275143714]}, "pore_volume_opt": 62.48929353752493, "windows": {"diameters": [3.586280781885418, 3.452493409051275], "centre_of_mass": [[7.458417019216259, 9.0737754125767, 24.518548236238047], [10.780406869016835, 5.772492500725209, 20.43079714277947]]}}