{"no_of_atoms": 132, "centre_of_mass": [0.666699459427797, 2.72963591395195, 11.330045621239641], "maximum_diameter": {"diameter": 25.567950525843035, "atom_1": 44, "atom_2": 129}, "pore_diameter": {"diameter": 3.2267620653205085, "atom": 91}, "pore_volume": 17.59136136946874, "pore_diameter_opt": {"diameter": 4.627865047330728, "atom_1": 96, "centre_of_mass": [0.8344194067145865, 3.3920688621639687, 11.050583970601485]}, "pore_volume_opt": 51.89681203898174, "windows": {"diameters": [4.550672317179195, 4.479269932019518, 0.989635299011026], "centre_of_mass": [[3.4716320096982938, 6.770639520768379, 15.198930969220267], [0.058289611197941515, 2.439830575993081, 9.656116683137343], [1.9473722042938575, -0.121996427665918, 11.286715849749063]]}}