{"no_of_atoms": 132, "centre_of_mass": [3.0158659646619754, 14.366514453612048, 18.020987943817314], "maximum_diameter": {"diameter": 25.567950525843038, "atom_1": 118, "atom_2": 129}, "pore_diameter": {"diameter": 3.226245376073178, "atom": 24}, "pore_volume": 17.582912207371454, "pore_diameter_opt": {"diameter": 4.628706333139938, "atom_1": 29, "centre_of_mass": [2.848201353324962, 15.028903032571284, 18.30058516546372]}, "pore_volume_opt": 51.925119685192314, "windows": {"diameters": [4.426230326704976, 4.583977436462554], "centre_of_mass": [[3.2402698025087027, 14.420262297446005, 19.109829674609472], [-0.09973432390766135, 18.687577652710534, 13.78175335197937]]}}