{"no_of_atoms": 71, "centre_of_mass": [14.14011750095018, 11.89269662539413, 18.740016814145083], "maximum_diameter": {"diameter": 12.002396550740556, "atom_1": 19, "atom_2": 38}, "pore_diameter": {"diameter": 1.7054236486505805, "atom": 60}, "pore_volume": 2.5971406220050093, "pore_diameter_opt": {"diameter": 1.9553441893956607, "atom_1": 49, "centre_of_mass": [13.827048796367487, 11.80258251169042, 19.159680677667282]}, "pore_volume_opt": 3.9144276252827916, "windows": {"diameters": [1.8507502664255315, 1.4652597152435325, 1.4988255598631302], "centre_of_mass": [[13.635998107596292, 11.134896840800543, 19.33488973359509], [14.701947983986585, 12.257873278094234, 19.42995540809927], [13.559190109264332, 12.158068007834197, 18.203844925145848]]}}