{"no_of_atoms": 191, "centre_of_mass": [-0.10373625794308237, 20.165348704588123, 5.558383863664935], "maximum_diameter": {"diameter": 24.633089035747954, "atom_1": 0, "atom_2": 159}, "pore_diameter": {"diameter": 5.26537715986753, "atom": 49}, "pore_volume": 76.43408623547273, "pore_diameter_opt": {"diameter": 5.426425288727664, "atom_1": 77, "centre_of_mass": [-0.10954730553437507, 20.315010444458384, 5.5172595731475855]}, "pore_volume_opt": 83.6642854649051, "windows": {"diameters": [5.299343611669826, 5.235561668876118], "centre_of_mass": [[0.6281989794565302, 23.810751986185597, 7.75282388323191], [-0.7292425127937977, 23.788221331088884, 3.2242354469325676]]}}