{"no_of_atoms": 215, "centre_of_mass": [0.020625286746928373, 8.49367406466865, 16.57372248673538], "maximum_diameter": {"diameter": 24.63286125325553, "atom_1": 74, "atom_2": 98}, "pore_diameter": {"diameter": 5.347676248895867, "atom": 23}, "pore_volume": 80.07444610559706, "pore_diameter_opt": {"diameter": 5.537972642910011, "atom_1": 23, "centre_of_mass": [0.006953530483145789, 8.279616080481171, 16.601977443301344]}, "pore_volume_opt": 88.93056272954723, "windows": {"diameters": [1.0185139900066288e+43, 5.391137976223865], "centre_of_mass": [[1.62658817152635e+42, 4.041100309078741e+42, 2.637799823374557e+42], [-2.2654139733509875, 11.972462273507642, 15.595940881367719]]}}