{"no_of_atoms": 339, "centre_of_mass": [9.745560747779468, 0.16559784705100786, 0.021568995524733143], "maximum_diameter": {"diameter": 17.833794332365557, "atom_1": 127, "atom_2": 216}, "pore_diameter": {"diameter": 7.348848527615857, "atom": 67}, "pore_volume": 207.80524744920262, "pore_diameter_opt": {"diameter": 7.582333536715865, "atom_1": 67, "centre_of_mass": [9.743329485073202, 0.1007569478384764, -0.07590129895967317]}, "pore_volume_opt": 228.24815513591605, "windows": {"diameters": [6.395077905409958, 6.359328456949927], "centre_of_mass": [[10.093976215421172, -1.5267646280216454, 2.0243009497801547], [8.65496901820098, 1.6930047502674874, -2.3002824071663444]]}}