{"no_of_atoms": 520, "centre_of_mass": [9.568755014918752, 24.029289988486273, 16.25159298114023], "maximum_diameter": {"diameter": 25.770992009663345, "atom_1": 117, "atom_2": 511}, "pore_diameter": {"diameter": 1.8311098767204288, "atom": 55}, "pore_volume": 3.214710270835405, "pore_diameter_opt": {"diameter": 4.196922087739944, "atom_1": 214, "centre_of_mass": [8.653200076558537, 24.944844926846486, 15.989456667790751]}, "pore_volume_opt": 38.707163170969345, "windows": {"diameters": [2.6908882588199954, 2.8856807113860268, 2.8874806084047564, 2.8520623037112487], "centre_of_mass": [[10.327365199353295, 25.06879909315574, 17.46275647169643], [5.850467755189959, 25.516099487605008, 17.630631874789156], [7.99684011348155, 23.190582112480733, 15.010697199250622], [8.634380828616358, 27.924209778207324, 14.102171334185376]]}}