{"no_of_atoms": 396, "centre_of_mass": [0.058886996983241714, 0.058886996983241076, 0.0588869969832416], "maximum_diameter": {"diameter": 28.103213722786595, "atom_1": 41, "atom_2": 394}, "pore_diameter": {"diameter": 5.0040259607759605, "atom": 14}, "pore_volume": 65.60807339408495, "pore_diameter_opt": {"diameter": 5.141297388383581, "atom_1": 116, "centre_of_mass": [3.978983176403942e-09, 6.542078246552582e-09, 1.8022739930892357e-08]}, "pore_volume_opt": 71.15686385212929, "windows": {"diameters": [3.0921592724386806, 3.0909022776433095, 3.0880342782119032, 3.0939979562086566], "centre_of_mass": [[-1.8180927240060747, -1.8180834134657549, 1.8180032724957491], [1.810626395787109, 1.8105885374672832, 1.8106429598058378], [1.7910735723584947, -1.791112661040941, -1.7911018498533202], [-1.827613924180158, 1.8276577794766713, -1.8276555947086963]]}}