{"no_of_atoms": 324, "centre_of_mass": [1.7127901076764453e-05, 1.7127901076710162e-05, 1.7127901076736223e-05], "maximum_diameter": {"diameter": 21.809721546675082, "atom_1": 13, "atom_2": 323}, "pore_diameter": {"diameter": 4.853543892611562, "atom": 22}, "pore_volume": 59.86534735752889, "pore_diameter_opt": {"diameter": 4.853583438650672, "atom_1": 105, "centre_of_mass": [-3.007457315564611e-10, -3.007444699051329e-10, -3.007444438436232e-10]}, "pore_volume_opt": 59.866810694449256, "windows": {"diameters": [2.89317269003841, 2.7734845244384405, 2.768592846536363, 2.7746749848914276], "centre_of_mass": [[-2.1472662057794194, -2.146861712212405, 2.147250888564205], [1.7245606950917014, 1.7246101099026276, 1.724566940783248], [1.6686000573309399, -1.6686373926950362, -1.6686204524770516], [-1.7327880433841973, 1.7327399046566108, -1.7326857911587141]]}}