{"no_of_atoms": 522, "centre_of_mass": [9.45390214886661, 9.572878693097069, 26.66320440647161], "maximum_diameter": {"diameter": 25.993567519378526, "atom_1": 314, "atom_2": 408}, "pore_diameter": {"diameter": 1.8227660666765142, "atom": 92}, "pore_volume": 3.170964845342747, "pore_diameter_opt": {"diameter": 4.178438453554163, "atom_1": 93, "centre_of_mass": [8.542519115528354, 8.661495659758812, 26.93433055098042]}, "pore_volume_opt": 38.19800234939782, "windows": {"diameters": [2.8509208232145373, 3.130257461080245, 2.923603546275413, 2.6683878994384407], "centre_of_mass": [[10.802849302172287, 8.025038883320102, 28.221974998848427], [5.082768284507216, 8.700060693864346, 29.213700905327347], [7.982535992950641, 6.236884157898148, 25.543224186063416], [8.417397775781255, 10.491425635638555, 25.33495995575439]]}}