{"no_of_atoms": 372, "centre_of_mass": [9.863460265654647, 9.863460265654647, 9.863460265654647], "maximum_diameter": {"diameter": 28.10379187749314, "atom_1": 189, "atom_2": 354}, "pore_diameter": {"diameter": 5.140013294005046, "atom": 25}, "pore_volume": 71.10356058875453, "pore_diameter_opt": {"diameter": 5.140118084373496, "atom_1": 46, "centre_of_mass": [9.86350035935636, 9.863499743237046, 9.863499954546528]}, "pore_volume_opt": 71.10790948035729, "windows": {"diameters": [3.091389332819038, 3.0908560926110877, 3.0872969750590324, 3.0933311139281616], "centre_of_mass": [[8.046129117840533, 8.045599784085544, 11.68087993447725], [11.673655043790463, 11.673580483852271, 11.673622251962149], [11.653866620830799, 8.072986129803981, 8.072614441117594], [8.035660202714293, 11.690845939726403, 8.036130667479991]]}}