{"no_of_atoms": 105, "centre_of_mass": [7.4639999999999995, 3.731999999999998, 24.251685327313766], "maximum_diameter": {"diameter": 14.182390837747803, "atom_1": 28, "atom_2": 96}, "pore_diameter": {"diameter": 5.108351432451935, "atom": 27}, "pore_volume": 69.7976697986404, "pore_diameter_opt": {"diameter": 5.108351432451935, "atom_1": 27, "centre_of_mass": [7.4639999999999995, 3.731999999999998, 24.251685327313766]}, "pore_volume_opt": 69.7976697986404, "windows": {"diameters": [3.4133182861384275, 3.4132593162374767], "centre_of_mass": [[5.08165518151503, 6.1371556602995785, 24.268501107750613], [9.837486009875512, 1.3360512287034982, 24.267912895964745]]}}