{"no_of_atoms": 105, "centre_of_mass": [-3.3119579897858535e-17, 11.203507997895812, 5.302611770111269], "maximum_diameter": {"diameter": 14.29292336756183, "atom_1": 0, "atom_2": 104}, "pore_diameter": {"diameter": 5.097892857578946, "atom": 34}, "pore_volume": 69.36984646663088, "pore_diameter_opt": {"diameter": 5.097907273334146, "atom_1": 30, "centre_of_mass": [-3.242674079767874e-06, 11.203501654325665, 5.3026106387611485]}, "pore_volume_opt": 69.37043495774711, "windows": {"diameters": [3.5405105708645848, 3.533536881619646], "centre_of_mass": [[-2.6180423196940676, 13.74546596063835, 5.224736243615646], [2.574843713555764, 8.700862903309233, 5.225830396120366]]}}