{"no_of_atoms": 92, "centre_of_mass": [3.586676479487223, 12.452632131589613, 17.69630411078015], "maximum_diameter": {"diameter": 18.40081551361107, "atom_1": 53, "atom_2": 81}, "pore_diameter": {"diameter": 0.6481710348536676, "atom": 5}, "pore_volume": 0.1425829123075748, "pore_diameter_opt": {"diameter": 0.8433326019328953, "atom_1": 5, "centre_of_mass": [3.6451648148741143, 12.511120466976505, 17.754792446167038]}, "pore_volume_opt": 0.3140474647147894, "windows": {"diameters": [1.0577198505388883, 0.784476051837347], "centre_of_mass": [[4.285382959716101, 11.79748749571283, 17.824335491202472], [3.319980063803327, 13.403283335243495, 17.047810076106398]]}}