{"no_of_atoms": 83, "centre_of_mass": [9.321482187258976, 1.4566522608755705, 11.562469074123102], "maximum_diameter": {"diameter": 15.240053062679339, "atom_1": 34, "atom_2": 67}, "pore_diameter": {"diameter": 2.0239260207479375, "atom": 55}, "pore_volume": 4.340927417063634, "pore_diameter_opt": {"diameter": 3.331033967356411, "atom_1": 57, "centre_of_mass": [9.326681027873127, 0.4446892505016018, 10.994743909049086]}, "pore_volume_opt": 19.35244341411699, "windows": {"diameters": [1.7864855450115615, 2.69388219673588, 3.4560488037234625], "centre_of_mass": [[11.452006498931722, 3.043853049975694, 11.305166667064068], [8.49078826338859, 1.94564068852028, 10.37214148701048], [9.345603050196274, -0.08637780240391024, 11.061159720713057]]}}