{"no_of_atoms": 90, "centre_of_mass": [2.434079620458815, 19.01363417210752, 2.6402879234443435], "maximum_diameter": {"diameter": 14.456729800455157, "atom_1": 63, "atom_2": 72}, "pore_diameter": {"diameter": 3.714248892041524, "atom": 17}, "pore_volume": 26.829441348645425, "pore_diameter_opt": {"diameter": 3.934788038842749, "atom_1": 42, "centre_of_mass": [2.5338784227623763, 19.10604775786654, 2.688653569277966]}, "pore_volume_opt": 31.89794096196891, "windows": {"diameters": [2.116293651778677, 1.4805293685365504, 1.119782831427563, 1.1816670990845943, 1.1211480936985119], "centre_of_mass": [[1.5595009196550382, 19.330358575484386, 7.95399355028969], [-0.11918857115827919, 15.787803318756152, 4.89565000386156], [0.6848736237247213, 22.444159941421805, 2.699534165535533], [3.975924472493706, 16.161183788853016, 2.024703082884839], [3.655165531347027, 18.850359022639484, -1.9389720760045717]]}}