{"no_of_atoms": 99, "centre_of_mass": [3.414917627858505, 4.325403067424346, 18.298022989952223], "maximum_diameter": {"diameter": 14.847568077575112, "atom_1": 49, "atom_2": 66}, "pore_diameter": {"diameter": 3.3966758877846748, "atom": 52}, "pore_volume": 20.51922469255801, "pore_diameter_opt": {"diameter": 3.591322883992651, "atom_1": 75, "centre_of_mass": [3.5221305846730973, 4.344067505874605, 18.270316758344578]}, "pore_volume_opt": 24.252805334309272, "windows": {"diameters": [1.1641587741195525, 1.5763181461258005, 1.3905949062644312, 1.3262092927785902, 1.4451942584204818], "centre_of_mass": [[2.1142578546156425, 6.584071901914859, 20.66636594583639], [7.21448148438373, 5.720163914568763, 20.607342238208265], [5.522781739327657, 2.4410572551432215, 19.62539147470511], [1.1033736997146888, 2.386120477563639, 15.580543649773453], [4.233786475128929, 1.6667831738619725, 14.558314169315711]]}}