{"no_of_atoms": 99, "centre_of_mass": [1.3907732714605008, 9.170901285303234, 12.685830283605664], "maximum_diameter": {"diameter": 14.602156777307231, "atom_1": 45, "atom_2": 62}, "pore_diameter": {"diameter": 3.502726481619161, "atom": 21}, "pore_volume": 22.501802037878214, "pore_diameter_opt": {"diameter": 3.9515365112614167, "atom_1": 87, "centre_of_mass": [1.3712944190789451, 9.414395752038049, 12.549838117706122]}, "pore_volume_opt": 32.30699909581306, "windows": {"diameters": [1.703752024317132, 1.139564195727393, 1.2836528367757554, 1.7209695557746225], "centre_of_mass": [[5.530179318144574, 7.628004551259925, 14.677412993022498], [-1.1711984016626595, 7.5084686164505365, 13.02584288739555], [4.680937357530029, 10.875179266109921, 12.875195940813338], [1.566736494847635, 10.013712759639516, 9.700677966059104]]}}