{"no_of_atoms": 168, "centre_of_mass": [6.25393013812382, 18.761647011135103, 6.253930138123822], "maximum_diameter": {"diameter": 22.306006186027073, "atom_1": 3, "atom_2": 166}, "pore_diameter": {"diameter": 5.844618155457452, "atom": 27}, "pore_volume": 104.53628225612692, "pore_diameter_opt": {"diameter": 5.845168677907354, "atom_1": 133, "centre_of_mass": [6.253998639653772, 18.76200005974952, 6.2540002070044025]}, "pore_volume_opt": 104.5658248145733, "windows": {"diameters": [4.012157899987622, 4.014736594988042, 4.021496273813542, 4.024962569869238], "centre_of_mass": [[7.901347236235439, 17.114344089634535, 7.901715762703104], [4.58464303374257, 20.430604670407615, 7.923242840297465], [4.539343627726438, 17.047075261284355, 4.539082987999061], [7.9842897561471595, 20.491551090401586, 4.523803842216911]]}}