{"no_of_atoms": 168, "centre_of_mass": [25.01588169993594, 25.01588169993594, 12.507833369125983], "maximum_diameter": {"diameter": 22.30600618602708, "atom_1": 109, "atom_2": 133}, "pore_diameter": {"diameter": 5.845150504923229, "atom": 125}, "pore_volume": 104.56484951312125, "pore_diameter_opt": {"diameter": 5.845229251734105, "atom_1": 125, "centre_of_mass": [25.015859818790645, 25.015859805993358, 12.507859808643692]}, "pore_volume_opt": 104.56907571363787, "windows": {"diameters": [4.023887886736643, 4.016238765961361, 4.010667012152487, 4.020829415674989], "centre_of_mass": [[23.2926130181807, 23.292922778777438, 14.230432929362141], [26.6881590364103, 26.68814760420921, 14.180161416925937], [26.617326461689217, 23.41402544544888, 10.90636455988303], [23.30718392292544, 26.72396781406844, 10.799014232905959]]}}