{"no_of_atoms": 137, "centre_of_mass": [1.7269149186631487, 6.8151789893351955, 15.692799346367503], "maximum_diameter": {"diameter": 17.341880600114887, "atom_1": 53, "atom_2": 99}, "pore_diameter": {"diameter": 3.211294091287828, "atom": 39}, "pore_volume": 17.339591545211306, "pore_diameter_opt": {"diameter": 4.99875225794441, "atom_1": 64, "centre_of_mass": [1.7880404379563362, 7.78198538563467, 15.713564648996435]}, "pore_volume_opt": 65.40086046037925, "windows": {"diameters": [4.587409231852792, 4.277206387630184], "centre_of_mass": [[-2.6736938032558855, 7.930439186395624, 17.344939907066035], [5.027804422565525, 7.917654728880977, 14.676777469806334]]}}