{"no_of_atoms": 137, "centre_of_mass": [7.445438005109454, 17.68617687420985, 15.692799346367503], "maximum_diameter": {"diameter": 17.341880600114884, "atom_1": 13, "atom_2": 136}, "pore_diameter": {"diameter": 3.211077390605132, "atom": 32}, "pore_volume": 17.33608151374247, "pore_diameter_opt": {"diameter": 4.9986560603653984, "atom_1": 21, "centre_of_mass": [7.506416603628481, 18.652878626948635, 15.713892473173075]}, "pore_volume_opt": 65.39708474813511, "windows": {"diameters": [4.58732507367143, 4.277186229641094], "centre_of_mass": [[3.045255508112408, 18.801782165845683, 17.344537597708438], [10.745809162838572, 18.788673563650125, 14.676798229759923]]}}