{"no_of_atoms": 126, "centre_of_mass": [8.835850517635729, 2.5539370874821574, 14.658877760580578], "maximum_diameter": {"diameter": 15.980071594017184, "atom_1": 62, "atom_2": 73}, "pore_diameter": {"diameter": 6.256374062032689, "atom": 22}, "pore_volume": 128.2232388783606, "pore_diameter_opt": {"diameter": 6.2829391387079685, "atom_1": 112, "centre_of_mass": [8.83402439450492, 2.5464401410826314, 14.669689368609973]}, "pore_volume_opt": 129.86352310793418, "windows": {"diameters": [4.824744984621329, 4.824170640805672], "centre_of_mass": [[6.926289860496478, 3.8424584772674657, 16.600238181174443], [11.11740094969624, 1.512414434407012, 12.99921377974618]]}}