{"no_of_atoms": 126, "centre_of_mass": [7.356874088978313, 25.49247684310994, 21.476122239419414], "maximum_diameter": {"diameter": 15.981470428907217, "atom_1": 13, "atom_2": 109}, "pore_diameter": {"diameter": 6.257033622828228, "atom": 54}, "pore_volume": 128.26379588626008, "pore_diameter_opt": {"diameter": 6.324291259229115, "atom_1": 95, "centre_of_mass": [7.43233816838912, 25.575491071971346, 21.506149879208284]}, "pore_volume_opt": 132.4445861212759, "windows": {"diameters": [4.824994339395227, 4.899196987212307], "centre_of_mass": [[5.092044608266617, 26.524616383710978, 23.118732373444338], [9.645093629452592, 24.02933731119631, 19.18380183242375]]}}