{"no_of_atoms": 126, "centre_of_mass": [-9.562976243787508, 21.671225275585133, 21.476122239419418], "maximum_diameter": {"diameter": 15.9811921948794, "atom_1": 32, "atom_2": 101}, "pore_diameter": {"diameter": 6.257123903565427, "atom": 59}, "pore_volume": 128.26934799824858, "pore_diameter_opt": {"diameter": 6.283231922419395, "atom_1": 39, "centre_of_mass": [-9.570220346744165, 21.66903398771088, 21.465486030815413]}, "pore_volume_opt": 129.8816787968291, "windows": {"diameters": [4.824957077150671, 4.825097992371629], "centre_of_mass": [[-9.324514181227679, 19.179213782874243, 23.131601565041002], [-9.403843222219702, 23.989682254177993, 19.517869633161414]]}}