{"no_of_atoms": 126, "centre_of_mass": [25.755536481280856, 6.375158516913444, 14.65887776058058], "maximum_diameter": {"diameter": 15.98019873045313, "atom_1": 7, "atom_2": 124}, "pore_diameter": {"diameter": 6.2567637878607005, "atom": 29}, "pore_volume": 128.24720244914053, "pore_diameter_opt": {"diameter": 6.283055003115123, "atom_1": 29, "centre_of_mass": [25.762826270711777, 6.3773451686593265, 14.6695961804307]}, "pore_volume_opt": 129.87070772516228, "windows": {"diameters": [4.8266244928727815, 4.8358888005931515], "centre_of_mass": [[25.588549778277088, 4.132538742598775, 16.55319919329617], [25.516105422082678, 9.035482089774458, 12.86181333392557]]}}