{"no_of_atoms": 349, "centre_of_mass": [40.89430791534123, 0.4366221648934658, 10.8723289460162], "maximum_diameter": {"diameter": 28.381808067383457, "atom_1": 4, "atom_2": 328}, "pore_diameter": {"diameter": 11.281187049703144, "atom": 166}, "pore_volume": 751.7319740482152, "pore_diameter_opt": {"diameter": 12.139701944338556, "atom_1": 42, "centre_of_mass": [40.92133903877206, 0.004919451066918263, 11.128956651111695]}, "pore_volume_opt": 936.7478270477732, "windows": {"diameters": [12.145750374448488, 11.49662242856043], "centre_of_mass": [[40.92501011488522, -0.0004574600756722183, 11.128778420462865], [40.92493718775511, -0.0004328763240467916, 8.612938832564716]]}}