{"no_of_atoms": 141, "centre_of_mass": [12.228706648732693, 1.7170133460365653, 5.921342047275387], "maximum_diameter": {"diameter": 23.086595625257882, "atom_1": 52, "atom_2": 91}, "pore_diameter": {"diameter": 5.593886691304904, "atom": 135}, "pore_volume": 91.65150855915353, "pore_diameter_opt": {"diameter": 6.819754061605549, "atom_1": 123, "centre_of_mass": [13.923472607603905, 1.4505377735306775, 5.8442985885543655]}, "pore_volume_opt": 166.07519142496346, "windows": {"diameters": [4.63725388642591, 6.869569865379038], "centre_of_mass": [[12.516897005361765, 4.919490630368253, 5.969055793945895], [14.601548086638523, 0.7799855372543637, 5.846711945650891]]}}