{"no_of_atoms": 129, "centre_of_mass": [-2.7387219518073844, 7.141538465501335, 4.302276274524775], "maximum_diameter": {"diameter": 19.29558736096445, "atom_1": 28, "atom_2": 127}, "pore_diameter": {"diameter": 1.4420627306473635, "atom": 63}, "pore_volume": 1.5701859282087542, "pore_diameter_opt": {"diameter": 2.6925661632824, "atom_1": 63, "centre_of_mass": [-2.7336137683030532, 6.4205071001776535, 4.300835582385188]}, "pore_volume_opt": 10.22110321267572, "windows": {"diameters": [4.955551907216373, 4.952593386906859], "centre_of_mass": [[-2.9096477295028658, 4.94963811122017, 4.2101838082244925], [-2.5188659344156843, 4.983548599353936, 4.421577598402755]]}}