{"no_of_atoms": 129, "centre_of_mass": [9.379278048192614, 15.039956607694672, 4.302276274524775], "maximum_diameter": {"diameter": 19.294838910545884, "atom_1": 49, "atom_2": 123}, "pore_diameter": {"diameter": 1.44136863517619, "atom": 72}, "pore_volume": 1.5679197276537018, "pore_diameter_opt": {"diameter": 2.6917103275846315, "atom_1": 72, "centre_of_mass": [9.41733771146964, 14.319272290106577, 4.289611203941031]}, "pore_volume_opt": 10.211359936931096, "windows": {"diameters": [4.9555797323664255, 4.952610618145446], "centre_of_mass": [[9.20833334225033, 12.84760809186396, 4.210187142230335], [9.599152558232582, 12.88150134085959, 4.421577350176234]]}}