{"no_of_atoms": 129, "centre_of_mass": [16.0197790357613, 8.65546153449867, 12.90677439644236], "maximum_diameter": {"diameter": 19.295587360964447, "atom_1": 14, "atom_2": 120}, "pore_diameter": {"diameter": 1.4417130996549106, "atom": 12}, "pore_volume": 1.5690441209333097, "pore_diameter_opt": {"diameter": 2.6923704993718336, "atom_1": 12, "centre_of_mass": [16.058105897830288, 9.376318084326126, 12.893844390211042]}, "pore_volume_opt": 10.21887512737201, "windows": {"diameters": [4.956491954314268, 4.96579450097355], "centre_of_mass": [[15.860388811792623, 10.854914045018855, 12.820153139312586], [16.10348303888116, 10.90706024557579, 12.95166472696884]]}}