{"no_of_atoms": 228, "centre_of_mass": [4.187191605735441e-06, 17.39443278121507, 19.27254293224118], "maximum_diameter": {"diameter": 26.938644399215548, "atom_1": 48, "atom_2": 227}, "pore_diameter": {"diameter": 3.5943063172759984, "atom": 175}, "pore_volume": 24.31329843509244, "pore_diameter_opt": {"diameter": 4.615309404001906, "atom_1": 175, "centre_of_mass": [0.013534823705230365, 17.400427701316353, 18.72011608059888]}, "pore_volume_opt": 51.47556057569014, "windows": {"diameters": [3.1870429482845055, 3.3128895632970248, 3.1995307920595057, 3.3514711833492385], "centre_of_mass": [[-0.14061348176969538, 14.456585489603286, 19.63269116432759], [-2.8319538366402237, 19.26027445388233, 19.849813810378397], [2.6933827109002935, 18.77412047034754, 19.673519241453874], [-0.00033214279007602945, 17.394620994275613, 16.44345282999524]]}}