{"no_of_atoms": 228, "centre_of_mass": [14.587471852779215, 25.266157854542225, 7.317551988310669], "maximum_diameter": {"diameter": 25.36527655647006, "atom_1": 181, "atom_2": 186}, "pore_diameter": {"diameter": 4.822367528876592, "atom": 166}, "pore_volume": 58.71912040521545, "pore_diameter_opt": {"diameter": 4.822880142205422, "atom_1": 19, "centre_of_mass": [14.587327420439108, 25.265943610533263, 7.317544411421977]}, "pore_volume_opt": 58.73784776475487, "windows": {"diameters": [3.161565487238644, 3.4348171044355627, 3.3724951311162124, 3.3807512391430214], "centre_of_mass": [[14.58720877450354, 25.26621128104577, 10.090916181659379], [12.832743837479702, 27.490359255353688, 6.116728519104312], [16.950223898077617, 25.615127091005057, 6.2599994317052206], [13.763943671126444, 23.179575565532275, 6.307060811807219]]}}