{"no_of_atoms": 228, "centre_of_mass": [-4.578319184681788e-05, 17.02838321400187, 3.7352216013391364], "maximum_diameter": {"diameter": 25.380896124934484, "atom_1": 149, "atom_2": 191}, "pore_diameter": {"diameter": 4.927758990632409, "atom": 165}, "pore_volume": 62.65373981667568, "pore_diameter_opt": {"diameter": 4.9281972383950965, "atom_1": 165, "centre_of_mass": [0.00017980451439273323, 17.02827648092122, 3.7352129152398255]}, "pore_volume_opt": 62.67045753970616, "windows": {"diameters": [3.2578492375586694, 3.5140287829797656, 3.4522312971391957, 3.46049080420848], "centre_of_mass": [[-3.634790492870266e-05, 17.028236906475097, 6.502426295015217], [-1.7378605132273912, 19.26029611383382, 2.5152289272140322], [2.350406820468037, 17.35958690685797, 2.662677813455931], [-0.8320847540048966, 14.962919985040143, 2.710090617358804]]}}