{"no_of_atoms": 228, "centre_of_mass": [14.746954216808154, 8.514129707321416, 0.05646108129778219], "maximum_diameter": {"diameter": 25.380812356467178, "atom_1": 48, "atom_2": 226}, "pore_diameter": {"diameter": 4.927719754206025, "atom": 19}, "pore_volume": 62.652243219978786, "pore_diameter_opt": {"diameter": 4.928187914546223, "atom_1": 19, "centre_of_mass": [14.74717995625708, 8.514277168602597, 0.05645161279344702]}, "pore_volume_opt": 62.670101834318686, "windows": {"diameters": [3.257794838186195, 3.513854763996179, 3.451825283204579, 3.4601534100198896], "centre_of_mass": [[14.746976968951028, 8.514189786481612, 2.8234252178089387], [13.009245229307282, 10.746347421256733, -1.1628299411594076], [17.097359678853476, 8.844241651378146, -1.0154938190221716], [13.914621220525921, 6.449141684578214, -0.9681068300872339]]}}