{"no_of_atoms": 273, "centre_of_mass": [-0.2723025241593715, 1.9128531080582816, 10.088751446944972], "maximum_diameter": {"diameter": 31.03937499293354, "atom_1": 48, "atom_2": 261}, "pore_diameter": {"diameter": 5.6077891579034675, "atom": 189}, "pore_volume": 92.33655177708842, "pore_diameter_opt": {"diameter": 8.458934127224389, "atom_1": 96, "centre_of_mass": [1.3093953971925232, 2.2793980192166443, 9.051630324091601]}, "pore_volume_opt": 316.91701098223785, "windows": {"diameters": [6.367561362562874, 8.311101022867794, 6.704762752693668], "centre_of_mass": [[0.6714094865653858, -2.2556913031918833, 10.43381638127395], [2.415064862833951, 2.779801006643219, 9.0577518175355], [-1.7332619139731267, 2.5726454962636693, 7.842863271793707]]}}