{"no_of_atoms": 180, "centre_of_mass": [9.775000000000002, 16.22402834175996, 12.481648059467918], "maximum_diameter": {"diameter": 20.433495583038333, "atom_1": 21, "atom_2": 167}, "pore_diameter": {"diameter": 10.75579823397667, "atom": 91}, "pore_volume": 651.5182157782002, "pore_diameter_opt": {"diameter": 10.75579823397667, "atom_1": 91, "centre_of_mass": [9.775000000000002, 16.22402834175996, 12.481648059467918]}, "pore_volume_opt": 651.5182157782002, "windows": {"diameters": [9.642985490613562, 9.551734869324541], "centre_of_mass": [[9.774965995067179, 13.956946884604777, 14.76303065252991], [9.77499993651653, 18.471610423976365, 10.059853666931737]]}}