{"no_of_atoms": 354, "centre_of_mass": [7.815407720159929e-05, 3.199512455234019e-06, 41.72893940515184], "maximum_diameter": {"diameter": 25.303809394714882, "atom_1": 28, "atom_2": 261}, "pore_diameter": {"diameter": 9.156294397320345, "atom": 156}, "pore_volume": 401.9368882135334, "pore_diameter_opt": {"diameter": 9.156790303104788, "atom_1": 131, "centre_of_mass": [0.00038304733290333215, -0.00013264952986767855, 41.7290152191999]}, "pore_volume_opt": 402.00219857209174, "windows": {"diameters": [5.785637861963398, 7.123347427299942, 7.236645236941879, 7.118116064543743], "centre_of_mass": [[0.00045647965308020155, -2.040365513803486e-05, 46.29202034839212], [-2.68741041252947, 2.7917737268398777, 40.931987565295096], [3.2941245245251216, 0.8172813772845793, 41.13741063119783], [-1.3683739723551671, -4.50806053793727, 40.60394769495873]]}}