{"no_of_atoms": 354, "centre_of_mass": [12.500383721573504, 7.216942755661728, 23.32843125401302], "maximum_diameter": {"diameter": 25.304121301709415, "atom_1": 43, "atom_2": 305}, "pore_diameter": {"diameter": 9.15642304188558, "atom": 98}, "pore_volume": 401.95382991084176, "pore_diameter_opt": {"diameter": 9.219492740690114, "atom_1": 16, "centre_of_mass": [12.492782189204823, 7.224438215375656, 23.05037360904436]}, "pore_volume_opt": 410.3171810575859, "windows": {"diameters": [7.112141651852992, 7.1123643000132954, 7.130058404070649, 5.782197821369204], "centre_of_mass": [[8.643133033195468, 6.264039217229548, 24.166889411880007], [13.851658148829163, 11.684642551270692, 24.437904407397586], [15.764337953552852, 3.719447079699793, 24.481147447814035], [12.500325666830951, 7.216756930485125, 18.799474013552196]]}}