{"no_of_atoms": 368, "centre_of_mass": [18.664120564863424, 14.000686452287688, 5.358913203332921], "maximum_diameter": {"diameter": 25.70711243079211, "atom_1": 0, "atom_2": 297}, "pore_diameter": {"diameter": 8.776906686465288, "atom": 320}, "pore_volume": 354.0161425394585, "pore_diameter_opt": {"diameter": 8.851507263419881, "atom_1": 321, "centre_of_mass": [18.66387532839048, 14.110667404521834, 5.355960573951512]}, "pore_volume_opt": 363.12011938686624, "windows": {"diameters": [5.744102467872371, 5.470464172605786, 5.575816687523642, 7.983496347071356], "centre_of_mass": [[20.267164794155683, 10.998562073534595, 8.840138420530446], [15.32852778411398, 17.308177808630347, 5.457529346179846], [23.973382527760833, 18.38598930860485, 4.815714347873901], [17.171243549127745, 8.232048723274154, -2.3377924496292275]]}}