{"no_of_atoms": 174, "centre_of_mass": [13.631771209475037, 21.985502646332026, 13.825222768807146], "maximum_diameter": {"diameter": 21.24599417811723, "atom_1": 21, "atom_2": 166}, "pore_diameter": {"diameter": 1.93513768695753, "atom": 90}, "pore_volume": 3.794322447210848, "pore_diameter_opt": {"diameter": 3.1079931288194946, "atom_1": 152, "centre_of_mass": [14.139203126572998, 21.01793380285326, 14.313858600554404]}, "pore_volume_opt": 15.71950160082929, "windows": {"diameters": [2.5757763150352466, 2.424162317468634, 3.1478916424279375], "centre_of_mass": [[13.46465564747036, 21.546657096441976, 16.732765616872104], [15.418366840291869, 21.18766643902383, 16.005867105500798], [12.21532438687588, 19.20143377994281, 14.20907987828192]]}}