{"no_of_atoms": 174, "centre_of_mass": [7.061228790524964, 8.814405670352363, 0.5800667165518857], "maximum_diameter": {"diameter": 21.24599417811723, "atom_1": 53, "atom_2": 138}, "pore_diameter": {"diameter": 1.9349795999494823, "atom": 77}, "pore_volume": 3.793392615571702, "pore_diameter_opt": {"diameter": 3.108517687440387, "atom_1": 83, "centre_of_mass": [6.553651291824304, 7.846915870377622, 0.09187521258461216]}, "pore_volume_opt": 15.72746222833489, "windows": {"diameters": [3.863577261527493, 3.0604554567486955, 2.8349837407179783], "centre_of_mass": [[7.800309044135898, 6.568429034703015, -0.7623491161932633], [2.9343768351409136, 9.30114008129793, -2.3556875566990993], [7.276549012394629, 8.150188969229163, -2.071540644603113]]}}