{"no_of_atoms": 174, "centre_of_mass": [13.63177120947504, 17.527763844996958, 28.230597171922096], "maximum_diameter": {"diameter": 21.24647033407075, "atom_1": 22, "atom_2": 145}, "pore_diameter": {"diameter": 1.9348479360288833, "atom": 68}, "pore_volume": 3.7926183144471293, "pore_diameter_opt": {"diameter": 2.988604468590084, "atom_1": 76, "centre_of_mass": [14.277715607058223, 18.394613362445828, 28.583145039502813]}, "pore_volume_opt": 13.9766775784558, "windows": {"diameters": [8.007000088467051e+42, 2.289737051592881, 4.950568583349845], "centre_of_mass": [[2.7322222297439005e+41, -3.8813354976477057e+42, -9.426542185502639e+41], [15.67781003190215, 18.1829005122991, 30.505503294446466], [8.84543127221879, 21.117566289702953, 27.27281683493833]]}}