{"no_of_atoms": 114, "centre_of_mass": [22.08483019550555, 7.495089878628181, 7.500403252964895], "maximum_diameter": {"diameter": 19.733814656649415, "atom_1": 42, "atom_2": 92}, "pore_diameter": {"diameter": 1.016826784838634, "atom": 54}, "pore_volume": 0.5504774783737629, "pore_diameter_opt": {"diameter": 2.773487927033617, "atom_1": 54, "centre_of_mass": [21.576416803086232, 6.986676486208864, 8.008816645384211]}, "pore_volume_opt": 11.1706247124173, "windows": {"diameters": [4.587055242367322, 4.653874615826288], "centre_of_mass": [[20.054956813479315, 6.490463754078788, 7.071759022281418], [19.388720433066272, 7.825776917745223, 7.289831923836024]]}}