{"no_of_atoms": 114, "centre_of_mass": [4.964081922562326, 0.5012666379961592, 7.500403252964894], "maximum_diameter": {"diameter": 19.733026975425062, "atom_1": 63, "atom_2": 111}, "pore_diameter": {"diameter": 1.017024298930986, "atom": 13}, "pore_volume": 0.5507983241133885, "pore_diameter_opt": {"diameter": 2.773999951857912, "atom_1": 13, "centre_of_mass": [4.455569773096833, 1.0097787874616522, 8.008915402430386]}, "pore_volume_opt": 11.176812617282735, "windows": {"diameters": [4.661377928920169, 4.661181663242713], "centre_of_mass": [[3.0759241228812257, 1.6859836981970064, 7.0551137609171635], [2.2557673665171185, 0.13245510782731007, 7.292381391250252]]}}