{"no_of_atoms": 122, "centre_of_mass": [1.8090229104325644, 15.773115807611727, 20.28441714382353], "maximum_diameter": {"diameter": 16.319063724306503, "atom_1": 37, "atom_2": 111}, "pore_diameter": {"diameter": 6.065547456594183, "atom": 31}, "pore_volume": 116.84459759921349, "pore_diameter_opt": {"diameter": 6.381745228803201, "atom_1": 31, "centre_of_mass": [1.9158621314160211, 15.868771975855728, 20.506776184919815]}, "pore_volume_opt": 136.08711565758105, "windows": {"diameters": [5.10965880151872, 4.714227951969628], "centre_of_mass": [[4.947336804147986, 15.613699668227374, 20.913155797183933], [-1.4887076890771433, 16.07889733121638, 19.714673575440568]]}}