{"no_of_atoms": 135, "centre_of_mass": [4.920854476601654, 12.087014916345666, 20.10927408372134], "maximum_diameter": {"diameter": 30.619215372439516, "atom_1": 121, "atom_2": 127}, "pore_diameter": {"diameter": 1.3769491650842967, "atom": 44}, "pore_volume": 1.3669491001891805, "pore_diameter_opt": {"diameter": 1.7908619561552803, "atom_1": 52, "centre_of_mass": [5.198861551919169, 12.424768564630213, 20.33385759889407]}, "pore_volume_opt": 3.0073567828259047, "windows": {"diameters": [1.1660610141444603, 1.1280025579174793, 1.1608599083489604], "centre_of_mass": [[5.3739401263337925, 13.334489285151493, 21.270070673118894], [4.390504529463604, 11.429677360593498, 20.780058721937532], [5.73602578960824, 12.70828860695168, 19.02812955424391]]}}