{"no_of_atoms": 85, "centre_of_mass": [14.30046326991354, 2.986551463319634, 14.237413503668211], "maximum_diameter": {"diameter": 25.31864168442046, "atom_1": 80, "atom_2": 83}, "pore_diameter": {"diameter": 1.5562712607941065, "atom": 0}, "pore_volume": 1.9735789979770089, "pore_diameter_opt": {"diameter": 1.8846836700168406, "atom_1": 36, "centre_of_mass": [14.300626258740724, 2.5771393292755898, 14.23763420840274]}, "pore_volume_opt": 3.5052098634030506, "windows": {"diameters": [1.1811905468272879, 1.1631806636429247, 1.2122218133387013], "centre_of_mass": [[13.519343121888973, 1.7107291521939079, 15.126572118109475], [14.419053045614476, 3.9797873613547754, 14.114438995627461], [15.310343720718473, 1.927458232791896, 13.078853878976659]]}}