{"no_of_atoms": 84, "centre_of_mass": [13.893062403895271, 8.021175342792894, 28.327205620012325], "maximum_diameter": {"diameter": 22.804558551214658, "atom_1": 7, "atom_2": 83}, "pore_diameter": {"diameter": 1.6663682777737097, "atom": 23}, "pore_volume": 2.4227666714709226, "pore_diameter_opt": {"diameter": 1.798741885202649, "atom_1": 23, "centre_of_mass": [13.890732092415357, 8.014508278286806, 28.407132948945762]}, "pore_volume_opt": 3.0472295092458936, "windows": {"diameters": [1.127592362708754, 1.0889491345725344, 1.0839325021635138], "centre_of_mass": [[13.28444891888763, 6.448377585330164, 28.42317735903956], [12.971295799081721, 9.12237284089258, 28.422578930244192], [15.306217948872426, 7.839858862970011, 28.388367391373325]]}}