{"no_of_atoms": 121, "centre_of_mass": [13.859127403907335, 23.849180197148577, 4.054408079746634], "maximum_diameter": {"diameter": 22.80455997517807, "atom_1": 4, "atom_2": 112}, "pore_diameter": {"diameter": 1.4541339349681652, "atom": 32}, "pore_volume": 1.6099480086797042, "pore_diameter_opt": {"diameter": 1.8019914332140146, "atom_1": 52, "centre_of_mass": [13.893504885595993, 24.06330312067014, 3.9745620171707]}, "pore_volume_opt": 3.063774437044989, "windows": {"diameters": [1.0882653441733825, 1.088695724934086, 1.0834917862635796], "centre_of_mass": [[14.805781238734205, 22.975853013133857, 3.9604914207753903], [12.477178926608588, 23.816475966492586, 3.960514850943691], [14.741400161486133, 25.16951133119633, 3.994623628817671]]}}