{"no_of_atoms": 87, "centre_of_mass": [5.871937181015413, 13.90868480794207, 14.006420796935142], "maximum_diameter": {"diameter": 26.390368584191457, "atom_1": 71, "atom_2": 82}, "pore_diameter": {"diameter": 1.1171531624450508, "atom": 27}, "pore_volume": 0.7300233982797152, "pore_diameter_opt": {"diameter": 1.888283956469945, "atom_1": 38, "centre_of_mass": [5.432246210632154, 13.585344817716662, 13.832306453265677]}, "pore_volume_opt": 3.5253361304778505, "windows": {"diameters": [1.1657515053101979, 1.2034570615187437, 1.1628022484427247], "centre_of_mass": [[5.981540493483758, 13.10541595606599, 15.080329797463063], [6.246253869686365, 14.56465524071863, 13.388906936002913], [4.311471863726494, 13.21107005599529, 13.047886333303492]]}}