{"no_of_atoms": 84, "centre_of_mass": [1.7272648875112143e-05, 0.00024702846491115004, 52.62857532687217], "maximum_diameter": {"diameter": 22.804558551214654, "atom_1": 77, "atom_2": 80}, "pore_diameter": {"diameter": 1.6667797792054562, "atom": 39}, "pore_volume": 2.424561985601011, "pore_diameter_opt": {"diameter": 1.8017080185242373, "atom_1": 39, "centre_of_mass": [-0.0007262498066274045, 0.0023750255306597278, 52.54850068198615]}, "pore_volume_opt": 3.062329065932507, "windows": {"diameters": [1.0879985227553068, 1.083591709161206, 1.15161251843374], "centre_of_mass": [[-0.9072013759767751, -1.080315084140951, 52.53354392844645], [-0.8573924497107469, 1.1236550878680787, 52.56760433169993], [1.7467149163943754, -0.263316778823116, 52.53269385302199]]}}