{"no_of_atoms": 84, "centre_of_mass": [13.893144724604797, 8.021142166676615, 92.63757829210533], "maximum_diameter": {"diameter": 22.475686297409112, "atom_1": 77, "atom_2": 80}, "pore_diameter": {"diameter": 1.6407818408171768, "atom": 9}, "pore_volume": 2.3128695844664846, "pore_diameter_opt": {"diameter": 1.838175915627137, "atom_1": 1, "centre_of_mass": [13.89325141960907, 8.020676676137658, 92.75374316270003]}, "pore_volume_opt": 3.2520696392450037, "windows": {"diameters": [1.1320088526444363, 1.1347313182224865, 1.1265414531285534], "centre_of_mass": [[14.8913924836264, 9.053881365743488, 92.76558874697086], [14.306651170312653, 6.596243178576008, 92.7654922398506], [12.462679928260503, 7.989007538054081, 92.74221918994958]]}}