{"no_of_atoms": 84, "centre_of_mass": [13.893034545297754, 8.021197911732903, 69.274158685745], "maximum_diameter": {"diameter": 22.47600647668283, "atom_1": 56, "atom_2": 77}, "pore_diameter": {"diameter": 1.6407955671235563, "atom": 39}, "pore_volume": 2.312927631346327, "pore_diameter_opt": {"diameter": 1.8391050155332551, "atom_1": 39, "centre_of_mass": [13.892846227761634, 8.020973194741654, 69.15750043632227]}, "pore_volume_opt": 3.257003375511542, "windows": {"diameters": [1.1281839837150724, 1.1303457118250324, 1.1254669747568982], "centre_of_mass": [[15.371735914908413, 8.04934959554824, 69.16946583311366], [12.913560360838398, 7.013181377491556, 69.14588922602155], [13.150752011659321, 9.24134422527274, 69.16926564053816]]}}