{"no_of_atoms": 84, "centre_of_mass": [15.391690067464024, 0.1852638632941286, 65.03487292350759], "maximum_diameter": {"diameter": 23.97043988348331, "atom_1": 0, "atom_2": 76}, "pore_diameter": {"diameter": 1.5536824086017185, "atom": 31}, "pore_volume": 1.9637462461053274, "pore_diameter_opt": {"diameter": 1.8320067963513913, "atom_1": 22, "centre_of_mass": [15.57682979778544, 0.025173467707747445, 64.85468065244997]}, "pore_volume_opt": 3.2194365016447124, "windows": {"diameters": [1.0921702761291079, 1.1119465522517733, 1.183772878245819], "centre_of_mass": [[16.33302017173946, 0.7306891993741913, 65.775269008006], [14.113493989658908, -0.1552904466942018, 64.71555547632445], [16.47489954086717, -0.6006134923608454, 63.93362299513053]]}}