{"no_of_atoms": 84, "centre_of_mass": [6.357497917703171, 10.641438650188729, 65.03487292350759], "maximum_diameter": {"diameter": 23.970887827218316, "atom_1": 7, "atom_2": 76}, "pore_diameter": {"diameter": 1.554660409243049, "atom": 35}, "pore_volume": 1.9674569547967617, "pore_diameter_opt": {"diameter": 1.8299753752868848, "atom_1": 28, "centre_of_mass": [6.124797927084355, 10.558880123659346, 64.85367733741062]}, "pore_volume_opt": 3.20873875439175, "windows": {"diameters": [1.0942928877208336, 1.1117019043451264, 1.1820250340799396], "centre_of_mass": [[6.37559316461269, 9.502126687338915, 65.82935183308385], [6.902656659831806, 11.816551934197092, 65.00086484251362], [5.185543547766772, 10.116173527025206, 63.98429873845983]]}}