{"no_of_atoms": 84, "centre_of_mass": [8.895832089528453e-05, 0.00024702846491142484, 4.055149001970188], "maximum_diameter": {"diameter": 22.80455997517807, "atom_1": 52, "atom_2": 83}, "pore_diameter": {"diameter": 1.6656979544109993, "atom": 1}, "pore_volume": 2.4198440572146978, "pore_diameter_opt": {"diameter": 1.8023251737878154, "atom_1": 44, "centre_of_mass": [0.00023524888020714488, -1.4722616106055871e-05, 3.9746453099661854]}, "pore_volume_opt": 3.0654770454029614, "windows": {"diameters": [1.0835092079432163, 1.0660241203378962, 1.0888676435771294], "centre_of_mass": [[0.8484354644036656, 1.1064914311144283, 3.9946319164984945], [0.7482390620926389, -1.1960153217174758, 3.976196792229956], [-1.4157815221812349, -0.2463280332703955, 3.9604571657672283]]}}