{"no_of_atoms": 84, "centre_of_mass": [-6.036996585006668, 21.258151330374726, 48.84372546584676], "maximum_diameter": {"diameter": 23.97012498746667, "atom_1": 7, "atom_2": 77}, "pore_diameter": {"diameter": 1.554345131926516, "atom": 32}, "pore_volume": 1.9662602263769051, "pore_diameter_opt": {"diameter": 1.8279686017569596, "atom_1": 30, "centre_of_mass": [-6.094651174880473, 21.498313778711417, 48.65850743380951]}, "pore_volume_opt": 3.198194098962556, "windows": {"diameters": [1.099680567560235, 1.1254428357518562, 1.1814402337136705], "centre_of_mass": [[-5.213064130297053, 21.45521268335751, 49.743960474525366], [-7.044796946410794, 20.21540991348079, 48.51906455978287], [-6.394574538163856, 22.366254810947293, 47.62365408556797]]}}