{"no_of_atoms": 84, "centre_of_mass": [0.00010622566286571911, 0.0002643276483112366, 85.46530611554456], "maximum_diameter": {"diameter": 22.47568629740909, "atom_1": 70, "atom_2": 83}, "pore_diameter": {"diameter": 1.6406611302921141, "atom": 58}, "pore_volume": 2.3123591561646206, "pore_diameter_opt": {"diameter": 1.7819774206244863, "atom_1": 1, "centre_of_mass": [0.025595420312535318, 0.09064979657699412, 85.35360348551438]}, "pore_volume_opt": 2.9628196255120143, "windows": {"diameters": [1.1327893657179833, 1.129868478069867, 1.1322588718361062], "centre_of_mass": [[1.0187152108196782, -1.0582311890149831, 85.33792591416046], [-1.4890994302666207, 0.026997975967492552, 85.36092850094859], [0.39930333386550876, 1.389289975991888, 85.33748377527489]]}}