{"no_of_atoms": 84, "centre_of_mass": [2.9222472089093846e-05, 0.0002841953737057581, 93.09185099802974], "maximum_diameter": {"diameter": 22.80474351571857, "atom_1": 76, "atom_2": 83}, "pore_diameter": {"diameter": 1.6652934724547852, "atom": 1}, "pore_volume": 2.4180816507776894, "pore_diameter_opt": {"diameter": 1.8018404248377515, "atom_1": 44, "centre_of_mass": [-0.00035082902960429106, -2.6439147516080587e-05, 93.17264393322256]}, "pore_volume_opt": 3.0630042610753248, "windows": {"diameters": [1.127334041623873, 1.0888211708090396, 1.0835161234453232], "centre_of_mass": [[-0.6082105285410401, -1.5717317517113378, 93.18719043258456], [-0.9211848877829721, 1.101594161487969, 93.18652844146729], [1.402218931925223, -0.180229468980696, 93.15245348166468]]}}