{"no_of_atoms": 84, "centre_of_mass": [3.454529775027849e-05, 16.042341272463133, 27.872841314254995], "maximum_diameter": {"diameter": 22.47680659731283, "atom_1": 7, "atom_2": 80}, "pore_diameter": {"diameter": 1.6411637023917547, "atom": 32}, "pore_volume": 2.3144847929533134, "pore_diameter_opt": {"diameter": 1.8389104728466852, "atom_1": 22, "centre_of_mass": [0.0001238438161542227, 16.042253116752544, 27.98919466948992]}, "pore_volume_opt": 3.255969895925335, "windows": {"diameters": [1.1311120250929014, 1.133920869247468, 1.1254717107532826], "centre_of_mass": [[0.9987829955748649, 17.074663698107653, 28.00110342791266], [0.4127650702451207, 14.61683944587821, 28.001044668781734], [-1.4302961537940007, 16.010496898497774, 27.977757739400154]]}}