{"no_of_atoms": 85, "centre_of_mass": [7.338622043142504, 7.527180623874585, 4.745823450997942], "maximum_diameter": {"diameter": 25.3177332079009, "atom_1": 61, "atom_2": 83}, "pore_diameter": {"diameter": 1.5564373045561593, "atom": 26}, "pore_volume": 1.9742107685194992, "pore_diameter_opt": {"diameter": 1.8836190575532359, "atom_1": 2, "centre_of_mass": [7.33772176369372, 7.9344164260468535, 4.748298556648099]}, "pore_volume_opt": 3.4992731919779105, "windows": {"diameters": [1.1800751472928792, 1.1632642698618194, 1.1700893811837942], "centre_of_mass": [[6.498917466137005, 8.452758440143736, 5.71630235989222], [7.219837766472404, 6.525858578440833, 4.86864898012997], [8.142597871947286, 8.716038140791579, 3.8267559101226136]]}}