{"no_of_atoms": 84, "centre_of_mass": [-7.85612423862498, 18.847480732618227, 15.920917303826931], "maximum_diameter": {"diameter": 23.970124987466654, "atom_1": 8, "atom_2": 76}, "pore_diameter": {"diameter": 1.5548902570140615, "atom": 35}, "pore_volume": 1.9683297160514135, "pore_diameter_opt": {"diameter": 1.8276674459240208, "atom_1": 28, "centre_of_mass": [-7.79254688508949, 18.6080968205691, 16.108474629814378]}, "pore_volume_opt": 3.196613662400038, "windows": {"diameters": [1.183027582236154, 1.1120462291534081, 1.0994985766475502], "centre_of_mass": [[-7.721138558229685, 17.547195651869416, 16.99380225380619], [-7.109421867404687, 19.911261617499324, 15.954526688326691], [-8.687092598247116, 18.64968752319101, 15.012250137116787]]}}