{"no_of_atoms": 138, "centre_of_mass": [9.915901976161143, 0.900739853474545, 12.48488660151357], "maximum_diameter": {"diameter": 17.693015632042663, "atom_1": 36, "atom_2": 130}, "pore_diameter": {"diameter": 5.096104584685609, "atom": 30}, "pore_volume": 69.29687001808279, "pore_diameter_opt": {"diameter": 5.185393184305694, "atom_1": 19, "centre_of_mass": [9.965029663262332, 0.9500081577522447, 12.466336188160575]}, "pore_volume_opt": 73.0035030052899, "windows": {"diameters": [3.5019111804556937, 3.5533731640843236], "centre_of_mass": [[11.667449388598564, 0.7507725205103071, 15.216424936350212], [8.411680077410395, 0.8349837515000258, 9.90910222488999]]}}