{"no_of_atoms": 80, "centre_of_mass": [1.2884168524175523, 2.3277173776209636, 24.833617895028613], "maximum_diameter": {"diameter": 18.558074551057583, "atom_1": 28, "atom_2": 78}, "pore_diameter": {"diameter": 0.3579661270230621, "atom": 48}, "pore_volume": 0.02401731317738167, "pore_diameter_opt": {"diameter": 0.39433702964914374, "atom_1": 15, "centre_of_mass": [1.2744828273661546, 2.3137833525695792, 24.819683869977233]}, "pore_volume_opt": 0.032107116558369536, "windows": {"diameters": [0.40072474284745585, 0.48784459650092726, 0.39999069599703985], "centre_of_mass": [[1.2893436703463075, 3.837243390723458, 26.94724003216192], [1.5521244574209583, 1.9501035744090316, 22.38265744543934], [1.253411491296008, 2.435828015919491, 24.79926903166153]]}}