{"no_of_atoms": 144, "centre_of_mass": [6.259847083032385, 18.674460040477904, 12.823005958077525], "maximum_diameter": {"diameter": 18.35113972483078, "atom_1": 2, "atom_2": 142}, "pore_diameter": {"diameter": 7.227166471498451, "atom": 45}, "pore_volume": 197.6527210602944, "pore_diameter_opt": {"diameter": 7.302608151269853, "atom_1": 45, "centre_of_mass": [6.296212768558461, 18.674936695738356, 12.833025760303135]}, "pore_volume_opt": 203.907225337281, "windows": {"diameters": [6.077813358632272, 6.288282710796476], "centre_of_mass": [[4.381912096559749, 17.222918185808023, 15.453282282225311], [7.96187955872781, 19.99228773365805, 10.329543067695614]]}}