{"no_of_atoms": 196, "centre_of_mass": [10.702749608072605, 0.1057154187551063, 23.81046783711276], "maximum_diameter": {"diameter": 17.729881157102135, "atom_1": 22, "atom_2": 193}, "pore_diameter": {"diameter": 7.781132131748436, "atom": 56}, "pore_volume": 246.67605413025873, "pore_diameter_opt": {"diameter": 7.815668383296815, "atom_1": 103, "centre_of_mass": [10.715765130687474, 0.08757342494758523, 23.838820837425214]}, "pore_volume_opt": 249.97524034850878, "windows": {"diameters": [6.591437063563476, 6.575699317465946], "centre_of_mass": [[8.319849864168996, 1.25646093443042, 25.645938517385684], [13.197188399639865, -1.0314400287281893, 22.085888240198383]]}}