{"no_of_atoms": 144, "centre_of_mass": [10.824000000000007, 8.471457848802215, 11.933755277928256], "maximum_diameter": {"diameter": 17.730022154325052, "atom_1": 18, "atom_2": 134}, "pore_diameter": {"diameter": 7.811492890957231, "atom": 72}, "pore_volume": 249.5748092711603, "pore_diameter_opt": {"diameter": 7.812071028417076, "atom_1": 63, "centre_of_mass": [10.824187036380078, 8.471245280731052, 11.933697011476418]}, "pore_volume_opt": 249.6302273176888, "windows": {"diameters": [6.587075942638362, 6.578105277384981], "centre_of_mass": [[8.338024367650107, 7.386463270436324, 13.799287343529267], [13.10621243741375, 9.635934623495828, 10.328979464649095]]}}