{"no_of_atoms": 147, "centre_of_mass": [3.343941670697549, 0.751571508748558, 7.968179004693445], "maximum_diameter": {"diameter": 17.90348743746828, "atom_1": 40, "atom_2": 136}, "pore_diameter": {"diameter": 5.992984134706054, "atom": 128}, "pore_volume": 112.7010614226942, "pore_diameter_opt": {"diameter": 6.247873650344351, "atom_1": 128, "centre_of_mass": [3.252938209340189, 0.8334562374126476, 8.003661711350475]}, "pore_volume_opt": 127.7013055263419, "windows": {"diameters": [6.248764630489372, 5.9723571711563945], "centre_of_mass": [[3.252175965163272, 0.8332976148066511, 8.003651107121968], [3.4198785783951484, 1.005125413847439, 6.501136201895127]]}}