{"no_of_atoms": 70, "centre_of_mass": [-0.7497614733182945, 12.817733242113826, 19.99657918222946], "maximum_diameter": {"diameter": 10.746329318909002, "atom_1": 4, "atom_2": 56}, "pore_diameter": {"diameter": 1.2178404386498416, "atom": 33}, "pore_volume": 0.9457357249165751, "pore_diameter_opt": {"diameter": 1.2311458525136842, "atom_1": 21, "centre_of_mass": [-0.7538998280942021, 12.813594896176653, 19.992847013908275]}, "pore_volume_opt": 0.9770732904180224, "windows": {"diameters": [1.1956619034816183, 1.220574913876097, 1.2208582045835734], "centre_of_mass": [[-0.6390459697061297, 12.073433647592339, 20.554234264437294], [-2.2785441758666756, 13.192336728579415, 20.02737099135284], [-0.2668854458716759, 12.976597616048144, 19.264859792239445]]}}