{"no_of_atoms": 70, "centre_of_mass": [12.222159074491826, 4.953871691135686, 0.7883812654857439], "maximum_diameter": {"diameter": 10.746551523220997, "atom_1": 31, "atom_2": 57}, "pore_diameter": {"diameter": 1.219186368968265, "atom": 11}, "pore_volume": 0.94887481022999, "pore_diameter_opt": {"diameter": 1.2325005499491328, "atom_1": 11, "centre_of_mass": [12.226301328391767, 4.958013936315874, 0.7921110980476855]}, "pore_volume_opt": 0.9803022230858902, "windows": {"diameters": [1.2494045385580148, 1.2238967004936732, 1.3526483267588771], "centre_of_mass": [[11.365177470809689, 6.72960867647951, 3.592199183026974], [13.801411362004409, 4.585422383406696, 0.775946844897976], [12.681998258460327, 7.273617517753705, -1.7783276320375176]]}}