{"no_of_atoms": 151, "centre_of_mass": [1.1828997461027204, 4.504444857496903, 5.308049956239548], "maximum_diameter": {"diameter": 17.578799173961585, "atom_1": 75, "atom_2": 123}, "pore_diameter": {"diameter": 5.514957583577452, "atom": 76}, "pore_volume": 87.82641427438541, "pore_diameter_opt": {"diameter": 6.277815601218675, "atom_1": 76, "centre_of_mass": [1.624222931668976, 4.525199543546517, 5.828971832706328]}, "pore_volume_opt": 129.5460833644647, "windows": {"diameters": [6.644946419022871, 5.753506680940594], "centre_of_mass": [[3.4491898253750213, 4.715013172415201, 6.3551725255757905], [0.08461231462011964, 4.485571804551978, 5.288731511855987]]}}