{"no_of_atoms": 147, "centre_of_mass": [-3.0026385852877615, 3.579030250566747, 14.322096494497295], "maximum_diameter": {"diameter": 17.775952327447015, "atom_1": 50, "atom_2": 140}, "pore_diameter": {"diameter": 5.603749395239685, "atom": 76}, "pore_volume": 92.13714212081842, "pore_diameter_opt": {"diameter": 5.670194260105864, "atom_1": 89, "centre_of_mass": [-2.964364176291678, 3.5486122272657323, 14.321632033544851]}, "pore_volume_opt": 95.45362726748867, "windows": {"diameters": [5.541386756268627, 5.676010516589374], "centre_of_mass": [[-2.8681541066516814, 4.645253894644038, 15.367848217131598], [-2.979821196059672, 3.549893062751091, 14.32848269666052]]}}