{"no_of_atoms": 147, "centre_of_mass": [-3.0026535696003576, 3.579030250566747, 14.322096494497295], "maximum_diameter": {"diameter": 17.775952327447015, "atom_1": 50, "atom_2": 140}, "pore_diameter": {"diameter": 5.603725652435466, "atom": 76}, "pore_volume": 92.13597098447543, "pore_diameter_opt": {"diameter": 7.369694436889029, "atom_1": 74, "centre_of_mass": [-3.445907839368498, 1.3143303085552152, 11.520233668279563]}, "pore_volume_opt": 209.57866359954306, "windows": {"diameters": [5.638624313817929, 7.555759498264584e+44], "centre_of_mass": [[-1.2356748150113073, 6.259752077582488, 17.406102526662064], [-4.004881242409379e+43, -4.858200230640671e+43, -3.7250454448819645e+44]]}}