{"no_of_atoms": 168, "centre_of_mass": [13.06920840626085, 14.262556798455197, 15.40697150815893], "maximum_diameter": {"diameter": 22.50176129177784, "atom_1": 107, "atom_2": 134}, "pore_diameter": {"diameter": 5.588954519065561, "atom": 32}, "pore_volume": 91.40929276165252, "pore_diameter_opt": {"diameter": 5.694740281108382, "atom_1": 32, "centre_of_mass": [13.067567020072799, 14.302632518237749, 15.442285462619518]}, "pore_volume_opt": 96.69864500788398, "windows": {"diameters": [4.252612786248928, 4.136615448418226, 4.204445372624933, 4.208783188302382], "centre_of_mass": [[13.355492897843229, 16.728609761318754, 16.973587561046756], [13.322285053948352, 12.042923480023902, 17.12307281574368], [10.623644557673334, 14.465637882838205, 14.01660550283538], [14.973869540911117, 14.42118679782912, 13.766911949627723]]}}