{"no_of_atoms": 128, "centre_of_mass": [3.3105852175393697, 8.014986241254052, 5.828237518317474], "maximum_diameter": {"diameter": 17.749829944632264, "atom_1": 79, "atom_2": 97}, "pore_diameter": {"diameter": 5.076081454882816, "atom": 19}, "pore_volume": 68.48325117487947, "pore_diameter_opt": {"diameter": 5.076172322870978, "atom_1": 99, "centre_of_mass": [3.3105545622316455, 8.015019506048862, 5.828241755589679]}, "pore_volume_opt": 68.48692903941595, "windows": {"diameters": [3.2346628236135926, 3.268908463774604], "centre_of_mass": [[6.878398520475434, 8.8390299258409, 6.182895341809533], [-0.14127238739027437, 7.177618962885499, 5.490102587270326]]}}