{"no_of_atoms": 108, "centre_of_mass": [9.564294841335894, 22.33283178099259, 0.05523529374675293], "maximum_diameter": {"diameter": 17.534977499169454, "atom_1": 45, "atom_2": 71}, "pore_diameter": {"diameter": 5.215557461351683, "atom": 34}, "pore_volume": 74.28494837270676, "pore_diameter_opt": {"diameter": 5.491469455494219, "atom_1": 26, "centre_of_mass": [9.599463236977302, 22.25847640829548, 0.2034713136649139]}, "pore_volume_opt": 86.70903227818742, "windows": {"diameters": [3.8947895115658624, 3.8161096319174983, 4.016493957475301, 3.6117154191701073], "centre_of_mass": [[10.34457838467917, 23.460670409514233, 2.3966581853364834], [6.711088371604982, 22.27381765359159, 0.061079577190870066], [10.562625496313906, 19.477338308867754, 0.09493956263075487], [10.609299589732643, 23.701700136778054, -1.9883786198546969]]}}