{"no_of_atoms": 108, "centre_of_mass": [7.471600677683113, 1.2240093064782167, 25.78875928504052], "maximum_diameter": {"diameter": 17.54393653983249, "atom_1": 49, "atom_2": 62}, "pore_diameter": {"diameter": 5.3541688123161375, "atom": 78}, "pore_volume": 80.36645323684664, "pore_diameter_opt": {"diameter": 5.6405294840881, "atom_1": 78, "centre_of_mass": [7.414303279021788, 1.2944892851035605, 25.537600624314056]}, "pore_volume_opt": 93.96329623226394, "windows": {"diameters": [3.7488171516175544, 3.9088664620861775, 4.009635588810561, 4.194201532087911], "centre_of_mass": [[7.423282567738795, 2.155923129345317, 28.42127720171837], [7.4143810296056465, -1.7706693572068086, 25.53768236023764], [9.652372375053261, 2.2028702235595707, 24.33138986658459], [5.231913489109615, 2.2501502225407553, 24.32147480033473]]}}