{"no_of_atoms": 108, "centre_of_mass": [7.961519253564958, 9.52099069352178, 5.257546272616761], "maximum_diameter": {"diameter": 17.544406561920965, "atom_1": 24, "atom_2": 93}, "pore_diameter": {"diameter": 5.354577863339083, "atom": 48}, "pore_volume": 80.38487429863024, "pore_diameter_opt": {"diameter": 5.488869751463604, "atom_1": 48, "centre_of_mass": [8.023566904618509, 9.510226130051372, 5.28136536178787]}, "pore_volume_opt": 86.58594439169337, "windows": {"diameters": [4.2447479629092655, 4.02609428824139, 3.907594132961018, 3.7519640514790136], "centre_of_mass": [[10.458337785044968, 8.3818089679503, 6.859632429399674], [5.616946820981925, 8.4788966766178, 6.800993024916389], [8.018720314204122, 12.507148321262287, 5.508159930194113], [8.009838179475272, 8.570371069752118, 2.5656633710669356]]}}