{"no_of_atoms": 108, "centre_of_mass": [10.699334629682873, 6.177253788165388, 9.871031025377174], "maximum_diameter": {"diameter": 17.264189404803957, "atom_1": 4, "atom_2": 104}, "pore_diameter": {"diameter": 5.114287034370321, "atom": 30}, "pore_volume": 70.04125489053065, "pore_diameter_opt": {"diameter": 5.321784457223046, "atom_1": 17, "centre_of_mass": [10.703341114765042, 6.174294343978172, 9.981301999652988]}, "pore_volume_opt": 78.91698134178978, "windows": {"diameters": [3.829879789031492, 3.593109015915642, 3.6326920221982717, 3.637092938646733], "centre_of_mass": [[10.699514729597773, 6.1776271776344664, 12.566340226011683], [9.584927431485552, 9.052978255229826, 9.149620173494442], [14.385576591532478, 5.528985572651496, 9.040952662624228], [8.274912266209798, 3.291058115726469, 9.03558595162894]]}}