{"no_of_atoms": 108, "centre_of_mass": [10.699304311749358, 6.177315619498708, 20.804883695504127], "maximum_diameter": {"diameter": 17.46558288061008, "atom_1": 54, "atom_2": 71}, "pore_diameter": {"diameter": 5.494530145919473, "atom": 10}, "pore_volume": 86.85409588109711, "pore_diameter_opt": {"diameter": 5.660932543383543, "atom_1": 23, "centre_of_mass": [10.728872241692242, 6.181296726579193, 20.900482768356408]}, "pore_volume_opt": 94.98664791860384, "windows": {"diameters": [4.038061571646997, 3.890512398853122, 3.893447145754012, 3.889944216557295], "centre_of_mass": [[10.699128167905148, 6.177502859411374, 23.653555174395926], [9.011493221727761, 8.214600096671976, 19.992679310871452], [13.386642920737682, 6.633823102842904, 19.963537223442692], [9.805411358197764, 3.768860020947049, 20.02002008106155]]}}