{"no_of_atoms": 108, "centre_of_mass": [12.173861083788566, 12.173861083788568, 24.347962080514915], "maximum_diameter": {"diameter": 17.36271994736122, "atom_1": 7, "atom_2": 107}, "pore_diameter": {"diameter": 5.495916336535586, "atom": 78}, "pore_volume": 86.9198485694765, "pore_diameter_opt": {"diameter": 5.496127075773991, "atom_1": 78, "centre_of_mass": [12.173945526684625, 12.173943417799961, 24.347946590825703]}, "pore_volume_opt": 86.92984769825853, "windows": {"diameters": [3.7158117851207577, 3.702464403461945, 3.7052110896095773, 3.702064618244122], "centre_of_mass": [[10.493732151520604, 13.854285458864029, 26.028336163452106], [13.760971375369687, 10.587003237784092, 25.934975436056902], [10.556260204929304, 10.556219493241006, 22.730209109334744], [13.754574939502627, 13.754548091542953, 22.76742265863438]]}}