{"no_of_atoms": 108, "centre_of_mass": [6.086906579604433, 6.086906579604433, 6.086906579604434], "maximum_diameter": {"diameter": 17.402321504947924, "atom_1": 21, "atom_2": 107}, "pore_diameter": {"diameter": 5.541192009215477, "atom": 44}, "pore_volume": 89.08574579463577, "pore_diameter_opt": {"diameter": 5.541192009215477, "atom_1": 44, "centre_of_mass": [6.086906579604433, 6.086906579604433, 6.086906579604434]}, "pore_volume_opt": 89.08574579463577, "windows": {"diameters": [3.7444675277246904, 3.7309762982961074, 3.7342476549302703, 3.7305503639266884], "centre_of_mass": [[4.3967855760207595, 7.77696222078541, 7.7772490950076465], [7.683491720725739, 4.49050037035915, 7.683190833735007], [4.459452687264131, 4.459474660049407, 4.459492621361145], [7.676434473108244, 7.676802479827635, 4.497306930738196]]}}