{"no_of_atoms": 81, "centre_of_mass": [7.481943985644895, 5.929494124241259, 13.156623741011323], "maximum_diameter": {"diameter": 14.318451177971596, "atom_1": 53, "atom_2": 76}, "pore_diameter": {"diameter": 2.316032552206756, "atom": 47}, "pore_volume": 6.504779806638865, "pore_diameter_opt": {"diameter": 2.3668729955357697, "atom_1": 15, "centre_of_mass": [7.464267781807966, 5.910944174880927, 13.157409679572215]}, "pore_volume_opt": 6.9426214586886426, "windows": {"diameters": [2.266512646271057, 1.9980933047476355, 1.929249880039801], "centre_of_mass": [[9.127648369182534, 5.68904219751402, 14.573814488038376], [6.353864287351406, 6.140385765617702, 12.381854541378603], [8.693870204907872, 5.644415314419219, 12.723224657636806]]}}