{"no_of_atoms": 81, "centre_of_mass": [13.522943985644899, 2.9315058757587407, 1.1250892755685897], "maximum_diameter": {"diameter": 14.318451177971596, "atom_1": 13, "atom_2": 61}, "pore_diameter": {"diameter": 2.3159969959186166, "atom": 41}, "pore_volume": 6.504480222411349, "pore_diameter_opt": {"diameter": 2.3668550320189197, "atom_1": 41, "centre_of_mass": [13.50535698155474, 2.9501533829669744, 1.1262998764713088]}, "pore_volume_opt": 6.942463385630304, "windows": {"diameters": [2.2786854613489465, 2.1951238841115583, 1.9210682846978266], "centre_of_mass": [[11.626856011943646, 2.532494795936378, 1.9490613674313346], [11.720712812703438, 2.5397327702742256, 2.076780744892727], [14.607964485757622, 3.193770484785764, 0.7429937196222764]]}}