{"no_of_atoms": 139, "centre_of_mass": [16.96469384731401, 20.165216220392036, 0.14685297545412812], "maximum_diameter": {"diameter": 19.235318408050897, "atom_1": 43, "atom_2": 99}, "pore_diameter": {"diameter": 5.036450116812105, "atom": 135}, "pore_volume": 66.89169993315069, "pore_diameter_opt": {"diameter": 5.963695071378432, "atom_1": 6, "centre_of_mass": [16.94852266258416, 19.5295931054942, 0.8251055018127339]}, "pore_volume_opt": 111.05673743559157, "windows": {"diameters": [5.8280956456972355, 5.799179746890699, 5.008797859849137], "centre_of_mass": [[18.471650411149895, 20.953904164108376, 1.84487326727147], [15.075808419716452, 18.741450970189703, 1.107467107319195], [16.36042548146109, 19.96640495132072, -1.8226927020480859]]}}