{"no_of_atoms": 172, "centre_of_mass": [11.87968160280241, 11.879681602802405, 16.917583402683196], "maximum_diameter": {"diameter": 21.444746848148892, "atom_1": 2, "atom_2": 170}, "pore_diameter": {"diameter": 7.263619118149782, "atom": 78}, "pore_volume": 200.6586155251107, "pore_diameter_opt": {"diameter": 7.26432039731311, "atom_1": 87, "centre_of_mass": [11.879670467482416, 11.880122119750457, 16.91765447961532]}, "pore_volume_opt": 200.71673997657297, "windows": {"diameters": [7.264320321767956, 7.213416499433748], "centre_of_mass": [[11.879652034617969, 11.88006638104832, 16.917655408544185], [11.879697568258765, 11.880069223844906, 16.192919464176427]]}}