{"no_of_atoms": 190, "centre_of_mass": [29.756107339359087, 5.989712612554697, 10.785716716595736], "maximum_diameter": {"diameter": 18.878620302288446, "atom_1": 72, "atom_2": 180}, "pore_diameter": {"diameter": 4.531438193499218, "atom": 43}, "pore_volume": 48.719946728132086, "pore_diameter_opt": {"diameter": 4.833078704628992, "atom_1": 43, "centre_of_mass": [29.509379941399807, 5.956892520629462, 10.653215116403794]}, "pore_volume_opt": 59.111261095417824, "windows": {"diameters": [1.9751244361701263, 4.3546846118101], "centre_of_mass": [[36.29963738965892, 7.110930269177988, 11.215953463826366], [24.871700887346933, 4.727746497417319, 9.100486573043888]]}}