{"no_of_atoms": 190, "centre_of_mass": [12.204539060819185, 39.23673921339218, 1.4240266188376172], "maximum_diameter": {"diameter": 18.877935471189257, "atom_1": 9, "atom_2": 188}, "pore_diameter": {"diameter": 4.531174918561504, "atom": 83}, "pore_volume": 48.7114553870757, "pore_diameter_opt": {"diameter": 4.832328391274608, "atom_1": 14, "centre_of_mass": [12.451987263843415, 39.203470242883355, 1.291031883238827]}, "pore_volume_opt": 59.083735110706655, "windows": {"diameters": [1.9638521141380942, 4.316408658114529], "centre_of_mass": [[5.683802044921244, 40.3566947093294, 1.8464099146017732], [17.35950995632325, 38.00861123927138, -0.3680312824767955]]}}