{"no_of_atoms": 190, "centre_of_mass": [40.17818805559483, 39.2367254621118, 7.665207680933956], "maximum_diameter": {"diameter": 18.87793547118926, "atom_1": 66, "atom_2": 182}, "pore_diameter": {"diameter": 4.530866647839543, "atom": 102}, "pore_volume": 48.70151406222927, "pore_diameter_opt": {"diameter": 4.825767062436228, "atom_1": 16, "centre_of_mass": [40.42209418356477, 39.19863905752575, 7.542997639010189]}, "pore_volume_opt": 58.843390303529574, "windows": {"diameters": [1.9638388713610246, 4.3159066703560605], "centre_of_mass": [[33.657802164801275, 40.356692588783524, 8.087424593049647], [45.333591030819825, 38.008630498417695, 5.873203552307408]]}}