{"no_of_atoms": 190, "centre_of_mass": [43.74301115325438, 27.25734491173484, 7.6652094089512275], "maximum_diameter": {"diameter": 18.879348999287398, "atom_1": 95, "atom_2": 174}, "pore_diameter": {"diameter": 4.530916080988067, "atom": 21}, "pore_volume": 48.70310812510825, "pore_diameter_opt": {"diameter": 4.833250462352568, "atom_1": 21, "centre_of_mass": [43.495388596436776, 27.28996425373078, 7.532213129237078]}, "pore_volume_opt": 59.11756339902917, "windows": {"diameters": [1.864208920064716, 4.34874096730203], "centre_of_mass": [[48.46667221931254, 28.539776594745536, 10.905895522565807], [38.834945891835446, 28.51633518971896, 5.970816530511501]]}}