{"no_of_atoms": 109, "centre_of_mass": [3.0524177717508496, 3.702169463929847, 20.957215624923116], "maximum_diameter": {"diameter": 16.791258979106125, "atom_1": 7, "atom_2": 108}, "pore_diameter": {"diameter": 0.7528399628657492, "atom": 52}, "pore_volume": 0.22341206158266486, "pore_diameter_opt": {"diameter": 1.6335593047012504, "atom_1": 57, "centre_of_mass": [3.0563717264545276, 3.325749482496972, 21.33363560635599]}, "pore_volume_opt": 2.282460862816326, "windows": {"diameters": [2.8903055113082776, 2.394710708741638], "centre_of_mass": [[3.06146075248059, 2.308588751483321, 20.173176718452517], [2.9309717228204417, 2.6687128106148927, 19.91308828971433]]}}