{"no_of_atoms": 108, "centre_of_mass": [5.187181749327877, 9.809114468721157, 7.125529134063639], "maximum_diameter": {"diameter": 14.519239077025778, "atom_1": 29, "atom_2": 84}, "pore_diameter": {"diameter": 5.013677534561472, "atom": 1}, "pore_volume": 65.9884330989861, "pore_diameter_opt": {"diameter": 5.014086195062712, "atom_1": 1, "centre_of_mass": [5.187298437215831, 9.809279755225003, 7.125557687543423]}, "pore_volume_opt": 66.00457039385553, "windows": {"diameters": [3.498664620408192, 3.4969034379638373], "centre_of_mass": [[6.479318036454177, 9.931999511273235, 9.835697271987023], [3.941323906518532, 9.690883087067533, 4.496224506483829]]}}