{"no_of_atoms": 108, "centre_of_mass": [5.187181749327876, 9.809114468721157, 7.1255291340636395], "maximum_diameter": {"diameter": 14.519239077025778, "atom_1": 29, "atom_2": 84}, "pore_diameter": {"diameter": 5.013677534561465, "atom": 1}, "pore_volume": 65.98843309898582, "pore_diameter_opt": {"diameter": 5.014086196216235, "atom_1": 1, "centre_of_mass": [5.187298436002813, 9.80927975838719, 7.125557678192331]}, "pore_volume_opt": 66.00457043940987, "windows": {"diameters": [3.4986645511279315, 3.4969034619653794], "centre_of_mass": [[6.479317944166994, 9.931999522019964, 9.835697071563104], [3.941323998213715, 9.690883111660524, 4.49622469294938]]}}