{"no_of_atoms": 128, "centre_of_mass": [8.250026241963976, 8.817000000000004, 11.307000000000002], "maximum_diameter": {"diameter": 19.271414833184526, "atom_1": 50, "atom_2": 122}, "pore_diameter": {"diameter": 5.122265124324244, "atom": 48}, "pore_volume": 70.36955143359127, "pore_diameter_opt": {"diameter": 5.122289359715094, "atom_1": 48, "centre_of_mass": [8.250020569911484, 8.816995733414034, 11.307009823246386]}, "pore_volume_opt": 70.37055027391519, "windows": {"diameters": [3.5812024807757163, 3.584437043704807], "centre_of_mass": [[7.2663251934740964, 10.956698080316208, 13.284809992613672], [9.271249500945977, 6.615462343081017, 9.273714209575834]]}}