{"no_of_atoms": 480, "centre_of_mass": [2.1103018746597703e-05, 17.955132313933277, 6.566676433440119], "maximum_diameter": {"diameter": 30.319284799013637, "atom_1": 197, "atom_2": 442}, "pore_diameter": {"diameter": 11.430278557813354, "atom": 225}, "pore_volume": 781.9321416821437, "pore_diameter_opt": {"diameter": 11.430853739985356, "atom_1": 35, "centre_of_mass": [-0.00024070997894186854, 17.9550852717671, 6.566926093729117]}, "pore_volume_opt": 782.0501902645268, "windows": {"diameters": [6.243453901889589, 7.2004073819638705, 7.164903784512719, 7.421903111328399, 7.573150339634765, 6.642592955455363], "centre_of_mass": [[5.0531377328290255, 20.437979304200763, 10.516136541067606], [-7.6873905737169945, 19.606955766880613, 15.23506735845552], [2.3132448749582344, 10.855225233297972, 14.825407416044614], [1.831110177656914, 27.97973275724532, 2.2122690172355917], [8.028521446700847, 16.552709603964022, -1.1397736396457834], [-5.572843140593093, 14.949722771179413, 3.0318206731051163]]}}