{"no_of_atoms": 204, "centre_of_mass": [19.721210300869753, 19.721210300869753, 19.721210300869767], "maximum_diameter": {"diameter": 22.797056458185306, "atom_1": 19, "atom_2": 201}, "pore_diameter": {"diameter": 5.354435941278302, "atom": 31}, "pore_volume": 80.37848271094613, "pore_diameter_opt": {"diameter": 5.354435941278302, "atom_1": 31, "centre_of_mass": [19.721210300869725, 19.721210300869725, 19.72121030086974]}, "pore_volume_opt": 80.37848271094613, "windows": {"diameters": [3.558429345603996, 3.5582473556015866, 3.566309063539992, 3.564395484957553], "centre_of_mass": [[18.130511762681827, 21.312486110194055, 21.312512888872494], [21.310972410319398, 18.132021177111113, 21.3110535895809], [18.07561715612745, 18.075598882671116, 18.07555278220595], [21.356893251035604, 21.356902167367657, 18.086137636106244]]}}