{"no_of_atoms": 144, "centre_of_mass": [9.697306481732276, 5.5987666049717095, 2.291151336974839], "maximum_diameter": {"diameter": 17.858812837711916, "atom_1": 75, "atom_2": 81}, "pore_diameter": {"diameter": 7.61611090670711, "atom": 21}, "pore_volume": 231.31212657282364, "pore_diameter_opt": {"diameter": 7.616358801458912, "atom_1": 133, "centre_of_mass": [9.697326404791067, 5.598738671868943, 2.291032225624446]}, "pore_volume_opt": 231.33471405716057, "windows": {"diameters": [6.308089784514411, 6.312881738439374], "centre_of_mass": [[11.748319625898198, 4.313304246993768, 3.8934044797876246], [7.743761524048903, 7.508841852870198, 0.4034347543578287]]}}