{"no_of_atoms": 144, "centre_of_mass": [9.697348614873002, 27.993716129469117, 11.456299704315635], "maximum_diameter": {"diameter": 17.858812837711913, "atom_1": 41, "atom_2": 117}, "pore_diameter": {"diameter": 7.614933690259242, "atom": 39}, "pore_volume": 231.2048819348685, "pore_diameter_opt": {"diameter": 7.61539787552516, "atom_1": 39, "centre_of_mass": [9.69731129152391, 27.99376841461284, 11.456522729474852]}, "pore_volume_opt": 231.24716533987763, "windows": {"diameters": [6.308096599913196, 6.3120789310813725], "centre_of_mass": [[11.74836049685575, 26.708345751387714, 13.05840349752946], [7.743337053588017, 29.90366886441734, 9.568790946093657]]}}