{"no_of_atoms": 83, "centre_of_mass": [0.012799232993369521, 24.35872632648963, 14.514624415548406], "maximum_diameter": {"diameter": 16.476178684921678, "atom_1": 75, "atom_2": 76}, "pore_diameter": {"diameter": 0.6135542992172502, "atom": 12}, "pore_volume": 0.12093656612193264, "pore_diameter_opt": {"diameter": 1.41126217135128, "atom_1": 12, "centre_of_mass": [0.011228208038787251, 24.665503476098255, 14.82140156515703]}, "pore_volume_opt": 1.4717082479031858, "windows": {"diameters": [1.2285345239105419, 1.178486326328812], "centre_of_mass": [[0.7734755886800494, 25.866306285575313, 15.377993733187681], [0.7898637847407628, 24.241057012845253, 14.412709659729677]]}}