{"no_of_atoms": 83, "centre_of_mass": [18.78143101827415, 6.1322773770363606, 6.011377286936185], "maximum_diameter": {"diameter": 16.64301011854933, "atom_1": 6, "atom_2": 72}, "pore_diameter": {"diameter": 1.1384890503813945, "atom": 56}, "pore_volume": 0.7726542477323575, "pore_diameter_opt": {"diameter": 1.6888692436285955, "atom_1": 10, "centre_of_mass": [18.78055437081577, 6.461119133221588, 5.8964264202342545]}, "pore_volume_opt": 2.5222417055289874, "windows": {"diameters": [1.4457850410315944, 1.316158766429211, 1.4836056380095899], "centre_of_mass": [[20.2513147280105, 6.104383539208532, 5.568984453539446], [18.780052468505218, 5.510580679019222, 5.652130753975396], [18.104819588879938, 7.690259871011822, 4.737797637660308]]}}