{"no_of_atoms": 83, "centre_of_mass": [5.517546179450402, 17.919018224404525, 14.47524684782667], "maximum_diameter": {"diameter": 16.39697480185293, "atom_1": 0, "atom_2": 76}, "pore_diameter": {"diameter": 1.1198727179493893, "atom": 61}, "pore_volume": 0.7353678116721439, "pore_diameter_opt": {"diameter": 1.521521380072533, "atom_1": 61, "centre_of_mass": [5.543354359000884, 17.64684040183679, 14.50434018639496]}, "pore_volume_opt": 1.844305240758439, "windows": {"diameters": [1.0760138934130214, 1.0718229796688297, 1.4106942064600831, 1.5696703993646586], "centre_of_mass": [[6.196131885391085, 16.98268994782581, 14.965005965944734], [6.262174983341341, 18.629877560235073, 14.395141200232374], [3.8660508297096596, 17.885459528798382, 14.514584241823325], [6.097676015439357, 17.218134618224042, 13.373293351265662]]}}