{"no_of_atoms": 83, "centre_of_mass": [12.34538234818475, 0.16513138631650198, 6.230533915519086], "maximum_diameter": {"diameter": 16.475455403159003, "atom_1": 0, "atom_2": 76}, "pore_diameter": {"diameter": 0.6140371689444799, "atom": 62}, "pore_volume": 0.12122232360351123, "pore_diameter_opt": {"diameter": 1.4120787578165768, "atom_1": 15, "centre_of_mass": [12.347313540086132, -0.14188719815573797, 5.923515331046846]}, "pore_volume_opt": 1.4742644119565846, "windows": {"diameters": [1.1902016998744838, 1.2293333672407325], "centre_of_mass": [[11.588819795342706, 0.2292800911248809, 6.334985430598305], [11.586330895147297, -1.3408585878453485, 5.370066668669992]]}}