{"no_of_atoms": 108, "centre_of_mass": [-9.081037579752019, 11.533640516030655, 27.1147215842061], "maximum_diameter": {"diameter": 14.706108334195418, "atom_1": 27, "atom_2": 90}, "pore_diameter": {"diameter": 5.14423109628847, "atom": 6}, "pore_volume": 71.2787431633017, "pore_diameter_opt": {"diameter": 5.191980507635087, "atom_1": 6, "centre_of_mass": [-9.093683225113404, 11.538766373711644, 27.134317130451713]}, "pore_volume_opt": 73.28207909425761, "windows": {"diameters": [3.7597106910533853, 3.6649572444015552], "centre_of_mass": [[-8.070529721077298, 14.012419644326213, 28.951156497980282], [-10.369029937578423, 9.369107417717878, 25.10614856225798]]}}