{"no_of_atoms": 108, "centre_of_mass": [5.601561944745394, 25.23714013081337, 26.719277725612933], "maximum_diameter": {"diameter": 14.445153158440379, "atom_1": 8, "atom_2": 106}, "pore_diameter": {"diameter": 5.342726313761544, "atom": 20}, "pore_volume": 79.85229547847325, "pore_diameter_opt": {"diameter": 5.361076412507902, "atom_1": 22, "centre_of_mass": [5.599383162900994, 25.23765248572518, 26.73843819873403]}, "pore_volume_opt": 80.6779054117285, "windows": {"diameters": [3.9773248833363546, 3.9193020297642907], "centre_of_mass": [[6.292611681661232, 27.750161460600363, 28.58419183684978], [4.81621969998412, 22.64238908825757, 24.833113218804503]]}}