{"no_of_atoms": 132, "centre_of_mass": [14.109288801459888, 22.81120758918735, 3.201178689580974], "maximum_diameter": {"diameter": 23.38542220980187, "atom_1": 16, "atom_2": 125}, "pore_diameter": {"diameter": 0.4043422614490537, "atom": 43}, "pore_volume": 0.03461354093430203, "pore_diameter_opt": {"diameter": 0.43452857575349757, "atom_1": 43, "centre_of_mass": [14.09932225230794, 22.821174077713387, 3.2111451945330316]}, "pore_volume_opt": 0.04295894908365839, "windows": {"diameters": [0.7890281150774299, 0.5052635595334318], "centre_of_mass": [[14.689309259239295, 22.053162972769073, 4.436837648615215], [14.040626367740474, 22.9719161489613, 2.884767629578432]]}}