{"no_of_atoms": 77, "centre_of_mass": [10.456014477132813, 4.3997151351516415, 5.880816694241302], "maximum_diameter": {"diameter": 15.52350178926057, "atom_1": 16, "atom_2": 51}, "pore_diameter": {"diameter": 0.9436149201594461, "atom": 55}, "pore_volume": 0.4399294339849241, "pore_diameter_opt": {"diameter": 1.2759808429331372, "atom_1": 4, "centre_of_mass": [10.450773692960372, 4.450460025787198, 5.719935027045349]}, "pore_volume_opt": 1.0877549909418762, "windows": {"diameters": [0.9117915642368675, 0.6962188295911749], "centre_of_mass": [[12.16381165556186, 4.9256235695404795, 8.019143743420175], [9.751639852825935, 5.6218943551613405, 4.713639992206741]]}}