{"no_of_atoms": 100, "centre_of_mass": [3.57000412187668, 16.836313108955846, 16.49326800625593], "maximum_diameter": {"diameter": 17.39972440617766, "atom_1": 51, "atom_2": 74}, "pore_diameter": {"diameter": 3.92837385238983, "atom": 15}, "pore_volume": 31.742202458634516, "pore_diameter_opt": {"diameter": 4.239143533701137, "atom_1": 29, "centre_of_mass": [3.389751956310364, 16.615656597467613, 16.689853223727585]}, "pore_volume_opt": 39.887148242882525, "windows": {"diameters": [3.9679401576608453, 3.89947337224308, 4.104627937520281], "centre_of_mass": [[2.1351987807449233, 15.453201809030515, 16.511594174263923], [6.448896495169183, 16.26470974992272, 17.499719207035916], [-0.03934853964485052, 18.10092997492424, 14.848967804041902]]}}