{"no_of_atoms": 202, "centre_of_mass": [19.08571590195283, 14.68231273104601, -0.15855662154135983], "maximum_diameter": {"diameter": 14.694653850586517, "atom_1": 15, "atom_2": 192}, "pore_diameter": {"diameter": 4.919697160444963, "atom": 84}, "pore_volume": 62.34673743826203, "pore_diameter_opt": {"diameter": 5.145077192526465, "atom_1": 84, "centre_of_mass": [19.016195415162496, 14.768299765667482, -0.18029464480254823]}, "pore_volume_opt": 71.31391961345143, "windows": {"diameters": [3.8073001874444126, 3.822482590809221], "centre_of_mass": [[20.231261021519963, 14.615233477197126, 2.8021446779856487], [17.702104479429956, 14.952273596838518, -3.0206205146962857]]}}