{"no_of_atoms": 108, "centre_of_mass": [10.465575107339191, 9.053553220175758, 26.6713484842101], "maximum_diameter": {"diameter": 14.495866554976958, "atom_1": 52, "atom_2": 66}, "pore_diameter": {"diameter": 5.262767374680825, "atom": 85}, "pore_volume": 76.32048885068318, "pore_diameter_opt": {"diameter": 5.272918247320295, "atom_1": 85, "centre_of_mass": [10.468197268217528, 9.054599072970293, 26.66713060344405]}, "pore_volume_opt": 76.76296412285834, "windows": {"diameters": [3.903986089552684, 3.917021576279268], "centre_of_mass": [[9.555947957211925, 6.230271566852114, 26.838333133934658], [11.583564033156565, 12.124184766421921, 26.506028508664418]]}}