{"no_of_atoms": 54, "centre_of_mass": [4.32664721329995, 3.69494202348736, 9.926408659804247], "maximum_diameter": {"diameter": 13.455852650686777, "atom_1": 17, "atom_2": 33}, "pore_diameter": {"diameter": 3.996438840998635, "atom": 38}, "pore_volume": 33.42089960942384, "pore_diameter_opt": {"diameter": 4.152684479288288, "atom_1": 7, "centre_of_mass": [4.320465623209472, 3.613364201513309, 9.979870246274176]}, "pore_volume_opt": 37.496041950173804, "windows": {"diameters": [3.1384063343678803, 3.370444163261484, 2.9435150530058762], "centre_of_mass": [[4.050706559685557, 4.636065428021939, 11.760854859991687], [4.622813362287172, 1.8176878156102285, 9.818854293229032], [3.933005755885635, 4.693858214196395, 8.187596895686886]]}}