{"no_of_atoms": 102, "centre_of_mass": [1.0700070460370492e-05, 8.256690756866536, 40.93598352673145], "maximum_diameter": {"diameter": 13.727399014496754, "atom_1": 44, "atom_2": 99}, "pore_diameter": {"diameter": 4.078074259706529, "atom": 60}, "pore_volume": 35.511090711027734, "pore_diameter_opt": {"diameter": 4.127711209177262, "atom_1": 60, "centre_of_mass": [0.00022536578481794793, 8.256449971967271, 40.97774090070868]}, "pore_volume_opt": 36.82362477459612, "windows": {"diameters": [1.3512082605163669, 1.342043516749301, 1.3150157682210812, 1.8660432067856694], "centre_of_mass": [[3.1892607680694653, 8.74398181959268, 41.445792770487984], [-0.725934034394549, 4.736598457398266, 42.13846258532799], [-2.3651051169983828, 10.332437147548905, 41.9369251233271], [-0.00025315004275834233, 8.256316956785357, 36.93918033412568]]}}