{"no_of_atoms": 312, "centre_of_mass": [0.00023699006441045526, 0.00112104727047075, 0.00027564055094705784], "maximum_diameter": {"diameter": 31.97797285051451, "atom_1": 177, "atom_2": 298}, "pore_diameter": {"diameter": 3.751368018277608, "atom": 186}, "pore_volume": 27.64188380525064, "pore_diameter_opt": {"diameter": 3.751602053084887, "atom_1": 186, "centre_of_mass": [0.0001894446215212173, 0.001100138794191595, 0.0003805082839178003]}, "pore_volume_opt": 27.647057571072576, "windows": {"diameters": [2.2086516862759074, 4.513479239855794, 3.5850698998866846, 2.111939306859865, 2.0233009516929736], "centre_of_mass": [[-0.15034787791075888, -2.7769936470438936, 2.3070922489040515], [-5.554999747964643, 2.4023573247072076, 1.720311311475673], [3.437883273853023, -1.3189814779888331, -0.25076338409968657], [0.117979771645093, 2.63986333743828, -2.1490502632089283], [-3.625453100364992, -3.3621680073850735, -6.245714585641508]]}}