{"no_of_atoms": 252, "centre_of_mass": [10.094087008675253, 3.652321177459896, 14.61406104239638], "maximum_diameter": {"diameter": 28.324438146573353, "atom_1": 120, "atom_2": 225}, "pore_diameter": {"diameter": 3.298129472532447, "atom": 58}, "pore_volume": 18.784590141621965, "pore_diameter_opt": {"diameter": 3.47295383672783, "atom_1": 58, "centre_of_mass": [10.181784624647477, 3.7492705175082506, 14.620339821153474]}, "pore_volume_opt": 21.932879577807046, "windows": {"diameters": [3.534102209703197, 2.004634811475752e+44, 5.082793669291865, 2.9732930786045517, 6.313981307964863], "centre_of_mass": [[10.056943006263522, 1.5432275567196232, 16.421725538918487], [-1.4999287756552313e+43, -1.1577880353397068e+43, 9.842446785108681e+43], [9.253738382760261, 5.827542432934525, 13.14050089703495], [11.41044124267906, 1.306198911441872, 15.10698369804708], [10.314132472359143, 7.024371819321127, 12.56704316457424]]}}