{"no_of_atoms": 252, "centre_of_mass": [-3.6012261536577164, 12.962783780011826, 12.795490858362335], "maximum_diameter": {"diameter": 28.325183743856154, "atom_1": 58, "atom_2": 212}, "pore_diameter": {"diameter": 3.298765528311662, "atom": 154}, "pore_volume": 18.79546025899304, "pore_diameter_opt": {"diameter": 3.472806442281772, "atom_1": 92, "centre_of_mass": [-3.6891727068802647, 12.88742000212166, 12.772534890452429]}, "pore_volume_opt": 21.930087158798695, "windows": {"diameters": [5.792502412462193, 4.195282421556008, 2.980875255365668, 6.015298347823011, 3.590737445622526], "centre_of_mass": [[-6.628842536346106, 10.488558315786294, 14.89658387111054], [-1.5657908047702689, 11.510961155788863, 13.874251772596507], [-4.859673862932775, 15.0442118174065, 12.323602833552282], [-5.163871195751925, 9.671304326919227, 15.014646523661014], [-3.5768888045844487, 15.13977338320731, 10.943441393664719]]}}