{"no_of_atoms": 488, "centre_of_mass": [38.46930089652456, 38.4693014590012, 38.46929299648985], "maximum_diameter": {"diameter": 33.25618480444472, "atom_1": 324, "atom_2": 333}, "pore_diameter": {"diameter": 9.393659287534518, "atom": 481}, "pore_volume": 434.0132961797765, "pore_diameter_opt": {"diameter": 10.912693513581806, "atom_1": 62, "centre_of_mass": [38.02047132494036, 37.70601099851051, 38.15187657142466]}, "pore_volume_opt": 680.4473021916218, "windows": {"diameters": [4.650403929335937, 4.830429008308135, 5.249409706430031, 5.32722350889307, 5.228298343927005, 5.112432925373454], "centre_of_mass": [[38.934576099287916, 32.69072867171293, 45.25136310280962], [31.012496084092867, 38.416864648526406, 33.047812410286234], [42.84464546024814, 39.2434046334281, 33.061791700811696], [32.98126624927272, 30.221244986460423, 38.33306141597693], [33.0371324696103, 42.88837612449826, 39.24043163430713], [38.367566559525706, 33.04281306603801, 30.56590144922134]]}}