{"no_of_atoms": 74, "centre_of_mass": [4.023172552955358, 1.8392253224581696, 2.459314471720856], "maximum_diameter": {"diameter": 12.086017060352765, "atom_1": 27, "atom_2": 33}, "pore_diameter": {"diameter": 1.5122792495370887, "atom": 3}, "pore_volume": 1.8109005541561203, "pore_diameter_opt": {"diameter": 1.5901906609009813, "atom_1": 3, "centre_of_mass": [3.987301674863852, 1.804974017024918, 2.4598582198509242]}, "pore_volume_opt": 2.105456232752955, "windows": {"diameters": [1.2831570759450366, 2.0689968557673466, 1.2305481542536527], "centre_of_mass": [[4.395075465465359, 2.0537532811960135, 3.0848961422670493], [2.3842773458558133, -0.025453474423769995, 2.9868889434574037], [4.3619377318553285, 2.1319358278645524, 1.7414912209453075]]}}