{"no_of_atoms": 154, "centre_of_mass": [15.015086149638606, 13.339536418222824, 12.536076712275998], "maximum_diameter": {"diameter": 19.361859037950463, "atom_1": 2, "atom_2": 115}, "pore_diameter": {"diameter": 3.930538017263165, "atom": 37}, "pore_volume": 31.79469227792151, "pore_diameter_opt": {"diameter": 4.523041314752335, "atom_1": 93, "centre_of_mass": [14.340427368360732, 13.297675696914423, 12.456133818309059]}, "pore_volume_opt": 48.44961011252081, "windows": {"diameters": [4.651947382463016, 1.912071733568446, 3.6243655538170017, 2.478471702021484], "centre_of_mass": [[11.919367334397116, 13.792314821351077, 13.813264432812959], [13.741727102918558, 8.814593809414001, 12.974365161210091], [19.21592750109857, 13.805525108012883, 12.28107313598918], [11.164205827638984, 12.485108993092858, 9.978120819554778]]}}