{"no_of_atoms": 221, "centre_of_mass": [12.123445777589998, 21.328399872553558, 4.903497483037251], "maximum_diameter": {"diameter": 21.8597132601062, "atom_1": 127, "atom_2": 164}, "pore_diameter": {"diameter": 3.527690673725431, "atom": 43}, "pore_volume": 22.986355183112998, "pore_diameter_opt": {"diameter": 4.840812567423821, "atom_1": 174, "centre_of_mass": [12.238883710234994, 21.153511474486496, 4.236262273256793]}, "pore_volume_opt": 59.395483850617076, "windows": {"diameters": [2.979155256944464, 2.977304697284531, 2.9890718959793987, 4.105707188018588], "centre_of_mass": [[9.211565844928595, 23.175864271324826, 5.3347564918758845], [15.247794305475184, 22.748123082489002, 5.28067865322022], [12.037677839061951, 17.50427398057807, 5.355212343579059], [12.242323937476803, 21.203001604723664, 2.2838590089874353]]}}