{"no_of_atoms": 99, "centre_of_mass": [12.813734459368785, 10.31180488385252, 13.396678204172215], "maximum_diameter": {"diameter": 15.00888467482657, "atom_1": 2, "atom_2": 98}, "pore_diameter": {"diameter": 4.6170571483395, "atom": 63}, "pore_volume": 51.53406165417667, "pore_diameter_opt": {"diameter": 4.8128507545496735, "atom_1": 31, "centre_of_mass": [12.706156759711861, 10.204166249948608, 13.434047428585798]}, "pore_volume_opt": 58.372165594396975, "windows": {"diameters": [4.256199955773205, 4.631134585062949], "centre_of_mass": [[12.678895876884011, 12.496304569709206, 16.72285682901238], [12.983888107569815, 9.116691013119873, 12.265320961589152]]}}