{"no_of_atoms": 123, "centre_of_mass": [9.767591142015391, 20.839989277662667, 7.56196051756786], "maximum_diameter": {"diameter": 19.32165610435584, "atom_1": 119, "atom_2": 122}, "pore_diameter": {"diameter": 3.5464107267611156, "atom": 81}, "pore_volume": 23.354238874589612, "pore_diameter_opt": {"diameter": 4.656216143163835, "atom_1": 79, "centre_of_mass": [9.54611771479809, 20.390079669601313, 8.136928914795954]}, "pore_volume_opt": 52.85645337170336, "windows": {"diameters": [2.9471402822839328, 4.00392000393129], "centre_of_mass": [[12.37124934905255, 21.431121015992176, 9.898079834424856], [6.521335950721477, 20.31604182972514, 7.54764350384806]]}}