{"no_of_atoms": 99, "centre_of_mass": [5.496325091203888, 10.311804883852524, 4.143505968891761], "maximum_diameter": {"diameter": 15.009581637762004, "atom_1": 55, "atom_2": 57}, "pore_diameter": {"diameter": 4.617073828856036, "atom": 68}, "pore_volume": 51.534620203386, "pore_diameter_opt": {"diameter": 4.842698843432823, "atom_1": 68, "centre_of_mass": [5.5552580638224995, 10.224813268968266, 4.080220100301316]}, "pore_volume_opt": 59.464943225366966, "windows": {"diameters": [4.495893529161644, 4.469125029492554], "centre_of_mass": [[6.296480556430232, 7.712884252789767, 6.2254645862475435], [5.681840669209917, 11.529419735539266, 2.4931263147365996]]}}