{"no_of_atoms": 147, "centre_of_mass": [0.2027581370316823, 27.7665830397105, 6.199098009424788], "maximum_diameter": {"diameter": 14.505789264789495, "atom_1": 4, "atom_2": 145}, "pore_diameter": {"diameter": 4.456853274769998, "atom": 63}, "pore_volume": 46.35361749656748, "pore_diameter_opt": {"diameter": 4.829589545096466, "atom_1": 78, "centre_of_mass": [0.037221355552071116, 27.69983706914292, 6.252732819650946]}, "pore_volume_opt": 58.98333036791451, "windows": {"diameters": [3.4758860270572827, 3.545577881205383], "centre_of_mass": [[2.0962578416435402, 26.54083119130511, 7.730608758939326], [-2.6170987619269654, 29.32066906568434, 4.507012999794947]]}}