{"no_of_atoms": 108, "centre_of_mass": [7.953000000000001, 13.774999999999997, 6.166999999999998], "maximum_diameter": {"diameter": 14.654871061457913, "atom_1": 55, "atom_2": 62}, "pore_diameter": {"diameter": 4.846717892592169, "atom": 5}, "pore_volume": 59.613119441063965, "pore_diameter_opt": {"diameter": 4.846717892592169, "atom_1": 5, "centre_of_mass": [7.953000000000001, 13.774999999999997, 6.166999999999998]}, "pore_volume_opt": 59.613119441063965, "windows": {"diameters": [3.663420187945544, 3.7263518222939203], "centre_of_mass": [[5.617126022535916, 12.916908618947993, 7.480180939429656], [10.886036952603671, 14.96205373738749, 4.551194807346271]]}}