{"no_of_atoms": 108, "centre_of_mass": [8.02392968279764, 4.632569261867501, 2.0818423969744395], "maximum_diameter": {"diameter": 14.505474311360192, "atom_1": 48, "atom_2": 69}, "pore_diameter": {"diameter": 4.827099310894578, "atom": 5}, "pore_volume": 58.89213840463676, "pore_diameter_opt": {"diameter": 4.84368681512626, "atom_1": 5, "centre_of_mass": [7.859015640428353, 4.42691544810745, 2.064865800977404]}, "pore_volume_opt": 59.50134544800139, "windows": {"diameters": [3.480982911734822, 3.470651146322977], "centre_of_mass": [[8.197608564068451, 7.0462007238776385, 3.353313211879816], [7.99304445688706, 2.023583966749916, 0.5245307722377255]]}}