{"no_of_atoms": 108, "centre_of_mass": [15.905999999999992, 6.415156516432829e-17, 6.167000000000001], "maximum_diameter": {"diameter": 14.654218211976254, "atom_1": 29, "atom_2": 84}, "pore_diameter": {"diameter": 4.845948580969903, "atom": 23}, "pore_volume": 59.584737067110254, "pore_diameter_opt": {"diameter": 4.845948580969903, "atom_1": 23, "centre_of_mass": [15.905999999999992, 6.415156516432829e-17, 6.167000000000001]}, "pore_volume_opt": 59.584737067110254, "windows": {"diameters": [3.6882851010720286, 3.743324220408745], "centre_of_mass": [[17.705447591105724, -1.5266172711191146, 7.422403709551521], [13.368177821928082, 1.9731265143333219, 4.528673653094934]]}}