{"no_of_atoms": 110, "centre_of_mass": [2.7227180022167805, 8.480713154529177, 10.687169984531252], "maximum_diameter": {"diameter": 20.087862267730337, "atom_1": 23, "atom_2": 77}, "pore_diameter": {"diameter": 1.7173322251242369, "atom": 12}, "pore_volume": 2.651927094272529, "pore_diameter_opt": {"diameter": 2.1729739085704876, "atom_1": 78, "centre_of_mass": [2.919392185285268, 8.514591168503248, 10.797306562262438]}, "pore_volume_opt": 5.3723235130061155, "windows": {"diameters": [0.9022694798166238, 0.7506998402045819, 1.1322017569567944], "centre_of_mass": [[0.8394521296484712, 6.96546980309908, 12.08559052720628], [4.71933228506184, 9.870654351474094, 11.68849422865502], [2.864370670499938, 8.664712138978484, 7.423013348644357]]}}