{"no_of_atoms": 86, "centre_of_mass": [6.8713061615796005e-06, 8.56437545928001, 10.396000000000003], "maximum_diameter": {"diameter": 15.846221021189434, "atom_1": 7, "atom_2": 79}, "pore_diameter": {"diameter": 2.5833579843305707, "atom": 33}, "pore_volume": 9.02718614971482, "pore_diameter_opt": {"diameter": 2.5835460708460896, "atom_1": 38, "centre_of_mass": [1.6992028246706216e-05, 8.564481314070227, 10.39596816995936]}, "pore_volume_opt": 9.029158019993204, "windows": {"diameters": [1.439288722471281, 1.434783143094633, 1.4500116440625406, 1.3671486162770212, 1.2788245755869414, 1.2662577502570254], "centre_of_mass": [[0.8244386780911706, 8.467561254222174, 12.553537572739135], [-0.5027314069545679, 7.88987530392781, 12.55511442059547], [-0.32036481758520935, 9.30731734189459, 12.550544777074139], [1.0129671065529942, 8.683047449661402, 8.217043997665801], [-0.9673839223359352, 6.630313024256793, 7.928261202302835], [-1.1698857855074372, 10.322468420519835, 7.937610248109795]]}}