{"no_of_atoms": 125, "centre_of_mass": [16.40206167495929, 8.645911208561094, 15.552831975081624], "maximum_diameter": {"diameter": 16.794353217296788, "atom_1": 105, "atom_2": 121}, "pore_diameter": {"diameter": 3.8753898819697477, "atom": 25}, "pore_volume": 30.475077973178546, "pore_diameter_opt": {"diameter": 4.762924992423603, "atom_1": 19, "centre_of_mass": [16.425971532879007, 8.915044246218953, 15.142749431695616]}, "pore_volume_opt": 56.57438595406003, "windows": {"diameters": [4.111224185894091, 3.7509785390994863], "centre_of_mass": [[18.92365486867856, 11.268317198645677, 16.480841049914225], [12.381256320620619, 7.6579777300075795, 12.837060717964784]]}}