{"no_of_atoms": 80, "centre_of_mass": [13.133452578409536, 2.5935953975484267, 2.5706050431994725], "maximum_diameter": {"diameter": 15.270895347530667, "atom_1": 71, "atom_2": 79}, "pore_diameter": {"diameter": 3.7930765625706244, "atom": 33}, "pore_volume": 28.574158482477497, "pore_diameter_opt": {"diameter": 4.029283258806931, "atom_1": 27, "centre_of_mass": [12.89363523660304, 2.768415483572228, 2.7138781803245537]}, "pore_volume_opt": 34.25169124163032, "windows": {"diameters": [3.8055747317420834, 3.9186902941761246, 3.7705492951495776], "centre_of_mass": [[13.953854999472343, 3.4536297308610697, 3.290527673733239], [12.019018263489917, 2.971697801379807, 3.0257415020448777], [15.477622700077625, 1.8751040086555628, 1.6435575737084773]]}}