{"no_of_atoms": 147, "centre_of_mass": [15.904729739635787, 3.233433583820782, 4.400483505978478], "maximum_diameter": {"diameter": 17.96909704377181, "atom_1": 79, "atom_2": 98}, "pore_diameter": {"diameter": 5.485388522226561, "atom": 118}, "pore_volume": 86.42130154127184, "pore_diameter_opt": {"diameter": 6.527140826408232, "atom_1": 15, "centre_of_mass": [16.076844846068536, 3.223951218804794, 5.913603983785758]}, "pore_volume_opt": 145.60207729782934, "windows": {"diameters": [6.581005302310505, 5.5551076909863735], "centre_of_mass": [[16.14277335515856, 3.2110776542857487, 6.283554112571074], [15.806957962579041, 3.3726114575380484, 2.8705684227430894]]}}