{"no_of_atoms": 147, "centre_of_mass": [-1.5675551349927357, 3.233433583820783, 11.686346291191004], "maximum_diameter": {"diameter": 17.968509465439674, "atom_1": 85, "atom_2": 92}, "pore_diameter": {"diameter": 5.4855848492713495, "atom": 128}, "pore_volume": 86.43058116436625, "pore_diameter_opt": {"diameter": 6.535158093930168, "atom_1": 35, "centre_of_mass": [-1.711292033770103, 3.2241114299157223, 10.348329947688715]}, "pore_volume_opt": 146.1392643690985, "windows": {"diameters": [5.690283802469995, 6.569758349662955], "centre_of_mass": [[-0.9745856079132618, 3.9599850431822716, 15.135877325930046], [-1.793789780796914, 3.2114032369116368, 9.87586282690821]]}}