{"no_of_atoms": 192, "centre_of_mass": [8.428954908698403, 14.076221100048244, 34.21840941408881], "maximum_diameter": {"diameter": 23.02369614535772, "atom_1": 7, "atom_2": 180}, "pore_diameter": {"diameter": 3.6551368012404235, "atom": 39}, "pore_volume": 25.568751968527025, "pore_diameter_opt": {"diameter": 4.03505543879732, "atom_1": 34, "centre_of_mass": [8.732051205751143, 13.943132917212619, 34.17584991426039]}, "pore_volume_opt": 34.399104770955645, "windows": {"diameters": [2.3969551300479535, 3.863653680659542, 1.8005754144277146, 3.804010688635105, 2.097022330054694], "centre_of_mass": [[9.859147822115098, 11.943078771408182, 36.52147249177217], [8.899898660762393, 17.389162871169937, 36.051268086580976], [5.28999504653681, 13.706928265943349, 33.73363195890354], [8.278626517912299, 10.749840611657056, 32.57687314363332], [10.540355273521289, 14.601734768210623, 31.04983720592872]]}}