{"no_of_atoms": 192, "centre_of_mass": [5.386843901469654, 0.2602651552149192, 33.88600982458303], "maximum_diameter": {"diameter": 23.02369614535772, "atom_1": 89, "atom_2": 180}, "pore_diameter": {"diameter": 3.6547846078514463, "atom": 146}, "pore_volume": 25.56136159309555, "pore_diameter_opt": {"diameter": 4.177914682835562, "atom_1": 39, "centre_of_mass": [5.1526484783525435, 0.12207769972356947, 33.79699739429201]}, "pore_volume_opt": 38.18363969628702, "windows": {"diameters": [2.0568578983234773, 3.8104385346301775, 2.4412509025091222, 3.8308799517032095, 2.3960064562439993], "centre_of_mass": [[3.4473512196127998, 0.5949029884767083, 36.59015294050897], [5.54074928097401, -3.1034394904185656, 35.545193434306675], [10.551542622981781, 0.6247416170483902, 33.30305803794441], [4.9461856680552705, 3.282793794915826, 32.19876283624028], [3.228731803029698, -0.788375448397501, 30.976543367772727]]}}