{"no_of_atoms": 192, "centre_of_mass": [22.244808766742782, 27.371139377380434, 14.427630250886912], "maximum_diameter": {"diameter": 23.022578751200644, "atom_1": 9, "atom_2": 178}, "pore_diameter": {"diameter": 3.654184806518822, "atom": 30}, "pore_volume": 25.548778726215573, "pore_diameter_opt": {"diameter": 4.176139337824262, "atom_1": 39, "centre_of_mass": [22.482009619194155, 27.53004625864474, 14.348008825754556]}, "pore_volume_opt": 38.13498360530585, "windows": {"diameters": [2.1069391750167763, 3.8338751408181433, 1.7859244625212818, 3.8549978346590508, 2.391321830250807], "centre_of_mass": [[24.332233817863088, 26.976902431981486, 17.497923321663517], [22.156900336632283, 30.119488495361082, 15.783324452900857], [18.75030305504161, 26.52757455967191, 13.492714035226818], [22.710704297969933, 24.104466984152594, 12.618423336743746], [23.907020947003836, 29.564749868221377, 11.868954432965118]]}}