{"no_of_atoms": 192, "centre_of_mass": [8.428954908698403, 14.076221100048244, 34.21836974911311], "maximum_diameter": {"diameter": 23.023026987460348, "atom_1": 7, "atom_2": 180}, "pore_diameter": {"diameter": 3.6550881495454806, "atom": 39}, "pore_volume": 25.567730983570133, "pore_diameter_opt": {"diameter": 4.14175739057044, "atom_1": 31, "centre_of_mass": [8.67911814299509, 13.948311729309603, 34.27876275900048]}, "pore_volume_opt": 37.200826595787014, "windows": {"diameters": [2.4050241428170698, 3.831484293506921, 1.800637280804565, 3.7952170420288422, 2.0970643356043426], "centre_of_mass": [[10.346847301796128, 13.36563341196553, 36.614154192401884], [8.868799909513543, 17.093174984906646, 35.903357734027175], [5.28999140966809, 13.706852684356948, 33.73353852460363], [8.286148004390354, 10.819753556929362, 32.611435874026036], [10.540291574001916, 14.60185215265945, 31.04983289167453]]}}