{"no_of_atoms": 192, "centre_of_mass": [12.27716743588502, 7.0882628402269665, 2.1196256033121093], "maximum_diameter": {"diameter": 22.92655376201069, "atom_1": 10, "atom_2": 173}, "pore_diameter": {"diameter": 4.462013473514448, "atom": 146}, "pore_volume": 46.51481032421775, "pore_diameter_opt": {"diameter": 4.462337600107645, "atom_1": 28, "centre_of_mass": [12.276994429885502, 7.088474213525968, 2.11961611522079]}, "pore_volume_opt": 46.52494775363849, "windows": {"diameters": [3.932296956200632, 2.7245090616431686, 2.2562868409677246, 2.71849322651202, 3.930723689792694], "centre_of_mass": [[12.277532719606077, 7.088424471045677, 5.771395276396784], [7.094994923528381, 7.310553544773139, 2.031053061909644], [13.534078392664597, 9.98899885412697, 2.8862439509259357], [14.677545592439614, 2.513878862034516, 2.036593092384917], [12.277239014184016, 7.0882698475481, -1.5091396663345273]]}}