{"no_of_atoms": 90, "centre_of_mass": [8.780070548258744, 1.2182142296943874, 4.153757947622996], "maximum_diameter": {"diameter": 17.369497852134543, "atom_1": 59, "atom_2": 60}, "pore_diameter": {"diameter": 1.2346795183117232, "atom": 14}, "pore_volume": 0.9855107224904885, "pore_diameter_opt": {"diameter": 1.2346969822556275, "atom_1": 14, "centre_of_mass": [8.780077513796444, 1.2182160870132153, 4.153751320974613]}, "pore_volume_opt": 0.9855525417978322, "windows": {"diameters": [1.0667396558248012, 3.2039632996908813, 1.1507796814786073], "centre_of_mass": [[9.80391265343035, 0.6486414993802345, 5.097162032603084], [8.814348420446263, 3.1888446858882227, 4.159889190947513], [8.4133325303989, 0.8209535603895234, 3.595975908017027]]}}