{"no_of_atoms": 108, "centre_of_mass": [0.00010104716795549874, 0.00010104716795522824, 11.880126255365722], "maximum_diameter": {"diameter": 17.393334710049604, "atom_1": 32, "atom_2": 70}, "pore_diameter": {"diameter": 5.468409391367262, "atom": 18}, "pore_volume": 85.62127363203504, "pore_diameter_opt": {"diameter": 5.468775490835968, "atom_1": 30, "centre_of_mass": [9.665492063812501e-07, 9.266634892347658e-07, 11.8799986341079]}, "pore_volume_opt": 85.63847132105451, "windows": {"diameters": [3.670749923916477, 3.657769885153319, 3.6621280540090457, 3.6575016542765053], "centre_of_mass": [[-1.6782452623010153, 1.6782419935935735, 13.558262338377478], [1.5825421605322905, -1.5825074690208447, 13.462509926648728], [-1.629281487940856, -1.6293016010611976, 10.250747274451125], [1.5776985204476621, 1.5776757684642195, 10.302267328556857]]}}