{"no_of_atoms": 222, "centre_of_mass": [17.90824854492663, 17.908248544926625, 5.969364019433089], "maximum_diameter": {"diameter": 22.15770019296516, "atom_1": 167, "atom_2": 169}, "pore_diameter": {"diameter": 5.624004458380536, "atom": 181}, "pore_volume": 93.13986222899831, "pore_diameter_opt": {"diameter": 5.624731905465488, "atom_1": 34, "centre_of_mass": [17.90788318963525, 17.90811099471535, 5.969135409953417]}, "pore_volume_opt": 93.1760089386728, "windows": {"diameters": [3.833950335825017, 3.8305560202501074, 3.824549416743833, 3.832897657904112], "centre_of_mass": [[16.24201642599723, 16.241722287769736, 7.635980252617402], [19.56008095178702, 19.560368439055242, 7.621394529375963], [19.472870595455927, 16.34376264083818, 4.404853058968665], [16.24645830116111, 19.5702312148786, 4.3074313324456615]]}}