{"no_of_atoms": 192, "centre_of_mass": [5.894931618406991, 5.894931618406995, 5.8949316184069875], "maximum_diameter": {"diameter": 21.84652612944137, "atom_1": 86, "atom_2": 172}, "pore_diameter": {"diameter": 5.618651719228575, "atom": 97}, "pore_volume": 92.87417305593765, "pore_diameter_opt": {"diameter": 5.618688252414829, "atom_1": 102, "centre_of_mass": [5.894843876194813, 5.894843965563445, 5.8948439125138075]}, "pore_volume_opt": 92.87598470668253, "windows": {"diameters": [3.8218777104225894, 3.8216993947788596, 3.813130342862078, 3.81849432591857], "centre_of_mass": [[4.2284875030555815, 4.228410101037456, 7.560901685512812], [7.553555706489923, 7.553499693949692, 7.55349593788112], [7.471592913843325, 4.317762939678714, 4.317741700296505], [4.250309126380817, 7.5390390891811085, 4.250379699950712]]}}