{"no_of_atoms": 222, "centre_of_mass": [17.908247073430303, 5.969403501664916, 17.908247073430303], "maximum_diameter": {"diameter": 22.15770019296516, "atom_1": 129, "atom_2": 144}, "pore_diameter": {"diameter": 5.623956564335391, "atom": 181}, "pore_volume": 93.1374827109106, "pore_diameter_opt": {"diameter": 5.624749617186005, "atom_1": 181, "centre_of_mass": [17.908140094591367, 5.969170946358897, 17.90785256681276]}, "pore_volume_opt": 93.17688914735844, "windows": {"diameters": [3.833669229358398, 3.830591345172722, 3.824493802243499, 3.8332561639799327], "centre_of_mass": [[16.241800923921296, 4.3028375936547665, 19.574888914348037], [19.56074037706653, 7.62175065534286, 19.56044385673765], [19.472899151485834, 4.404766568869286, 16.343877408281696], [16.246070041452445, 7.631720799638797, 16.24633429345138]]}}