{"no_of_atoms": 102, "centre_of_mass": [4.138324127077088, 13.505331960083499, 4.5356366316735315], "maximum_diameter": {"diameter": 15.301643875673504, "atom_1": 52, "atom_2": 65}, "pore_diameter": {"diameter": 4.965727279760458, "atom": 30}, "pore_volume": 64.11316473334558, "pore_diameter_opt": {"diameter": 5.0284791696033135, "atom_1": 30, "centre_of_mass": [4.1621184528630835, 13.481755827583513, 4.577052046825912]}, "pore_volume_opt": 66.57460349386112, "windows": {"diameters": [4.2412710852457405, 4.889553003002151], "centre_of_mass": [[0.7967840461811821, 14.848994438246002, 5.490943467707364], [8.138426573420958, 11.890445102322413, 3.056038180067369]]}}