{"no_of_atoms": 99, "centre_of_mass": [1.3078402403752791, 15.49719241264424, 6.095653921144461], "maximum_diameter": {"diameter": 14.428689307314393, "atom_1": 6, "atom_2": 94}, "pore_diameter": {"diameter": 3.8525833779113934, "atom": 3}, "pore_volume": 29.94020446706458, "pore_diameter_opt": {"diameter": 4.882383035034525, "atom_1": 21, "centre_of_mass": [1.6280284614533107, 16.144375321909436, 5.9194465817493915]}, "pore_volume_opt": 60.938837619264234, "windows": {"diameters": [3.423449441075553, 3.6742440004298613], "centre_of_mass": [[0.06152275827002951, 18.325163762704157, 7.6453512046222585], [2.9873478228774317, 13.622861487957747, 4.448787766985461]]}}