{"no_of_atoms": 144, "centre_of_mass": [14.190265061093058, 14.190217647014569, 22.09876957836766], "maximum_diameter": {"diameter": 17.61725888880536, "atom_1": 46, "atom_2": 107}, "pore_diameter": {"diameter": 7.914813395223607, "atom": 41}, "pore_volume": 259.6095489586863, "pore_diameter_opt": {"diameter": 7.915624764428729, "atom_1": 41, "centre_of_mass": [14.18997599146303, 14.190073073841829, 22.09901476675811]}, "pore_volume_opt": 259.6893970018934, "windows": {"diameters": [6.571301035155975, 6.578133244819905], "centre_of_mass": [[15.759643392870755, 16.274777094787815, 23.573951791831636], [12.681522506386411, 11.805906429723333, 20.62287805557426]]}}