{"no_of_atoms": 144, "centre_of_mass": [7.09509564749609, 21.285377260142052, 5.524660391838208], "maximum_diameter": {"diameter": 17.616587479103018, "atom_1": 37, "atom_2": 116}, "pore_diameter": {"diameter": 7.914744796258679, "atom": 109}, "pore_volume": 259.60279878362763, "pore_diameter_opt": {"diameter": 7.915020529231997, "atom_1": 109, "centre_of_mass": [7.095144778672371, 21.285279012214446, 5.524743702343975]}, "pore_volume_opt": 259.6299317666338, "windows": {"diameters": [6.575672557975241, 6.5814068972373585], "centre_of_mass": [[4.75472972384868, 22.761697667030486, 6.971349905080335], [9.508499729645134, 19.75463482527184, 4.029143948331468]]}}