{"no_of_atoms": 144, "centre_of_mass": [14.190265061093054, 28.380802704044786, 22.098769578367655], "maximum_diameter": {"diameter": 17.617258888805367, "atom_1": 62, "atom_2": 93}, "pore_diameter": {"diameter": 7.915666101478214, "atom": 126}, "pore_volume": 259.6934654803143, "pore_diameter_opt": {"diameter": 7.915981164705826, "atom_1": 8, "centre_of_mass": [14.190152803717854, 28.380746566548833, 22.0986743752188]}, "pore_volume_opt": 259.724476054934, "windows": {"diameters": [6.596981439086282, 6.5850861716391185], "centre_of_mass": [[12.585287962243221, 25.865987559877464, 23.660397356296386], [15.744049905900876, 30.82754547291684, 20.582139783271533]]}}