{"no_of_atoms": 90, "centre_of_mass": [9.550348896111712, 4.703336121343444, 13.929686657036225], "maximum_diameter": {"diameter": 12.987000000000002, "atom_1": 47, "atom_2": 50}, "pore_diameter": {"diameter": 3.6198708515969122, "atom": 8}, "pore_volume": 24.835782677485636, "pore_diameter_opt": {"diameter": 3.8711064541169375, "atom_1": 8, "centre_of_mass": [9.575816394457624, 4.703529134106502, 14.052729185881399]}, "pore_volume_opt": 30.37413826940027, "windows": {"diameters": [2.4906398122356777, 2.2661981244379366], "centre_of_mass": [[7.112758439821562, 4.703490738597689, 16.102002580253643], [12.165679221856587, 4.703455886474784, 11.844910621610152]]}}