{"no_of_atoms": 146, "centre_of_mass": [8.209758950931006, 16.341512471662597, 4.562295917009496], "maximum_diameter": {"diameter": 25.451960510451197, "atom_1": 41, "atom_2": 115}, "pore_diameter": {"diameter": 8.83015061900345, "atom": 123}, "pore_volume": 360.4980807903, "pore_diameter_opt": {"diameter": 8.875169578683382, "atom_1": 21, "centre_of_mass": [8.190566314378794, 16.331037733341773, 4.55694761794238]}, "pore_volume_opt": 366.0400466638137, "windows": {"diameters": [9.060629721514319, 9.021707243413486, 9.021216919440363], "centre_of_mass": [[8.63319859780335, 14.60553056300255, 5.0150626094416655], [8.305167632404334, 16.73844642025137, 3.511535042542109], [8.279253039924878, 16.78031852644211, 3.524969048482444]]}}