{"no_of_atoms": 98, "centre_of_mass": [6.890617064406462, 12.98946282752586, 4.796848506555528], "maximum_diameter": {"diameter": 16.06860705758501, "atom_1": 21, "atom_2": 60}, "pore_diameter": {"diameter": 2.2514060138486065, "atom": 68}, "pore_volume": 5.975305133638363, "pore_diameter_opt": {"diameter": 2.364415630840664, "atom_1": 5, "centre_of_mass": [6.842619827122489, 12.970638384348712, 4.828827412464877]}, "pore_volume_opt": 6.921019734129539, "windows": {"diameters": [1.1285807305468167, 1.2083428595766095, 1.3512987917871255, 1.182331753655815, 0.9020144452343724], "centre_of_mass": [[6.987650545045126, 12.202635998265702, 7.434222624417771], [7.471264628122778, 14.500580292860281, 6.956629327394407], [5.140352331675502, 11.704466658488913, 3.3563988536371046], [7.502826222102783, 12.14479945370608, 1.414984040659665], [5.544012561522873, 14.469374785069474, 2.758507306287913]]}}