{"no_of_atoms": 101, "centre_of_mass": [11.560782073530492, 8.486913670597792, 4.837779806751057], "maximum_diameter": {"diameter": 15.541093480699846, "atom_1": 39, "atom_2": 87}, "pore_diameter": {"diameter": 4.587093530310645, "atom": 5}, "pore_volume": 50.53722703652557, "pore_diameter_opt": {"diameter": 4.769748854856351, "atom_1": 92, "centre_of_mass": [11.404291628947291, 8.590550557996552, 4.785836776096366]}, "pore_volume_opt": 56.81789757486987, "windows": {"diameters": [4.171719978015648, 4.611226596331967], "centre_of_mass": [[12.521970373664344, 11.397804909774473, 6.799401222751875], [11.327340605526873, 7.493694327440564, 4.227326352091538]]}}