{"no_of_atoms": 96, "centre_of_mass": [13.128049663334405, 16.20255720425848, 13.903065724773473], "maximum_diameter": {"diameter": 15.757160564713075, "atom_1": 3, "atom_2": 94}, "pore_diameter": {"diameter": 2.216101890472585, "atom": 60}, "pore_volume": 5.698595029873879, "pore_diameter_opt": {"diameter": 2.486157131566705, "atom_1": 15, "centre_of_mass": [13.12072809183822, 16.357641973689276, 13.860779216870743]}, "pore_volume_opt": 8.046079946399393, "windows": {"diameters": [0.8064738012468413, 0.7606963938584648, 0.8391934066562565, 0.8149205422540882], "centre_of_mass": [[12.888835669083255, 17.485618008624044, 15.95750835645469], [12.740498490637004, 14.226111340545504, 14.260240088235586], [15.240750787660094, 16.716099735331305, 13.016951649218083], [11.550617201960588, 17.099031809956486, 12.413476166918661]]}}