{"no_of_atoms": 96, "centre_of_mass": [5.978338994873656, 3.6253905293368245, 9.113302623432586], "maximum_diameter": {"diameter": 15.41637616570336, "atom_1": 37, "atom_2": 95}, "pore_diameter": {"diameter": 2.3455399249339526, "atom": 7}, "pore_volume": 6.756582928683164, "pore_diameter_opt": {"diameter": 2.478662231911541, "atom_1": 7, "centre_of_mass": [5.99475205561728, 3.6909897610845124, 9.148816173995545]}, "pore_volume_opt": 7.97353069384818, "windows": {"diameters": [0.858866307411223, 0.7667516716620137, 0.8207819941878918, 0.7890055021331777], "centre_of_mass": [[4.364435518962016, 4.324746179933798, 11.002225674023279], [7.85678485646274, 4.686671538613989, 9.504825866224436], [6.288709334680729, 1.584367965186567, 8.990575670068955], [5.065958179392354, 4.534076115829363, 7.135433435721681]]}}