{"no_of_atoms": 96, "centre_of_mass": [8.192925524947926, 12.308588859354407, 6.215238692741399], "maximum_diameter": {"diameter": 15.417544409746089, "atom_1": 61, "atom_2": 84}, "pore_diameter": {"diameter": 2.345663668657592, "atom": 62}, "pore_volume": 6.7576523568756794, "pore_diameter_opt": {"diameter": 2.476799000343742, "atom_1": 24, "centre_of_mass": [8.17144383602976, 12.368699165615372, 6.178605923914663]}, "pore_volume_opt": 7.955562893815709, "windows": {"diameters": [0.8020570920793788, 0.8210077760435088, 0.7681274253329335, 0.8219574885939163], "centre_of_mass": [[9.130372943098163, 13.242433979444156, 8.25979854862409], [7.879611501273576, 10.237590584010459, 6.339736589032477], [6.217223615997151, 13.428498380044847, 5.802015056606016], [9.655941119011434, 12.969119050697426, 4.518873734710789]]}}