{"no_of_atoms": 166, "centre_of_mass": [13.089309488957662, 5.293190276396545, 17.067371364093738], "maximum_diameter": {"diameter": 28.550806845904567, "atom_1": 77, "atom_2": 123}, "pore_diameter": {"diameter": 8.534191266149454, "atom": 108}, "pore_volume": 325.45109575935766, "pore_diameter_opt": {"diameter": 8.753461268462264, "atom_1": 16, "centre_of_mass": [12.996410879038345, 4.984860358898394, 17.063584234527813]}, "pore_volume_opt": 351.1867044970776, "windows": {"diameters": [8.031742578934127, 7.3683259756637565, 8.440168473300416], "centre_of_mass": [[11.048328987850088, 4.8134099937143615, 17.87848805869156], [14.326809688963321, 8.81184498710821, 17.254208341938476], [14.125026291805948, 3.597822129926195, 15.991832246507709]]}}