{"no_of_atoms": 72, "centre_of_mass": [2.680314757620272, 17.369743890929126, 6.5556797502754245], "maximum_diameter": {"diameter": 15.083044175697456, "atom_1": 3, "atom_2": 52}, "pore_diameter": {"diameter": 3.689885317159881, "atom": 20}, "pore_volume": 26.30493466018582, "pore_diameter_opt": {"diameter": 3.715347523578047, "atom_1": 11, "centre_of_mass": [2.6909661076159406, 17.355869870086412, 6.567062098043789]}, "pore_volume_opt": 26.853255899567547, "windows": {"diameters": [3.5450624040357877, 3.599466863155363], "centre_of_mass": [[2.5596332164751674, 18.155638213670912, 6.740368633044838], [2.65659921743512, 16.51243955530608, 6.3275599846349575]]}}