{"no_of_atoms": 72, "centre_of_mass": [2.680314757620272, 17.36974574182887, 6.5556797502754245], "maximum_diameter": {"diameter": 15.083886468812413, "atom_1": 3, "atom_2": 52}, "pore_diameter": {"diameter": 3.689885005548688, "atom": 20}, "pore_volume": 26.304927995823107, "pore_diameter_opt": {"diameter": 3.709590190312163, "atom_1": 61, "centre_of_mass": [2.6901216805542245, 17.368017436361107, 6.555710076970649]}, "pore_volume_opt": 26.72861316403882, "windows": {"diameters": [3.545087574952558, 3.599494906456637], "centre_of_mass": [[2.5596541959007126, 18.155640502150806, 6.7403322983146685], [2.6564667370181154, 16.51244181010623, 6.327400127945914]]}}