{"no_of_atoms": 72, "centre_of_mass": [-1.3837796566287184, 5.1473038119720895, 15.008213257436651], "maximum_diameter": {"diameter": 15.056993204937246, "atom_1": 19, "atom_2": 51}, "pore_diameter": {"diameter": 3.53423551044831, "atom": 61}, "pore_volume": 23.11453072847755, "pore_diameter_opt": {"diameter": 3.6608239869208674, "atom_1": 2, "centre_of_mass": [-1.2769026663404008, 5.496112972067613, 15.00514770499975]}, "pore_volume_opt": 25.68828835387536, "windows": {"diameters": [3.9536014561261204, 3.367351957769915], "centre_of_mass": [[-0.7774663020647128, 7.77106914669262, 13.692745960356865], [-0.9985587386701377, 4.4655321543375255, 14.96269307642144]]}}