{"no_of_atoms": 123, "centre_of_mass": [3.689500405458171, 23.220152821577265, 6.834900959195003], "maximum_diameter": {"diameter": 20.559267123582487, "atom_1": 6, "atom_2": 115}, "pore_diameter": {"diameter": 3.4039006050637943, "atom": 43}, "pore_volume": 20.65043633314898, "pore_diameter_opt": {"diameter": 4.499271313020534, "atom_1": 50, "centre_of_mass": [3.107805531651436, 24.606677496188436, 7.318645410218436]}, "pore_volume_opt": 47.68976364817991, "windows": {"diameters": [4.317985924435222, 4.465838270191318, 4.451105798677139], "centre_of_mass": [[2.9443771739000235, 24.272009377709182, 9.007460227311936], [2.8738151170303823, 25.716582469238816, 9.572150946296844], [3.4356642710755, 26.42530107710227, 6.078435130536919]]}}