{"no_of_atoms": 123, "centre_of_mass": [15.795165927498074, 5.959473424970219, 17.516749469122338], "maximum_diameter": {"diameter": 24.003279634372102, "atom_1": 14, "atom_2": 122}, "pore_diameter": {"diameter": 2.0064147773746015, "atom": 34}, "pore_volume": 4.2292248525011775, "pore_diameter_opt": {"diameter": 3.6160911241691918, "atom_1": 26, "centre_of_mass": [14.791958550725566, 6.96268081365752, 16.79486680479189]}, "pore_volume_opt": 24.758066226575906, "windows": {"diameters": [3.8769781348292205, 4.259604670612006, 3.773343826812177], "centre_of_mass": [[12.732334724877694, 7.240978048064617, 16.83434829579413], [14.957000127867213, 8.684558019146948, 14.326088884583127], [15.973171497977027, 7.584744988787549, 15.472963660995475]]}}