{"no_of_atoms": 135, "centre_of_mass": [6.78254496424472, 13.329214539359626, 12.903968308672042], "maximum_diameter": {"diameter": 16.20280442707521, "atom_1": 39, "atom_2": 117}, "pore_diameter": {"diameter": 4.032485270661359, "atom": 26}, "pore_volume": 34.3334140895832, "pore_diameter_opt": {"diameter": 4.110365468457632, "atom_1": 108, "centre_of_mass": [6.805871935558272, 13.361150288736813, 12.909658545706648]}, "pore_volume_opt": 36.361344845797284, "windows": {"diameters": [2.3025173306772393, 2.2448010955671416], "centre_of_mass": [[7.40936373808862, 13.445423231070574, 15.859381313049193], [6.184997856659047, 13.282968622183542, 9.954239119304683]]}}