{"no_of_atoms": 135, "centre_of_mass": [7.593973224602705, 31.443727022730684, 12.903968308672049], "maximum_diameter": {"diameter": 16.203716376196446, "atom_1": 2, "atom_2": 129}, "pore_diameter": {"diameter": 4.031187168756077, "atom": 39}, "pore_volume": 34.300267837256534, "pore_diameter_opt": {"diameter": 4.110573020024267, "atom_1": 39, "centre_of_mass": [7.571033021301717, 31.478534893323914, 12.906136950429456]}, "pore_volume_opt": 36.366853286758065, "windows": {"diameters": [2.3205152291696827, 2.247297667695488], "centre_of_mass": [[6.943795800319797, 31.562008355695863, 15.973885912166635], [8.195746842183583, 31.396113300660488, 9.931747700651961]]}}