{"no_of_atoms": 158, "centre_of_mass": [3.5333843159304106, 12.551384279525443, 1.0596327547639945], "maximum_diameter": {"diameter": 20.901940395259206, "atom_1": 43, "atom_2": 157}, "pore_diameter": {"diameter": 5.107724850222327, "atom": 128}, "pore_volume": 69.7719891366766, "pore_diameter_opt": {"diameter": 5.591488760372867, "atom_1": 44, "centre_of_mass": [3.746464551609848, 12.279855471772699, 1.197346584282014]}, "pore_volume_opt": 91.53369434386993, "windows": {"diameters": [5.426562548364354, 5.730838355794154], "centre_of_mass": [[1.0785428265050796, 11.25006745776781, 1.3217055823256705], [4.10639890325322, 12.38121083345171, 1.1323796241393709]]}}