{"no_of_atoms": 158, "centre_of_mass": [9.722822955355372, 3.1233940700350704, 13.132633688349195], "maximum_diameter": {"diameter": 20.902678582289074, "atom_1": 85, "atom_2": 157}, "pore_diameter": {"diameter": 5.109614361177519, "atom": 121}, "pore_volume": 69.84945046301162, "pore_diameter_opt": {"diameter": 5.5753640121155765, "atom_1": 121, "centre_of_mass": [9.53176133387581, 2.856268195587536, 12.995500876546656]}, "pore_volume_opt": 90.74408057776697, "windows": {"diameters": [5.720600493130277, 5.508342662363153], "centre_of_mass": [[9.17248444018237, 2.9472007822963477, 13.056517538971637], [10.90073951436313, 2.342829612080732, 12.905209979016021]]}}