{"no_of_atoms": 242, "centre_of_mass": [-0.07626377413865336, 4.525693221895133, 7.784558060006679], "maximum_diameter": {"diameter": 23.03155389893041, "atom_1": 115, "atom_2": 149}, "pore_diameter": {"diameter": 3.798520381290236, "atom": 4}, "pore_volume": 28.697363926832445, "pore_diameter_opt": {"diameter": 3.829053567188636, "atom_1": 202, "centre_of_mass": [-0.09095334230420286, 4.521660255090362, 7.783546138836367]}, "pore_volume_opt": 29.394965065548934, "windows": {"diameters": [4.9447148028867325, 4.310776143910125, 4.919649786012416], "centre_of_mass": [[0.08531877585971566, 7.098429152004255, 6.534918303236145], [0.2371724018094945, -0.1983436736614248, 11.792040095021711], [-0.25410782544716554, 7.107092096773046, 7.89086734129794]]}}