{"no_of_atoms": 44, "centre_of_mass": [4.006649788028816, 2.1555793236686327, 1.8371827399128382], "maximum_diameter": {"diameter": 11.486858170188261, "atom_1": 2, "atom_2": 28}, "pore_diameter": {"diameter": 0.6970107132834489, "atom": 22}, "pore_volume": 0.17730336681669562, "pore_diameter_opt": {"diameter": 1.1957539704258826, "atom_1": 12, "centre_of_mass": [3.937511841488183, 2.5040846778644763, 1.6902363981437618]}, "pore_volume_opt": 0.8952083349492471, "windows": {"diameters": [2.2318230184261947, 0.8457698518682406], "centre_of_mass": [[4.989850692591848, 3.6162445185695193, 3.048136600538398], [3.160074364697602, 2.51905256829873, 1.4186626427258155]]}}