{"no_of_atoms": 200, "centre_of_mass": [3.223462209717131, 7.6997347772563005, 8.567422577397958], "maximum_diameter": {"diameter": 21.053717863738456, "atom_1": 63, "atom_2": 186}, "pore_diameter": {"diameter": 4.667837486957685, "atom": 6}, "pore_volume": 53.25321163935335, "pore_diameter_opt": {"diameter": 5.7609903228546315, "atom_1": 150, "centre_of_mass": [3.1970343496959583, 7.807106348590553, 7.541422393796511]}, "pore_volume_opt": 100.11290404616058, "windows": {"diameters": [2.543256101610478, 1.082858201930041, 1.762738022104899], "centre_of_mass": [[2.913571814263944, 7.585567274771791, 16.180640241543145], [2.6552166162298256, 12.254822202519449, 7.8011282380666405], [3.3015341102501976, 7.693884288660588, 2.707731040197867]]}}