{"no_of_atoms": 200, "centre_of_mass": [0.31334273809616486, 0.2567068217609345, 26.875105005798524], "maximum_diameter": {"diameter": 21.05334705345081, "atom_1": 65, "atom_2": 174}, "pore_diameter": {"diameter": 4.667789588218071, "atom": 135}, "pore_volume": 53.251572292085584, "pore_diameter_opt": {"diameter": 5.781371278795387, "atom_1": 69, "centre_of_mass": [0.2990143011112348, 0.16150362174981459, 25.826067244830174]}, "pore_volume_opt": 101.17919135189284, "windows": {"diameters": [2.0896810323366926, 1.7832112488947751], "centre_of_mass": [[0.21921502217693997, 0.2810087734978106, 32.34011656710751], [0.39440137584791524, 0.2557903711736699, 20.833911312409402]]}}