{"no_of_atoms": 168, "centre_of_mass": [24.688950501454993, 13.821386711801193, 1.9458196256447151], "maximum_diameter": {"diameter": 22.422865162817242, "atom_1": 123, "atom_2": 127}, "pore_diameter": {"diameter": 5.266654430892487, "atom": 25}, "pore_volume": 76.48972369025064, "pore_diameter_opt": {"diameter": 5.340435761271587, "atom_1": 134, "centre_of_mass": [24.685994577054846, 13.823091403836996, 1.7086352745747522]}, "pore_volume_opt": 79.7496358294547, "windows": {"diameters": [3.574497893865232, 3.755031113611411, 3.761670810815296, 3.739166236829297], "centre_of_mass": [[24.67075793932689, 13.830826092014442, 4.83474629037701], [24.5158426719108, 16.385779449941897, 0.8777365703767414], [27.208975400337486, 12.624389442773634, 0.8259042565365389], [22.60290982954647, 12.399778197520055, 0.897732897757707]]}}