{"no_of_atoms": 45, "centre_of_mass": [5.656795316135301, 3.2659590553865305, 3.058023357962825], "maximum_diameter": {"diameter": 15.638159044929342, "atom_1": 15, "atom_2": 41}, "pore_diameter": {"diameter": 1.886621098427819, "atom": 19}, "pore_volume": 3.5160308995664784, "pore_diameter_opt": {"diameter": 1.8874375617035644, "atom_1": 19, "centre_of_mass": [5.656912225729733, 3.2661340033545465, 3.0584306859935317]}, "pore_volume_opt": 3.520597718992836, "windows": {"diameters": [1.1927650460505759, 1.1643849443731455, 1.2235775672785612], "centre_of_mass": [[7.302508361095511, 3.446927217540365, 3.056749945394336], [4.804696581342161, 2.136887108092776, 3.0601650936996876], [4.616184158277109, 4.697266658675222, 3.056674921808269]]}}