{"no_of_atoms": 45, "centre_of_mass": [6.723254842822266e-05, 6.531740001193121, 33.64197664203717], "maximum_diameter": {"diameter": 15.636999999999992, "atom_1": 30, "atom_2": 39}, "pore_diameter": {"diameter": 1.8866879543187882, "atom": 34}, "pore_volume": 3.5164047038912654, "pore_diameter_opt": {"diameter": 1.8876481960041045, "atom_1": 34, "centre_of_mass": [-9.798652429356322e-05, 6.532010679443284, 33.6415054776538]}, "pore_volume_opt": 3.52177652577187, "windows": {"diameters": [1.1642891315994581, 1.1648167365807187, 1.1652967186630545], "centre_of_mass": [[-1.3896486655074576, 6.359425435699219, 33.64317711419346], [0.5628597473854514, 7.85395742370524, 33.6431701923914], [0.5701794234805148, 5.196369097694722, 33.63983040361032]]}}