{"no_of_atoms": 45, "centre_of_mass": [6.818022993201084e-05, 11.887544821414874, 8.669782404827039], "maximum_diameter": {"diameter": 15.659844160185607, "atom_1": 4, "atom_2": 44}, "pore_diameter": {"diameter": 1.8830623585441013, "atom": 13}, "pore_volume": 3.496171503934545, "pore_diameter_opt": {"diameter": 1.8837350793007608, "atom_1": 12, "centre_of_mass": [0.0002331821953989071, 11.887316465281767, 8.670057151212571]}, "pore_volume_opt": 3.4999198462949823, "windows": {"diameters": [1.164259991924657, 1.2138459468135276, 1.1590254591193498], "centre_of_mass": [[-1.0595488838665963, 12.881277478645217, 8.676339270648237], [1.661245482756163, 12.415153822409168, 8.676996130506701], [0.016430045987616406, 10.470391933918071, 8.660091994157808]]}}