{"no_of_atoms": 45, "centre_of_mass": [-0.4968422945482747, 8.346657162580216, 11.126522482721006], "maximum_diameter": {"diameter": 16.21102139877044, "atom_1": 3, "atom_2": 44}, "pore_diameter": {"diameter": 1.78187628847776, "atom": 22}, "pore_volume": 2.962315209517587, "pore_diameter_opt": {"diameter": 1.8827213289592044, "atom_1": 13, "centre_of_mass": [-0.4040455939098802, 8.346499997301224, 11.180263570138365]}, "pore_volume_opt": 3.49427233900021, "windows": {"diameters": [1.2113855793466395, 1.134158753346734, 1.1387878777385354], "centre_of_mass": [[-1.6020997751696584, 8.346497083141601, 12.273557326110684], [1.086910216752456, 8.346500053575578, 11.26282682451142], [-0.7007281622254978, 8.346585466082034, 9.772279982510113]]}}