{"no_of_atoms": 45, "centre_of_mass": [6.3113886141862485, 7.11517666349737e-17, 0.45593269586412], "maximum_diameter": {"diameter": 16.210039889787915, "atom_1": 18, "atom_2": 41}, "pore_diameter": {"diameter": 1.7835565979097585, "atom": 7}, "pore_volume": 2.970703504896438, "pore_diameter_opt": {"diameter": 1.7835565979097585, "atom_1": 7, "centre_of_mass": [6.3113886141862485, 7.11517666349737e-17, 0.45593269586412]}, "pore_volume_opt": 2.970703504896438, "windows": {"diameters": [1.1631086617652273, 1.1320234066488521, 1.1812971098534564], "centre_of_mass": [[6.575915137353564, -3.824894108088863e-07, 2.003740433424934], [4.74567785956201, 4.814837925680812e-06, 0.3228410012454668], [7.0761609530365, -2.9070652310235893e-06, -0.7340776466289399]]}}