{"no_of_atoms": 57, "centre_of_mass": [0.02167105625462822, 0.07363083886041764, 17.05580873078886], "maximum_diameter": {"diameter": 15.660803345174202, "atom_1": 19, "atom_2": 50}, "pore_diameter": {"diameter": 1.7059508512479575, "atom": 23}, "pore_volume": 2.599549951670044, "pore_diameter_opt": {"diameter": 1.8700205687923446, "atom_1": 11, "centre_of_mass": [0.020486830441262382, 0.004832122242715227, 16.995462414273987]}, "pore_volume_opt": 3.42403166811449, "windows": {"diameters": [1.163357072926401, 1.2129000809783705, 1.1580873878871727], "centre_of_mass": [[-1.0592645475682152, 0.9947639778635617, 17.00186870805937], [1.661520613829185, 0.5276968388313168, 17.002491960437194], [0.016763069330662603, -1.4176184227012187, 16.98556861604]]}}