{"no_of_atoms": 45, "centre_of_mass": [18.052760405321333, 8.346657162580216, 0.4559565702792765], "maximum_diameter": {"diameter": 16.210039889787915, "atom_1": 3, "atom_2": 44}, "pore_diameter": {"diameter": 1.782048910073534, "atom": 22}, "pore_volume": 2.9631762274044973, "pore_diameter_opt": {"diameter": 1.8830240400810268, "atom_1": 24, "centre_of_mass": [17.959878495456863, 8.346501449045524, 0.40210267914975384]}, "pore_volume_opt": 3.4959580773446532, "windows": {"diameters": [1.1423196381254956, 1.132924040086801, 1.1852517486401237], "centre_of_mass": [[18.274575234356437, 8.346502588913392, 1.8649429905750674], [16.486786671989147, 8.346499880166215, 0.32234069627332484], [18.987029638568128, 8.346501518859865, -0.5123123205881721]]}}