{"no_of_atoms": 140, "centre_of_mass": [24.171902487579697, 4.210303544152683, 13.681778064283218], "maximum_diameter": {"diameter": 20.525581969314974, "atom_1": 40, "atom_2": 106}, "pore_diameter": {"diameter": 2.2161340669966756, "atom": 61}, "pore_volume": 5.698843254438857, "pore_diameter_opt": {"diameter": 3.4291394603533054, "atom_1": 21, "centre_of_mass": [24.462965657977836, 5.31837057765102, 12.814287013657378]}, "pore_volume_opt": 21.113200207805356, "windows": {"diameters": [2.566456175105993, 2.688253813477228, 4.429542590633634, 5.438738315722889], "centre_of_mass": [[24.262065054827026, 7.973409522183246, 15.339397918741998], [24.16268960171213, 2.674094166501508, 14.75862324844565], [23.81739825061874, 5.973027003714525, 11.06997932013262], [19.48347206344411, 5.189711494666546, 9.633865730577151]]}}