{"no_of_atoms": 140, "centre_of_mass": [15.164097512420307, 8.309838738055396, 29.17020563814037], "maximum_diameter": {"diameter": 20.52558196931496, "atom_1": 9, "atom_2": 123}, "pore_diameter": {"diameter": 2.2171027317976324, "atom": 102}, "pore_volume": 5.706319357340258, "pore_diameter_opt": {"diameter": 2.434602467859032, "atom_1": 61, "centre_of_mass": [14.852605489518396, 8.331487314745877, 29.054293818225016]}, "pore_volume_opt": 7.555840750995789, "windows": {"diameters": [3.892533382456424, 2.146554958836432, 3.231822072394476, 1.043163908895786e+44], "centre_of_mass": [[15.134828519098335, 6.058489372786088, 28.099480623158843], [14.842651007167342, 10.36224585886136, 29.641337113748037], [14.9171710387803, 7.333410417806887, 28.42799212763441], [3.191084340410861e+43, 4.068568818369904e+43, 6.844720762318228e+42]]}}