{"no_of_atoms": 140, "centre_of_mass": [15.164097512420307, 8.30985963362058, 29.170063326608386], "maximum_diameter": {"diameter": 20.52558196931496, "atom_1": 9, "atom_2": 123}, "pore_diameter": {"diameter": 2.215843242077981, "atom": 102}, "pore_volume": 5.696599958562043, "pore_diameter_opt": {"diameter": 3.391406091939541, "atom_1": 61, "centre_of_mass": [14.823656048773895, 7.201938012581589, 28.304623060511872]}, "pore_volume_opt": 20.423868715387812, "windows": {"diameters": [2.492167303720183, 2.500718115190939, 4.066423577241491, 4.3694365611655], "centre_of_mass": [[15.036939459923376, 4.639016067831442, 30.722328388447057], [15.050066994228454, 9.327495582359775, 29.875992212916874], [12.661721847687039, 6.703722970670341, 26.004288722672776], [14.916519873074412, 6.797752515627186, 26.490321014819898]]}}