{"no_of_atoms": 147, "centre_of_mass": [1.6323913207816483, 9.865315274095655, 21.590030491979203], "maximum_diameter": {"diameter": 17.713688092648102, "atom_1": 51, "atom_2": 105}, "pore_diameter": {"diameter": 4.476220454739293, "atom": 122}, "pore_volume": 46.96053378233057, "pore_diameter_opt": {"diameter": 6.393333405960499, "atom_1": 119, "centre_of_mass": [1.2947622914760772, 7.627205046726009, 21.821354577476402]}, "pore_volume_opt": 136.82979662570713, "windows": {"diameters": [6.751629176845093, 4.555195022006762], "centre_of_mass": [[1.1677018011491551, 7.14749113372302, 21.855981761194418], [1.643468788730504, 10.795269789279681, 21.378126513962386]]}}