{"no_of_atoms": 147, "centre_of_mass": [1.6202701334905154, 10.401136886149354, 23.300452912676523], "maximum_diameter": {"diameter": 17.81329691218322, "atom_1": 51, "atom_2": 105}, "pore_diameter": {"diameter": 4.9150801059941305, "atom": 122}, "pore_volume": 62.17136797558329, "pore_diameter_opt": {"diameter": 5.960129543807696, "atom_1": 14, "centre_of_mass": [1.7018150470859001, 9.322596417638298, 23.154721737972338]}, "pore_volume_opt": 110.8576632917646, "windows": {"diameters": [6.179947007774517, 5.0041414178547186], "centre_of_mass": [[1.5263989197646266, 8.79887654641441, 23.001940107632162], [2.063381841961205, 13.829442082449349, 22.91227105667919]]}}