{"no_of_atoms": 156, "centre_of_mass": [10.228121419948787, 16.59325122659333, 23.982012697065098], "maximum_diameter": {"diameter": 19.198111381701548, "atom_1": 51, "atom_2": 155}, "pore_diameter": {"diameter": 2.727530666204219, "atom": 103}, "pore_volume": 10.624476708371386, "pore_diameter_opt": {"diameter": 4.872287477189435, "atom_1": 26, "centre_of_mass": [10.12113415878969, 16.254992050531563, 22.883616456061205]}, "pore_volume_opt": 60.56159949952609, "windows": {"diameters": [3.506254769402981, 4.342199128407584], "centre_of_mass": [[6.254212614580119, 15.845133869660376, 23.36129281170583], [14.074152186469554, 16.401839488272582, 22.50473591119309]]}}