{"no_of_atoms": 126, "centre_of_mass": [10.346349398097992, 19.987731082219828, 10.63354561041463], "maximum_diameter": {"diameter": 15.879695653553771, "atom_1": 59, "atom_2": 87}, "pore_diameter": {"diameter": 6.616601893588053, "atom": 84}, "pore_volume": 151.67137954549403, "pore_diameter_opt": {"diameter": 6.684367481146339, "atom_1": 8, "centre_of_mass": [10.347005993972354, 19.942854807191416, 10.632536681570683]}, "pore_volume_opt": 156.37941189789856, "windows": {"diameters": [5.116131500629515, 5.116199919588875], "centre_of_mass": [[10.295700075609874, 19.912847569841173, 13.856539194505832], [10.396372477314763, 19.91257460196929, 7.403983666256877]]}}