{"no_of_atoms": 108, "centre_of_mass": [11.293420047349624, 11.406626491713812, 4.513571841017615], "maximum_diameter": {"diameter": 14.607522440132623, "atom_1": 41, "atom_2": 79}, "pore_diameter": {"diameter": 5.149481782706001, "atom": 66}, "pore_volume": 71.4972273986918, "pore_diameter_opt": {"diameter": 5.254016466943563, "atom_1": 36, "centre_of_mass": [11.350810832105312, 11.390079581354971, 4.528033227581822]}, "pore_volume_opt": 75.94040537724734, "windows": {"diameters": [3.9552364570983496, 3.569400647361996], "centre_of_mass": [[12.664927296377337, 10.8364247153727, 7.497634801206764], [10.277856333471467, 11.916908785623072, 1.6134809864180055]]}}