{"no_of_atoms": 144, "centre_of_mass": [23.649165004664745, 15.983138338900927, 8.507160184934392], "maximum_diameter": {"diameter": 17.71888036507136, "atom_1": 43, "atom_2": 120}, "pore_diameter": {"diameter": 7.082524511460427, "atom": 59}, "pore_volume": 186.0213881799047, "pore_diameter_opt": {"diameter": 7.607398989097296, "atom_1": 59, "centre_of_mass": [23.598819986066697, 15.594057019066588, 8.889907166341242]}, "pore_volume_opt": 230.5192542090561, "windows": {"diameters": [6.673477521849583, 5.660237784764102], "centre_of_mass": [[23.15396424979934, 13.177940325060694, 10.709449069785716], [23.1260508530537, 18.354594141920423, 6.823082362919701]]}}