{"no_of_atoms": 105, "centre_of_mass": [7.487999999999996, 3.7439999999999993, 4.611581959953922], "maximum_diameter": {"diameter": 14.139476551806258, "atom_1": 6, "atom_2": 98}, "pore_diameter": {"diameter": 5.082356682596538, "atom": 30}, "pore_volume": 68.73754938963708, "pore_diameter_opt": {"diameter": 5.082356682596538, "atom_1": 30, "centre_of_mass": [7.487999999999996, 3.7439999999999993, 4.611581959953922]}, "pore_volume_opt": 68.73754938963708, "windows": {"diameters": [3.4489811560889385, 3.445884834985471], "centre_of_mass": [[9.910613069491818, 6.22064345369532, 4.643140862358263], [5.1242405286039165, 1.3283562635613433, 4.639308365214284]]}}