{"no_of_atoms": 68, "centre_of_mass": [6.677524657252213, 7.670596836797374, 15.395616367177217], "maximum_diameter": {"diameter": 18.18388134172457, "atom_1": 30, "atom_2": 67}, "pore_diameter": {"diameter": 0.8843949387812375, "atom": 34}, "pore_volume": 0.3621907610460568, "pore_diameter_opt": {"diameter": 0.9017989018259294, "atom_1": 21, "centre_of_mass": [6.671708872010396, 7.675971747065096, 15.401432151469525]}, "pore_volume_opt": 0.3839969091021228, "windows": {"diameters": [0.47712852234973013, 0.3283836182423725], "centre_of_mass": [[6.806707465759579, 8.978956306271122, 15.344563792247447], [6.767655270267944, 7.011992964638594, 14.05154148549033]]}}