{"no_of_atoms": 168, "centre_of_mass": [10.401991038416249, 6.005599492818206, 44.433893255591734], "maximum_diameter": {"diameter": 22.239635938869874, "atom_1": 108, "atom_2": 116}, "pore_diameter": {"diameter": 4.930326967405023, "atom": 142}, "pore_volume": 62.75174209860361, "pore_diameter_opt": {"diameter": 5.238386390693952, "atom_1": 37, "centre_of_mass": [10.40218342056705, 6.00495486405553, 44.271106665657776]}, "pore_volume_opt": 75.26467846224845, "windows": {"diameters": [3.4576121750146176, 3.459850534153628, 3.465371374444914, 3.589758773802649], "centre_of_mass": [[11.361245835833648, 3.557524085557161, 45.22404026444575], [7.777244011196252, 6.402555633611538, 45.23341981740506], [12.087536124111793, 8.115794053589914, 45.250110227812826], [10.402195282452805, 6.005715640907765, 41.57659903286209]]}}