{"no_of_atoms": 168, "centre_of_mass": [10.401991038416249, 6.005568977797825, 30.776106744408313], "maximum_diameter": {"diameter": 22.23963593886988, "atom_1": 104, "atom_2": 130}, "pore_diameter": {"diameter": 4.930361802581807, "atom": 22}, "pore_volume": 62.753072223454716, "pore_diameter_opt": {"diameter": 5.23812310717498, "atom_1": 33, "centre_of_mass": [10.402646725637815, 6.006166645154046, 30.938484609440177]}, "pore_volume_opt": 75.2533305287548, "windows": {"diameters": [3.5915483073629413, 3.4598041201664365, 3.4684395902598504, 3.454113871916063], "centre_of_mass": [[10.40221745719151, 6.00533907383977, 33.6524160414323], [7.777291592976072, 5.608445632500338, 29.976626413720123], [11.394630297135395, 8.541500702608003, 29.951370277209854], [12.007826545215554, 3.9926717886467054, 30.00619640331399]]}}