{"no_of_atoms": 168, "centre_of_mass": [10.401991038416256, 18.016869166246114, 29.39189325559172], "maximum_diameter": {"diameter": 22.239467465513634, "atom_1": 2, "atom_2": 167}, "pore_diameter": {"diameter": 4.9305013541550515, "atom": 124}, "pore_volume": 62.758400962913626, "pore_diameter_opt": {"diameter": 5.238748303416797, "atom_1": 38, "centre_of_mass": [10.40211294334259, 18.017140063470663, 29.22922298493967]}, "pore_volume_opt": 75.28027933128458, "windows": {"diameters": [3.4572545530172936, 3.4598328372466125, 3.465131618766733, 3.5897817247118256], "centre_of_mass": [[11.361189748329188, 15.569448883288313, 30.181876914414723], [7.777250332808986, 18.413549385828656, 30.191442987015883], [12.087319532531179, 20.126890257310556, 30.208240285330813], [10.40222676893326, 18.016643686960034, 26.53459956973758]]}}