{"no_of_atoms": 168, "centre_of_mass": [-8.96158375264695e-06, 12.011184612204582, 14.349893255591704], "maximum_diameter": {"diameter": 22.24028678758108, "atom_1": 9, "atom_2": 166}, "pore_diameter": {"diameter": 4.930424711626024, "atom": 142}, "pore_volume": 62.7554743511229, "pore_diameter_opt": {"diameter": 5.2273496180690415, "atom_1": 142, "centre_of_mass": [-0.00589850084830211, 12.0064508863431, 14.192015469690084]}, "pore_volume_opt": 74.78995390985003, "windows": {"diameters": [3.457262128623405, 3.4598063123061515, 3.4662086653209427, 3.589644657888902], "centre_of_mass": [[0.9591829996803081, 9.563460395680545, 15.139918650112797], [-2.6247630775326583, 12.408498405183979, 15.149422549956178], [1.6903064087735273, 14.126960035109008, 15.169093394399873], [6.134626973651469e-06, 12.010723819865, 11.492575878568717]]}}