{"no_of_atoms": 168, "centre_of_mass": [3.3636080105731496, 5.465158476414432, 14.87960292801741], "maximum_diameter": {"diameter": 22.59945888117508, "atom_1": 97, "atom_2": 104}, "pore_diameter": {"diameter": 5.090946921623281, "atom": 133}, "pore_volume": 69.08668106158837, "pore_diameter_opt": {"diameter": 5.259211746736431, "atom_1": 20, "centre_of_mass": [3.302334342522371, 5.522016615189412, 14.759337912352633]}, "pore_volume_opt": 76.1659025215495, "windows": {"diameters": [3.6001383471399326, 3.59473205255552, 3.659636371688594, 3.6320168782537556], "centre_of_mass": [[5.103201447247593, 5.598154661551951, 17.039798496108354], [1.0354671407170493, 3.929354856681691, 15.389498607056222], [2.5261371205026446, 8.04452725272212, 14.138953750638288], [4.623163095888109, 4.491436882375441, 12.62583254874206]]}}