{"no_of_atoms": 168, "centre_of_mass": [28.99841797936195, 1.08222965993407, 0.8721659212848133], "maximum_diameter": {"diameter": 22.572858210657966, "atom_1": 82, "atom_2": 116}, "pore_diameter": {"diameter": 4.917362297684047, "atom": 143}, "pore_volume": 62.25801124572461, "pore_diameter_opt": {"diameter": 5.324152383595951, "atom_1": 108, "centre_of_mass": [28.79554834329764, 1.0206706968204973, 0.8420680097319408]}, "pore_volume_opt": 79.02237048116383, "windows": {"diameters": [3.849247380190676, 3.694101735023168, 3.8334760043580025, 3.6196099243097035], "centre_of_mass": [[28.674725124545706, 0.9629280316511747, 3.651830611968014], [31.156538932843002, 0.1648311440734762, 0.10706595353125203], [27.015138437453437, -0.6065850015430707, -0.14605628967536832], [28.394930690289403, 3.581569686760617, -0.2053348349533688]]}}