{"no_of_atoms": 168, "centre_of_mass": [28.255164202343, 18.104480065285795, 14.114756853396907], "maximum_diameter": {"diameter": 22.54842620331772, "atom_1": 92, "atom_2": 104}, "pore_diameter": {"diameter": 4.860949111846887, "atom": 139}, "pore_volume": 60.139781518300204, "pore_diameter_opt": {"diameter": 5.1464825447881495, "atom_1": 26, "centre_of_mass": [28.14982986062752, 17.994398877760016, 14.101548401630579]}, "pore_volume_opt": 71.37237270475187, "windows": {"diameters": [3.650345472950957, 3.614019640695591, 3.717282648252858, 3.579084049838595], "centre_of_mass": [[27.99801123755739, 17.96384247371847, 16.93266659753329], [30.451938137081157, 17.116156814213827, 13.362967778539602], [26.427823266230646, 16.4946691368783, 13.024945234668456], [27.78369651604256, 20.54289708652574, 12.959984543792395]]}}