{"no_of_atoms": 168, "centre_of_mass": [4.92929904487324, 18.104480065285795, 12.600268249775397], "maximum_diameter": {"diameter": 22.548426203317717, "atom_1": 92, "atom_2": 104}, "pore_diameter": {"diameter": 4.860099948782771, "atom": 142}, "pore_volume": 60.1082694251058, "pore_diameter_opt": {"diameter": 5.145837671293634, "atom_1": 24, "centre_of_mass": [5.03454967850794, 17.99409391127914, 12.613528185832696]}, "pore_volume_opt": 71.3455463914459, "windows": {"diameters": [3.748593956353828, 3.5772959187535647, 3.60781725052396, 3.67461276845856], "centre_of_mass": [[6.967366437471791, 16.314122135590726, 13.800273390066016], [5.3911986537085825, 20.476117000158354, 13.729198029642959], [2.662369826627522, 17.094295261317836, 13.369323167900877], [5.1986589777283, 17.966013700477333, 9.590096604297674]]}}