{"no_of_atoms": 108, "centre_of_mass": [3.048044526704384, 11.41239105874563, 4.042118721158863], "maximum_diameter": {"diameter": 14.464583428020665, "atom_1": 14, "atom_2": 104}, "pore_diameter": {"diameter": 5.28455404954137, "atom": 44}, "pore_volume": 77.27226719196514, "pore_diameter_opt": {"diameter": 5.344678545699855, "atom_1": 19, "centre_of_mass": [3.0118361303864813, 11.396718019759588, 4.0496159869708555]}, "pore_volume_opt": 79.93986154210769, "windows": {"diameters": [3.703825214158493, 3.733073824413272], "centre_of_mass": [[1.7686119208085151, 8.68134551594724, 5.101675320868936], [4.244808793415363, 14.246668305416785, 2.9789910210334027]]}}