{"no_of_atoms": 96, "centre_of_mass": [2.81110395734735, 4.2004226835867815, 3.6099227357145645], "maximum_diameter": {"diameter": 21.577900376071632, "atom_1": 28, "atom_2": 94}, "pore_diameter": {"diameter": 5.167118229292502, "atom": 68}, "pore_volume": 72.2343582387743, "pore_diameter_opt": {"diameter": 5.782897235988491, "atom_1": 13, "centre_of_mass": [3.67541565989275, 3.97986050585895, 3.5056424135680646]}, "pore_volume_opt": 101.25932936549354, "windows": {"diameters": [5.8208458849786435, 4.692677407181183], "centre_of_mass": [[4.162563989712277, 3.9586106082031067, 3.547782709305983], [0.758012881155345, 4.282846738639686, 3.451555239217342]]}}