{"no_of_atoms": 96, "centre_of_mass": [1.2397028595119877, -1.655948943866863, 6.7891764367871845], "maximum_diameter": {"diameter": 21.456907454257284, "atom_1": 38, "atom_2": 93}, "pore_diameter": {"diameter": 5.192835475846213, "atom": 7}, "pore_volume": 73.31828733838246, "pore_diameter_opt": {"diameter": 6.132426194042525, "atom_1": 1, "centre_of_mass": [3.836120597435094, -1.5618785266324748, 6.80454518280841]}, "pore_volume_opt": 120.75235581650072, "windows": {"diameters": [7.006451693289888, 4.863756571024638], "centre_of_mass": [[4.356058014847301, -1.7780423113223547, 6.303794989024192], [-0.19434038710903634, -1.803318507777323, 7.01381549978667]]}}