{"no_of_atoms": 96, "centre_of_mass": [26.6188549914171, 2.460604827760106, 7.209850692693377], "maximum_diameter": {"diameter": 21.380897348822007, "atom_1": 7, "atom_2": 94}, "pore_diameter": {"diameter": 4.089592472712422, "atom": 69}, "pore_volume": 35.81283655479731, "pore_diameter_opt": {"diameter": 4.271207582875022, "atom_1": 69, "centre_of_mass": [26.56928647102648, 2.4906402968925785, 7.279756661254552]}, "pore_volume_opt": 40.79910713718791, "windows": {"diameters": [4.3574555273979865, 3.9342773187767164], "centre_of_mass": [[26.853333781683176, 3.2189356379360143, 7.285665296722706], [24.982800820412912, 1.7058294562596603, 5.823093321981898]]}}