{"no_of_atoms": 126, "centre_of_mass": [7.3191839558719805, 4.130504050800528, 29.598116887650676], "maximum_diameter": {"diameter": 16.015534286755972, "atom_1": 31, "atom_2": 112}, "pore_diameter": {"diameter": 4.21563160015773, "atom": 38}, "pore_volume": 39.2271337476142, "pore_diameter_opt": {"diameter": 5.529491148390816, "atom_1": 47, "centre_of_mass": [7.777590301453507, 4.5686281127142525, 29.879616213932735]}, "pore_volume_opt": 88.52259240301689, "windows": {"diameters": [5.254245206664964, 4.906136771952821], "centre_of_mass": [[7.164663221805183, 2.2687840473423786, 31.278391031673745], [7.1159672401523375, 6.312297814353807, 28.07886118523727]]}}