{"no_of_atoms": 126, "centre_of_mass": [23.41918308913308, 13.425923143132298, 7.87741635883678], "maximum_diameter": {"diameter": 16.014936284638253, "atom_1": 50, "atom_2": 74}, "pore_diameter": {"diameter": 4.216475424231771, "atom": 26}, "pore_volume": 39.25069422136956, "pore_diameter_opt": {"diameter": 5.529644282935379, "atom_1": 121, "centre_of_mass": [23.87756173971136, 13.864448634106287, 8.158492343811373]}, "pore_volume_opt": 88.52994727994627, "windows": {"diameters": [5.2528847179964595, 4.906303963628625], "centre_of_mass": [[23.2646971864184, 11.564163757584836, 9.55804258192567], [23.215913626120425, 15.607336981459056, 6.357913472955989]]}}