{"no_of_atoms": 171, "centre_of_mass": [12.731195067889011, 10.197929171483189, 15.347541933244052], "maximum_diameter": {"diameter": 18.86726886010183, "atom_1": 102, "atom_2": 113}, "pore_diameter": {"diameter": 4.702755182799292, "atom": 25}, "pore_volume": 54.45725351978028, "pore_diameter_opt": {"diameter": 4.851008871238577, "atom_1": 25, "centre_of_mass": [12.748626744801408, 10.229884690020763, 15.416533429908917]}, "pore_volume_opt": 59.77159276036458, "windows": {"diameters": [3.7906219233669742, 4.166911383506484], "centre_of_mass": [[13.433132507536493, 4.588638426914442, 16.29979065749753], [11.629706794004445, 16.177045434915858, 15.375361884278892]]}}