{"no_of_atoms": 636, "centre_of_mass": [2.735765167918379e-05, 14.24897948328638, 42.66603503461229], "maximum_diameter": {"diameter": 34.50167176988219, "atom_1": 379, "atom_2": 395}, "pore_diameter": {"diameter": 5.659290925769138, "atom": 584}, "pore_volume": 94.90403615519962, "pore_diameter_opt": {"diameter": 5.694243078061321, "atom_1": 118, "centre_of_mass": [-5.9619208805970256e-05, 14.248938659312126, 42.635223451942686]}, "pore_volume_opt": 96.6733191838947, "windows": {"diameters": [1.393156746009979, 1.4067331848513676, 1.4851822646036115, 1.0488580490404749], "centre_of_mass": [[2.046837097731987, 10.465829505447548, 44.052719837981094], [-4.048448575532927, 14.36894499282257, 43.94885669768157], [2.6167572601492806, 18.548897593065767, 44.29226386907443], [-0.00012502435731464952, 14.249114628984625, 37.935740275024926]]}}