{"no_of_atoms": 126, "centre_of_mass": [-0.6965191043698087, 6.478805440334315, 25.361648607026762], "maximum_diameter": {"diameter": 16.077711646166794, "atom_1": 59, "atom_2": 82}, "pore_diameter": {"diameter": 6.239165947942, "atom": 104}, "pore_volume": 127.1681148923846, "pore_diameter_opt": {"diameter": 6.405654941095355, "atom_1": 66, "centre_of_mass": [-0.773146043535669, 6.5229000655092815, 25.300681714606775]}, "pore_volume_opt": 137.62243688495815, "windows": {"diameters": [5.017608530486336, 4.702698982378099], "centre_of_mass": [[-2.57909981853891, 9.177502425401125, 25.731610564749715], [1.1588425049431588, 3.86786646981222, 25.04987775963676]]}}