{"no_of_atoms": 297, "centre_of_mass": [7.835101192144786, 19.265185540575988, 0.13159553906242352], "maximum_diameter": {"diameter": 21.907446667017, "atom_1": 146, "atom_2": 181}, "pore_diameter": {"diameter": 8.62597727472313, "atom": 229}, "pore_volume": 336.06520638613375, "pore_diameter_opt": {"diameter": 9.069694114149343, "atom_1": 69, "centre_of_mass": [7.825702068747268, 19.054338812139545, 0.06321078083946466]}, "pore_volume_opt": 390.63984863081055, "windows": {"diameters": [9.232449656485407, 9.091104210745113], "centre_of_mass": [[7.008656349240334, 19.17694679794002, -0.2443308390473097], [8.311646572446714, 19.073989780796214, -0.028303769913740784]]}}