{"no_of_atoms": 387, "centre_of_mass": [0.09918273766076166, 0.1762389580966274, 0.2020700669115987], "maximum_diameter": {"diameter": 22.685542104514088, "atom_1": 182, "atom_2": 253}, "pore_diameter": {"diameter": 8.544870217488494, "atom": 93}, "pore_volume": 326.6743495036999, "pore_diameter_opt": {"diameter": 8.916410852703164, "atom_1": 302, "centre_of_mass": [-0.6196799689136873, 0.12404729464872374, 0.6333854493341861]}, "pore_volume_opt": 371.1665564783233, "windows": {"diameters": [8.917528259100985, 8.856790544934062], "centre_of_mass": [[-0.6196855516499915, 0.12449012004333043, 0.6323187628497677], [0.44446668314233684, -0.1019243313576218, -0.5059922627416021]]}}