{"no_of_atoms": 129, "centre_of_mass": [14.445945989187376, 4.392837341082405, 11.968272188224796], "maximum_diameter": {"diameter": 19.943706201128187, "atom_1": 13, "atom_2": 111}, "pore_diameter": {"diameter": 5.621326068530314, "atom": 22}, "pore_volume": 93.00685411533904, "pore_diameter_opt": {"diameter": 5.71115478794451, "atom_1": 66, "centre_of_mass": [14.409515739863204, 4.429844134598643, 12.023620630470628]}, "pore_volume_opt": 97.5372293873734, "windows": {"diameters": [4.384219864252316, 4.567895662896711], "centre_of_mass": [[12.584333902045792, 5.988146163670397, 13.74325828007456], [16.750971870243742, 2.198182325067117, 10.894384465151546]]}}