{"no_of_atoms": 147, "centre_of_mass": [-0.6130178328033716, 6.654432292176034, 9.841925115441846], "maximum_diameter": {"diameter": 17.87067003030782, "atom_1": 2, "atom_2": 146}, "pore_diameter": {"diameter": 5.541818412559877, "atom": 26}, "pore_volume": 89.11596127041835, "pore_diameter_opt": {"diameter": 6.191668354913043, "atom_1": 136, "centre_of_mass": [-0.7888365229381069, 6.843650282694752, 9.52951496931803]}, "pore_volume_opt": 124.28584824439909, "windows": {"diameters": [5.752388314879097, 6.292970054340252], "centre_of_mass": [[-0.8665303848847582, 6.629312297554695, 10.99481028832175], [-0.6472187418631168, 6.784152121346761, 8.978921355933212]]}}