{"no_of_atoms": 168, "centre_of_mass": [-12.814417586537676, 22.195179254045478, 5.789947100258781], "maximum_diameter": {"diameter": 22.383043780579207, "atom_1": 107, "atom_2": 116}, "pore_diameter": {"diameter": 4.984548312943003, "atom": 143}, "pore_volume": 64.84493386085073, "pore_diameter_opt": {"diameter": 4.985192247957759, "atom_1": 126, "centre_of_mass": [-12.81465235296667, 22.194807393386867, 5.78984958716462]}, "pore_volume_opt": 64.8700683256066, "windows": {"diameters": [3.3481525253549473, 3.9088609687597757, 4.0259340428144945, 4.06483997141275], "centre_of_mass": [[-12.814727237484876, 22.195405756385682, 8.619962752913867], [-11.048649144067578, 23.12746331242445, 4.6330035993417304], [-13.031683482556357, 19.04256823378075, 4.284083157377842], [-15.502602970023343, 24.009734094677146, 4.258902306749638]]}}