{"no_of_atoms": 168, "centre_of_mass": [6.26818713827166e-05, 14.796906803108238, 2.0617802993696923], "maximum_diameter": {"diameter": 22.382766147238353, "atom_1": 107, "atom_2": 130}, "pore_diameter": {"diameter": 4.984882411798676, "atom": 30}, "pore_volume": 64.85797380087153, "pore_diameter_opt": {"diameter": 4.985327619096781, "atom_1": 143, "centre_of_mass": [0.000333771545155794, 14.796913366145708, 2.0617198942549826]}, "pore_volume_opt": 64.87535304065621, "windows": {"diameters": [3.3484758142134736, 3.908946080771457, 4.025485721519635, 4.064882060247932], "centre_of_mass": [[0.0005288448297678125, 14.79720076989612, 4.891950416432595], [1.7663095235311586, 15.729529994012426, 0.9049842836706705], [-0.21717668587274191, 11.643741118169554, 0.555813517422951], [-2.6885722817091953, 16.6118065063539, 0.5309196420053188]]}}