{"no_of_atoms": 153, "centre_of_mass": [-2.5868958896769456, 7.2308134536778566, 18.420474686738558], "maximum_diameter": {"diameter": 17.250687069948444, "atom_1": 66, "atom_2": 125}, "pore_diameter": {"diameter": 3.9115195733949393, "atom": 101}, "pore_volume": 31.33539299121506, "pore_diameter_opt": {"diameter": 4.213844560013504, "atom_1": 101, "centre_of_mass": [-2.4871377031655797, 6.949026758125245, 18.074899338931008]}, "pore_volume_opt": 39.177268799171195, "windows": {"diameters": [6.624363322102609, 4.3173793324650855], "centre_of_mass": [[-2.7512600924056327, 3.345433132973924, 22.253605227022994], [-2.0936765779441147, 8.406251686961973, 17.02427063012642]]}}