{"no_of_atoms": 138, "centre_of_mass": [-2.558980275012238, 7.282481750401512, 18.600927495155517], "maximum_diameter": {"diameter": 17.250687069948444, "atom_1": 54, "atom_2": 113}, "pore_diameter": {"diameter": 3.956911644742401, "atom": 90}, "pore_volume": 32.43901667051094, "pore_diameter_opt": {"diameter": 4.090547093727782, "atom_1": 90, "centre_of_mass": [-2.492171720455497, 7.283584718931132, 18.600830980034218]}, "pore_volume_opt": 35.83792145083816, "windows": {"diameters": [4.246534649427204, 4.283923366488178], "centre_of_mass": [[-2.470038720813655, 6.8908634322112015, 19.098939648479494], [-2.4996759249405116, 7.485237876859205, 17.740982327285455]]}}