{"no_of_atoms": 168, "centre_of_mass": [34.46364246546905, 12.54914768403684, 10.713666666666668], "maximum_diameter": {"diameter": 22.765677399590235, "atom_1": 104, "atom_2": 121}, "pore_diameter": {"diameter": 5.356927183259295, "atom": 118}, "pore_volume": 80.49072726849144, "pore_diameter_opt": {"diameter": 5.669893801097217, "atom_1": 34, "centre_of_mass": [34.463856844025074, 12.194966319822186, 10.713954974323066]}, "pore_volume_opt": 95.43845403997278, "windows": {"diameters": [3.9106443634170343, 4.17664579314892, 4.162325152657887, 3.8999250311824762], "centre_of_mass": [[35.55057523482611, 14.035283280136444, 13.086696914110899], [32.33329354879074, 10.708266519591211, 11.750217200066974], [36.463533503457604, 10.79931055750005, 9.743708995870335], [33.40455588133909, 13.985765058335069, 8.406909650785707]]}}