{"no_of_atoms": 168, "centre_of_mass": [6.237720445117358, 6.237720445117353, 18.71327955488266], "maximum_diameter": {"diameter": 22.338403830660802, "atom_1": 3, "atom_2": 164}, "pore_diameter": {"diameter": 5.874109938736238, "atom": 124}, "pore_volume": 106.1267424042702, "pore_diameter_opt": {"diameter": 5.874109938736238, "atom_1": 124, "centre_of_mass": [6.237720445117358, 6.237720445117353, 18.71327955488266]}, "pore_volume_opt": 106.1267424042702, "windows": {"diameters": [4.09583305608799, 4.094459479149073, 4.104158929019418, 4.106764798368857], "centre_of_mass": [[4.583182162498194, 7.8918107493501575, 20.36750697723923], [7.87869987016041, 4.5965326197031064, 20.354652079420983], [7.9441970036737874, 7.944214388420611, 17.006680610442448], [4.516343090259369, 4.516079841845512, 16.992036927838754]]}}