{"no_of_atoms": 168, "centre_of_mass": [4.561901707200693e-16, 12.475500000000006, 2.4110922132787633e-16], "maximum_diameter": {"diameter": 22.338403830660795, "atom_1": 39, "atom_2": 161}, "pore_diameter": {"diameter": 5.873231637352742, "atom": 66}, "pore_volume": 106.07914506816631, "pore_diameter_opt": {"diameter": 5.873231637352742, "atom_1": 66, "centre_of_mass": [4.561901707200693e-16, 12.475500000000006, 2.4110922132787633e-16]}, "pore_volume_opt": 106.07914506816631, "windows": {"diameters": [4.100975956205685, 4.098053115512364, 4.091300392056954, 4.100797794811312], "centre_of_mass": [[-1.6964215946483348, 10.77951383763511, 1.6961246326711197], [1.6782832601745243, 14.153282785494149, 1.6779187102873512], [1.5924381883211134, 10.883488991587207, -1.5920942501072564], [-1.6959029163888921, 14.170966668137568, -1.6957064080139774]]}}