{"no_of_atoms": 168, "centre_of_mass": [1.605407917865052e-16, 5.038755544190312e-16, 12.475500000000011], "maximum_diameter": {"diameter": 22.3384038306608, "atom_1": 68, "atom_2": 156}, "pore_diameter": {"diameter": 5.873231637352742, "atom": 62}, "pore_volume": 106.07914506816631, "pore_diameter_opt": {"diameter": 5.873231637352742, "atom_1": 62, "centre_of_mass": [1.605407917865052e-16, 5.038755544190312e-16, 12.475500000000011]}, "pore_volume_opt": 106.07914506816631, "windows": {"diameters": [4.1009514143469215, 4.097976822275301, 4.091248738953585, 4.100865601212149], "centre_of_mass": [[-1.6960603526236813, -1.6964907490637415, 14.17143445910396], [1.677545064306625, 1.6779348224715442, 14.15290965903316], [1.591791254696273, -1.5921299110076177, 10.883880026035248], [-1.6953094899320447, 1.6956304732005671, 10.780317339835905]]}}