{"no_of_atoms": 168, "centre_of_mass": [20.250026069573746, 11.131687226857375, 17.69018117432093], "maximum_diameter": {"diameter": 22.510218837976144, "atom_1": 108, "atom_2": 117}, "pore_diameter": {"diameter": 5.497480555940227, "atom": 22}, "pore_volume": 86.9940857334981, "pore_diameter_opt": {"diameter": 5.620099707329958, "atom_1": 124, "centre_of_mass": [20.261665895154678, 11.283402107847039, 17.789321360716986]}, "pore_volume_opt": 92.9459956377734, "windows": {"diameters": [3.9818956217398864, 4.0712585898834135, 3.9673017948069265, 3.8374084941157744], "centre_of_mass": [[22.088404110318248, 10.412650315197668, 19.67359565420385], [17.783494335126242, 11.581866957786165, 19.041660138148046], [21.069899932147646, 13.551561921770444, 16.6798386268349], [20.122198621433785, 9.135379271512289, 15.575555960152212]]}}