{"no_of_atoms": 168, "centre_of_mass": [12.01233141126824, 11.13168722685737, 3.7371987798286987], "maximum_diameter": {"diameter": 22.509787234499036, "atom_1": 32, "atom_2": 166}, "pore_diameter": {"diameter": 5.496451966764564, "atom": 100}, "pore_volume": 86.94526458735696, "pore_diameter_opt": {"diameter": 5.612609607393479, "atom_1": 27, "centre_of_mass": [11.990498504539275, 11.281060967043558, 3.6304367191191536]}, "pore_volume_opt": 92.57487372089983, "windows": {"diameters": [3.8274310449122013, 3.979385228343195, 4.071251013212693, 4.000174451031787], "centre_of_mass": [[12.130646203245364, 9.230383428111494, 5.746182403401727], [11.14123314200627, 13.694590854620985, 4.817201219488767], [14.473446483445807, 11.581414230554886, 2.3882270324419204], [10.038578547416474, 10.345593373032688, 1.6071980684348715]]}}