{"no_of_atoms": 87, "centre_of_mass": [1.8796597416380154, 0.6959455926703795, 4.039156607612923], "maximum_diameter": {"diameter": 13.356659518836565, "atom_1": 12, "atom_2": 68}, "pore_diameter": {"diameter": 4.2880662986743, "atom": 10}, "pore_volume": 41.28412617228255, "pore_diameter_opt": {"diameter": 4.325943279974194, "atom_1": 62, "centre_of_mass": [1.8858397564618217, 0.670767485922528, 4.050478219455575]}, "pore_volume_opt": 42.3878203332314, "windows": {"diameters": [2.3052227430037324, 2.5282283892178934, 2.2392412035978286], "centre_of_mass": [[1.1992347535232297, 2.773074180252136, 6.01770019423703], [3.333804628552464, -1.3288741668023838, 5.076256104144855], [0.8500496000721969, 0.9353721070153184, 1.1357850590244123]]}}