{"no_of_atoms": 97, "centre_of_mass": [7.139968339837309, 4.171899312960317, 1.669353399472353], "maximum_diameter": {"diameter": 18.609368947102016, "atom_1": 32, "atom_2": 71}, "pore_diameter": {"diameter": 3.2263048599274153, "atom": 25}, "pore_volume": 17.583884779400638, "pore_diameter_opt": {"diameter": 3.749792767657301, "atom_1": 11, "centre_of_mass": [7.227159779629002, 4.345128147472937, 2.060530856177363]}, "pore_volume_opt": 27.607076812679715, "windows": {"diameters": [3.786375906106573, 3.6586588525604538, 1.9462211164805723], "centre_of_mass": [[7.847526332988095, 4.61142485685253, 2.663497976027232], [6.264520064688314, 4.448369282963015, 2.2828084356687266], [8.728877723382544, 2.29127226441375, 0.5267143721214493]]}}