{"no_of_atoms": 97, "centre_of_mass": [34.63942920605694, 9.817957135594149, 1.6693533994723524], "maximum_diameter": {"diameter": 18.609368947102023, "atom_1": 15, "atom_2": 86}, "pore_diameter": {"diameter": 3.2266096067943737, "atom": 33}, "pore_volume": 17.58886800963232, "pore_diameter_opt": {"diameter": 3.732630213221294, "atom_1": 68, "centre_of_mass": [34.713912499181504, 9.964892709079553, 1.9994729801206963]}, "pore_volume_opt": 27.22974181696723, "windows": {"diameters": [3.7863832252161056, 3.7380454550867097, 1.9458274315543616], "centre_of_mass": [[35.34647146517529, 10.257488530115651, 2.663717538197387], [34.001500508439264, 10.33004710602551, 2.8492095264140227], [36.22790687823017, 7.937011516523006, 0.5271614112092184]]}}