{"no_of_atoms": 96, "centre_of_mass": [7.962280643190529, 4.12542534317071, 2.839583681916251], "maximum_diameter": {"diameter": 18.64402128885893, "atom_1": 17, "atom_2": 84}, "pore_diameter": {"diameter": 3.291231933905281, "atom": 26}, "pore_volume": 18.666981064668494, "pore_diameter_opt": {"diameter": 4.134338552369895, "atom_1": 61, "centre_of_mass": [8.298040557125812, 5.136505233765949, 3.285114531760853]}, "pore_volume_opt": 37.00127879997223, "windows": {"diameters": [4.052738495755378, 4.129383947565573], "centre_of_mass": [[6.253013519967142, 5.22413931401811, 3.1463172028409114], [10.406101050528893, 4.992685010550406, 3.4578218041593147]]}}