{"no_of_atoms": 120, "centre_of_mass": [2.079611168199222, 17.991105606720946, 16.798493175096326], "maximum_diameter": {"diameter": 18.143358606508844, "atom_1": 32, "atom_2": 115}, "pore_diameter": {"diameter": 1.5717570798220808, "atom": 29}, "pore_volume": 2.0330820129711618, "pore_diameter_opt": {"diameter": 2.193043194539126, "atom_1": 29, "centre_of_mass": [2.1563642643788477, 18.202363621378357, 16.580639208826955]}, "pore_volume_opt": 5.522556648391003, "windows": {"diameters": [2.0263650964319306, 2.715427653606175, 1.8440531651947585], "centre_of_mass": [[1.4050054579994775, 18.18131119122505, 16.333601963949967], [2.691409874227261, 18.04079002772516, 16.30014041124818], [3.6157293028524142, 21.326631378247438, 16.019574724205654]]}}