{"no_of_atoms": 120, "centre_of_mass": [2.079608742422456, 17.991105606720946, 16.798507627479626], "maximum_diameter": {"diameter": 18.143358606508844, "atom_1": 32, "atom_2": 115}, "pore_diameter": {"diameter": 1.5717344768089898, "atom": 29}, "pore_volume": 2.03299430262629, "pore_diameter_opt": {"diameter": 2.8529587427009644, "atom_1": 29, "centre_of_mass": [2.8654759808269508, 17.998093257238857, 16.27066523078313]}, "pore_volume_opt": 12.158642696231583, "windows": {"diameters": [2.0203363975445696, 2.7928237946027568, 1.1785268671170037], "centre_of_mass": [[1.3507778071509176, 18.18854093179159, 16.316377566829548], [3.26410170365615, 17.44631346859533, 16.30066422394756], [3.4439277540904953, 19.8097216812876, 16.243182194317832]]}}