{"no_of_atoms": 138, "centre_of_mass": [14.944616734188742, 8.6813071445499, 6.638242102362706], "maximum_diameter": {"diameter": 18.58552639198833, "atom_1": 39, "atom_2": 125}, "pore_diameter": {"diameter": 8.747054309179829, "atom": 122}, "pore_volume": 350.41613190816344, "pore_diameter_opt": {"diameter": 8.968193271407713, "atom_1": 1, "centre_of_mass": [15.157824646899337, 8.517345692024918, 6.474470921914793]}, "pore_volume_opt": 377.67087939440256, "windows": {"diameters": [6.506103321865313, 7.873377418277629, 7.072699802944623], "centre_of_mass": [[11.315325143399095, 8.804079790306897, 9.47802214504707], [17.246578805358467, 4.825572984501605, 6.379954387520696], [15.877495389397032, 11.802836790075709, 5.11201572336571]]}}