{"no_of_atoms": 144, "centre_of_mass": [-2.626643255687973, 2.5347758531960998, 26.69830366483086], "maximum_diameter": {"diameter": 17.745924868121396, "atom_1": 62, "atom_2": 92}, "pore_diameter": {"diameter": 7.61879844635496, "atom": 120}, "pore_volume": 231.55708620383544, "pore_diameter_opt": {"diameter": 7.8730607058315165, "atom_1": 25, "centre_of_mass": [-2.426374175019185, 2.4976465936142103, 26.799783507623125]}, "pore_volume_opt": 255.52266165794384, "windows": {"diameters": [6.800259732113818, 6.164419280617852], "centre_of_mass": [[-1.2060235448452987, 0.11204061646389141, 28.310234341361785], [-4.155637603482892, 4.729184068995902, 25.05214324056549]]}}