{"no_of_atoms": 144, "centre_of_mass": [8.432115368815461, 12.898865446310346, 22.569003569278927], "maximum_diameter": {"diameter": 17.745924868121396, "atom_1": 70, "atom_2": 83}, "pore_diameter": {"diameter": 7.618917755416266, "atom": 44}, "pore_volume": 231.56796480552927, "pore_diameter_opt": {"diameter": 7.870725852745268, "atom_1": 21, "centre_of_mass": [8.230963552614782, 12.860120500963891, 22.46587601333007]}, "pore_volume_opt": 255.2953938963161, "windows": {"diameters": [6.16753190807951, 6.796823612469033], "centre_of_mass": [[9.9875772656143, 15.141054793634122, 24.24426029760279], [7.0427695567729796, 10.530086538756576, 20.990700657298472]]}}