{"no_of_atoms": 102, "centre_of_mass": [8.741324419282982, 20.139019778555593, 7.469724474673548], "maximum_diameter": {"diameter": 16.67060112624732, "atom_1": 75, "atom_2": 95}, "pore_diameter": {"diameter": 3.458785736765987, "atom": 53}, "pore_volume": 21.665544111605424, "pore_diameter_opt": {"diameter": 3.8606312500876725, "atom_1": 18, "centre_of_mass": [8.655174127572165, 19.403362398599008, 7.3769597877923605]}, "pore_volume_opt": 30.128227886082968, "windows": {"diameters": [3.9860689574859722, 3.7202383837576565, 3.922835539995789], "centre_of_mass": [[8.69815597374302, 19.004238193845463, 8.064593875368747], [9.083899229072925, 21.02203621340639, 6.363334712420395], [8.987465772555096, 18.52917423530037, 6.546042791123178]]}}