{"no_of_atoms": 102, "centre_of_mass": [0.8706489770423793, 10.022525718309527, 5.832194419400837], "maximum_diameter": {"diameter": 16.670601126247316, "atom_1": 81, "atom_2": 94}, "pore_diameter": {"diameter": 3.4588881669603793, "atom": 47}, "pore_volume": 21.667469011080417, "pore_diameter_opt": {"diameter": 3.86065600862784, "atom_1": 21, "centre_of_mass": [0.9566425339762052, 9.286124981661352, 5.924342983633901]}, "pore_volume_opt": 30.128807534080167, "windows": {"diameters": [3.8521318464511567, 3.9982224882464776, 3.998218553985693], "centre_of_mass": [[0.7401098791144898, 8.576497058114974, 6.250840998885676], [1.5331157070512549, 10.51104083069406, 3.385524190228704], [0.9170824779009668, 8.907912594272714, 5.180328323518644]]}}