{"no_of_atoms": 94, "centre_of_mass": [9.746715315049377, 3.845237010102093, 15.843092387350314], "maximum_diameter": {"diameter": 16.674635455919546, "atom_1": 21, "atom_2": 77}, "pore_diameter": {"diameter": 3.5903809747262696, "atom": 50}, "pore_volume": 24.233727725323806, "pore_diameter_opt": {"diameter": 3.9539012083374145, "atom_1": 49, "centre_of_mass": [9.772343507439762, 4.813991220362248, 15.827552046535242]}, "pore_volume_opt": 32.365033730652684, "windows": {"diameters": [3.8786024354382858, 3.894406377027536, 4.57900090825173], "centre_of_mass": [[10.61033872124377, 5.914684300094416, 16.103406347989537], [8.46246168013137, 2.6412532648155396, 15.365785486598318], [7.147463834323174, 7.309036819871199, 15.665297893166981]]}}