{"no_of_atoms": 102, "centre_of_mass": [0.8706489770423793, 10.022525718309527, 5.832212113444584], "maximum_diameter": {"diameter": 16.670601126247316, "atom_1": 81, "atom_2": 94}, "pore_diameter": {"diameter": 3.458899261865421, "atom": 47}, "pore_volume": 21.667677516765497, "pore_diameter_opt": {"diameter": 3.8607447281417024, "atom_1": 26, "centre_of_mass": [0.9567248539281932, 9.286265903562017, 5.924038981345832]}, "pore_volume_opt": 30.130884700172526, "windows": {"diameters": [3.852132350662473, 3.9982222977032493, 3.99819060874187], "centre_of_mass": [[0.7401178015239929, 8.57645735646437, 6.250813058015084], [1.533111069734613, 10.511035016523808, 3.3854921901580823], [0.9170960410954515, 8.907933729447556, 5.180332644701387]]}}