{"no_of_atoms": 147, "centre_of_mass": [6.624331287494922, 6.117599187479682, 3.3083053700174565], "maximum_diameter": {"diameter": 17.82416306486224, "atom_1": 64, "atom_2": 103}, "pore_diameter": {"diameter": 6.191438034249993, "atom": 125}, "pore_volume": 124.27197902570764, "pore_diameter_opt": {"diameter": 6.537383792102261, "atom_1": 125, "centre_of_mass": [6.549010913342433, 6.046242668777791, 3.74932652862423]}, "pore_volume_opt": 146.28862847485578, "windows": {"diameters": [6.6793907157002685, 5.965351446531185], "centre_of_mass": [[6.405038981623897, 5.68651632764057, 5.458598971783199], [6.743450260956743, 6.20179165132929, 1.9526250229396978]]}}