{"no_of_atoms": 89, "centre_of_mass": [15.210446727808382, 17.0568587105227, 14.288484484143932], "maximum_diameter": {"diameter": 14.435099917993327, "atom_1": 36, "atom_2": 67}, "pore_diameter": {"diameter": 4.819507679492771, "atom": 40}, "pore_volume": 58.614714257411045, "pore_diameter_opt": {"diameter": 4.95832013071543, "atom_1": 41, "centre_of_mass": [15.150432883169364, 17.065083443222264, 14.3223766358298]}, "pore_volume_opt": 63.82668842560864, "windows": {"diameters": [4.093657759000175, 3.9488626087216256], "centre_of_mass": [[16.255178490566113, 13.825208472963523, 15.181125624649065], [13.741342651163073, 20.536735192812607, 13.232885550809046]]}}