{"no_of_atoms": 89, "centre_of_mass": [15.210446727808376, 17.056838403462933, 14.288484484143932], "maximum_diameter": {"diameter": 14.43459840223253, "atom_1": 36, "atom_2": 67}, "pore_diameter": {"diameter": 4.819503332744263, "atom": 40}, "pore_volume": 58.6145556624618, "pore_diameter_opt": {"diameter": 4.958322389554242, "atom_1": 41, "centre_of_mass": [15.150430113511943, 17.065063802375473, 14.322378349439584]}, "pore_volume_opt": 63.82677565733003, "windows": {"diameters": [4.0931514895391174, 3.9497179531189937], "centre_of_mass": [[16.25465396400666, 13.825527535761557, 15.18177699733069], [13.741262159642748, 20.537230863709496, 13.233998034798406]]}}