{"no_of_atoms": 89, "centre_of_mass": [6.990455806411921, 4.126460424614003, 0.8241028107333388], "maximum_diameter": {"diameter": 14.683500229935616, "atom_1": 51, "atom_2": 69}, "pore_diameter": {"diameter": 4.728497807161903, "atom": 4}, "pore_volume": 55.356445807467594, "pore_diameter_opt": {"diameter": 4.872157581092656, "atom_1": 46, "centre_of_mass": [7.078775945358467, 4.202637679772424, 0.6634817004993145]}, "pore_volume_opt": 60.55675587790058, "windows": {"diameters": [4.604153684336364, 4.5136600245350245], "centre_of_mass": [[6.461736594580811, 2.623881998495154, 0.7421062612115688], [7.8134574961344825, 6.2795783616735665, 0.48702572959245555]]}}