{"no_of_atoms": 89, "centre_of_mass": [6.482741047709357, 5.132602918587903, 12.310103074216974], "maximum_diameter": {"diameter": 14.245540601232918, "atom_1": 46, "atom_2": 84}, "pore_diameter": {"diameter": 4.526059338108922, "atom": 63}, "pore_volume": 48.54665962007493, "pore_diameter_opt": {"diameter": 4.935317277883122, "atom_1": 1, "centre_of_mass": [6.394399832290371, 5.114191844021227, 12.111601327794137]}, "pore_volume_opt": 62.94248061087596, "windows": {"diameters": [4.36427860939086, 4.494269251237575], "centre_of_mass": [[6.91982785861522, 3.2350229299377857, 12.2196175302429], [5.442126726883018, 8.309794849583616, 11.010161821124905]]}}