{"no_of_atoms": 117, "centre_of_mass": [8.074721959406153, 18.401844564409796, 4.164829479916776], "maximum_diameter": {"diameter": 15.16694119132071, "atom_1": 20, "atom_2": 81}, "pore_diameter": {"diameter": 3.905319894084173, "atom": 7}, "pore_volume": 31.186631135151416, "pore_diameter_opt": {"diameter": 4.029814886993284, "atom_1": 7, "centre_of_mass": [8.092868428181893, 18.466548983942353, 4.179503313319934]}, "pore_volume_opt": 34.26525065105971, "windows": {"diameters": [2.293339891413371, 2.276460333832685], "centre_of_mass": [[11.188960803089664, 18.871453781233633, 4.8361097376218565], [5.053608908618942, 18.12412616416916, 3.5943331228737128]]}}