{"no_of_atoms": 114, "centre_of_mass": [2.875896471703319, 12.790233116105838, 10.01639683770458], "maximum_diameter": {"diameter": 15.377211695549178, "atom_1": 0, "atom_2": 99}, "pore_diameter": {"diameter": 3.7849817493397597, "atom": 49}, "pore_volume": 28.391608090717877, "pore_diameter_opt": {"diameter": 4.028640584823398, "atom_1": 34, "centre_of_mass": [2.875760088698877, 12.781768480619661, 10.161212307985014]}, "pore_volume_opt": 34.23530433712129, "windows": {"diameters": [2.3768386070270253, 2.3500937260338164], "centre_of_mass": [[6.146932404942733, 12.786817512424467, 10.117146491051603], [-0.20422959911289906, 12.78731400391189, 10.122990819840851]]}}