{"no_of_atoms": 117, "centre_of_mass": [1.755811910427267, 27.4006104522422, 4.164829479916775], "maximum_diameter": {"diameter": 15.16753415121452, "atom_1": 40, "atom_2": 94}, "pore_diameter": {"diameter": 3.9047108114044, "atom": 79}, "pore_volume": 31.17204159447885, "pore_diameter_opt": {"diameter": 4.029142529407142, "atom_1": 33, "centre_of_mass": [1.7740120390077476, 27.33561127327925, 4.1790554339803405]}, "pore_volume_opt": 34.24810247562279, "windows": {"diameters": [2.2873191158538004, 2.2740356610473906], "centre_of_mass": [[4.833804264970098, 26.935903216100865, 4.828848820680232], [-1.1721873791811386, 27.66553023330188, 3.6124327160858196]]}}