{"no_of_atoms": 114, "centre_of_mass": [2.8758964717033186, 9.946950641002825, 24.28639908043575], "maximum_diameter": {"diameter": 15.377211695549185, "atom_1": 47, "atom_2": 56}, "pore_diameter": {"diameter": 3.7850053161401047, "atom": 8}, "pore_volume": 28.392138426320326, "pore_diameter_opt": {"diameter": 4.028050199504104, "atom_1": 8, "centre_of_mass": [2.8759984364263795, 9.956186439835289, 24.430650475420414]}, "pore_volume_opt": 34.22025529604427, "windows": {"diameters": [2.3521898109211223, 2.3762475222481285], "centre_of_mass": [[-0.2306025626567192, 9.949758251197508, 24.392163031677235], [6.1441128553908895, 9.950180944407755, 24.387160358737106]]}}