{"no_of_atoms": 114, "centre_of_mass": [8.627864083372641, 2.3679495196372464, 18.523692215186507], "maximum_diameter": {"diameter": 15.377211695549175, "atom_1": 53, "atom_2": 58}, "pore_diameter": {"diameter": 3.78481745579728, "atom": 100}, "pore_volume": 28.387911093710716, "pore_diameter_opt": {"diameter": 4.027364721926743, "atom_1": 100, "centre_of_mass": [8.627999994301803, 2.377280728861037, 18.379762585390218]}, "pore_volume_opt": 34.20278786770618, "windows": {"diameters": [2.35162506650708, 2.3586437574360124], "centre_of_mass": [[5.527926151551798, 2.3707341119613554, 18.417603973754122], [11.793089065046436, 2.37088368282542, 18.419612384704365]]}}