{"no_of_atoms": 144, "centre_of_mass": [2.915054171347728, 14.735662472433745, 3.3613395830732706], "maximum_diameter": {"diameter": 19.99909237306996, "atom_1": 73, "atom_2": 79}, "pore_diameter": {"diameter": 5.971175677218104, "atom": 110}, "pore_volume": 111.47517643477029, "pore_diameter_opt": {"diameter": 5.9721546789502575, "atom_1": 30, "centre_of_mass": [2.9155008025376903, 14.735497792761489, 3.361501584979899]}, "pore_volume_opt": 111.53001602957656, "windows": {"diameters": [4.241925337329841, 4.245697334275588, 4.2449411891747655, 4.246758502817736], "centre_of_mass": [[4.539349310985211, 13.069439782719346, 4.987714133262076], [1.2446139990385718, 16.447487583614908, 5.031974507998794], [1.2521841577463186, 13.03205915497654, 1.697682940052051], [4.595701333694934, 16.457226737214498, 1.680451664365168]]}}