{"no_of_atoms": 216, "centre_of_mass": [3.2313549162999387, 16.156500000000012, 16.156499999999998], "maximum_diameter": {"diameter": 19.840043091680155, "atom_1": 4, "atom_2": 209}, "pore_diameter": {"diameter": 5.769145696964969, "atom": 183}, "pore_volume": 100.53867174234526, "pore_diameter_opt": {"diameter": 5.7693547553161935, "atom_1": 170, "centre_of_mass": [3.231499997168372, 16.15650000320536, 16.156499989772374]}, "pore_volume_opt": 100.54960189303698, "windows": {"diameters": [3.9777380447290134, 3.9699829822513872, 3.972931321086748, 3.979642441185771], "centre_of_mass": [[1.5529130878809074, 17.835051073606582, 17.835049373782397], [4.841243795367397, 14.546694553557755, 17.766256873589878], [1.587394432073393, 14.512401681979261, 14.512404659705616], [4.920941837192212, 17.845918644654358, 14.467100915771343]]}}