{"no_of_atoms": 194, "centre_of_mass": [6.9260950667114525, 1.1982236753885136, 15.070761438646851], "maximum_diameter": {"diameter": 28.647439713731284, "atom_1": 146, "atom_2": 193}, "pore_diameter": {"diameter": 3.76676225151872, "atom": 129}, "pore_volume": 27.983578509786625, "pore_diameter_opt": {"diameter": 3.9061922227625954, "atom_1": 28, "centre_of_mass": [6.979754889594575, 0.948820163941353, 15.148894076195907]}, "pore_volume_opt": 31.207534214034027, "windows": {"diameters": [2.9484547434520425, 0.9510938386399652, 3.4815847230252177], "centre_of_mass": [[6.624213301853075, 0.7214677158326422, 16.909020807421342], [7.667579323804007, 4.368488381228321, 16.531849765031637], [7.05595249324752, 1.4051691878639676, 13.917363848246849]]}}