{"no_of_atoms": 227, "centre_of_mass": [8.439941884157987, 12.794941162273059, 20.938282998049974], "maximum_diameter": {"diameter": 21.048333459817986, "atom_1": 29, "atom_2": 206}, "pore_diameter": {"diameter": 0.891128165786871, "atom": 57}, "pore_volume": 0.3705263805151404, "pore_diameter_opt": {"diameter": 2.3210584116339996, "atom_1": 57, "centre_of_mass": [7.994377801264552, 13.240505245166494, 21.38384708094341]}, "pore_volume_opt": 6.547218462838434, "windows": {"diameters": [4.308917245632883, 4.081231376258842], "centre_of_mass": [[7.990259484344806, 14.641871757633941, 20.705504308653115], [8.317693750635723, 14.599275471461375, 21.377869554889358]]}}