{"no_of_atoms": 94, "centre_of_mass": [8.586274530326266, 9.424916729537186, 14.627044671568504], "maximum_diameter": {"diameter": 16.00322038717284, "atom_1": 35, "atom_2": 77}, "pore_diameter": {"diameter": 0.4283067088509247, "atom": 65}, "pore_volume": 0.04113990207235698, "pore_diameter_opt": {"diameter": 0.8830063610776584, "atom_1": 23, "centre_of_mass": [8.800427884751729, 9.210763375111723, 14.65865822727438]}, "pore_volume_opt": 0.3604874243504213, "windows": {"diameters": [4.706805266995254, 1.4577310922632782], "centre_of_mass": [[12.39938017441184, 7.167062432583128, 14.768069632474829], [8.828486580441265, 8.669768264632644, 15.300710499115684]]}}