{"no_of_atoms": 140, "centre_of_mass": [10.865285879229065, 2.7235656038595906, 34.350116963994324], "maximum_diameter": {"diameter": 17.189196713705936, "atom_1": 78, "atom_2": 112}, "pore_diameter": {"diameter": 3.9018679511983927, "atom": 23}, "pore_volume": 31.104005887692452, "pore_diameter_opt": {"diameter": 4.732115760891661, "atom_1": 23, "centre_of_mass": [11.205172295865676, 2.9613844443286492, 34.687362939564366]}, "pore_volume_opt": 55.483609029131486, "windows": {"diameters": [2.041200874135074, 2.209819049483721, 2.459409223995546, 1.9547034570116675, 2.4007649960418727], "centre_of_mass": [[10.211683271347722, 4.583156114981229, 37.27735637294109], [14.116353093980315, 0.9554773457607042, 37.460785246078], [8.55351296748707, 3.6102619517436834, 35.89397251594014], [15.11781224179651, 2.4047056684063577, 33.524071261732374], [10.773210124125926, 1.0956970223669638, 30.39999043815385]]}}