{"no_of_atoms": 120, "centre_of_mass": [3.3825007746461724, 5.957519723027457, 15.153233636208618], "maximum_diameter": {"diameter": 17.540366225809002, "atom_1": 45, "atom_2": 111}, "pore_diameter": {"diameter": 4.2709034479969255, "atom": 102}, "pore_volume": 40.79039235498416, "pore_diameter_opt": {"diameter": 4.638072042687087, "atom_1": 33, "centre_of_mass": [3.520791369973911, 5.730044053096765, 15.223557018978212]}, "pore_volume_opt": 52.24095324246549, "windows": {"diameters": [3.387263517656605, 2.597573868571208], "centre_of_mass": [[4.549109777198586, 2.733622778698281, 14.687176331837158], [2.781974986721769, 10.151504907439698, 15.936676658489453]]}}