{"no_of_atoms": 150, "centre_of_mass": [8.179498359496094, 6.663697917381851, 15.056610222721556], "maximum_diameter": {"diameter": 19.447833022335168, "atom_1": 79, "atom_2": 143}, "pore_diameter": {"diameter": 4.3317772237062275, "atom": 24}, "pore_volume": 42.55954366669501, "pore_diameter_opt": {"diameter": 4.765473632674814, "atom_1": 83, "centre_of_mass": [8.20821831083884, 6.673698867353077, 14.725490876790683]}, "pore_volume_opt": 56.66525338913154, "windows": {"diameters": [4.157476834560704, 4.388396448777229], "centre_of_mass": [[6.223607460771319, 2.096624448090142, 14.82824171246642], [9.236849972027617, 11.574429247805126, 13.625222471542315]]}}