{"no_of_atoms": 150, "centre_of_mass": [8.179498359496094, 6.663696868790896, 15.056610222721556], "maximum_diameter": {"diameter": 19.447833022335168, "atom_1": 79, "atom_2": 143}, "pore_diameter": {"diameter": 4.331777853694042, "atom": 24}, "pore_volume": 42.55956223551544, "pore_diameter_opt": {"diameter": 4.76373431564164, "atom_1": 83, "centre_of_mass": [8.208126760845902, 6.674308280328642, 14.721489288827774]}, "pore_volume_opt": 56.6032304633483, "windows": {"diameters": [4.157509246695277, 4.388420477691058], "centre_of_mass": [[6.223563359906419, 2.0966243478042967, 14.828166468398408], [9.236876042927195, 11.574426693359964, 13.625225241042086]]}}