{"no_of_atoms": 150, "centre_of_mass": [7.3447028066452384, 10.963487772680462, 4.611234583736439], "maximum_diameter": {"diameter": 17.763754405625864, "atom_1": 46, "atom_2": 140}, "pore_diameter": {"diameter": 4.612164921329796, "atom": 27}, "pore_volume": 51.37041892298624, "pore_diameter_opt": {"diameter": 4.669709576427735, "atom_1": 95, "centre_of_mass": [7.33470974588185, 10.979909362324895, 4.58982622744894]}, "pore_volume_opt": 53.31731076412438, "windows": {"diameters": [4.139896374673537, 4.024458485992021], "centre_of_mass": [[5.444565836812057, 14.344285631662334, 7.7915570551695374], [9.176897615768064, 8.38375318323212, 0.6446480913513013]]}}