{"no_of_atoms": 150, "centre_of_mass": [7.309850523775344, 12.00355730424741, 35.1859112713125], "maximum_diameter": {"diameter": 19.447280690436838, "atom_1": 100, "atom_2": 103}, "pore_diameter": {"diameter": 4.332061098977478, "atom": 81}, "pore_volume": 42.56791140571448, "pore_diameter_opt": {"diameter": 4.761737309602081, "atom_1": 29, "centre_of_mass": [7.338611220376015, 11.992751841605733, 34.84863614909943]}, "pore_volume_opt": 56.532074345499694, "windows": {"diameters": [4.650818415958877, 4.208305560730539], "centre_of_mass": [[4.5199138039466025, 17.78310849601352, 34.09940346673604], [8.0850943067935, 7.846569650846016, 33.97990281809487]]}}