{"no_of_atoms": 130, "centre_of_mass": [4.836340857461268, 1.4367817590141974, 6.225763029895535], "maximum_diameter": {"diameter": 23.789081262284153, "atom_1": 64, "atom_2": 128}, "pore_diameter": {"diameter": 3.5593413826373035, "atom": 53}, "pore_volume": 23.610628840365724, "pore_diameter_opt": {"diameter": 4.819251711699106, "atom_1": 18, "centre_of_mass": [4.935071577366199, 2.0255477720077164, 5.923919701629121]}, "pore_volume_opt": 58.60537553450603, "windows": {"diameters": [4.1849022610315245, 4.320704073031029], "centre_of_mass": [[4.335879592228507, 3.0571200153824654, 8.392977053933821], [5.147606627123887, 1.2624447557431826, 2.128168305195616]]}}