{"no_of_atoms": 130, "centre_of_mass": [26.510506536791077, 7.418258098226033, 6.225763029895534], "maximum_diameter": {"diameter": 23.78924348513848, "atom_1": 97, "atom_2": 120}, "pore_diameter": {"diameter": 3.558476968869732, "atom": 16}, "pore_volume": 23.59343094255136, "pore_diameter_opt": {"diameter": 4.8198288414836, "atom_1": 47, "centre_of_mass": [26.609547849066743, 8.007414086669987, 5.923849716587286]}, "pore_volume_opt": 58.62643292706537, "windows": {"diameters": [4.184741721905233, 4.319692766623197], "centre_of_mass": [[26.00988453222001, 9.03786754796347, 8.392823501091357], [26.821029003107878, 7.243338341129104, 2.128386166208526]]}}