{"no_of_atoms": 111, "centre_of_mass": [0.014258392242434059, 14.596623892346898, 11.12411573110412], "maximum_diameter": {"diameter": 19.777537924380216, "atom_1": 78, "atom_2": 108}, "pore_diameter": {"diameter": 5.810702973173331, "atom": 7}, "pore_volume": 102.72701070442619, "pore_diameter_opt": {"diameter": 5.812704005847042, "atom_1": 7, "centre_of_mass": [0.01513848302919221, 14.597082597995042, 11.12396769719932]}, "pore_volume_opt": 102.83317560533348, "windows": {"diameters": [5.177845964162318, 5.395232987687603], "centre_of_mass": [[-1.4668857937635928, 16.429123162180208, 12.005975700742198], [1.1730231878135402, 12.985804545506856, 10.318286741639131]]}}