{"no_of_atoms": 275, "centre_of_mass": [18.600748887421847, 6.629251575664272, 22.057502758991692], "maximum_diameter": {"diameter": 23.27190608805734, "atom_1": 163, "atom_2": 233}, "pore_diameter": {"diameter": 5.1902680675035935, "atom": 62}, "pore_volume": 73.2095924270694, "pore_diameter_opt": {"diameter": 5.629382386345947, "atom_1": 32, "centre_of_mass": [19.020988857547263, 6.363004581049607, 21.940559154722784]}, "pore_volume_opt": 93.4073114863399, "windows": {"diameters": [3.9516308042012867, 4.323938939311199], "centre_of_mass": [[16.58284439200797, 3.359839419052928, 25.546903717478944], [20.253626727491426, 7.714569606289337, 18.73304633259443]]}}