{"no_of_atoms": 275, "centre_of_mass": [18.600748887421847, 6.629252038750383, 22.057502758991696], "maximum_diameter": {"diameter": 23.27190608805734, "atom_1": 163, "atom_2": 233}, "pore_diameter": {"diameter": 5.190267622275934, "atom": 62}, "pore_volume": 73.20957358704095, "pore_diameter_opt": {"diameter": 5.629382437889065, "atom_1": 32, "centre_of_mass": [19.020991446790273, 6.363004149910077, 21.940557841544233]}, "pore_volume_opt": 93.40731405207652, "windows": {"diameters": [3.9521291386875133, 4.323940285141405], "centre_of_mass": [[16.583081948836192, 3.359762933330831, 25.546979059468985], [20.25362899942184, 7.7145684555094025, 18.73304735076689]]}}