{"no_of_atoms": 144, "centre_of_mass": [-7.1656678614421585, 12.58792760397857, 13.35582096123751], "maximum_diameter": {"diameter": 17.52569623705617, "atom_1": 60, "atom_2": 92}, "pore_diameter": {"diameter": 7.9478580876082585, "atom": 105}, "pore_volume": 262.87478729937664, "pore_diameter_opt": {"diameter": 8.029036284988447, "atom_1": 30, "centre_of_mass": [-7.181725617882421, 12.510795094443015, 13.399329711182956]}, "pore_volume_opt": 271.01222645233236, "windows": {"diameters": [6.649382404422883, 6.469421429985677], "centre_of_mass": [[-7.885641266164405, 9.966884651546744, 15.237792608143335], [-6.260143262001207, 15.198948838852273, 11.667958789850026]]}}