{"no_of_atoms": 144, "centre_of_mass": [-0.22264622231250766, 8.402765052064526, 31.004789330534507], "maximum_diameter": {"diameter": 17.52578694625987, "atom_1": 9, "atom_2": 138}, "pore_diameter": {"diameter": 7.948151165918672, "atom": 98}, "pore_volume": 262.90386899862114, "pore_diameter_opt": {"diameter": 8.02923805537039, "atom_1": 23, "centre_of_mass": [-0.28130853167265363, 8.45506173227744, 31.04812555976988]}, "pore_volume_opt": 271.0326586484326, "windows": {"diameters": [6.642966251739293, 6.460597296971296], "centre_of_mass": [[-2.099341001622929, 10.302623661859297, 32.853575614035066], [1.5903515715144503, 6.666166790201057, 29.22157475491454]]}}