{"no_of_atoms": 144, "centre_of_mass": [7.388335145810761, 12.973393203021551, 13.355820961237509], "maximum_diameter": {"diameter": 17.526055388926494, "atom_1": 74, "atom_2": 78}, "pore_diameter": {"diameter": 7.948275845419477, "atom": 6}, "pore_volume": 262.91624139944184, "pore_diameter_opt": {"diameter": 8.029240511644002, "atom_1": 6, "centre_of_mass": [7.463165800509009, 12.998011175056561, 13.399534182032502]}, "pore_volume_opt": 271.0329073883129, "windows": {"diameters": [6.63878199063764, 6.462895946208556], "centre_of_mass": [[9.919459938899077, 13.635111078805993, 15.167280740838624], [4.814383961524781, 12.486928857387351, 11.763240074542033]]}}