{"no_of_atoms": 144, "centre_of_mass": [7.165667861442158, 4.394129618093176, 21.94213611412063], "maximum_diameter": {"diameter": 17.52569623705617, "atom_1": 4, "atom_2": 142}, "pore_diameter": {"diameter": 7.948700561073126, "atom": 59}, "pore_volume": 262.95839039340956, "pore_diameter_opt": {"diameter": 8.029493431684962, "atom_1": 90, "centre_of_mass": [7.181646467774796, 4.471135723371978, 21.898341088247722]}, "pore_volume_opt": 271.0585207000328, "windows": {"diameters": [6.461232172884093, 6.641853540096695], "centre_of_mass": [[6.562140273373519, 1.932196251805899, 23.742550744985643], [7.868405080665011, 6.954401584419063, 20.10399889377211]]}}