{"no_of_atoms": 224, "centre_of_mass": [12.447104970234859, 12.447098579202123, 24.85529442870754], "maximum_diameter": {"diameter": 22.3125821493419, "atom_1": 138, "atom_2": 146}, "pore_diameter": {"diameter": 5.680596906298467, "atom": 29}, "pore_volume": 95.97995481619307, "pore_diameter_opt": {"diameter": 5.741930948021983, "atom_1": 152, "centre_of_mass": [12.447244926593617, 12.447156993702501, 24.89416417454826]}, "pore_volume_opt": 99.12256197453226, "windows": {"diameters": [3.57323043961003, 3.5739310230547936, 3.5671809845001112, 3.574082439533459], "centre_of_mass": [[10.0669800377756, 10.067161035853452, 27.27454973238923], [14.83849655957917, 14.838454305374526, 27.285460160038443], [14.751423559030878, 10.143186742546668, 22.59037130688697], [10.061698824706307, 14.833042520823758, 22.508503625324895]]}}