{"no_of_atoms": 151, "centre_of_mass": [8.183520545989051, 17.066601058839222, 16.182013863335158], "maximum_diameter": {"diameter": 16.207621644455628, "atom_1": 3, "atom_2": 122}, "pore_diameter": {"diameter": 4.761442264641023, "atom": 30}, "pore_volume": 56.52156653976304, "pore_diameter_opt": {"diameter": 5.387961768682526, "atom_1": 30, "centre_of_mass": [8.126414639524956, 17.919352817635545, 16.382866744685792]}, "pore_volume_opt": 81.89778171989772, "windows": {"diameters": [3.669549207073113, 4.28505185713089, 3.5400247073766384, 3.319181047176595], "centre_of_mass": [[7.1346450243313475, 18.950712137818957, 18.5150741361889], [12.199837396787972, 15.053281439087385, 17.41739282015116], [6.430720280576185, 15.380195983607909, 15.855925045126211], [9.381855777718274, 19.383372047679575, 13.297493134760156]]}}