{"no_of_atoms": 151, "centre_of_mass": [0.018355292956925204, 25.783485425618668, 15.062799623057021], "maximum_diameter": {"diameter": 16.133737742984845, "atom_1": 10, "atom_2": 128}, "pore_diameter": {"diameter": 4.863076397246397, "atom": 79}, "pore_volume": 60.21877255813572, "pore_diameter_opt": {"diameter": 5.18379219559278, "atom_1": 43, "centre_of_mass": [-0.07010371467946443, 25.769521977269864, 14.929778263710919]}, "pore_volume_opt": 72.93590444647751, "windows": {"diameters": [3.428534839551721, 3.587317292680256, 3.681659240103549, 3.7838290163660466], "centre_of_mass": [[-0.8591148251508607, 23.723136885723736, 17.286672839140333], [1.845907259347136, 27.53154266155503, 15.489166217044104], [-2.081078079240061, 27.287391965218458, 14.473699333425037], [0.9556954635772038, 24.00821363348373, 12.969355855043244]]}}