{"no_of_atoms": 151, "centre_of_mass": [16.44235529295693, 25.78348542561867, 30.769364552489375], "maximum_diameter": {"diameter": 16.133033290292108, "atom_1": 4, "atom_2": 140}, "pore_diameter": {"diameter": 4.862139180494985, "atom": 90}, "pore_volume": 60.1839630085708, "pore_diameter_opt": {"diameter": 5.42183362392141, "atom_1": 18, "centre_of_mass": [16.520358438080958, 24.895245785443112, 30.55775901835239]}, "pore_volume_opt": 83.45208312318765, "windows": {"diameters": [3.336969871723315, 3.7948810809677354, 3.8505905332551875, 3.744882824088671], "centre_of_mass": [[15.395933726615244, 23.543194013676572, 33.47370908034003], [17.95835806875365, 27.440871267761402, 31.05980524231272], [14.667790043863366, 27.203879080072838, 30.286169153120984], [17.550968420959812, 23.889266320354633, 28.30624349061527]]}}