{"no_of_atoms": 151, "centre_of_mass": [24.562072490125022, 34.191086839685966, 16.182013863335158], "maximum_diameter": {"diameter": 16.208361094582678, "atom_1": 78, "atom_2": 133}, "pore_diameter": {"diameter": 4.762162481659692, "atom": 125}, "pore_volume": 56.54721882093947, "pore_diameter_opt": {"diameter": 5.383052127808085, "atom_1": 125, "centre_of_mass": [24.5482191619758, 35.05644669402599, 16.346682660054057]}, "pore_volume_opt": 81.67410395513431, "windows": {"diameters": [3.6691031466906545, 4.286077417085346, 3.6014801615741256, 3.3199721923635894], "centre_of_mass": [[23.51288723014204, 36.07493499083203, 18.515507092871307], [28.57927699898949, 32.177763831688196, 17.41740771704512], [20.473718227008803, 31.549726965614003, 14.814595877933023], [25.759875022284774, 36.50700071780032, 13.297283690485243]]}}