{"no_of_atoms": 151, "centre_of_mass": [16.384088321966438, 25.628898843797604, 8.410013863335157], "maximum_diameter": {"diameter": 16.208327697911827, "atom_1": 28, "atom_2": 139}, "pore_diameter": {"diameter": 4.76194343746123, "atom": 64}, "pore_volume": 56.53941620781169, "pore_diameter_opt": {"diameter": 5.085603789604749, "atom_1": 64, "centre_of_mass": [16.292573440617144, 25.64491386104549, 8.542518777774237]}, "pore_volume_opt": 68.86938240934514, "windows": {"diameters": [3.7240659470366926, 3.826589885495944, 3.437111807206517, 3.504566809984071], "centre_of_mass": [[17.304276937940358, 27.427453303729408, 10.459231612942107], [12.890232081254766, 23.75598732384389, 9.461224060202262], [18.312438262102877, 23.890613993387706, 8.00517986834982], [14.880734871113798, 28.204434695590848, 5.085310911703855]]}}