{"no_of_atoms": 96, "centre_of_mass": [-3.2542332766797273, 5.984481566161065, 3.4960929195922863], "maximum_diameter": {"diameter": 21.928269620399657, "atom_1": 38, "atom_2": 94}, "pore_diameter": {"diameter": 5.361577805309313, "atom": 56}, "pore_volume": 80.70054364771349, "pore_diameter_opt": {"diameter": 5.539882488281533, "atom_1": 36, "centre_of_mass": [-3.240839520162733, 5.901191618082167, 3.5249365405395063]}, "pore_volume_opt": 89.02260121413015, "windows": {"diameters": [5.070280446070562, 5.32685899143411], "centre_of_mass": [[-4.572317636909375, 6.144321427985893, 4.286978372174126], [-2.457543117784895, 5.747821055546109, 2.783536065884892]]}}