{"no_of_atoms": 96, "centre_of_mass": [12.111391490563667, 3.2348239026495484, 12.517370843112346], "maximum_diameter": {"diameter": 21.92865939753886, "atom_1": 54, "atom_2": 83}, "pore_diameter": {"diameter": 5.361085333545109, "atom": 15}, "pore_volume": 80.67830816580522, "pore_diameter_opt": {"diameter": 5.540548425364724, "atom_1": 15, "centre_of_mass": [12.177686155771967, 3.288058485110826, 12.546056151659805]}, "pore_volume_opt": 89.05470870637468, "windows": {"diameters": [5.1417251052147215, 5.397293989973628], "centre_of_mass": [[12.789261442380223, 1.3399662057477506, 13.94443156448435], [11.745589966464173, 4.734522178038047, 11.613000455906509]]}}