{"no_of_atoms": 150, "centre_of_mass": [8.034655007891313e-05, 0.00022768839523603946, 9.370042103337962], "maximum_diameter": {"diameter": 21.598811961600532, "atom_1": 10, "atom_2": 148}, "pore_diameter": {"diameter": 5.354759029811516, "atom": 28}, "pore_volume": 80.39303378601623, "pore_diameter_opt": {"diameter": 5.541661967188537, "atom_1": 127, "centre_of_mass": [0.00037792232400160424, 0.00031142375458990387, 9.747452978325017]}, "pore_volume_opt": 89.10841426055096, "windows": {"diameters": [3.936730067914795, 3.9373574415965176, 3.9443910391022885, 3.6135592774521235], "centre_of_mass": [[-2.2006394962222915, -1.3708108527099903, 10.562615553015336], [2.28928904599325, -1.220700553230362, 10.562745582842952], [-0.09007679630801275, 2.669182612622367, 10.58762432811266], [0.00034825667401937256, 0.00027670369596038166, 6.56812949520446]]}}