{"no_of_atoms": 150, "centre_of_mass": [-1.9508683107021508e-06, 13.898592051759943, 1.6539324221539666], "maximum_diameter": {"diameter": 21.374740138902634, "atom_1": 70, "atom_2": 135}, "pore_diameter": {"diameter": 5.386162449113854, "atom": 96}, "pore_volume": 81.81575938092261, "pore_diameter_opt": {"diameter": 5.465098584882671, "atom_1": 57, "centre_of_mass": [-0.0005382289313013819, 13.898190316671544, 1.4149714939244167]}, "pore_volume_opt": 85.465851540742, "windows": {"diameters": [3.706230358237779, 3.833276238068938, 3.8433982519411622, 3.825895974078557], "centre_of_mass": [[-3.219054932207272e-06, 13.898970107978675, 4.407458370324623], [-1.5689963248949357, 11.72991641856594, 0.5393219024588634], [-1.1250925772935843, 16.411154712545923, 0.5133108506810841], [2.586613664412664, 13.631921936116154, 0.5653612845506563]]}}