{"no_of_atoms": 95, "centre_of_mass": [-7.230687894366011, 6.386231121317292, 17.273841644703065], "maximum_diameter": {"diameter": 14.120654295305595, "atom_1": 6, "atom_2": 90}, "pore_diameter": {"diameter": 3.1997486078039246, "atom": 9}, "pore_volume": 17.15324136445775, "pore_diameter_opt": {"diameter": 3.5258335010396498, "atom_1": 36, "centre_of_mass": [-7.224627830124138, 6.426173675952895, 17.456495562797517]}, "pore_volume_opt": 22.950070402486396, "windows": {"diameters": [3.4289006384231366, 3.19994175830551, 2.773117911508142], "centre_of_mass": [[-7.312387772770862, 9.72631511538631, 18.35325310861427], [-8.490841540547523, 5.3949071428869315, 17.565928146362822], [-4.783737472826008, 4.894812520402157, 17.77482046493724]]}}