{"no_of_atoms": 95, "centre_of_mass": [9.59452196619782, 3.605982517853569, 5.664462959386932], "maximum_diameter": {"diameter": 13.9835923768995, "atom_1": 38, "atom_2": 51}, "pore_diameter": {"diameter": 3.011832715215761, "atom": 56}, "pore_volume": 14.305108675413445, "pore_diameter_opt": {"diameter": 3.4795707458959346, "atom_1": 23, "centre_of_mass": [9.440010206197604, 3.565529003037884, 5.473152660300093]}, "pore_volume_opt": 22.058482648234637, "windows": {"diameters": [3.280912479821905, 2.992638468379998, 2.579535099499982], "centre_of_mass": [[7.192946565368151, 5.092116420724194, 5.191512698893462], [9.346578860648313, 2.026674818783671, 5.358401180973737], [11.889898934359543, 5.324369874658748, 4.672778277624334]]}}