{"no_of_atoms": 181, "centre_of_mass": [8.133857456567803, 5.048761232634485, 17.123610789443052], "maximum_diameter": {"diameter": 20.133805579839102, "atom_1": 36, "atom_2": 178}, "pore_diameter": {"diameter": 3.0858646939865917, "atom": 60}, "pore_volume": 15.386125168542415, "pore_diameter_opt": {"diameter": 6.3152629805960405, "atom_1": 115, "centre_of_mass": [6.590925109574507, 5.260888271321573, 18.033724369509105]}, "pore_volume_opt": 131.8781793595126, "windows": {"diameters": [6.752344514835117, 4.681144148020445], "centre_of_mass": [[6.121197480792084, 5.246182646021212, 17.87546127797861], [11.331905039684651, 6.357014673920991, 16.91168746143792]]}}