{"no_of_atoms": 181, "centre_of_mass": [2.138527632680477, 3.1533980589603745, 20.57638921055693], "maximum_diameter": {"diameter": 20.133082862327626, "atom_1": 62, "atom_2": 166}, "pore_diameter": {"diameter": 3.0860265884046214, "atom": 113}, "pore_volume": 15.388546912894144, "pore_diameter_opt": {"diameter": 6.315560563047782, "atom_1": 7, "centre_of_mass": [0.5955143384781665, 2.9411850247838047, 19.6664153945531]}, "pore_volume_opt": 131.8968229922545, "windows": {"diameters": [4.592199308448523, 6.315550762988736], "centre_of_mass": [[5.152085284355206, 1.8570421339067242, 20.70809958838897], [0.5955165364721763, 2.9411266759795627, 19.666454658593082]]}}