{"no_of_atoms": 181, "centre_of_mass": [3.856623282379057, 13.250756302208742, 1.7263892105569454], "maximum_diameter": {"diameter": 20.1338055798391, "atom_1": 80, "atom_2": 151}, "pore_diameter": {"diameter": 3.08534767224066, "atom": 29}, "pore_volume": 15.378392851011807, "pore_diameter_opt": {"diameter": 6.306243322370106, "atom_1": 98, "centre_of_mass": [5.399297118499387, 13.451807462969912, 0.8159546721868625]}, "pore_volume_opt": 131.31392825463197, "windows": {"diameters": [6.499028248088209, 6.319047937827163], "centre_of_mass": [[-0.7529821386654527, 15.367623268822456, 4.321983785106789], [5.404323495833061, 13.463027874006132, 0.8176662443324194]]}}