{"no_of_atoms": 88, "centre_of_mass": [15.053500000000003, 10.329800664025152, 3.628094036140855], "maximum_diameter": {"diameter": 16.564010832589567, "atom_1": 15, "atom_2": 75}, "pore_diameter": {"diameter": 2.4188241069008005, "atom": 8}, "pore_volume": 7.409885329870473, "pore_diameter_opt": {"diameter": 3.5987174938734383, "atom_1": 62, "centre_of_mass": [15.661686393023034, 11.532181115717682, 3.808326518027953]}, "pore_volume_opt": 24.402925129830255, "windows": {"diameters": [4.0864690312883525, 1.3441190671542826], "centre_of_mass": [[15.045568206191167, 12.21522810944078, 3.659169244905311], [15.70237784676127, 7.8787832223601075, 3.551428446339556]]}}