{"no_of_atoms": 268, "centre_of_mass": [12.696843391742348, 19.08678839734704, 15.584197070847084], "maximum_diameter": {"diameter": 23.40747966669619, "atom_1": 42, "atom_2": 263}, "pore_diameter": {"diameter": 5.628083189036136, "atom": 141}, "pore_volume": 93.34265438132267, "pore_diameter_opt": {"diameter": 5.628705523798784, "atom_1": 224, "centre_of_mass": [12.697033949130894, 19.086556994147948, 15.584066343857653]}, "pore_volume_opt": 93.37362236831896, "windows": {"diameters": [1.3401455853907458, 0.9456491932615974, 0.9455892408917839, 1.0634588955575448, 1.2719597507320972, 1.1717593727508873], "centre_of_mass": [[13.199846679297915, 18.841931353939177, 20.35826941403715], [12.987317286789073, 15.230228688398094, 16.213202014648765], [12.987370203896786, 22.945596205026817, 14.954570514746717], [8.79799550064618, 18.517803971128217, 15.328378622176704], [17.288603220045694, 18.57353958966343, 15.814560669584335], [13.19922483564072, 19.33172037071724, 11.383555555365248]]}}