{"no_of_atoms": 268, "centre_of_mass": [6.348414939156411, 9.543303906089749, 0.00016389747032469714], "maximum_diameter": {"diameter": 23.407479666696183, "atom_1": 24, "atom_2": 178}, "pore_diameter": {"diameter": 5.627791083415277, "atom": 52}, "pore_volume": 93.32812128116444, "pore_diameter_opt": {"diameter": 5.628757856617492, "atom_1": 250, "centre_of_mass": [6.348000363996589, 9.543499400111722, -1.6847393542015684e-06]}, "pore_volume_opt": 93.37622681276709, "windows": {"diameters": [1.3398414017912406, 0.9451984442366066, 0.940859401462268, 1.0630152428711477, 1.2722540753951175, 1.1723511420929107], "centre_of_mass": [[6.850438623586229, 9.298125146177942, 4.774254715489454], [6.6391205806983535, 5.6872888872679255, 0.6295446389888], [6.63681653090425, 13.400972426215644, -0.6346653366346947], [2.449042928960578, 8.974263757283968, -0.2553883592645459], [10.940734768068424, 9.030275100372048, 0.230274520829398], [6.851035613976301, 9.788107949215167, -4.199327556180516]]}}