{"no_of_atoms": 340, "centre_of_mass": [6.547203645334364, 7.876459358178387, 23.414509939695797], "maximum_diameter": {"diameter": 23.652340254383077, "atom_1": 79, "atom_2": 336}, "pore_diameter": {"diameter": 5.38929542162238, "atom": 202}, "pore_volume": 81.95861191490073, "pore_diameter_opt": {"diameter": 5.562906489356273, "atom_1": 177, "centre_of_mass": [6.448552976393168, 7.87833617918399, 23.450800745421038]}, "pore_volume_opt": 90.13716640715947, "windows": {"diameters": [1.2451543655755404, 0.8789101532476713, 1.0065024713762005], "centre_of_mass": [[7.0641292843720604, 8.784566983610885, 28.652605470548682], [7.722603238339207, 3.217856203747745, 24.204095194688612], [11.357286332526872, 7.767998108475103, 21.79636574430136]]}}