{"no_of_atoms": 300, "centre_of_mass": [28.250827000960054, 32.20851970429308, 24.76078270239502], "maximum_diameter": {"diameter": 25.64794445621516, "atom_1": 30, "atom_2": 223}, "pore_diameter": {"diameter": 9.24659411830391, "atom": 67}, "pore_volume": 413.94630092585624, "pore_diameter_opt": {"diameter": 10.152594176857193, "atom_1": 126, "centre_of_mass": [28.251044522379583, 32.96968548501029, 24.721994380031386]}, "pore_volume_opt": 547.9358329291891, "windows": {"diameters": [6.811716757818683, 5.300422696939053, 5.9043197997487145, 4.782284307309338, 5.181648575140104, 5.494894733873572], "centre_of_mass": [[29.223129795203935, 31.828982430071296, 32.80500823883965], [21.819690143691567, 32.17255979658234, 24.39095157783806], [27.245293113654117, 38.0851538787635, 25.122951818772787], [28.86805645281353, 27.0006302360811, 25.333241463859117], [33.250974550965914, 32.322707533919825, 23.858945107393275], [28.01861682468008, 33.69092677269167, 19.462541547916743]]}}