{"no_of_atoms": 300, "centre_of_mass": [15.03150961580905, 18.108968341812062, 8.253580543263556], "maximum_diameter": {"diameter": 25.647138087120886, "atom_1": 101, "atom_2": 259}, "pore_diameter": {"diameter": 9.246842476872034, "atom": 245}, "pore_volume": 413.97965694991154, "pore_diameter_opt": {"diameter": 10.178802100324841, "atom_1": 187, "centre_of_mass": [15.032860114898565, 17.372193813280646, 8.253934960580064]}, "pore_volume_opt": 552.190123494027, "windows": {"diameters": [5.493783491619066, 5.165753230180908, 4.900030469412421, 5.901054729271063, 5.283828139706598, 5.494960574872367], "centre_of_mass": [[15.26710075921227, 16.626940268301677, 13.588514260909841], [9.932429559183433, 17.985376303943042, 9.209456504954867], [14.766941037390783, 24.833176827848735, 8.004010486432144], [16.02199817009757, 12.400105728462563, 7.896846942715138], [21.057014693432933, 17.919169813930466, 6.921322079179312], [14.799771938767764, 16.626041843964487, 2.9570819018769194]]}}