{"no_of_atoms": 300, "centre_of_mass": [31.875509615809037, 1.3364802957069335, 8.253580543263556], "maximum_diameter": {"diameter": 25.647138087120897, "atom_1": 18, "atom_2": 240}, "pore_diameter": {"diameter": 9.246234975719029, "atom": 67}, "pore_volume": 413.89806912230756, "pore_diameter_opt": {"diameter": 10.151936335635042, "atom_1": 102, "centre_of_mass": [31.87596610835342, 0.5748310294131771, 8.213722967854443]}, "pore_volume_opt": 547.8293286949763, "windows": {"diameters": [6.817045268745341, 5.278184796787947, 4.9004577152958255, 5.90154311969127, 5.177136502154189, 5.4949450939202205], "centre_of_mass": [[32.84751942851867, 1.715926770967907, 16.30232483361712], [26.72829678739422, 1.415285474344043, 7.721842299869606], [31.611185931353674, 8.06113282681145, 8.00423985876557], [32.86397551627726, -4.351237855017454, 7.897536438129673], [36.89813213249921, 1.220301306957049, 7.339655649765097], [31.643736654596704, -0.1458981887231373, 2.957082018033468]]}}