{"no_of_atoms": 120, "centre_of_mass": [1.5695461262531514, 1.771124774228883, 9.750229587377794], "maximum_diameter": {"diameter": 17.535524890657385, "atom_1": 115, "atom_2": 117}, "pore_diameter": {"diameter": 1.99951675185534, "atom": 10}, "pore_volume": 4.185754600737318, "pore_diameter_opt": {"diameter": 2.096345807040231, "atom_1": 10, "centre_of_mass": [1.6763923568225079, 1.7769760481920274, 9.782533506197769]}, "pore_volume_opt": 4.823778914259537, "windows": {"diameters": [2.2131100515977793, 7.302778825721447, 2.298959744210888], "centre_of_mass": [[1.6716266964425568, 0.6038371406773375, 10.566138488408285], [-4.361685720120999, 1.5055333042794234, 8.387628565734998], [2.2302579801512286, 2.912916358645138, 9.248072102990413]]}}