{"no_of_atoms": 120, "centre_of_mass": [7.429065938761161, 5.533609155722836, 3.9177091592186466], "maximum_diameter": {"diameter": 17.53537516657933, "atom_1": 31, "atom_2": 86}, "pore_diameter": {"diameter": 1.999817638234147, "atom": 70}, "pore_volume": 4.187644496491637, "pore_diameter_opt": {"diameter": 2.0948151206506487, "atom_1": 16, "centre_of_mass": [7.321525599833631, 5.5280829323268215, 3.886436547361206]}, "pore_volume_opt": 4.813220108538466, "windows": {"diameters": [2.3270117823207026, 2.4579826244078924, 2.223254576997013], "centre_of_mass": [[6.804301022367416, 4.380205712361738, 4.386994113325141], [7.584470240090577, 4.339091627618215, 4.218574008270647], [7.3314014514713275, 6.702592203470013, 3.117790813767888]]}}