{"no_of_atoms": 151, "centre_of_mass": [3.943869091008525, 0.34785025615332477, 14.524390996351755], "maximum_diameter": {"diameter": 21.543779534980917, "atom_1": 4, "atom_2": 136}, "pore_diameter": {"diameter": 1.5007737022807892, "atom": 125}, "pore_volume": 1.769881767917212, "pore_diameter_opt": {"diameter": 2.169759052567026, "atom_1": 124, "centre_of_mass": [3.4810932623265947, 0.8093864477641608, 14.681085255248327]}, "pore_volume_opt": 5.3485141519863415, "windows": {"diameters": [7.224023911671647, 2.3261501043776565, 2.471318040941886], "centre_of_mass": [[4.149792008065125, 2.8123531154145893, 20.37312294584507], [3.0323440895525784, -0.28305860285502815, 14.74310905937944], [2.3295163970857216, 0.2840159405640461, 14.620326783881888]]}}