{"no_of_atoms": 319, "centre_of_mass": [3.797063286188492, 3.555482940016007, 17.08422890369638], "maximum_diameter": {"diameter": 24.61583050460198, "atom_1": 112, "atom_2": 173}, "pore_diameter": {"diameter": 5.8097044678337255, "atom": 236}, "pore_volume": 102.67406228627173, "pore_diameter_opt": {"diameter": 7.103948278270106, "atom_1": 22, "centre_of_mass": [3.329764465810863, 3.441961150065095, 16.524957055906885]}, "pore_volume_opt": 187.714575109015, "windows": {"diameters": [4.426066411063399, 4.727361731132206, 4.000264393711278, 5.211989110018495, 5.068867244252827, 7.574972469460986], "centre_of_mass": [[-1.2798191303948596, 2.0244378389654387, 18.316821767571454], [6.696737844814122, 1.6544041823157905, 17.060152321494755], [4.6395489420770755, 7.331511570980453, 16.80493006057687], [3.708691994016193, -2.943854649110906, 13.818387700880306], [7.172655298212055, 3.7290902419001135, 14.827590144441514], [-2.5262234282253595, 6.319714120340439, 10.983998807889526]]}}