{"no_of_atoms": 424, "centre_of_mass": [7.202523467149015, 4.732840998428464, 5.264000643603157], "maximum_diameter": {"diameter": 24.990875059935778, "atom_1": 68, "atom_2": 372}, "pore_diameter": {"diameter": 6.394493238250883, "atom": 280}, "pore_volume": 136.90427815117036, "pore_diameter_opt": {"diameter": 8.00967061175116, "atom_1": 3, "centre_of_mass": [6.982543430021175, 4.929190873981046, 4.361126239480923]}, "pore_volume_opt": 269.0559447267083, "windows": {"diameters": [7.51696231137892, 8.708770096747, 7.6167375297782165, 6.408352789315142], "centre_of_mass": [[5.1010056773772625, 3.446491649468035, 8.740580693837757], [16.082680529325128, 8.023972995431794, 3.320057080684583], [4.327213127253968, 8.63058968871909, 4.2309584579948964], [7.552836093164657, 2.7738806940586436, 2.1472906353286456]]}}