{"no_of_atoms": 123, "centre_of_mass": [8.092852680213936, 4.672504789761701, 16.75480492686101], "maximum_diameter": {"diameter": 16.9844644604139, "atom_1": 64, "atom_2": 82}, "pore_diameter": {"diameter": 2.093754893603926, "atom": 49}, "pore_volume": 4.805915611242959, "pore_diameter_opt": {"diameter": 2.0945205414099157, "atom_1": 57, "centre_of_mass": [8.092576458600732, 4.6719949851391585, 16.754894577255744]}, "pore_volume_opt": 4.811189845340644, "windows": {"diameters": [2.329558780125567, 2.317358043055146, 2.427701810675233], "centre_of_mass": [[7.495271026761268, 4.757466573496912, 17.8392593919467], [8.48396081047884, 5.170186428648092, 17.839993289568252], [8.244621250964828, 4.2941215014763685, 17.83438383898794]]}}