{"no_of_atoms": 204, "centre_of_mass": [4.589507922918915e-05, 11.264221757688087, 6.775201476400443], "maximum_diameter": {"diameter": 20.33658348919201, "atom_1": 54, "atom_2": 81}, "pore_diameter": {"diameter": 6.220573551619012, "atom": 103}, "pore_volume": 126.0346358323057, "pore_diameter_opt": {"diameter": 6.465629285482468, "atom_1": 107, "centre_of_mass": [0.17720960794308596, 11.546663939759446, 6.138350105830151]}, "pore_volume_opt": 141.5243024227297, "windows": {"diameters": [4.638505134491796, 4.58671323513688, 4.647186954473913, 6.152340491013316], "centre_of_mass": [[1.1340849205367185, 14.383005425585722, 7.804697786242986], [-2.9767841223976568, 10.767405857901093, 7.650677664531015], [1.554491306284365, 9.301143405484682, 7.382671187712834], [-0.0003978955769931847, 11.264677851775833, 4.55225412524986]]}}