{"no_of_atoms": 102, "centre_of_mass": [-3.597238701319458e-05, 9.344813843928248, 8.305130238504633], "maximum_diameter": {"diameter": 17.014279026669072, "atom_1": 75, "atom_2": 78}, "pore_diameter": {"diameter": 2.3619522238564703, "atom": 61}, "pore_volume": 6.899409914936959, "pore_diameter_opt": {"diameter": 2.3622960937293596, "atom_1": 65, "centre_of_mass": [-0.00020067761329207212, 9.344745084976326, 8.3051302576435]}, "pore_volume_opt": 6.902423749774896, "windows": {"diameters": [6.673884380294741, 2.3530893059024742, 1.3297379859547608e+44], "centre_of_mass": [[-1.8237400858711297, 14.937731419122816, 7.8982465729243465], [1.2648708611532766, 8.930645378934068, 7.056930144652093], [-2.3867342746555896e+43, -2.334477856437123e+43, 5.749677418974439e+43]]}}