{"no_of_atoms": 299, "centre_of_mass": [6.9358459786032265, 3.897004741019051, 8.085438077399832], "maximum_diameter": {"diameter": 22.45481457375135, "atom_1": 152, "atom_2": 157}, "pore_diameter": {"diameter": 6.253208837310282, "atom": 265}, "pore_volume": 128.02872521951642, "pore_diameter_opt": {"diameter": 7.1322065342135925, "atom_1": 120, "centre_of_mass": [7.2454398075328905, 3.205631970359904, 7.451605205210037]}, "pore_volume_opt": 189.9635842194348, "windows": {"diameters": [4.889256140057629, 5.412800135058458, 5.00448747550208, 4.145621346794426, 4.576054538427153, 4.23503798401725], "centre_of_mass": [[7.589349077974562, 6.816798868919112, 14.503872834958955], [7.223903136176565, -2.453178752075255, 10.387677941337621], [4.202848456576441, 6.021948916872172, 8.875397946849352], [10.81832172272661, 3.996261021530257, 6.803582441802957], [4.866139654705956, 8.402908725776918, 7.419584027501283], [7.169596814500783, 3.933165166879501, 2.687332195174468]]}}