{"no_of_atoms": 299, "centre_of_mass": [6.935921736523527, 3.8970414505030844, 8.085436674028491], "maximum_diameter": {"diameter": 22.45481457375135, "atom_1": 152, "atom_2": 157}, "pore_diameter": {"diameter": 6.253064963689809, "atom": 265}, "pore_volume": 128.01988838091148, "pore_diameter_opt": {"diameter": 7.133051826447678, "atom_1": 120, "centre_of_mass": [7.243691325268189, 3.206072318898412, 7.449734390298359]}, "pore_volume_opt": 190.03113432756177, "windows": {"diameters": [4.889245626852002, 5.412796318647477, 5.004470061240319, 4.145612834754795, 4.575997606770807, 4.234988887200826], "centre_of_mass": [[7.5892964507382565, 6.816857521930906, 14.503873413107524], [7.224065186300274, -2.4531982611259395, 10.387732677693513], [4.202843723573029, 6.021942251928216, 8.875388863925702], [10.81831616708855, 3.996264309630892, 6.803547609409292], [4.86610752721985, 8.402911500597295, 7.419639772480461], [7.169630262604892, 3.933199152849303, 2.687314959454021]]}}