{"no_of_atoms": 127, "centre_of_mass": [14.38006648554237, 13.142016013780115, 2.163840838225523], "maximum_diameter": {"diameter": 17.851391307992632, "atom_1": 40, "atom_2": 116}, "pore_diameter": {"diameter": 1.3859197124753577, "atom": 126}, "pore_volume": 1.3938397257445945, "pore_diameter_opt": {"diameter": 3.5212107743506444, "atom_1": 126, "centre_of_mass": [13.687106629304692, 12.449056157542437, 2.8568006944632023]}, "pore_volume_opt": 22.85991906683456, "windows": {"diameters": [3.7357182893526746, 1.106785298884509e+44], "centre_of_mass": [[13.472950903799742, 12.402156485194187, 2.867870721678536], [2.4914240289307496e+42, -2.146427448236545e+43, -5.094616739089332e+43]]}}