{"no_of_atoms": 127, "centre_of_mass": [14.380082887997094, 13.142016013780115, 2.1637568555741065], "maximum_diameter": {"diameter": 17.851391307992632, "atom_1": 40, "atom_2": 116}, "pore_diameter": {"diameter": 1.3857582410204432, "atom": 126}, "pore_volume": 1.3933525998914922, "pore_diameter_opt": {"diameter": 3.520799989565693, "atom_1": 126, "centre_of_mass": [13.687203767486873, 12.449136893269893, 2.856635976084328]}, "pore_volume_opt": 22.8519194791205, "windows": {"diameters": [3.735412079294049, 1.1070111995922072e+44], "centre_of_mass": [[13.472822405207369, 12.40225820181675, 2.867717666799338], [2.4919325416946236e+42, -2.1468655453815543e+43, -5.095656577193407e+43]]}}