{"no_of_atoms": 135, "centre_of_mass": [14.39218812635717, 3.973052749292726, 2.8034107396066674], "maximum_diameter": {"diameter": 17.68065738446734, "atom_1": 35, "atom_2": 95}, "pore_diameter": {"diameter": 5.48398664053307, "atom": 130}, "pore_volume": 86.35505929779347, "pore_diameter_opt": {"diameter": 7.472461746610197, "atom_1": 89, "centre_of_mass": [11.650194806090635, 1.2310594290261911, 1.5109913544156917]}, "pore_volume_opt": 218.4689511508851, "windows": {"diameters": [5.742867982487655, 5.223529044147614e+44], "centre_of_mass": [[16.257803464382633, 6.4989590674971645, 4.145295042012339], [-1.3010480927136933e+44, -2.781509885272084e+43, -2.2474918924861153e+44]]}}