{"no_of_atoms": 204, "centre_of_mass": [-0.00979774642603745, 0.12227507654510403, 1.8033859256941724], "maximum_diameter": {"diameter": 22.253167014699002, "atom_1": 111, "atom_2": 165}, "pore_diameter": {"diameter": 4.7329582887193045, "atom": 13}, "pore_volume": 55.51324998282052, "pore_diameter_opt": {"diameter": 5.027690056854741, "atom_1": 145, "centre_of_mass": [0.0036210037111021314, 3.2215105225281117e-06, 2.1350456975615346]}, "pore_volume_opt": 66.54326601222185, "windows": {"diameters": [3.5115479700038326, 3.518917139067621, 3.5057184699309896, 3.1968778410663563], "centre_of_mass": [[2.526494547510931, 0.19154348326960563, 2.889743245114298], [-1.466412536531082, 2.146749255854739, 2.9107280632854104], [-1.068234687650983, -2.2232141770997136, 2.8687727175606756], [-0.00036153585396038555, -2.7462666390608292e-05, -0.9966833720193171]]}}