{"no_of_atoms": 168, "centre_of_mass": [4.2659044232870695e-05, 10.836832310514735, 4.30698389365122], "maximum_diameter": {"diameter": 19.78180111112415, "atom_1": 53, "atom_2": 123}, "pore_diameter": {"diameter": 5.355507972040597, "atom": 104}, "pore_volume": 80.4267709677675, "pore_diameter_opt": {"diameter": 5.59861984723587, "atom_1": 43, "centre_of_mass": [-0.0020777306000418984, 10.835604799962125, 4.045909807256149]}, "pore_volume_opt": 91.88435276611784, "windows": {"diameters": [3.534925497727176, 3.966030916994806, 3.974087942972693, 3.9599984159967367], "centre_of_mass": [[-0.00017395824456661229, 10.836851451887469, 7.120774789813607], [-2.2241591363354587, 9.344800818323861, 3.169642004489032], [-0.18431730211514413, 13.57376051948926, 3.1481730008144497], [2.3347773999392474, 9.690631227233437, 3.195514600479639]]}}