{"no_of_atoms": 168, "centre_of_mass": [6.217191734046324, 18.65180826595367, 6.217191734046328], "maximum_diameter": {"diameter": 22.276863834937032, "atom_1": 2, "atom_2": 164}, "pore_diameter": {"diameter": 5.443377095943065, "atom": 134}, "pore_volume": 84.45082315730643, "pore_diameter_opt": {"diameter": 5.443377095943065, "atom_1": 134, "centre_of_mass": [6.217191734046324, 18.65180826595367, 6.217191734046328]}, "pore_volume_opt": 84.45082315730643, "windows": {"diameters": [3.7013227986896573, 3.699014810827325, 3.712221223724239, 3.708745607076358], "centre_of_mass": [[4.603171069700362, 20.265855710787726, 7.831496487942647], [7.819173212996866, 17.049832241450257, 7.819126575296338], [4.536823873681349, 16.971211209588724, 4.5369185855906835], [7.880873330608232, 20.315160820562983, 4.553738598480912]]}}