{"no_of_atoms": 168, "centre_of_mass": [6.1999999999999975, 18.6, 6.1999999999999975], "maximum_diameter": {"diameter": 22.17936999007719, "atom_1": 90, "atom_2": 122}, "pore_diameter": {"diameter": 5.39702017731001, "atom": 125}, "pore_volume": 82.3115438515436, "pore_diameter_opt": {"diameter": 5.39702017731001, "atom_1": 125, "centre_of_mass": [6.1999999999999975, 18.6, 6.1999999999999975]}, "pore_volume_opt": 82.3115438515436, "windows": {"diameters": [3.632512047463202, 3.631154937143353, 3.641772751956974, 3.6401548403323765], "centre_of_mass": [[4.608064895410344, 20.191869739021897, 7.79185873241677], [7.777884348616659, 17.022113278456978, 7.777946968183512], [4.550301105660815, 16.95022367350898, 4.550305095629015], [7.841580827756436, 20.241591500682425, 4.55836766153519]]}}