{"no_of_atoms": 108, "centre_of_mass": [9.901746388587942, 15.151369744392278, 14.006349755226525], "maximum_diameter": {"diameter": 14.951778615369122, "atom_1": 58, "atom_2": 62}, "pore_diameter": {"diameter": 5.042671348750163, "atom": 95}, "pore_volume": 67.13988845456721, "pore_diameter_opt": {"diameter": 5.068954721665737, "atom_1": 5, "centre_of_mass": [9.905394629104658, 15.143133080185224, 13.996781492244695]}, "pore_volume_opt": 68.1952079537581, "windows": {"diameters": [3.550688445508171, 3.5440335612565708], "centre_of_mass": [[11.35459728656615, 14.727643108761402, 16.851262715799894], [8.697597485832219, 15.656360241037357, 11.211805171252713]]}}