{"no_of_atoms": 282, "centre_of_mass": [-6.790816762608247, 6.815357214575185, 13.710383543126317], "maximum_diameter": {"diameter": 27.390073482637845, "atom_1": 154, "atom_2": 174}, "pore_diameter": {"diameter": 2.2881903999909254, "atom": 223}, "pore_volume": 6.2729972901284, "pore_diameter_opt": {"diameter": 2.299931969129943, "atom_1": 17, "centre_of_mass": [-6.791012222993844, 6.7774004677586746, 13.709887349800603]}, "pore_volume_opt": 6.370061016055439, "windows": {"diameters": [1.5201176767656839, 1.001815812115669, 1.5359847425017494], "centre_of_mass": [[-4.171562240017449, 6.928642509745889, 14.772326438762304], [-6.977500884366737, 4.942557052114431, 14.347008779372757], [-9.348475959430772, 6.91903847517072, 12.663055335955873]]}}