{"no_of_atoms": 282, "centre_of_mass": [16.865510496262072, 2.2571427744033827, 4.570213034939045], "maximum_diameter": {"diameter": 27.388662181877084, "atom_1": 123, "atom_2": 168}, "pore_diameter": {"diameter": 2.2882541027352956, "atom": 202}, "pore_volume": 6.273521221530121, "pore_diameter_opt": {"diameter": 2.288658776085008, "atom_1": 202, "centre_of_mass": [16.86536937526201, 2.2571785333899697, 4.570354134867878]}, "pore_volume_opt": 6.276850190773023, "windows": {"diameters": [1.4954776714451423, 0.9949402234998597, 1.5386739173018489], "centre_of_mass": [[19.746853664141607, 2.1008043839388346, 5.701243539821673], [17.046555521824157, 4.235852040856219, 3.9045798812044334], [13.661527315074196, 2.1083559802378655, 3.373971797185722]]}}