{"no_of_atoms": 150, "centre_of_mass": [4.138679825350836, 30.593319317273494, 2.7184182706171756], "maximum_diameter": {"diameter": 21.73532809747768, "atom_1": 97, "atom_2": 107}, "pore_diameter": {"diameter": 5.6726593238935905, "atom": 24}, "pore_volume": 95.57817410565605, "pore_diameter_opt": {"diameter": 5.75057886717007, "atom_1": 25, "centre_of_mass": [4.097065524707472, 30.61990950859723, 2.7177505722725672]}, "pore_volume_opt": 99.57110215655173, "windows": {"diameters": [4.06176892160687, 4.4406874910948595, 4.248162950552013, 4.339529377766066], "centre_of_mass": [[4.110082041080735, 29.24213671805807, 5.270279920127658], [4.264490100474712, 33.83396685750488, 3.034207758926837], [6.166174597525507, 30.003536849847254, 1.110427149353713], [1.83842224259298, 30.08716451634399, 1.1314269621868143]]}}