{"no_of_atoms": 147, "centre_of_mass": [9.497849553870875, 10.095442611571283, 13.49271261874678], "maximum_diameter": {"diameter": 17.2303696986017, "atom_1": 36, "atom_2": 110}, "pore_diameter": {"diameter": 4.850583184068659, "atom": 79}, "pore_volume": 59.755858857499355, "pore_diameter_opt": {"diameter": 4.918933743890273, "atom_1": 79, "centre_of_mass": [9.518385179314672, 10.070419307036415, 13.503670359151245]}, "pore_volume_opt": 62.317717880042345, "windows": {"diameters": [3.6162000151644325, 3.6206476006770023], "centre_of_mass": [[10.064684163705657, 10.221841548608047, 16.3573417022304], [8.824303953655575, 9.867447582936613, 10.504568136767134]]}}