{"no_of_atoms": 291, "centre_of_mass": [8.280109091262995, 14.134337942615636, 37.41558551938039], "maximum_diameter": {"diameter": 16.9518446038401, "atom_1": 117, "atom_2": 273}, "pore_diameter": {"diameter": 3.7332163474874496, "atom": 131}, "pore_volume": 27.242571476106395, "pore_diameter_opt": {"diameter": 3.8726504525688017, "atom_1": 137, "centre_of_mass": [8.225568766049616, 14.246279938154084, 37.38302680976386]}, "pore_volume_opt": 30.410497122392503, "windows": {"diameters": [2.9574362704626656, 2.949845567046531, 4.970337475630766], "centre_of_mass": [[6.219827683817077, 14.209938874888653, 37.224227077224306], [9.143917118742118, 12.585821909475413, 37.535137963088175], [12.868173088906321, 18.53836871090256, 36.12987250880288]]}}