{"no_of_atoms": 132, "centre_of_mass": [5.290278450766302, 12.785597700419379, 16.490194549177883], "maximum_diameter": {"diameter": 15.261405352637, "atom_1": 27, "atom_2": 116}, "pore_diameter": {"diameter": 3.0333644533576485, "atom": 63}, "pore_volume": 14.614111004047851, "pore_diameter_opt": {"diameter": 3.117809994019779, "atom_1": 85, "centre_of_mass": [5.290825555088157, 12.859241033544903, 16.490770851483948]}, "pore_volume_opt": 15.868926798531097, "windows": {"diameters": [1.8204186830258027, 1.8158527158479938, 0.6664136218403152, 1.829933677396823, 1.6878217476573636, 1.8233767805084775], "centre_of_mass": [[8.31886451182997, 16.986441642527723, 16.72309209009771], [2.7757922547540086, 13.533190988925101, 17.368444212528885], [5.163790565456137, 7.397328748663127, 16.60594057037537], [2.2560904252671055, 16.998266131976347, 16.256486567114948], [9.35666832185668, 12.24284487640862, 14.455647816846893], [2.515146157833934, 9.29195537457096, 13.474788421995115]]}}