{"no_of_atoms": 132, "centre_of_mass": [15.167899934176726, 10.585168891570577, 5.135064671374381], "maximum_diameter": {"diameter": 15.514377150808356, "atom_1": 47, "atom_2": 91}, "pore_diameter": {"diameter": 3.9124932531750525, "atom": 70}, "pore_volume": 31.358799419468507, "pore_diameter_opt": {"diameter": 4.010322532087857, "atom_1": 84, "centre_of_mass": [15.174230278024663, 10.58692970513962, 5.199239437674828]}, "pore_volume_opt": 33.7704252447228, "windows": {"diameters": [2.4674709036993945, 2.5364347060015953, 2.1629095767242466], "centre_of_mass": [[17.94867366531394, 10.036578520655448, 8.552943392226142], [12.402313503751412, 9.523437082785124, 1.2554484512704867], [16.016376725773227, 14.575636549521864, 2.2106482154121987]]}}