{"no_of_atoms": 122, "centre_of_mass": [16.687576024342214, 1.8417013143846825, 6.864912070274504], "maximum_diameter": {"diameter": 17.79008062118835, "atom_1": 32, "atom_2": 75}, "pore_diameter": {"diameter": 5.0242822742837845, "atom": 101}, "pore_volume": 66.40804806182277, "pore_diameter_opt": {"diameter": 5.339081401869214, "atom_1": 10, "centre_of_mass": [16.68347844407819, 1.6805887434002704, 6.881248559221822]}, "pore_volume_opt": 79.6889765773776, "windows": {"diameters": [4.666548334174804, 3.168666850820132, 3.193812875125666], "centre_of_mass": [[16.522395880890077, -0.6327674389482718, 7.372415567915396], [14.152471380414102, 3.0285013981101025, 8.526782431790046], [19.071929376380638, 2.9731407938324947, 5.253777731430812]]}}