{"no_of_atoms": 124, "centre_of_mass": [16.687573917937907, 1.7637951584886766, 6.864914506540933], "maximum_diameter": {"diameter": 17.79008062118835, "atom_1": 33, "atom_2": 76}, "pore_diameter": {"diameter": 5.1782571273310865, "atom": 103}, "pore_volume": 72.70251875929975, "pore_diameter_opt": {"diameter": 5.334793108060186, "atom_1": 119, "centre_of_mass": [16.689755425673187, 1.6843165157012399, 6.871952870523874]}, "pore_volume_opt": 79.49711472757691, "windows": {"diameters": [4.666714625212821, 3.4580454008283565, 3.193296769979193], "centre_of_mass": [[16.522258201683798, -0.6328552669153651, 7.372717776596181], [14.980043000651385, 2.5267031207555757, 9.302278270332732], [19.07169386449433, 2.9737747352589503, 5.25504181781605]]}}