{"no_of_atoms": 316, "centre_of_mass": [9.496704263711843, 14.245239379944557, 31.632500000000004], "maximum_diameter": {"diameter": 25.691127966076557, "atom_1": 28, "atom_2": 217}, "pore_diameter": {"diameter": 9.812071273099141, "atom": 270}, "pore_volume": 494.630286400893, "pore_diameter_opt": {"diameter": 9.812612038454503, "atom_1": 103, "centre_of_mass": [9.496395497553221, 14.245242261969306, 31.632500696201436]}, "pore_volume_opt": 494.71207147668076, "windows": {"diameters": [7.6707973116921035, 7.6758915980853875, 7.701947531472934, 7.682485143735679], "centre_of_mass": [[7.522291769151806, 12.235994068344596, 33.89332992808998], [11.514433358420382, 16.29929541502657, 33.93743844283658], [11.676464732598781, 12.106608409859355, 29.202016155375386], [7.402448735661465, 16.302070239280543, 29.28642802240356]]}}