{"no_of_atoms": 117, "centre_of_mass": [15.791794205381391, 12.921063547080523, 0.8247766027424994], "maximum_diameter": {"diameter": 17.337503653306502, "atom_1": 33, "atom_2": 107}, "pore_diameter": {"diameter": 2.1921716235067383, "atom": 69}, "pore_volume": 5.515974852277142, "pore_diameter_opt": {"diameter": 3.6536285613912116, "atom_1": 22, "centre_of_mass": [15.735040614463767, 12.427056573460222, -0.01554542393551167]}, "pore_volume_opt": 25.53711328951636, "windows": {"diameters": [1.2261479002241544, 1.9554740975724285, 1.4989357510055865, 3.7126769229738903], "centre_of_mass": [[15.5969499943512, 11.447726424430975, 2.931879965981948], [13.761103126914323, 15.160239607156164, 1.9562703975734812], [18.2218126663409, 13.608678764706152, 1.9518952172841146], [15.69811705853112, 12.324291190637629, -0.520778976274995]]}}