{"no_of_atoms": 104, "centre_of_mass": [5.727257748408393, 1.0082034801743287, 5.5142257039394975], "maximum_diameter": {"diameter": 17.38563671101744, "atom_1": 37, "atom_2": 92}, "pore_diameter": {"diameter": 2.5645513261391, "atom": 57}, "pore_volume": 8.831466142080092, "pore_diameter_opt": {"diameter": 2.9248768274965493, "atom_1": 68, "centre_of_mass": [6.052404604254794, 1.2288871395824907, 5.587761507827606]}, "pore_volume_opt": 13.10151045200369, "windows": {"diameters": [2.1501719769861087, 3.0484211602624005, 3.1524607017622905], "centre_of_mass": [[3.9217282620994904, 0.8835808597921722, 9.444215963514312], [6.484499367642145, 1.7078556713846014, 5.889898413552678], [6.1392435720828065, 0.41112108557058213, 4.44559233485121]]}}