{"no_of_atoms": 173, "centre_of_mass": [2.4204965639506644, 8.991740195847862, 5.6472183019231705], "maximum_diameter": {"diameter": 19.181802669128942, "atom_1": 99, "atom_2": 144}, "pore_diameter": {"diameter": 4.557486229121533, "atom": 1}, "pore_volume": 49.56495514749462, "pore_diameter_opt": {"diameter": 5.016339028073062, "atom_1": 28, "centre_of_mass": [2.481585100998642, 9.125446925296798, 5.824640339082303]}, "pore_volume_opt": 66.09357809478601, "windows": {"diameters": [3.4248816692772506, 3.4219408669779385], "centre_of_mass": [[1.0520166285032908, 11.933816619831012, 5.732001090104226], [4.0053545228693554, 6.422134092695323, 5.829003197055958]]}}