{"no_of_atoms": 138, "centre_of_mass": [5.251622946279748, 13.178203282501494, 3.9475900263649164], "maximum_diameter": {"diameter": 17.837008782011974, "atom_1": 83, "atom_2": 85}, "pore_diameter": {"diameter": 5.164098324307988, "atom": 32}, "pore_volume": 72.107780857374, "pore_diameter_opt": {"diameter": 5.2045979405409195, "atom_1": 84, "centre_of_mass": [5.2547517410818925, 13.178000825979685, 3.927584413655936]}, "pore_volume_opt": 73.81764382951825, "windows": {"diameters": [3.6273672862874884, 3.8107090841452704], "centre_of_mass": [[2.207766933636517, 13.417725529193419, 4.7423485018585065], [8.474230571300872, 12.814602441594001, 3.035362226066882]]}}