{"no_of_atoms": 82, "centre_of_mass": [7.57852788015366, 15.396757137371358, 15.660987294170923], "maximum_diameter": {"diameter": 16.768394359901297, "atom_1": 78, "atom_2": 81}, "pore_diameter": {"diameter": 3.422679002477398, "atom": 24}, "pore_volume": 20.994093832188312, "pore_diameter_opt": {"diameter": 3.752859591464395, "atom_1": 24, "centre_of_mass": [7.643337530341721, 15.333837205388141, 15.799174290993522]}, "pore_volume_opt": 27.674868802735475, "windows": {"diameters": [3.700930456600093, 3.355307192150797, 3.9219232145804503], "centre_of_mass": [[8.427124610023935, 16.987233481078565, 16.360238839491053], [5.594263531604363, 15.61945807134872, 17.2531607473242], [8.616865801695877, 14.021187717586749, 13.825602981975115]]}}