{"no_of_atoms": 82, "centre_of_mass": [1.6807278994304178, 5.850358884212492, 23.176779896180914], "maximum_diameter": {"diameter": 16.767781531130773, "atom_1": 10, "atom_2": 70}, "pore_diameter": {"diameter": 3.4239790621569903, "atom": 56}, "pore_volume": 21.018025912847683, "pore_diameter_opt": {"diameter": 3.7540745270930977, "atom_1": 18, "centre_of_mass": [1.6159819839377516, 5.787627412031291, 23.038528370667617]}, "pore_volume_opt": 27.701755556303286, "windows": {"diameters": [3.6078013373190303, 3.376142043894039, 3.6849784901698164], "centre_of_mass": [[1.4937845012587663, 4.971826094920439, 23.75034333850947], [3.74828123064657, 5.940613089694338, 21.593625769234798], [1.8989253225023819, 7.7701160415610016, 21.490434085811604]]}}