{"no_of_atoms": 83, "centre_of_mass": [10.151137407098213, 11.325525562257098, 12.86606233369916], "maximum_diameter": {"diameter": 15.207860914209977, "atom_1": 7, "atom_2": 73}, "pore_diameter": {"diameter": 2.739912430841279, "atom": 24}, "pore_volume": 10.769825597200597, "pore_diameter_opt": {"diameter": 3.4287431726954067, "atom_1": 24, "centre_of_mass": [10.482382869710266, 11.23977054557168, 12.911525909212799]}, "pore_volume_opt": 21.105881228327043, "windows": {"diameters": [3.3537938491888872, 3.1031862874961456, 3.4199214766390447], "centre_of_mass": [[10.10741805756819, 11.236698926335906, 14.044528401024253], [11.067438088824913, 12.798377748836861, 13.237668432056102], [10.440582489895911, 11.062300752252858, 12.220838404682885]]}}