{"no_of_atoms": 126, "centre_of_mass": [4.368224649914086, 23.0910112886598, 5.343207526847079], "maximum_diameter": {"diameter": 17.936044300521623, "atom_1": 119, "atom_2": 125}, "pore_diameter": {"diameter": 4.123360218199943, "atom": 51}, "pore_volume": 36.7073009153943, "pore_diameter_opt": {"diameter": 4.273355994824653, "atom_1": 36, "centre_of_mass": [4.273303986837828, 22.891182134588092, 5.342999993906466]}, "pore_volume_opt": 40.86070380592217, "windows": {"diameters": [4.011007251500915, 4.117403831858482, 4.009124871541291], "centre_of_mass": [[2.633545410930763, 22.88450935043883, 5.34299506878308], [5.124468585613078, 20.96099765655461, 5.342999960935633], [5.576445518858747, 24.814881243488013, 5.343008948326472]]}}