{"no_of_atoms": 126, "centre_of_mass": [9.042634375000004, 15.904556874999999, 5.392681708548107], "maximum_diameter": {"diameter": 17.885397702700814, "atom_1": 115, "atom_2": 124}, "pore_diameter": {"diameter": 4.278164951159088, "atom": 46}, "pore_volume": 40.99880501879747, "pore_diameter_opt": {"diameter": 4.402328208670303, "atom_1": 59, "centre_of_mass": [9.042474630647881, 15.733640301354647, 5.392499995811135]}, "pore_volume_opt": 44.67307783326931, "windows": {"diameters": [4.0625185379796935, 4.109021786928752, 4.222900399071818], "centre_of_mass": [[7.679361386773531, 17.335263328604597, 5.3924993635364675], [7.311223848361907, 15.692590582405263, 5.392530616485431], [9.795390806086408, 13.737015065468535, 5.392498642665058]]}}