{"no_of_atoms": 138, "centre_of_mass": [0.0015206407520356215, 26.92260636630424, 16.178011900161884], "maximum_diameter": {"diameter": 17.886386599087647, "atom_1": 22, "atom_2": 103}, "pore_diameter": {"diameter": 4.333693598514401, "atom": 87}, "pore_volume": 42.61605358435679, "pore_diameter_opt": {"diameter": 4.400951613517828, "atom_1": 28, "centre_of_mass": [0.0016238729279723155, 27.01525081196542, 16.177212337911705]}, "pore_volume_opt": 44.6311835139703, "windows": {"diameters": [4.101281286436697, 4.107614529093581, 4.1741576776914275], "centre_of_mass": [[1.6259976668924105, 26.992138180361124, 16.178001519884884], [-1.7368067958327182, 27.063930022615274, 16.17800812618823], [1.2241268741913083, 25.174900848815852, 16.177991885931014]]}}