{"no_of_atoms": 144, "centre_of_mass": [17.932095015628178, 27.01500253749837, 5.340589867576618], "maximum_diameter": {"diameter": 17.907643211873808, "atom_1": 18, "atom_2": 138}, "pore_diameter": {"diameter": 4.19051419964722, "atom": 41}, "pore_volume": 38.5301386787857, "pore_diameter_opt": {"diameter": 4.275441331223302, "atom_1": 41, "centre_of_mass": [18.035499774885043, 27.136675602172257, 5.3423565809723605]}, "pore_volume_opt": 40.920551312346795, "windows": {"diameters": [3.989056259147841, 4.005174104337819, 4.0332858523923285], "centre_of_mass": [[18.799724168319734, 28.424277456916442, 5.340498254057445], [16.253950845510342, 27.117842878221015, 5.340496091565097], [19.346076612527682, 25.272871902616863, 5.340497820525821]]}}