{"no_of_atoms": 156, "centre_of_mass": [17.669106488604072, 1.7485203242669012, 16.021765956788474], "maximum_diameter": {"diameter": 17.907643211873808, "atom_1": 20, "atom_2": 139}, "pore_diameter": {"diameter": 4.020086362604378, "atom": 73}, "pore_volume": 34.01768626141712, "pore_diameter_opt": {"diameter": 4.2794794122506445, "atom_1": 33, "centre_of_mass": [18.035035328428066, 1.4990044397482873, 16.021999996058987]}, "pore_volume_opt": 41.03660713327204, "windows": {"diameters": [4.0024152048377335, 4.090652245907073, 3.910475526620649], "centre_of_mass": [[16.262743955165664, 1.5182943059028335, 16.021503001864684], [18.810819757604712, -0.40083450665902287, 16.021494344524022], [17.125707749542176, 3.064710245380812, 16.021496992438944]]}}