{"no_of_atoms": 126, "centre_of_mass": [9.03896770833333, 16.032563155068726, 15.931499999999984], "maximum_diameter": {"diameter": 17.765893654198976, "atom_1": 81, "atom_2": 93}, "pore_diameter": {"diameter": 4.07830046744729, "atom": 28}, "pore_volume": 35.517000360050595, "pore_diameter_opt": {"diameter": 4.07830046744729, "atom_1": 28, "centre_of_mass": [9.03896770833333, 16.032563155068726, 15.931499999999984]}, "pore_volume_opt": 35.517000360050595, "windows": {"diameters": [3.8824512573732926, 3.9659505734187337, 4.07945367547101], "centre_of_mass": [[7.615136665287815, 17.470650543672985, 15.931502354861413], [7.286603529392329, 15.849929641227096, 15.931501139906755], [8.055789606165273, 13.580087400777996, 15.931503717971378]]}}