{"no_of_atoms": 207, "centre_of_mass": [-0.026698694236634946, 0.1985240316682288, 15.849407309253158], "maximum_diameter": {"diameter": 17.745777751207935, "atom_1": 64, "atom_2": 115}, "pore_diameter": {"diameter": 3.7776029697669107, "atom": 116}, "pore_volume": 28.225884220889682, "pore_diameter_opt": {"diameter": 4.1378981652100215, "atom_1": 48, "centre_of_mass": [0.0006990461172575686, -0.0002023073481964273, 15.72975707680655]}, "pore_volume_opt": 37.09693400006387, "windows": {"diameters": [4.717341376330413, 4.757683384778735, 3.7730628866447593], "centre_of_mass": [[-3.4634179208551226, 1.4388351623582272, 15.521633835478124], [0.6019829154737376, -3.819051018891336, 15.459520663511087], [0.34666628270125, 2.032689599803462, 15.712248979180815]]}}