{"no_of_atoms": 126, "centre_of_mass": [5.2676116838481634e-05, 17.680880666881436, 8.724724436211343], "maximum_diameter": {"diameter": 17.744624601961974, "atom_1": 13, "atom_2": 105}, "pore_diameter": {"diameter": 4.10819904952581, "atom": 38}, "pore_volume": 36.30388105456164, "pore_diameter_opt": {"diameter": 4.138175004169415, "atom_1": 39, "centre_of_mass": [0.00040343570826036193, 17.680963372387364, 8.740829825566973]}, "pore_volume_opt": 37.10438021790126, "windows": {"diameters": [4.709270273849958, 4.757683709750069, 3.7734245753229616], "centre_of_mass": [[-3.3909393721485106, 19.201266637351075, 8.595018269400285], [0.6020028155226008, 13.861943564378073, 8.47051409339545], [0.34730614122321696, 19.71324659739963, 8.723238813575888]]}}