{"no_of_atoms": 142, "centre_of_mass": [17.959985074747312, 27.081356186575764, 5.310499999999999], "maximum_diameter": {"diameter": 17.766882754418866, "atom_1": 16, "atom_2": 141}, "pore_diameter": {"diameter": 4.123506968273576, "atom": 46}, "pore_volume": 36.71122028494619, "pore_diameter_opt": {"diameter": 4.123506968273576, "atom_1": 46, "centre_of_mass": [17.959985074747312, 27.081356186575764, 5.310499999999999]}, "pore_volume_opt": 36.71122028494619, "windows": {"diameters": [3.968783331103024, 3.9906952247434124, 3.959798338197284], "centre_of_mass": [[16.31624580311899, 27.20629684746295, 5.3105001084345025], [19.357297480869516, 25.3463214118579, 5.3105017556513445], [18.84730715492835, 28.466732268531693, 5.3104977334792585]]}}