{"no_of_atoms": 144, "centre_of_mass": [14.152000000000008, -1.1226523903757453e-16, -5.138807667850881e-16], "maximum_diameter": {"diameter": 17.494370767354432, "atom_1": 66, "atom_2": 87}, "pore_diameter": {"diameter": 7.976581384581216, "atom": 22}, "pore_volume": 265.73516217055396, "pore_diameter_opt": {"diameter": 7.976581384581216, "atom_1": 22, "centre_of_mass": [14.152000000000008, -1.1226523903757453e-16, -5.138807667850881e-16]}, "pore_volume_opt": 265.73516217055396, "windows": {"diameters": [6.692239999020871, 6.682926760023682], "centre_of_mass": [[15.847963355623333, -2.419584777857433, 1.5047098969803887], [12.421094824866032, 2.268925587479223, -1.5075578062083081]]}}