{"no_of_atoms": 150, "centre_of_mass": [8.634369346786485, 4.985003531451996, 4.19256576803826], "maximum_diameter": {"diameter": 19.077436077701254, "atom_1": 62, "atom_2": 113}, "pore_diameter": {"diameter": 4.666799220073974, "atom": 50}, "pore_volume": 53.217684214430506, "pore_diameter_opt": {"diameter": 4.666961715740204, "atom_1": 50, "centre_of_mass": [8.634448064700624, 4.984984097232019, 4.1925605707152]}, "pore_volume_opt": 53.22324344919977, "windows": {"diameters": [3.7242850125663938, 2.964153022841995, 2.960884289891608], "centre_of_mass": [[6.470539690481244, 8.966986917176786, 5.495928471908818], [10.97002827395293, 5.168041471123433, 2.8096957584363524], [7.5234608882452, 2.8319270197515505, 2.909907214601929]]}}