{"no_of_atoms": 672, "centre_of_mass": [7.481500000000001, 7.481499999999994, 18.509727512617783], "maximum_diameter": {"diameter": 34.469417368543525, "atom_1": 111, "atom_2": 573}, "pore_diameter": {"diameter": 11.897871965175156, "atom": 273}, "pore_volume": 881.8739126708762, "pore_diameter_opt": {"diameter": 11.897871965175156, "atom_1": 273, "centre_of_mass": [7.481500000000001, 7.481499999999994, 18.509727512617783]}, "pore_volume_opt": 881.8739126708762, "windows": {"diameters": [1.6118859505388365, 1.5548334227432083, 1.5989389186000156, 1.4691326879004616, 1.4828831005595924, 1.4940174291894377, 1.503861826592892, 1.4521729871804951], "centre_of_mass": [[9.466176169309893, 13.369328506876858, 24.859058904333185], [1.8542048948753926, 9.439305843271427, 24.560922729365753], [13.340710864697527, 5.500518265297872, 24.826675337840822], [4.8604602613718955, 15.154488688419338, 19.388396265222394], [15.471994839325921, 10.111400119982434, 17.585150702638977], [11.129078469421081, 12.438121980964267, 12.23673996558918], [12.457765196045887, 3.81543603963675, 12.205906492401144], [5.690611513149184, 1.9739990885468943, 12.644445863117493]]}}