{"no_of_atoms": 1143, "centre_of_mass": [14.746080114129665, 25.435724791398926, 125.55772348060181], "maximum_diameter": {"diameter": 35.77875336973081, "atom_1": 363, "atom_2": 758}, "pore_diameter": {"diameter": 18.484947396462097, "atom": 127}, "pore_volume": 3307.1453245713083, "pore_diameter_opt": {"diameter": 18.852715146537786, "atom_1": 166, "centre_of_mass": [14.75906820803079, 25.563385789035976, 125.69012131421292]}, "pore_volume_opt": 3508.4907772368288, "windows": {"diameters": [5.457805643923104, 5.614986419434935, 5.7664772121618935, 5.602966867706034, 5.426758314300928, 5.5361382077925665, 5.524022864131618, 5.537447463481666, 5.479630404110495, 5.477942237881276, 5.657084843216481, 5.478410616450384], "centre_of_mass": [[12.139975154688932, 18.464265498379742, 136.2616130910714], [22.482204617080306, 26.782073846472727, 136.55177126128754], [10.257969796944707, 30.117667782649214, 134.90616546267705], [19.630816946778978, 13.142270208938253, 126.78772008826186], [2.307736028301999, 27.52199015471107, 126.5959515170045], [22.983094822059314, 35.84291104114815, 126.74103615416561], [6.554957866732526, 15.314454545682082, 124.64859920791129], [10.711646554965292, 36.5123175959597, 124.94383212537045], [26.453386836590468, 23.596681813611994, 124.91041270509785], [7.259281290840772, 24.29259217826581, 115.07201892077863], [17.6031311142764, 32.90277408097299, 114.76875044552872], [19.609932680220755, 19.703011417921516, 115.07155794836535]]}}