{"no_of_atoms": 96, "centre_of_mass": [2.5251442663616084, 14.08133692775494, 9.573214534661451], "maximum_diameter": {"diameter": 17.593167822593458, "atom_1": 39, "atom_2": 81}, "pore_diameter": {"diameter": 0.8465098686090999, "atom": 66}, "pore_volume": 0.31761038829328175, "pore_diameter_opt": {"diameter": 1.5192494868190294, "atom_1": 24, "centre_of_mass": [2.7607969573847138, 13.847832201595226, 9.459821688855634]}, "pore_volume_opt": 1.8360559752894245, "windows": {"diameters": [1.6530787376436415, 1.220379295138271, 1.3231469620065233], "centre_of_mass": [[3.1133049375102577, 14.201321501944996, 9.496290583366813], [2.1817030731775446, 13.253746141063015, 9.915825945512237], [2.301219302415614, 15.576315659771836, 8.774877516705972]]}}