{"no_of_atoms": 96, "centre_of_mass": [8.967728905432677, 12.969663072245059, 0.9096403572984493], "maximum_diameter": {"diameter": 17.593167822593458, "atom_1": 40, "atom_2": 89}, "pore_diameter": {"diameter": 0.8454875069721326, "atom": 25}, "pore_volume": 0.3164610077175151, "pore_diameter_opt": {"diameter": 1.5026627262449224, "atom_1": 25, "centre_of_mass": [9.20309787028124, 13.203737933686629, 0.8106812758044465]}, "pore_volume_opt": 1.7765734345706614, "windows": {"diameters": [1.626144670275786, 1.200903339103745, 1.8187594320084632], "centre_of_mass": [[9.514259101299192, 12.891238314603196, 0.828044308872379], [8.986557012572279, 14.186983099659596, 0.8285417720484469], [7.633931490941368, 10.560758566193078, -0.09660736069162734]]}}