{"no_of_atoms": 183, "centre_of_mass": [12.834993447629895, 14.700949799145606, 0.9141506068110662], "maximum_diameter": {"diameter": 19.352675473173335, "atom_1": 99, "atom_2": 178}, "pore_diameter": {"diameter": 1.3452500737956448, "atom": 64}, "pore_volume": 1.2746991491968487, "pore_diameter_opt": {"diameter": 3.484988947628493, "atom_1": 64, "centre_of_mass": [13.507618484527717, 15.373574836043428, 0.2415255699132438]}, "pore_volume_opt": 22.161688060809105, "windows": {"diameters": [4.227812484358886, 1.892400905064115], "centre_of_mass": [[13.760280454891053, 15.432946607567281, -0.15005331896179075], [10.569832804494482, 18.627252140175354, -1.5825957293735589]]}}