{"no_of_atoms": 97, "centre_of_mass": [5.84328224416594, 12.214211408034068, 5.1559074796004385], "maximum_diameter": {"diameter": 18.01182408028348, "atom_1": 7, "atom_2": 92}, "pore_diameter": {"diameter": 3.154107959620402, "atom": 41}, "pore_volume": 16.42964900514981, "pore_diameter_opt": {"diameter": 3.4121950995456127, "atom_1": 41, "centre_of_mass": [5.831239209730329, 12.131219415465278, 5.266346611328642]}, "pore_volume_opt": 20.801765061308533, "windows": {"diameters": [3.615538376063887, 3.4795789912674846, 3.6675094905347607], "centre_of_mass": [[7.516406808125283, 12.822830006840867, 5.274647568545952], [5.933685179710522, 11.260824844644931, 5.09432055218173], [4.893066145880368, 9.821968668097218, 4.992681322487309]]}}