{"no_of_atoms": 94, "centre_of_mass": [3.7782153239945644, 14.418983989611661, 18.761374640701778], "maximum_diameter": {"diameter": 16.79600191570869, "atom_1": 6, "atom_2": 92}, "pore_diameter": {"diameter": 3.7410762246802363, "atom": 62}, "pore_volume": 27.41500273295466, "pore_diameter_opt": {"diameter": 4.40885702704386, "atom_1": 40, "centre_of_mass": [3.4749034030414396, 14.582593894584116, 16.89083652836166]}, "pore_volume_opt": 44.87212830679608, "windows": {"diameters": [3.561918369624365, 4.116380885072299, 4.798447192058777], "centre_of_mass": [[4.279630658273405, 11.422303009042448, 19.73430288430838], [3.580913477827313, 15.500113210772168, 18.116112270717913], [3.5349817720086247, 13.076667374169084, 16.819697671807532]]}}