{"no_of_atoms": 129, "centre_of_mass": [9.946369208065892, 7.05607282689175, 20.664521047605906], "maximum_diameter": {"diameter": 19.919072185432924, "atom_1": 7, "atom_2": 118}, "pore_diameter": {"diameter": 5.819275095448425, "atom": 103}, "pore_volume": 103.18231957669141, "pore_diameter_opt": {"diameter": 5.926737366436852, "atom_1": 29, "centre_of_mass": [9.893779529866126, 7.059685403439514, 20.643074545813025]}, "pore_volume_opt": 109.00481198936005, "windows": {"diameters": [4.587029851852003, 4.26548329288682], "centre_of_mass": [[7.165694830997037, 10.86058158053639, 21.295683003163322], [12.570375254630576, 3.8031745192171833, 19.743225645915665]]}}