{"no_of_atoms": 129, "centre_of_mass": [9.884801057001486, 8.007174619709247, 20.60994402998411], "maximum_diameter": {"diameter": 19.95251465043706, "atom_1": 3, "atom_2": 124}, "pore_diameter": {"diameter": 5.762719795204301, "atom": 89}, "pore_volume": 100.20309399942873, "pore_diameter_opt": {"diameter": 5.88895890002563, "atom_1": 108, "centre_of_mass": [9.819953989028178, 8.002418973770919, 20.588519934287014]}, "pore_volume_opt": 106.93360107159327, "windows": {"diameters": [4.586568788741296, 4.55143597812974], "centre_of_mass": [[8.270607926093493, 5.225685549229393, 20.974121837493268], [11.998600795467395, 11.089824392045001, 19.704615032391114]]}}