{"no_of_atoms": 129, "centre_of_mass": [34.24540806589153, 0.41292717310824806, 8.29346786460169], "maximum_diameter": {"diameter": 19.919072185432924, "atom_1": 54, "atom_2": 88}, "pore_diameter": {"diameter": 5.819287042652967, "atom": 108}, "pore_volume": 103.18295509028427, "pore_diameter_opt": {"diameter": 5.925892128991187, "atom_1": 5, "centre_of_mass": [34.19330220261388, 0.40935565644934524, 8.272117635926234]}, "pore_volume_opt": 108.95818170830339, "windows": {"diameters": [4.593181705092752, 4.2410793367157495], "centre_of_mass": [[31.455519601131062, -3.4005163852210987, 8.927403783190242], [36.767616447162126, 3.55332803307224, 7.404354716829995]]}}