{"no_of_atoms": 129, "centre_of_mass": [9.946326277465444, 7.05607282689175, 20.664557846576475], "maximum_diameter": {"diameter": 19.919072185432924, "atom_1": 7, "atom_2": 118}, "pore_diameter": {"diameter": 5.819290912355438, "atom": 103}, "pore_volume": 103.18316093385182, "pore_diameter_opt": {"diameter": 5.926722760589719, "atom_1": 29, "centre_of_mass": [9.893755575529621, 7.05968329417357, 20.643113040726917]}, "pore_volume_opt": 109.00400609721468, "windows": {"diameters": [4.586987822176367, 4.265574271121537], "centre_of_mass": [[7.165675752443121, 10.860580852153525, 21.29560540256802], [12.57032549411395, 3.8031317272722798, 19.743252082766563]]}}