{"no_of_atoms": 144, "centre_of_mass": [11.00842059859155, 24.63823852549056, 9.67021499337908], "maximum_diameter": {"diameter": 18.121875862018246, "atom_1": 27, "atom_2": 125}, "pore_diameter": {"diameter": 6.937776681362532, "atom": 81}, "pore_volume": 174.84755805118675, "pore_diameter_opt": {"diameter": 7.41747232702644, "atom_1": 81, "centre_of_mass": [11.26157711384371, 24.77881361122845, 9.356506237261913]}, "pore_volume_opt": 213.68125538277005, "windows": {"diameters": [5.834911283200726, 6.261377988099366], "centre_of_mass": [[12.967143669761985, 22.77583065866626, 11.217151640803758], [9.901086183351348, 26.865962658339992, 7.4192423828380925]]}}