{"no_of_atoms": 203, "centre_of_mass": [13.250829844268775, 26.17842297987866, -0.0022718924567478706], "maximum_diameter": {"diameter": 17.674263357772126, "atom_1": 69, "atom_2": 159}, "pore_diameter": {"diameter": 7.428370354433184, "atom": 49}, "pore_volume": 214.6244853010369, "pore_diameter_opt": {"diameter": 7.7111188663410015, "atom_1": 49, "centre_of_mass": [13.15149597846892, 26.278990632110666, 9.679419815009295e-05]}, "pore_volume_opt": 240.0771438288525, "windows": {"diameters": [6.543301913299621, 6.550553564242024], "centre_of_mass": [[12.487055376157437, 27.088791210422077, 3.2580543035252765], [13.77794585664688, 25.410264326166846, -3.2982995458187934]]}}