{"no_of_atoms": 130, "centre_of_mass": [7.005972040132223, 4.044932347874668, 25.54469581800828], "maximum_diameter": {"diameter": 18.287172129210024, "atom_1": 51, "atom_2": 85}, "pore_diameter": {"diameter": 2.0942892717588992, "atom": 107}, "pore_volume": 4.809596316911756, "pore_diameter_opt": {"diameter": 2.0945162074516896, "atom_1": 11, "centre_of_mass": [7.006004099055195, 4.044870657767874, 25.544583486018027]}, "pore_volume_opt": 4.811159979623526, "windows": {"diameters": [1.8390608411200813e+42, 1.202844413826416, 1.200279985181551], "centre_of_mass": [[-6.54771056544031e+41, -6.280463724726837e+41, 1.495620669536286e+41], [8.616892774251957, 4.531160303395071, 25.230676690693773], [8.600361020820639, 3.5632056844804203, 25.855448915230493]]}}