{"no_of_atoms": 159, "centre_of_mass": [-1.9593652430458268, 15.094249748165412, 18.449857964323346], "maximum_diameter": {"diameter": 21.743264886005093, "atom_1": 37, "atom_2": 96}, "pore_diameter": {"diameter": 1.3610250254014136, "atom": 36}, "pore_volume": 1.3200699790869281, "pore_diameter_opt": {"diameter": 1.801164316096863, "atom_1": 94, "centre_of_mass": [-2.078323691463904, 15.714601779026639, 18.8526674161141]}, "pore_volume_opt": 3.059557540246927, "windows": {"diameters": [1.5818308739856932, 1.6557804098593398, 1.6709848173594453], "centre_of_mass": [[-2.3373461800450634, 15.62920342752447, 19.67076084184041], [-1.7694161352784898, 16.00006629438954, 18.240216457377503], [-1.899537183133698, 12.529494933060587, 16.801146546867006]]}}