{"no_of_atoms": 106, "centre_of_mass": [11.092560328060483, 26.653954713234516, 1.205646734964693], "maximum_diameter": {"diameter": 17.258913422392208, "atom_1": 3, "atom_2": 103}, "pore_diameter": {"diameter": 4.189160267601693, "atom": 41}, "pore_volume": 38.49280411753019, "pore_diameter_opt": {"diameter": 4.443427361278241, "atom_1": 50, "centre_of_mass": [10.987059080189098, 26.68077094688178, 1.277536222662987]}, "pore_volume_opt": 45.93596848205552, "windows": {"diameters": [3.944799683408464, 4.349171378381779, 5.122385854555514], "centre_of_mass": [[12.003441282325237, 24.438899575687373, 3.1892161662914784], [11.604115651083456, 27.582479261097422, 1.4484031092215377], [10.123733723262074, 24.895992971155792, 0.4569351239590862]]}}