{"no_of_atoms": 109, "centre_of_mass": [5.792648989370661, 11.865657425740043, 35.57370128388964], "maximum_diameter": {"diameter": 17.542219533648133, "atom_1": 67, "atom_2": 86}, "pore_diameter": {"diameter": 3.5887756969647646, "atom": 56}, "pore_volume": 24.201237184204132, "pore_diameter_opt": {"diameter": 4.108976636245092, "atom_1": 17, "centre_of_mass": [5.787528504177675, 11.64841001318369, 35.43076286375576]}, "pore_volume_opt": 36.32449940260391, "windows": {"diameters": [3.9455758535695327, 4.147002823177813, 4.363000647462631], "centre_of_mass": [[5.307815087743788, 10.026384526102982, 36.90449007272653], [5.855306417624165, 13.096178921058224, 34.12601195276121], [3.8490888773752276, 13.379151467688684, 33.60778636042178]]}}