{"no_of_atoms": 108, "centre_of_mass": [16.122444789534928, 9.295499999999997, 8.338072295453635], "maximum_diameter": {"diameter": 14.543932181955709, "atom_1": 52, "atom_2": 62}, "pore_diameter": {"diameter": 5.315743783008882, "atom": 10}, "pore_volume": 78.64855397043988, "pore_diameter_opt": {"diameter": 5.315849127937124, "atom_1": 100, "centre_of_mass": [16.122485341388394, 9.295533377866395, 8.338067236480459]}, "pore_volume_opt": 78.65322992406354, "windows": {"diameters": [3.842900148218603, 3.8282469321361754], "centre_of_mass": [[16.199169400003903, 7.660849984836423, 11.043521765612391], [16.0870154402139, 10.838739412104747, 5.673945556554021]]}}