{"no_of_atoms": 108, "centre_of_mass": [-5.807726909032546, 9.295499999999997, 16.676085355724087], "maximum_diameter": {"diameter": 14.543386510175921, "atom_1": 33, "atom_2": 88}, "pore_diameter": {"diameter": 5.31470959195603, "atom": 18}, "pore_volume": 78.60265909058188, "pore_diameter_opt": {"diameter": 5.315095243057852, "atom_1": 18, "centre_of_mass": [-5.807872277562487, 9.295623211130659, 16.676114829459813]}, "pore_volume_opt": 78.61977125893034, "windows": {"diameters": [3.840414135108122, 3.8426889268022917], "centre_of_mass": [[-5.728510780684919, 10.894417340230495, 19.31014749131328], [-5.885263286366519, 7.662571037577604, 13.973830870922935]]}}