{"no_of_atoms": 113, "centre_of_mass": [2.2771354873595504, 17.3614190519663, 7.929089162921351], "maximum_diameter": {"diameter": 16.585743785032417, "atom_1": 62, "atom_2": 90}, "pore_diameter": {"diameter": 2.5717246633343316, "atom": 108}, "pore_volume": 8.905781421962295, "pore_diameter_opt": {"diameter": 2.820385087422125, "atom_1": 8, "centre_of_mass": [2.357965092135787, 17.263100608611563, 7.921984982499733]}, "pore_volume_opt": 11.746915681879173, "windows": {"diameters": [2.597113429597256, 2.8716247472236733, 0.6543497740626161], "centre_of_mass": [[2.0723068343352007, 17.449862046663387, 8.86114721018433], [1.1675637992331849, 17.144714824221253, 7.007450713577104], [5.620972709029008, 17.208144205277588, 6.810373141092232]]}}