{"no_of_atoms": 113, "centre_of_mass": [4.6258223075842695, 7.365749573033708, 2.8895647443820223], "maximum_diameter": {"diameter": 16.58580192144818, "atom_1": 40, "atom_2": 111}, "pore_diameter": {"diameter": 2.571164113681395, "atom": 95}, "pore_volume": 8.89995920695063, "pore_diameter_opt": {"diameter": 2.820206220819682, "atom_1": 11, "centre_of_mass": [4.544582970259317, 7.267431138399041, 2.8968265447978307]}, "pore_volume_opt": 11.744680883173151, "windows": {"diameters": [2.7697129162251746, 0.6393073071594881, 2.597142140440942], "centre_of_mass": [[4.976700216844577, 7.173214923119314, 3.3652088878952293], [1.1533641902167875, 7.345993242760569, 3.4478813618084345], [4.821417509536556, 7.45211273941247, 1.9708032135651183]]}}