{"no_of_atoms": 118, "centre_of_mass": [3.022883705777731, 5.014793486436783, 3.459816308561567], "maximum_diameter": {"diameter": 16.597397892823796, "atom_1": 30, "atom_2": 71}, "pore_diameter": {"diameter": 3.5317907026412807, "atom": 110}, "pore_volume": 23.06659546539953, "pore_diameter_opt": {"diameter": 4.554935789325132, "atom_1": 110, "centre_of_mass": [3.2268452305274207, 4.566318192500369, 3.725246953567956]}, "pore_volume_opt": 49.481789758546086, "windows": {"diameters": [3.8999648171192693, 2.875869289980025, 4.467936035682374], "centre_of_mass": [[5.249660905385197, 6.523917646971698, 5.814293491753931], [-0.23869854070197727, 5.859095797571001, 2.79329025881856], [3.0944679293052353, 3.571564853037737, 2.610593716345382]]}}