{"no_of_atoms": 118, "centre_of_mass": [3.7786243166821376, 10.676357120216146, 4.425049644158998], "maximum_diameter": {"diameter": 16.201274478448813, "atom_1": 43, "atom_2": 95}, "pore_diameter": {"diameter": 4.99309778922604, "atom": 14}, "pore_volume": 65.17917176207112, "pore_diameter_opt": {"diameter": 5.356298755990842, "atom_1": 66, "centre_of_mass": [3.7583721827468324, 10.883557223640274, 4.445989942836289]}, "pore_volume_opt": 80.46240321303434, "windows": {"diameters": [4.106731079742758, 4.24206633006785, 3.6025004333521315], "centre_of_mass": [[3.0256566485161382, 13.925543816894283, 6.760345470892117], [6.702466611038539, 9.243578089690606, 4.065462266637786], [2.199424800728158, 10.695241407669306, 1.2004310982126745]]}}