{"no_of_atoms": 118, "centre_of_mass": [0.7286153483317355, 2.1139546991388873, 15.227806215708323], "maximum_diameter": {"diameter": 16.597397892823793, "atom_1": 44, "atom_2": 73}, "pore_diameter": {"diameter": 3.5313708260262966, "atom": 11}, "pore_volume": 23.058369633121426, "pore_diameter_opt": {"diameter": 4.555169995138362, "atom_1": 91, "centre_of_mass": [0.9326688984750958, 2.5625148866745096, 15.49358527500718]}, "pore_volume_opt": 49.489422919079814, "windows": {"diameters": [3.9088391409373204, 3.621112681800835, 4.47918351734808, 1.1013054213715843], "centre_of_mass": [[3.015665760387109, 0.5469023623658411, 17.656786530660764], [-3.4533894474140716, 0.2417869285368912, 13.990715194755353], [0.8069835040222885, 3.6196824749470755, 14.27898164248556], [1.7351858032972087, -2.060466180429699, 14.187753354276861]]}}