{"no_of_atoms": 116, "centre_of_mass": [6.159124425703771, 1.209717851215057, 6.038753257523202], "maximum_diameter": {"diameter": 17.06383636701237, "atom_1": 21, "atom_2": 107}, "pore_diameter": {"diameter": 3.5587133464715897, "atom": 63}, "pore_volume": 23.598132950580048, "pore_diameter_opt": {"diameter": 4.09147227623915, "atom_1": 63, "centre_of_mass": [6.278092671118722, 1.3271557354625545, 6.264506558863466]}, "pore_volume_opt": 35.862243956262155, "windows": {"diameters": [4.720521153194223, 4.226296005602544, 3.4642774340831433], "centre_of_mass": [[7.044870695766335, 0.3951041257262262, 6.789669235050869], [8.015936283495316, 0.6536266017999881, 5.43493886207619], [6.284346255427231, -1.382001563211441, 5.612107003422742]]}}