{"no_of_atoms": 120, "centre_of_mass": [21.444287767297162, 8.070584989002308, 19.27420515353084], "maximum_diameter": {"diameter": 17.213165422885524, "atom_1": 14, "atom_2": 110}, "pore_diameter": {"diameter": 5.042905389788466, "atom": 69}, "pore_volume": 67.1492372009515, "pore_diameter_opt": {"diameter": 5.193627652907777, "atom_1": 19, "centre_of_mass": [21.48590705588785, 8.174070391082305, 19.371264076947018]}, "pore_volume_opt": 73.35184699563824, "windows": {"diameters": [3.9100282340717722, 3.4827847779841115], "centre_of_mass": [[22.324964119640796, 10.271001303434858, 21.556071438229903], [20.206466112062998, 5.975302150053656, 17.303295000748207]]}}