{"no_of_atoms": 120, "centre_of_mass": [24.96129676679191, 15.879987241535192, 2.4852720514213416], "maximum_diameter": {"diameter": 17.212775137531203, "atom_1": 16, "atom_2": 104}, "pore_diameter": {"diameter": 5.042163012412427, "atom": 61}, "pore_volume": 67.11958599843062, "pore_diameter_opt": {"diameter": 5.192765575356935, "atom_1": 55, "centre_of_mass": [24.919823334380204, 15.777266199238793, 2.3885023789699487]}, "pore_volume_opt": 73.31532657723668, "windows": {"diameters": [3.485571625570337, 3.9001910505478516], "centre_of_mass": [[26.21955156175685, 18.02777908444451, 4.511158797520304], [23.988367542771783, 13.729182427544279, 0.3089911048596745]]}}