{"no_of_atoms": 120, "centre_of_mass": [24.961229262033843, 15.880021462598338, 2.485193139642223], "maximum_diameter": {"diameter": 17.212775137531203, "atom_1": 16, "atom_2": 104}, "pore_diameter": {"diameter": 5.04204473532257, "atom": 61}, "pore_volume": 67.1148627141597, "pore_diameter_opt": {"diameter": 5.188067113034162, "atom_1": 55, "centre_of_mass": [24.918725386557746, 15.77909773243957, 2.3860543356526076]}, "pore_volume_opt": 73.11649743141514, "windows": {"diameters": [3.485570500936518, 3.9008487350986183], "centre_of_mass": [[26.219548925761107, 18.02777897871469, 4.511159693157164], [23.96998995097763, 13.729644130622914, 0.3181436580281263]]}}