{"no_of_atoms": 120, "centre_of_mass": [21.444183188533547, 8.070584989002308, 19.274138606085003], "maximum_diameter": {"diameter": 17.213165422885524, "atom_1": 14, "atom_2": 110}, "pore_diameter": {"diameter": 5.0429629217244525, "atom": 69}, "pore_volume": 67.15153544138514, "pore_diameter_opt": {"diameter": 5.193145867655787, "atom_1": 19, "centre_of_mass": [21.48557160442445, 8.173013859506346, 19.3707496809623]}, "pore_volume_opt": 73.33143550548381, "windows": {"diameters": [3.9095539224647435, 3.4827666967294695], "centre_of_mass": [[22.32370228535837, 10.271209114936765, 21.556461515502058], [20.206538651837455, 5.975303428213579, 17.303255799285797]]}}