{"no_of_atoms": 195, "centre_of_mass": [6.302097669615385, 11.20888957365185, 15.338256051276154], "maximum_diameter": {"diameter": 20.398300088310624, "atom_1": 2, "atom_2": 185}, "pore_diameter": {"diameter": 4.960713561903265, "atom": 104}, "pore_volume": 63.91916241012452, "pore_diameter_opt": {"diameter": 5.040386677940576, "atom_1": 19, "centre_of_mass": [6.250966621077982, 11.205428728660111, 15.343370415830327]}, "pore_volume_opt": 67.04867307723002, "windows": {"diameters": [4.288647672155163, 4.613632058451373], "centre_of_mass": [[4.555424030190788, 16.887889235588524, 16.718188113199844], [7.7955965067191535, 7.100036055303331, 14.384393975926699]]}}