{"no_of_atoms": 120, "centre_of_mass": [16.53417515650469, 8.40951006981139, 13.536314806149138], "maximum_diameter": {"diameter": 19.866192835090317, "atom_1": 8, "atom_2": 116}, "pore_diameter": {"diameter": 1.2355187495898594, "atom": 27}, "pore_volume": 0.9875216906290205, "pore_diameter_opt": {"diameter": 1.480499528526689, "atom_1": 27, "centre_of_mass": [16.588018303579886, 8.527832952043452, 13.547854635656128]}, "pore_volume_opt": 1.6991176160606687, "windows": {"diameters": [1.030058972527081, 1.0956140885499566], "centre_of_mass": [[17.436522051010297, 11.331389856434306, 14.561986082158311], [17.59943780958673, 5.1033946312904845, 11.580591949431762]]}}