{"no_of_atoms": 120, "centre_of_mass": [19.034870872555423, 1.3138229207536336e-16, 5.5696034416183196], "maximum_diameter": {"diameter": 19.666, "atom_1": 0, "atom_2": 117}, "pore_diameter": {"diameter": 7.102135264433178, "atom": 54}, "pore_volume": 187.5708906704449, "pore_diameter_opt": {"diameter": 9.444732260615584, "atom_1": 63, "centre_of_mass": [15.483803240338833, 1.3138229207536336e-16, 4.3196503594898585]}, "pore_volume_opt": 441.1309969831347, "windows": {"diameters": [7.103480871767248, 9.98658194757679], "centre_of_mass": [[20.129731029841412, 0.28273169397586106, 5.832757028937745], [14.988141165523217, -0.428638305086261, 4.105936991624267]]}}