{"no_of_atoms": 444, "centre_of_mass": [0.12475993082741524, 0.12475993082741571, 0.16932941817665653], "maximum_diameter": {"diameter": 17.38380837158901, "atom_1": 38, "atom_2": 426}, "pore_diameter": {"diameter": 7.7756812192435625, "atom": 22}, "pore_volume": 246.15800565865578, "pore_diameter_opt": {"diameter": 8.193652208933404, "atom_1": 384, "centre_of_mass": [-6.3727054377655535e-09, -6.372741198128152e-09, -6.041974871419925e-09]}, "pore_volume_opt": 288.0256727015132, "windows": {"diameters": [6.876702397340387, 6.878636197969844], "centre_of_mass": [[-2.4118096200051453e-05, 1.9280206442893838e-05, 3.2740436476023884], [4.2419441289584445e-05, 4.152625917651557e-05, -3.2940463173373953]]}}