{"no_of_atoms": 121, "centre_of_mass": [4.81807301153565, 14.115699609322125, 14.482205446404306], "maximum_diameter": {"diameter": 20.30243765002438, "atom_1": 7, "atom_2": 120}, "pore_diameter": {"diameter": 4.229177935033894, "atom": 35}, "pore_volume": 39.60650269847303, "pore_diameter_opt": {"diameter": 4.953097274400289, "atom_1": 30, "centre_of_mass": [5.2187438054437845, 14.284604583095762, 14.39502826151959]}, "pore_volume_opt": 63.62520490236661, "windows": {"diameters": [4.759561385982126, 4.030461298569357], "centre_of_mass": [[5.207913338719581, 17.128917645589986, 15.809443749555479], [5.631041265758298, 10.374735438319789, 12.906827254416427]]}}