{"no_of_atoms": 121, "centre_of_mass": [4.818074069293644, 14.115687005422062, 14.482205446404306], "maximum_diameter": {"diameter": 20.30243765002438, "atom_1": 7, "atom_2": 120}, "pore_diameter": {"diameter": 4.229165785627293, "atom": 35}, "pore_volume": 39.60616135970907, "pore_diameter_opt": {"diameter": 4.953095402662305, "atom_1": 30, "centre_of_mass": [5.218741056238213, 14.284594979141579, 14.395020718045478]}, "pore_volume_opt": 63.625132771943264, "windows": {"diameters": [4.759571665028345, 4.030471160784661], "centre_of_mass": [[5.207910049350115, 17.12891900384512, 15.809439648589006], [5.631114425630466, 10.374772320860536, 12.906787131302655]]}}