{"no_of_atoms": 121, "centre_of_mass": [5.752563507978834, 4.353598781269708, 14.48220544640431], "maximum_diameter": {"diameter": 20.302437650024377, "atom_1": 57, "atom_2": 116}, "pore_diameter": {"diameter": 4.229529190168337, "atom": 61}, "pore_volume": 39.61637209375872, "pore_diameter_opt": {"diameter": 5.003944343150275, "atom_1": 39, "centre_of_mass": [5.2988593539001, 4.721768759272774, 14.548742596502139]}, "pore_volume_opt": 65.6048631662323, "windows": {"diameters": [4.720345269738424, 4.000784369699625], "centre_of_mass": [[5.4857438132617835, 8.219480583572837, 16.00222668598744], [5.093750589088099, 1.7039029317468355, 13.152722357075199]]}}