{"no_of_atoms": 121, "centre_of_mass": [4.818074069293641, 15.170482130920645, 2.4751844727842442], "maximum_diameter": {"diameter": 20.302437650024377, "atom_1": 4, "atom_2": 113}, "pore_diameter": {"diameter": 4.229008367263269, "atom": 39}, "pore_volume": 39.60173885273571, "pore_diameter_opt": {"diameter": 4.952350031768942, "atom_1": 73, "centre_of_mass": [5.218568632471966, 15.002778228201056, 2.3866909192837067]}, "pore_volume_opt": 63.596413043046184, "windows": {"diameters": [4.72621180225382, 3.917238363304729], "centre_of_mass": [[5.081569777509415, 11.279071335203113, 4.000939665880057], [5.529418986697732, 18.19214730463251, 1.0618153942752764]]}}