{"no_of_atoms": 128, "centre_of_mass": [1.0243611324278927, 12.62864226568835, 9.924926892990555], "maximum_diameter": {"diameter": 19.52730255688186, "atom_1": 74, "atom_2": 103}, "pore_diameter": {"diameter": 4.9302190069669685, "atom": 123}, "pore_volume": 62.74761992338218, "pore_diameter_opt": {"diameter": 5.1229623312780745, "atom_1": 19, "centre_of_mass": [1.0258244227780435, 12.494083344548976, 9.81805777654058]}, "pore_volume_opt": 70.3982899805263, "windows": {"diameters": [3.354528001607325, 3.7405139110163956], "centre_of_mass": [[0.4478233424277538, 14.902668246814889, 11.88364734895469], [1.793876349766205, 10.15297887500139, 8.195441542926542]]}}