{"no_of_atoms": 93, "centre_of_mass": [0.06925455696062621, 10.911834305153317, 5.074691842791768], "maximum_diameter": {"diameter": 18.438277645556433, "atom_1": 8, "atom_2": 90}, "pore_diameter": {"diameter": 2.7479151446594217, "atom": 75}, "pore_volume": 10.864470754058198, "pore_diameter_opt": {"diameter": 4.3434938165194925, "atom_1": 51, "centre_of_mass": [-0.33440242268424863, 11.418035826484463, 3.955655728758406]}, "pore_volume_opt": 42.90582381229858, "windows": {"diameters": [4.227837699869964, 4.892925729398786], "centre_of_mass": [[-0.9183841458081099, 13.832502092294986, 3.2787249200112107], [-1.2932650392948766, 13.395739612599163, 1.5935082787780996]]}}