{"no_of_atoms": 120, "centre_of_mass": [6.67808746965662, 9.397553203007178, 6.454904917431825], "maximum_diameter": {"diameter": 17.371669943138507, "atom_1": 37, "atom_2": 85}, "pore_diameter": {"diameter": 5.062677950484398, "atom": 72}, "pore_volume": 67.94218780326443, "pore_diameter_opt": {"diameter": 5.062865284078336, "atom_1": 1, "centre_of_mass": [6.6780997012348156, 9.39749999884147, 6.4549847153807445]}, "pore_volume_opt": 67.94973024936823, "windows": {"diameters": [3.7101086855229664, 3.7175922943007116], "centre_of_mass": [[9.51089362254457, 9.397471964550924, 8.230985837218391], [3.8107848815672534, 9.397514638748232, 4.65472093969727]]}}