{"no_of_atoms": 168, "centre_of_mass": [23.296262798657008, 26.340007460977997, 24.827499999999997], "maximum_diameter": {"diameter": 32.64017237336364, "atom_1": 7, "atom_2": 167}, "pore_diameter": {"diameter": 9.212906114234546, "atom": 40}, "pore_volume": 409.43838791921195, "pore_diameter_opt": {"diameter": 10.505336695077421, "atom_1": 132, "centre_of_mass": [22.09464328214256, 27.54294072120945, 24.827136273251977]}, "pore_volume_opt": 607.0557128456694, "windows": {"diameters": [9.957613947662415, 10.503856659164017, 9.957278734066511], "centre_of_mass": [[21.740034165054603, 24.330304004390744, 26.12538402420843], [21.59209924195508, 28.80176135695592, 24.18713716440242], [25.299001703687132, 27.896653787766233, 23.53213849562074]]}}