{"no_of_atoms": 168, "centre_of_mass": [16.412737201342985, 33.22347625898718, 24.827500000000008], "maximum_diameter": {"diameter": 32.63992788519004, "atom_1": 79, "atom_2": 135}, "pore_diameter": {"diameter": 9.213590049730952, "atom": 74}, "pore_volume": 409.52958071958966, "pore_diameter_opt": {"diameter": 10.492828047601567, "atom_1": 57, "centre_of_mass": [17.73968625403308, 32.019943344668505, 24.92339576756176]}, "pore_volume_opt": 604.8898399439304, "windows": {"diameters": [9.961764259967302, 10.50703665179819, 9.987902477610309], "centre_of_mass": [[18.00586877294268, 34.885033657835564, 25.99353620656002], [18.058379650620818, 30.815760401688777, 24.182885895705258], [14.116354267682418, 31.697226113176857, 23.421895446013476]]}}