{"no_of_atoms": 123, "centre_of_mass": [10.112093940709418, 9.500334482227228, 5.124647037435073], "maximum_diameter": {"diameter": 19.998646722964455, "atom_1": 114, "atom_2": 120}, "pore_diameter": {"diameter": 2.84946357755122, "atom": 74}, "pore_volume": 12.114010691204577, "pore_diameter_opt": {"diameter": 4.850508504177064, "atom_1": 28, "centre_of_mass": [10.356470852976003, 8.54988978173861, 5.429235777120281]}, "pore_volume_opt": 59.75309888481971, "windows": {"diameters": [3.2001356833932513, 3.4370029997679743], "centre_of_mass": [[12.911883592198379, 8.7525475599773, 7.148371188487188], [7.542558813513034, 8.521342860749698, 3.4504881556755693]]}}