{"no_of_atoms": 123, "centre_of_mass": [10.112068730176794, 9.499743936328047, 5.124728533024994], "maximum_diameter": {"diameter": 19.997760030139112, "atom_1": 114, "atom_2": 120}, "pore_diameter": {"diameter": 2.8470205097870322, "atom": 74}, "pore_volume": 12.082878534863594, "pore_diameter_opt": {"diameter": 4.874772849704911, "atom_1": 12, "centre_of_mass": [10.016390508922894, 8.331052720877546, 5.0673687561040905]}, "pore_volume_opt": 60.654324895057755, "windows": {"diameters": [3.36156070549177, 3.3842218413506244], "centre_of_mass": [[12.191652020206893, 8.80080345856316, 6.900043165253895], [7.164744738863397, 8.4876157801725, 3.291893009764247]]}}