{"no_of_atoms": 146, "centre_of_mass": [-4.114217205512942, 9.20232281242761, 10.62149104861856], "maximum_diameter": {"diameter": 21.362215956452996, "atom_1": 73, "atom_2": 76}, "pore_diameter": {"diameter": 5.624087474435852, "atom": 128}, "pore_volume": 93.14398680863533, "pore_diameter_opt": {"diameter": 5.638598747027457, "atom_1": 18, "centre_of_mass": [-4.113338104635993, 9.195616828242803, 10.61886394963783]}, "pore_volume_opt": 93.86683915657517, "windows": {"diameters": [5.940727571499963, 6.181184978761976, 6.304250320194058], "centre_of_mass": [[-5.197565305429416, 9.087676557449415, 10.534972770693278], [-3.9477467120983407, 8.383181215514226, 12.099291222170038], [-5.085295291845969, 8.385124211658725, 12.179472054502359]]}}