{"no_of_atoms": 112, "centre_of_mass": [-5.205150796735829, 15.614128440508676, 8.93460044019976], "maximum_diameter": {"diameter": 15.470071332606928, "atom_1": 59, "atom_2": 91}, "pore_diameter": {"diameter": 1.8240699821769346, "atom": 27}, "pore_volume": 3.1777747625283648, "pore_diameter_opt": {"diameter": 1.827284538687342, "atom_1": 77, "centre_of_mass": [-5.194104029516363, 15.62302900980082, 8.944373249534317]}, "pore_volume_opt": 3.1946049543801474, "windows": {"diameters": [1.783613796848781, 2.2218857517867465], "centre_of_mass": [[-5.449988741440487, 15.39503223596054, 9.17614324428436], [-4.751477260392196, 16.017597774540974, 8.491999870611476]]}}