{"no_of_atoms": 112, "centre_of_mass": [16.12478134814395, 16.895958863203425, 0.7860141159965], "maximum_diameter": {"diameter": 15.470994992507489, "atom_1": 73, "atom_2": 82}, "pore_diameter": {"diameter": 1.8247540668031212, "atom": 44}, "pore_volume": 3.181351405288808, "pore_diameter_opt": {"diameter": 1.8262667038054325, "atom_1": 6, "centre_of_mass": [16.124503001390178, 16.894463897553614, 0.7872383979225648]}, "pore_volume_opt": 3.189269546411914, "windows": {"diameters": [1.8558239768597153, 2.039893429861652], "centre_of_mass": [[15.934543787564726, 17.773140438884056, 1.5088589444069522], [16.20442850700262, 16.509215631902972, 0.4982622102920448]]}}