{"no_of_atoms": 112, "centre_of_mass": [24.05951896205531, 7.880403667044227, 0.7859741710858263], "maximum_diameter": {"diameter": 15.470664414769434, "atom_1": 37, "atom_2": 105}, "pore_diameter": {"diameter": 1.824216842497639, "atom": 22}, "pore_volume": 3.178542375504716, "pore_diameter_opt": {"diameter": 1.825417496842396, "atom_1": 22, "centre_of_mass": [24.05928918581994, 7.881109282631118, 0.7863894920261025]}, "pore_volume_opt": 3.1848226207961825, "windows": {"diameters": [1.7817031879864422, 2.1915902848338473], "centre_of_mass": [[24.306990766798815, 7.799456361365157, 1.0420996623952632], [23.513353753627317, 8.061514508996543, 0.3659642130884165]]}}