{"no_of_atoms": 112, "centre_of_mass": [1.3647598941976002, 13.396896813056683, 23.65986864027185], "maximum_diameter": {"diameter": 15.470098225171597, "atom_1": 72, "atom_2": 80}, "pore_diameter": {"diameter": 1.8240784979780655, "atom": 55}, "pore_volume": 3.177819269742209, "pore_diameter_opt": {"diameter": 1.8253111244470879, "atom_1": 18, "centre_of_mass": [1.3651676041265202, 13.39763975253281, 23.659974263652845]}, "pore_volume_opt": 3.184265886563757, "windows": {"diameters": [2.015381089525, 1.7837191224797366], "centre_of_mass": [[1.2831991668735907, 13.793914233022495, 23.863757576326684], [1.4279220995931998, 13.09614937260428, 23.3711495662093]]}}