{"no_of_atoms": 86, "centre_of_mass": [19.233188991594915, 5.031095777350592, 9.871590567632598], "maximum_diameter": {"diameter": 15.771043374222602, "atom_1": 28, "atom_2": 39}, "pore_diameter": {"diameter": 0.9111478941755888, "atom": 71}, "pore_volume": 0.3960638909127003, "pore_diameter_opt": {"diameter": 0.9357742658430674, "atom_1": 71, "centre_of_mass": [19.240794372408743, 5.038838711595325, 9.860061718265149]}, "pore_volume_opt": 0.42905396086446557, "windows": {"diameters": [0.5559622712704106, 9.653449991050232e+30], "centre_of_mass": [[20.84409257939285, 7.246224305719933, 11.0154655553016], [1.5835754618721876e+30, 3.718169897511181e+30, -2.6390861206533056e+30]]}}