{"no_of_atoms": 216, "centre_of_mass": [12.671474016455583, 21.947841961957273, 8.696658093265327], "maximum_diameter": {"diameter": 22.070532119578907, "atom_1": 120, "atom_2": 146}, "pore_diameter": {"diameter": 4.470821395826629, "atom": 34}, "pore_volume": 46.79081225068647, "pore_diameter_opt": {"diameter": 4.774900994799104, "atom_1": 156, "centre_of_mass": [12.671923737469621, 21.947795505344093, 8.858723225620313]}, "pore_volume_opt": 57.00221550307018, "windows": {"diameters": [1.1418589740844447, 1.166868067525789, 1.10384550124691, 1.1588198135566925], "centre_of_mass": [[12.671673723648256, 21.947688962686463, 12.83941825249417], [14.385406733206302, 18.541624972638097, 7.376878129027302], [14.203228728302454, 25.834582246794632, 8.698425138566392], [8.752027669856371, 22.16764344581239, 7.350844594896044]]}}