{"no_of_atoms": 216, "centre_of_mass": [6.191249984591303, 6.191249984591303, 6.191249984591303], "maximum_diameter": {"diameter": 22.34942381427888, "atom_1": 47, "atom_2": 215}, "pore_diameter": {"diameter": 5.408751144612896, "atom": 117}, "pore_volume": 82.84944865885517, "pore_diameter_opt": {"diameter": 5.408751144612896, "atom_1": 117, "centre_of_mass": [6.191249984591303, 6.191249984591303, 6.191249984591303]}, "pore_volume_opt": 82.84944865885517, "windows": {"diameters": [1.8963408619341071, 1.8947861722698494, 1.8992366601676518, 1.9029517442741946], "centre_of_mass": [[3.762156739371533, 8.620394718428077, 8.620733647288384], [8.605192170809797, 3.777706932892964, 8.604790783740278], [3.7470865963441407, 3.7470536432978796, 3.7471048713682853], [8.657720064104058, 8.658021933094325, 3.7248655030257187]]}}