{"no_of_atoms": 220, "centre_of_mass": [8.509898798821999, 13.92852453321368, 16.80853868910531], "maximum_diameter": {"diameter": 22.260629596703385, "atom_1": 9, "atom_2": 216}, "pore_diameter": {"diameter": 4.695461027853812, "atom": 22}, "pore_volume": 54.20425043211213, "pore_diameter_opt": {"diameter": 4.696376097379167, "atom_1": 22, "centre_of_mass": [8.50979805275467, 13.92834727016703, 16.80894991404959]}, "pore_volume_opt": 54.235947207625316, "windows": {"diameters": [1.3784045891141758, 1.55759480718145, 1.4883381277639427, 1.0274319506680127], "centre_of_mass": [[7.834953586413722, 11.4403502801925, 20.41671663917925], [11.604002256994871, 16.074522397851155, 17.649706048804717], [4.811220888951723, 16.515758303158663, 16.04268652465851], [7.247737928880907, 11.771631923738823, 13.742408023946414]]}}