{"no_of_atoms": 216, "centre_of_mass": [13.092078237264813, 7.558727627900409, 7.146694704716911], "maximum_diameter": {"diameter": 22.144673225475042, "atom_1": 9, "atom_2": 214}, "pore_diameter": {"diameter": 4.481647958872619, "atom": 152}, "pore_volume": 47.13156266516354, "pore_diameter_opt": {"diameter": 4.66503740935511, "atom_1": 35, "centre_of_mass": [13.097538856798485, 7.529579542774627, 7.038739562106198]}, "pore_volume_opt": 53.15743472194862, "windows": {"diameters": [1.6850901221318528, 1.63969401072135, 1.688373246187568, 0.8213537221679883], "centre_of_mass": [[9.936326544608104, 9.828414050339617, 8.109784372034618], [16.967267110801615, 9.363879515780951, 8.315020332163806], [12.71003475052274, 3.066841509625709, 8.420921612675686], [13.924134163031301, 6.065720403027642, 3.836520566161004]]}}