{"no_of_atoms": 245, "centre_of_mass": [17.022943887644146, 20.276664536058796, 5.589873983362431], "maximum_diameter": {"diameter": 22.26062959670339, "atom_1": 135, "atom_2": 180}, "pore_diameter": {"diameter": 4.7196261534825705, "atom": 56}, "pore_volume": 55.04544912328184, "pore_diameter_opt": {"diameter": 4.8565618576160805, "atom_1": 56, "centre_of_mass": [17.024570680680718, 20.442030813040333, 5.601878122623482]}, "pore_volume_opt": 59.97709079283061, "windows": {"diameters": [1.3252066662057334, 1.5164721411704782, 0.9785862352746655, 1.2775266110842671, 1.5295411549959814, 1.379516553833541], "centre_of_mass": [[17.71013461160263, 22.373002556492118, 8.733259776375437], [13.257418613206056, 17.569210608588165, 6.3612037300029245], [18.384795053909126, 23.95076303315422, 7.743970692329631], [20.10072762316933, 15.933245952840014, 6.529099266807051], [20.807776813290037, 17.550795468609717, 4.84790511742221], [16.34491994693557, 22.69401726624224, 1.991313036165042]]}}