{"no_of_atoms": 220, "centre_of_mass": [8.509898798821999, 13.92852453321368, 16.808559531415774], "maximum_diameter": {"diameter": 22.261356378491968, "atom_1": 9, "atom_2": 216}, "pore_diameter": {"diameter": 4.695499497455012, "atom": 22}, "pore_volume": 54.205582718528234, "pore_diameter_opt": {"diameter": 4.8555163132449195, "atom_1": 182, "centre_of_mass": [8.509148459431493, 13.685785866504665, 16.811448518005356]}, "pore_volume_opt": 59.93836264795376, "windows": {"diameters": [1.6064860145986253, 1.557576510505298, 1.5270186402067174, 1.3062874190895877], "centre_of_mass": [[7.844910723668848, 11.232151102602629, 20.729165429911294], [11.603981069718186, 16.074538803395633, 17.6497616753434], [4.727512534462813, 16.57682420243855, 16.052997358738008], [9.19737720539132, 11.699355894591543, 13.588823455531298]]}}