{"no_of_atoms": 192, "centre_of_mass": [3.848985125127724e-16, 12.303500000000007, 1.7780637806296552e-16], "maximum_diameter": {"diameter": 21.945879793219426, "atom_1": 56, "atom_2": 190}, "pore_diameter": {"diameter": 5.230870002496841, "atom": 93}, "pore_volume": 74.94115868570829, "pore_diameter_opt": {"diameter": 5.230870002496841, "atom_1": 93, "centre_of_mass": [3.848985125127724e-16, 12.303500000000007, 1.7780637806296552e-16]}, "pore_volume_opt": 74.94115868570829, "windows": {"diameters": [1.0580011776708313, 1.2832674828370245, 1.0785019816352732, 1.1205385349122605], "centre_of_mass": [[-2.427562126618045, 8.59905328064244, 0.9943490349483008], [4.223519257010455, 13.39441977264448, 2.9025889413437076], [-2.1447643343130016, 15.70149303634249, -0.8862626385270311], [2.353237617429933, 9.950396279732049, -2.352924748594976]]}}