{"no_of_atoms": 216, "centre_of_mass": [6.850568093964058, 3.955388284696128, 35.998575827380954], "maximum_diameter": {"diameter": 22.12086008676657, "atom_1": 119, "atom_2": 136}, "pore_diameter": {"diameter": 4.879068333159362, "atom": 156}, "pore_volume": 60.81480578502697, "pore_diameter_opt": {"diameter": 4.964017260574611, "atom_1": 22, "centre_of_mass": [6.850488982072397, 3.955274878067636, 35.83813978191732]}, "pore_volume_opt": 64.04695268486137, "windows": {"diameters": [1.423037831185653, 1.2983972210703398, 1.3795022806223085, 1.279545250716199], "centre_of_mass": [[6.850543532722885, 3.9552182831297493, 40.19717885945101], [4.660523164210353, 0.5221967101551672, 34.341431290028645], [5.492992518833996, 6.975638311000656, 34.58593221331184], [10.812769107052702, 3.772988407720839, 34.3760256650947]]}}