{"no_of_atoms": 192, "centre_of_mass": [12.303500000000009, 2.670582070514345e-16, 3.848985125127724e-16], "maximum_diameter": {"diameter": 21.945879793219426, "atom_1": 56, "atom_2": 190}, "pore_diameter": {"diameter": 5.230870002496841, "atom": 93}, "pore_volume": 74.94115868570829, "pore_diameter_opt": {"diameter": 5.230870002496841, "atom_1": 93, "centre_of_mass": [12.303500000000009, 2.670582070514345e-16, 3.848985125127724e-16]}, "pore_volume_opt": 74.94115868570829, "windows": {"diameters": [1.0574840898337103, 1.2834047419684418, 1.0780587854162893, 1.1205191067038296], "centre_of_mass": [[9.876165014274967, -3.704829806803027, 0.9941469033490667], [16.52759617512614, 1.0902562327035867, 2.9025449517400985], [10.158972530545952, 3.398376913818096, -0.8860324034712415], [14.656268479233448, -2.3526004624664467, -2.3528978224596937]]}}