{"no_of_atoms": 216, "centre_of_mass": [5.422783414038605e-05, 7.910268664296979, 64.28721923819865], "maximum_diameter": {"diameter": 22.120965322671847, "atom_1": 125, "atom_2": 130}, "pore_diameter": {"diameter": 4.87870912114186, "atom": 155}, "pore_volume": 60.80137465475678, "pore_diameter_opt": {"diameter": 4.963397383074918, "atom_1": 20, "centre_of_mass": [0.00015091309628901677, 7.910232821832074, 64.12679557275708]}, "pore_volume_opt": 64.02296225210078, "windows": {"diameters": [1.4237397801645413, 1.299359153799918, 1.3788464304043484, 1.2801913637523303], "centre_of_mass": [[0.00017602327264791133, 7.910278694119154, 68.4851973711574], [-2.1892019639420663, 4.476833827044677, 62.63072725161289], [-1.3573512358475421, 10.930362712391926, 62.87468894821432], [3.961875053621306, 7.728688198657832, 62.66494933750797]]}}