{"no_of_atoms": 228, "centre_of_mass": [-2.8448290414379374, 8.15496067240179, 15.45180934711739], "maximum_diameter": {"diameter": 22.474904853189134, "atom_1": 144, "atom_2": 148}, "pore_diameter": {"diameter": 4.365972370403361, "atom": 17}, "pore_volume": 43.575418952732996, "pore_diameter_opt": {"diameter": 4.749385082582769, "atom_1": 184, "centre_of_mass": [-2.942540822399816, 8.137264377316855, 15.646859927324778]}, "pore_volume_opt": 56.093272004905636, "windows": {"diameters": [0.9147750380854069, 1.1189127340851823, 0.9650610215508721, 1.6993171745490128, 1.1512941488095914], "centre_of_mass": [[-4.847768701853031, 8.61638710318203, 18.752470251247228], [1.0057024602476794, 6.94882803762415, 16.412575024146033], [-6.8890915735286145, 7.267112449294281, 17.146607083081957], [-5.453871549959728, 5.410208305392382, 15.175121691377395], [-4.116067786703173, 12.10406970665315, 13.98048836007284]]}}