{"no_of_atoms": 212, "centre_of_mass": [0.00018947415615641212, 2.4991907318103674, 5.467034260628505], "maximum_diameter": {"diameter": 22.359994524280726, "atom_1": 84, "atom_2": 176}, "pore_diameter": {"diameter": 4.485610780366208, "atom": 141}, "pore_volume": 47.256699113860215, "pore_diameter_opt": {"diameter": 4.721105610758574, "atom_1": 8, "centre_of_mass": [-0.0022200110191519682, 2.159765217398447, 5.463783922548856]}, "pore_volume_opt": 55.09723050490745, "windows": {"diameters": [1.2015191028632155, 2.1428619602272714, 2.3811901253526186, 1.1189169493389706], "centre_of_mass": [[-1.2964813988885118, -0.5042956061639883, 7.558024977776917], [3.835295190627233, 5.021527259472873, 7.7851148540286035], [-2.941885894462098, 3.9455525525443758, 4.089813104088724], [0.648324319666523, 0.3567129984656996, 2.4016026162218282]]}}