{"no_of_atoms": 216, "centre_of_mass": [9.4819820328204e-05, 7.910196421876562, 64.28721923819865], "maximum_diameter": {"diameter": 22.120965322671847, "atom_1": 125, "atom_2": 130}, "pore_diameter": {"diameter": 4.878743784529602, "atom": 155}, "pore_volume": 60.80267065122658, "pore_diameter_opt": {"diameter": 4.878985321329472, "atom_1": 160, "centre_of_mass": [-3.1306777921649138e-06, 7.910133323498037, 64.28717108464623]}, "pore_volume_opt": 60.81170175240652, "windows": {"diameters": [1.4236916118295597, 1.2718076785845889, 1.3983331238719545, 1.4390811241111554], "centre_of_mass": [[0.00012340428628977197, 7.9102674709177645, 68.48520201565842], [-1.7595361661625935, 11.333931809329599, 62.70246902308362], [-1.9281595796811248, 5.258522672077293, 62.88549433579649], [3.1974798051051754, 7.550296534012411, 62.90533982272987]]}}