{"no_of_atoms": 168, "centre_of_mass": [18.455254487502998, 6.151745512497005, 6.151745512497005], "maximum_diameter": {"diameter": 22.273142511812335, "atom_1": 3, "atom_2": 166}, "pore_diameter": {"diameter": 5.651043186140084, "atom": 35}, "pore_volume": 94.48970673357722, "pore_diameter_opt": {"diameter": 5.651043186140084, "atom_1": 35, "centre_of_mass": [18.455254487502998, 6.151745512497005, 6.151745512497005]}, "pore_volume_opt": 94.48970673357722, "windows": {"diameters": [3.917929722129555, 3.9207537053320363, 3.9270013458810165, 3.930040053578836], "centre_of_mass": [[20.05858349404341, 4.54800220058743, 7.755012896730545], [16.830438811157872, 7.776549697398922, 7.776526681781407], [16.785762653992844, 4.482160881171788, 4.481878964987462], [20.13984219944764, 7.835913523765953, 4.4675065089988095]]}}