{"no_of_atoms": 216, "centre_of_mass": [13.285229489314986, 7.670241527840078, 16.762960212685865], "maximum_diameter": {"diameter": 22.271242121879872, "atom_1": 113, "atom_2": 138}, "pore_diameter": {"diameter": 4.363765283141021, "atom": 151}, "pore_volume": 43.50936758968376, "pore_diameter_opt": {"diameter": 4.830220421108434, "atom_1": 151, "centre_of_mass": [13.285097075876758, 7.670342572851981, 16.514255535701214]}, "pore_volume_opt": 59.0064478785592, "windows": {"diameters": [1.2761017203391702, 1.3099501255894284, 1.2559746729516261, 1.0764049956855786], "centre_of_mass": [[16.736608892234578, 9.445673453253296, 17.837114635232886], [13.132638118413231, 3.419877897957429, 17.977912114335858], [9.685751726440472, 11.067100067619394, 16.776093535461303], [13.28504350923675, 7.670492589941822, 12.911371638701363]]}}