{"no_of_atoms": 216, "centre_of_mass": [4.7377978732688926e-05, 15.340440915207402, 13.030154048492196], "maximum_diameter": {"diameter": 22.204494350669634, "atom_1": 104, "atom_2": 142}, "pore_diameter": {"diameter": 4.505719081358434, "atom": 144}, "pore_volume": 47.8950858406077, "pore_diameter_opt": {"diameter": 4.877431978610167, "atom_1": 143, "centre_of_mass": [-0.0005040885501172794, 15.340643455511167, 12.832283416467455]}, "pore_volume_opt": 60.75363762406802, "windows": {"diameters": [1.1278948308650536, 1.107546744794786, 1.061874916466906, 0.9809643144986802], "centre_of_mass": [[3.1844175300346427, 17.524121943664912, 14.120259020517857], [-0.5255872224800264, 11.616247217245498, 15.95704015284895], [-2.8014060058516383, 17.512849050347427, 15.688504658831272], [0.303474680896055, 16.806818934859635, 9.215867421573865]]}}