{"no_of_atoms": 170, "centre_of_mass": [23.569936043714822, 11.776863837109554, 8.78444541806508], "maximum_diameter": {"diameter": 18.55830101078864, "atom_1": 5, "atom_2": 167}, "pore_diameter": {"diameter": 7.077562672240347, "atom": 24}, "pore_volume": 185.63069624538673, "pore_diameter_opt": {"diameter": 9.154586766110585, "atom_1": 34, "centre_of_mass": [23.80842994889841, 11.904224299551137, 5.245664081944906]}, "pore_volume_opt": 401.71204879224416, "windows": {"diameters": [7.516316826471526, 9.42894223333239], "centre_of_mass": [[23.808874259138243, 11.904778467386226, 9.710468718611054], [23.808582378558945, 11.904273803118063, 4.830858081653684]]}}