{"no_of_atoms": 171, "centre_of_mass": [12.10197219001642, 0.16523411522296363, 22.243000874502886], "maximum_diameter": {"diameter": 18.54118950443396, "atom_1": 14, "atom_2": 159}, "pore_diameter": {"diameter": 7.151568993998259, "atom": 85}, "pore_volume": 191.5149232301192, "pore_diameter_opt": {"diameter": 7.6701311725429075, "atom_1": 17, "centre_of_mass": [11.904460727239798, -3.385735426051128e-05, 22.20684388672403]}, "pore_volume_opt": 236.26913750363468, "windows": {"diameters": [7.424230456726428, 7.693020411755992], "centre_of_mass": [[11.904155391433996, 0.0004176105112914455, 25.566129958667], [11.90488050420743, 0.000320859123460478, 22.127844473343366]]}}