{"no_of_atoms": 174, "centre_of_mass": [23.503730047385613, 12.004753964514713, 16.654999190344572], "maximum_diameter": {"diameter": 18.55191625925322, "atom_1": 35, "atom_2": 144}, "pore_diameter": {"diameter": 6.915975450525222, "atom": 41}, "pore_volume": 173.20441231682614, "pore_diameter_opt": {"diameter": 9.282060221906544, "atom_1": 165, "centre_of_mass": [23.843967887149162, 11.892373500425883, 20.112986915607184]}, "pore_volume_opt": 418.727773327249, "windows": {"diameters": [9.332273994966448, 6.834186218700201], "centre_of_mass": [[23.809091393786336, 11.904757586687124, 20.11478017555827], [23.809064468560813, 11.904700391254252, 13.242704446294436]]}}