{"no_of_atoms": 157, "centre_of_mass": [23.461395907434827, 11.963770375205096, 16.62018022171353], "maximum_diameter": {"diameter": 18.55191625925322, "atom_1": 31, "atom_2": 129}, "pore_diameter": {"diameter": 6.854306446677221, "atom": 37}, "pore_volume": 168.61226952081947, "pore_diameter_opt": {"diameter": 7.534423074414711, "atom_1": 9, "centre_of_mass": [23.809593238577857, 11.904771811551882, 16.69206898233426]}, "pore_volume_opt": 223.94874433843006, "windows": {"diameters": [7.534417089694058, 6.834181726091466], "centre_of_mass": [[23.809584938616023, 11.904781751641831, 16.692069409097037], [23.80907584212552, 11.90472437961872, 13.242705184594882]]}}