{"no_of_atoms": 174, "centre_of_mass": [12.00475396451472, 23.503730047385613, 6.551948787564059], "maximum_diameter": {"diameter": 18.551916259253225, "atom_1": 53, "atom_2": 132}, "pore_diameter": {"diameter": 6.915990824413189, "atom": 28}, "pore_volume": 173.20556739516704, "pore_diameter_opt": {"diameter": 9.33031419475373, "atom_1": 77, "centre_of_mass": [11.905264586179282, 23.809090473975207, 3.093953375357464]}, "pore_volume_opt": 425.2922104851322, "windows": {"diameters": [6.83426626908282, 9.850891478787437], "centre_of_mass": [[11.904893482071673, 23.80912529240933, 9.965153197642575], [11.905013971686964, 23.80899722707972, 2.3585738011854596]]}}