{"no_of_atoms": 146, "centre_of_mass": [0.15805228885837352, 11.861131599182997, 1.031909090909091], "maximum_diameter": {"diameter": 18.541189504433962, "atom_1": 75, "atom_2": 77}, "pore_diameter": {"diameter": 7.387175248890179, "atom": 22}, "pore_volume": 211.07355683036502, "pore_diameter_opt": {"diameter": 9.271639594124697, "atom_1": 141, "centre_of_mass": [-0.002909759878295854, 11.935796270684982, 4.725496715354181]}, "pore_volume_opt": 417.3190851607437, "windows": {"diameters": [9.313063128764133, 7.429718023838482], "centre_of_mass": [[3.170601824026113e-05, 11.904496138983308, 4.725345472712472], [0.0005539774914687587, 11.904058746820159, -2.419524489803808]]}}