{"no_of_atoms": 132, "centre_of_mass": [11.919999999999995, -1.3894190671802e-16, 22.304685250527235], "maximum_diameter": {"diameter": 18.576641851306015, "atom_1": 10, "atom_2": 123}, "pore_diameter": {"diameter": 7.6610028273298525, "atom": 12}, "pore_volume": 235.42657805762036, "pore_diameter_opt": {"diameter": 7.6610028273298525, "atom_1": 12, "centre_of_mass": [11.919999999999995, -1.3894190671802e-16, 22.304685250527235]}, "pore_volume_opt": 235.42657805762036, "windows": {"diameters": [7.268536897828249, 7.689528341869764], "centre_of_mass": [[11.920000485669018, -3.706542099641096e-05, 25.657355929399174], [11.919966051049233, -4.0881061382234606e-05, 22.20441221380534]]}}