{"no_of_atoms": 132, "centre_of_mass": [0.625081797696915, 6.219001014046193, 13.030617424548788], "maximum_diameter": {"diameter": 17.57882206454469, "atom_1": 3, "atom_2": 131}, "pore_diameter": {"diameter": 5.063719139452745, "atom": 85}, "pore_volume": 67.98411534040169, "pore_diameter_opt": {"diameter": 6.67369713011659, "atom_1": 106, "centre_of_mass": [2.7774763892568735, 3.6871414443198205, 13.369689376490612]}, "pore_volume_opt": 155.63171468026331, "windows": {"diameters": [4.1795972020106854e+42, 4.996215199361297], "centre_of_mass": [[-1.0054516212486288e+41, -1.9778939695496465e+42, -6.6714639199827394e+41], [-0.3134151737829489, 6.949579337671208, 13.184409221075175]]}}