{"no_of_atoms": 132, "centre_of_mass": [20.66377863642277, 3.1489213704120984, 12.168995842859886], "maximum_diameter": {"diameter": 24.52399006444462, "atom_1": 20, "atom_2": 131}, "pore_diameter": {"diameter": 3.4646559390304943, "atom": 32}, "pore_volume": 21.776042802120116, "pore_diameter_opt": {"diameter": 4.934338116943975, "atom_1": 50, "centre_of_mass": [20.6088253510359, 2.8258913030681425, 12.882374241912332]}, "pore_volume_opt": 62.90502490846389, "windows": {"diameters": [4.532304698664252, 3.5386430267185234], "centre_of_mass": [[19.115186599644648, 1.7832944671592594, 12.5919027588265], [24.479085402654743, 6.853798207799606, 14.25059659576505]]}}