{"no_of_atoms": 132, "centre_of_mass": [0.6166781749592664, 10.323968823102723, 12.168995842859891], "maximum_diameter": {"diameter": 24.52399006444462, "atom_1": 115, "atom_2": 130}, "pore_diameter": {"diameter": 3.464650841205962, "atom": 17}, "pore_volume": 21.775946679777388, "pore_diameter_opt": {"diameter": 4.934347051462655, "atom_1": 0, "centre_of_mass": [0.5617885824205354, 10.000853262025732, 12.882357748794748]}, "pore_volume_opt": 62.90536661212778, "windows": {"diameters": [4.5323040252959235, 3.5386370508200726], "centre_of_mass": [[-0.93181782855493, 8.958301892806203, 12.591893077966736], [4.432088558176371, 14.028795794633634, 14.250594468805131]]}}