{"no_of_atoms": 72, "centre_of_mass": [8.347572335800022, 9.451979026883413, 10.406921202273557], "maximum_diameter": {"diameter": 16.627018379863074, "atom_1": 32, "atom_2": 57}, "pore_diameter": {"diameter": 2.4110191855037573, "atom": 47}, "pore_volume": 7.338387167897056, "pore_diameter_opt": {"diameter": 3.880503000572548, "atom_1": 16, "centre_of_mass": [9.5530819285519, 9.113121065473521, 9.983168781489423]}, "pore_volume_opt": 30.59586197650456, "windows": {"diameters": [3.885273968033562, 2.303207951355044], "centre_of_mass": [[9.551814662876515, 9.118548442356902, 9.987569361962715], [5.672155512082881, 8.921912729655189, 8.561494429033747]]}}