{"no_of_atoms": 72, "centre_of_mass": [7.0843539099283, 17.922397021960034, 1.1607261986961066], "maximum_diameter": {"diameter": 16.704850538803925, "atom_1": 39, "atom_2": 58}, "pore_diameter": {"diameter": 2.389198217223042, "atom": 28}, "pore_volume": 7.140936453501565, "pore_diameter_opt": {"diameter": 3.8102253643587383, "atom_1": 37, "centre_of_mass": [8.278953018539822, 17.811658669641496, 0.7561230949305278]}, "pore_volume_opt": 28.963471455661466, "windows": {"diameters": [5.304028134285328, 2.1356151971246935], "centre_of_mass": [[10.192737237097518, 17.688565816209348, 0.6389830588098355], [6.091171165347523, 18.50533681096434, -0.016551451723607613]]}}