{"no_of_atoms": 153, "centre_of_mass": [8.085800154012297, 5.58386867672455, 0.3134113650136933], "maximum_diameter": {"diameter": 24.242969813694618, "atom_1": 23, "atom_2": 134}, "pore_diameter": {"diameter": 1.9751258580467508, "atom": 35}, "pore_volume": 4.034437078682361, "pore_diameter_opt": {"diameter": 4.119461304047672, "atom_1": 32, "centre_of_mass": [8.758334401430437, 4.596305747701175, 0.753104647876011]}, "pore_volume_opt": 36.60327168545726, "windows": {"diameters": [3.0902825087950476, 2.7613839676237464], "centre_of_mass": [[7.574187660825415, 2.196220849835505, 3.015913777991212], [11.286880810031828, 3.8454586247118057, -2.2062163095978575]]}}