{"no_of_atoms": 69, "centre_of_mass": [16.693682877308948, 22.522434800894978, 7.796284052383025], "maximum_diameter": {"diameter": 19.403228580508365, "atom_1": 1, "atom_2": 68}, "pore_diameter": {"diameter": 0.5483804142396576, "atom": 31}, "pore_volume": 0.08634643831784815, "pore_diameter_opt": {"diameter": 0.9126896970396801, "atom_1": 25, "centre_of_mass": [16.80430632668703, 22.445916068435853, 7.584300366171316]}, "pore_volume_opt": 0.39807789878004984, "windows": {"diameters": [0.9816971453804881, 1.1452747025276468], "centre_of_mass": [[16.11448428608781, 21.39284371922607, 10.530278847653076], [16.984143146743037, 22.961159581467623, 6.8991630871812095]]}}