{"no_of_atoms": 69, "centre_of_mass": [16.693486276569406, 22.52259504564514, 7.796301130880706], "maximum_diameter": {"diameter": 19.402921826966466, "atom_1": 1, "atom_2": 68}, "pore_diameter": {"diameter": 0.5506187140539032, "atom": 31}, "pore_volume": 0.08740806894912637, "pore_diameter_opt": {"diameter": 0.9139659136260447, "atom_1": 25, "centre_of_mass": [16.803828716085043, 22.446451684753796, 7.584352356015652]}, "pore_volume_opt": 0.39975013525218495, "windows": {"diameters": [0.9830935230729065, 1.1457649889650114], "centre_of_mass": [[16.113839520600685, 21.393245083027168, 10.530343966662933], [16.984404891864376, 22.961192795937958, 6.90086649693354]]}}