{"no_of_atoms": 238, "centre_of_mass": [0.30267435092517614, 0.2014653699807147, 21.835556215812236], "maximum_diameter": {"diameter": 17.797783613560537, "atom_1": 41, "atom_2": 216}, "pore_diameter": {"diameter": 7.440286116343232, "atom": 143}, "pore_volume": 215.6589728089843, "pore_diameter_opt": {"diameter": 7.70354809167962, "atom_1": 143, "centre_of_mass": [0.21225197388309197, 0.25524573116585275, 21.756447534895074]}, "pore_volume_opt": 239.37071480746, "windows": {"diameters": [6.442221848879153, 6.4442085870826284], "centre_of_mass": [[-1.3277031380323783, 2.5135811275096707, 23.236947439144114], [1.2499855474676778, -2.400111775419348, 20.56044992453287]]}}