{"no_of_atoms": 144, "centre_of_mass": [21.272448796948357, 7.090828314222947, 5.465439742084987], "maximum_diameter": {"diameter": 17.797543660896224, "atom_1": 12, "atom_2": 142}, "pore_diameter": {"diameter": 7.681403746426312, "atom": 72}, "pore_volume": 237.3123833489367, "pore_diameter_opt": {"diameter": 7.6817732923675965, "atom_1": 66, "centre_of_mass": [21.27238168655397, 7.090694059986648, 5.465331976986459]}, "pore_volume_opt": 237.346635700505, "windows": {"diameters": [6.433032442895525, 6.43718900273229], "centre_of_mass": [[19.149891854321254, 5.33385156755927, 7.098542487198863], [23.434378117523686, 8.87569206071073, 3.806114563606272]]}}