{"no_of_atoms": 208, "centre_of_mass": [3.578846149416478, 17.289430981805335, 17.97129324794416], "maximum_diameter": {"diameter": 20.458189625890196, "atom_1": 2, "atom_2": 202}, "pore_diameter": {"diameter": 0.864657664584354, "atom": 36}, "pore_volume": 0.33847859449074624, "pore_diameter_opt": {"diameter": 1.1373848483445053, "atom_1": 72, "centre_of_mass": [3.312772517944321, 17.021948581213664, 17.84912734262603]}, "pore_volume_opt": 0.7704082730631369, "windows": {"diameters": [1.136403723128101, 0.6361928457075696, 1.4624527700013963], "centre_of_mass": [[4.144845043059038, 17.56745247513833, 18.85652742282287], [2.996891196298069, 18.380799974779837, 17.435081181024355], [2.3215523178086666, 15.281022932030629, 16.664728850419902]]}}