{"no_of_atoms": 92, "centre_of_mass": [25.20718733141556, 2.3190688005360096, 4.909682351146336], "maximum_diameter": {"diameter": 14.704865462941662, "atom_1": 72, "atom_2": 91}, "pore_diameter": {"diameter": 0.5640003601030359, "atom": 16}, "pore_volume": 0.09393701726386051, "pore_diameter_opt": {"diameter": 1.185446854993954, "atom_1": 16, "centre_of_mass": [25.48918751146708, 2.1166575260609135, 4.627682171094818]}, "pore_volume_opt": 0.8722578542267989, "windows": {"diameters": [1.2783059196089042, 2.906057155294342], "centre_of_mass": [[25.810872368152992, 1.8502696414604647, 5.099925807033453], [26.508937515377905, 1.585754617957138, 3.2123274474929695]]}}