{"no_of_atoms": 92, "centre_of_mass": [35.15281266858443, 38.57493119946398, 11.512682351146328], "maximum_diameter": {"diameter": 14.704865462941662, "atom_1": 21, "atom_2": 52}, "pore_diameter": {"diameter": 0.5640003601032015, "atom": 76}, "pore_volume": 0.09393701726394328, "pore_diameter_opt": {"diameter": 1.185446857372987, "atom_1": 33, "centre_of_mass": [34.87081248853283, 38.777342465359965, 11.230682171094728]}, "pore_volume_opt": 0.8722578594783127, "windows": {"diameters": [1.2632141212551962, 1.979442071912652], "centre_of_mass": [[34.551657366073144, 39.04442141716391, 11.737577544324964], [35.34785576887841, 38.813526960477816, 10.211554016048812]]}}