{"no_of_atoms": 92, "centre_of_mass": [15.147187331415568, 28.35147764973442, 8.211305887459915], "maximum_diameter": {"diameter": 14.70486546294164, "atom_1": 12, "atom_2": 60}, "pore_diameter": {"diameter": 0.5638596274977181, "atom": 86}, "pore_volume": 0.09386671569853837, "pore_diameter_opt": {"diameter": 1.1851536973364096, "atom_1": 39, "centre_of_mass": [15.429117145164426, 28.552961925040037, 7.9293760737110555]}, "pore_volume_opt": 0.8716108935368481, "windows": {"diameters": [1.2821278588411724, 2.9056207152556026], "centre_of_mass": [[15.751496217837165, 28.819557445064767, 8.393619146396965], [16.460308978518718, 29.08376253265673, 6.502535599533145]]}}