{"no_of_atoms": 108, "centre_of_mass": [7.98688852774768, -4.566344048155312e-17, 14.951923700894817], "maximum_diameter": {"diameter": 14.344460407268379, "atom_1": 20, "atom_2": 95}, "pore_diameter": {"diameter": 5.320546791281755, "atom": 40}, "pore_volume": 78.86193393401194, "pore_diameter_opt": {"diameter": 5.321047766257527, "atom_1": 59, "centre_of_mass": [7.986712206570474, -0.00019344784728357286, 14.952039254273075]}, "pore_volume_opt": 78.88421260786507, "windows": {"diameters": [3.6861527954321147, 3.6836287993227366], "centre_of_mass": [[6.985772412795748, 2.941508576599107, 14.9519995156503], [8.978867625021174, -2.9143473108183464, 14.952012583651081]]}}