{"no_of_atoms": 108, "centre_of_mass": [16.410718891697766, 15.960409632438507, 6.576161647807068], "maximum_diameter": {"diameter": 14.5201269442417, "atom_1": 20, "atom_2": 97}, "pore_diameter": {"diameter": 5.334318842874195, "atom": 73}, "pore_volume": 79.47591463895955, "pore_diameter_opt": {"diameter": 5.33433669121319, "atom_1": 23, "centre_of_mass": [16.41071556283583, 15.960406865426682, 6.57615384260703]}, "pore_volume_opt": 79.47671240781503, "windows": {"diameters": [4.002217098841508, 4.009561947461584], "centre_of_mass": [[18.250330798099295, 13.714085658989967, 8.045320807417518], [14.533383014907212, 18.247380830940216, 5.075856329953054]]}}