{"no_of_atoms": 108, "centre_of_mass": [5.896157630111154, 15.960409632438505, 0.0002359044580876274], "maximum_diameter": {"diameter": 14.520492858877233, "atom_1": 3, "atom_2": 106}, "pore_diameter": {"diameter": 5.333750558458149, "atom": 20}, "pore_volume": 79.45051676887104, "pore_diameter_opt": {"diameter": 5.334336666871973, "atom_1": 20, "centre_of_mass": [5.896048589152466, 15.960500255941502, -2.056818805471357e-05]}, "pore_volume_opt": 79.47671131982977, "windows": {"diameters": [3.9932720568825593, 4.029818139388104], "centre_of_mass": [[7.576686564807384, 18.031069269068325, 1.3314964915273104], [3.9396927085692424, 13.582704302657644, -1.5658355593529079]]}}