{"no_of_atoms": 108, "centre_of_mass": [17.688728935435968, 5.320185732916015, 0.00023590445808793547], "maximum_diameter": {"diameter": 14.520492858877233, "atom_1": 40, "atom_2": 73}, "pore_diameter": {"diameter": 5.333931153530413, "atom": 59}, "pore_volume": 79.45858736993458, "pore_diameter_opt": {"diameter": 5.3343367086476725, "atom_1": 44, "centre_of_mass": [17.68865346384878, 5.320248430540094, 5.84447406524945e-05]}, "pore_volume_opt": 79.47671318708831, "windows": {"diameters": [3.9938020129943554, 4.030460029890335], "centre_of_mass": [[19.369343121462105, 7.391357043264259, 1.3315128940155891], [15.731741705560498, 2.9418637512790635, -1.5662065309287552]]}}