{"no_of_atoms": 145, "centre_of_mass": [3.1187074138585738, 16.033436085049853, 13.192549795688569], "maximum_diameter": {"diameter": 14.52137954201231, "atom_1": 47, "atom_2": 101}, "pore_diameter": {"diameter": 5.092370708803982, "atom": 109}, "pore_volume": 69.14466177399959, "pore_diameter_opt": {"diameter": 5.337053512690483, "atom_1": 69, "centre_of_mass": [3.3823581392656075, 16.059932677723996, 13.16913916264686]}, "pore_volume_opt": 79.59820869251301, "windows": {"diameters": [3.99331790192205, 4.04912344397246], "centre_of_mass": [[5.020709576590833, 18.031068364591526, 14.483471977301335], [1.3328193313557382, 13.524891050087158, 11.543700565101885]]}}