{"no_of_atoms": 141, "centre_of_mass": [0.3329503372582873, 20.19526745804367, 27.023058352400216], "maximum_diameter": {"diameter": 17.541268521723826, "atom_1": 4, "atom_2": 131}, "pore_diameter": {"diameter": 4.86029358667056, "atom": 86}, "pore_volume": 60.11545427862345, "pore_diameter_opt": {"diameter": 4.969097769072491, "atom_1": 86, "centre_of_mass": [0.3702762765885998, 20.145088214459058, 27.007024194773194]}, "pore_volume_opt": 64.24380387069148, "windows": {"diameters": [3.9618547193062565, 4.292418263365601], "centre_of_mass": [[1.4137154232980176, 20.01787063798976, 29.64853297138478], [-1.5835042666954213, 20.257249575712912, 23.08888471214572]]}}