{"no_of_atoms": 141, "centre_of_mass": [2.269094095392456, 5.838446468092046, 20.61343820014402], "maximum_diameter": {"diameter": 18.18432932053074, "atom_1": 53, "atom_2": 136}, "pore_diameter": {"diameter": 4.74893810022264, "atom": 27}, "pore_volume": 56.07743605368635, "pore_diameter_opt": {"diameter": 4.897818537091684, "atom_1": 90, "centre_of_mass": [2.189970346962243, 5.746670625039981, 20.654467675944836]}, "pore_volume_opt": 61.5186354922939, "windows": {"diameters": [4.7925558612610875, 4.153104796629913], "centre_of_mass": [[0.2774058237763293, 5.949032731695379, 20.84252272686317], [6.569427940198613, 5.1614946031474025, 20.324020402944015]]}}