{"no_of_atoms": 162, "centre_of_mass": [4.988210650784657, 17.0332632735046, 9.926933552524535], "maximum_diameter": {"diameter": 17.43154716741878, "atom_1": 117, "atom_2": 126}, "pore_diameter": {"diameter": 6.661347511527438, "atom": 92}, "pore_volume": 154.76932708174706, "pore_diameter_opt": {"diameter": 6.679737983987547, "atom_1": 92, "centre_of_mass": [4.988682899804483, 17.02321693098271, 9.927053330358666]}, "pore_volume_opt": 156.05471845851145, "windows": {"diameters": [5.605764360698593, 5.604034323248262], "centre_of_mass": [[1.3344130394810256, 16.97224512897682, 10.000188924259161], [8.523969598060727, 16.971482436957995, 9.853480950106109]]}}