{"no_of_atoms": 162, "centre_of_mass": [1.662696588509669, 5.667246075785549, 3.3093417755609305], "maximum_diameter": {"diameter": 17.431353546488914, "atom_1": 50, "atom_2": 137}, "pore_diameter": {"diameter": 6.662320756929033, "atom": 26}, "pore_volume": 154.83717395989288, "pore_diameter_opt": {"diameter": 6.680173891453478, "atom_1": 0, "centre_of_mass": [1.6628769094057108, 5.677022400631736, 3.3095792366470276]}, "pore_volume_opt": 156.08527198756167, "windows": {"diameters": [5.606494701665879, 5.605280099712953], "centre_of_mass": [[-1.985264155300453, 5.729155577469086, 3.3826954655824206], [5.148004069831512, 5.729739597318095, 3.235290225873316]]}}