{"no_of_atoms": 180, "centre_of_mass": [-8.652014763460139, 15.43968150836882, 11.898457897575545], "maximum_diameter": {"diameter": 19.01536331654295, "atom_1": 11, "atom_2": 177}, "pore_diameter": {"diameter": 4.22649633522221, "atom": 143}, "pore_volume": 39.531210434508495, "pore_diameter_opt": {"diameter": 4.593525328791433, "atom_1": 12, "centre_of_mass": [-8.902012897609879, 15.41923327611079, 11.904039440488576]}, "pore_volume_opt": 50.75010774204945, "windows": {"diameters": [2.8948272687946868, 3.4026961561165945, 2.94158286970293], "centre_of_mass": [[-10.065011337482716, 17.678388208555003, 13.199719706197602], [-10.900216268423623, 11.719392733479744, 10.645745945553589], [-6.555041126749996, 15.541864875625661, 10.610353692988122]]}}