{"no_of_atoms": 150, "centre_of_mass": [8.902035091176623, 5.139599976351883, 3.968792101529243], "maximum_diameter": {"diameter": 19.01545288966115, "atom_1": 66, "atom_2": 105}, "pore_diameter": {"diameter": 4.593210075296293, "atom": 59}, "pore_volume": 50.739659524371284, "pore_diameter_opt": {"diameter": 4.5936093912377345, "atom_1": 59, "centre_of_mass": [8.902368452438557, 5.1394888285827305, 3.9687999707213493]}, "pore_volume_opt": 50.75289400486977, "windows": {"diameters": [2.9200971039964627, 2.8879178730286683, 2.9104736538814175], "centre_of_mass": [[10.220836182529105, 3.101423673000505, 5.263714627023613], [6.323272252914053, 5.262291302790372, 2.67568957095809], [10.240500896453483, 7.211832028545011, 2.674466324408345]]}}