{"no_of_atoms": 95, "centre_of_mass": [12.842331760217508, 7.742646894334923, 12.551164988263565], "maximum_diameter": {"diameter": 16.31539467076654, "atom_1": 7, "atom_2": 94}, "pore_diameter": {"diameter": 0.3193966785128608, "atom": 57}, "pore_volume": 0.017060423542565595, "pore_diameter_opt": {"diameter": 0.5732727884577988, "atom_1": 50, "centre_of_mass": [12.753272180103787, 7.902345233591354, 12.391466649007135]}, "pore_volume_opt": 0.09864670990932761, "windows": {"diameters": [1.7156896874237706, 1.6415432998108783], "centre_of_mass": [[12.582432111805547, 7.600432681206122, 11.309856148338449], [12.60253824671563, 7.533570140582135, 11.34429597892066]]}}