{"no_of_atoms": 95, "centre_of_mass": [4.390412791165778, 13.47895847190997, 14.797049455602824], "maximum_diameter": {"diameter": 16.50032049224233, "atom_1": 36, "atom_2": 77}, "pore_diameter": {"diameter": 0.24720125743139, "atom": 65}, "pore_volume": 0.007909529477195771, "pore_diameter_opt": {"diameter": 0.4314287687584253, "atom_1": 22, "centre_of_mass": [4.514013419881473, 13.355357843194275, 14.717790680491582]}, "pore_volume_opt": 0.04204612015569292, "windows": {"diameters": [1.5663948482261958, 1.6380974623284312], "centre_of_mass": [[5.184621009389454, 13.17173724442954, 13.854571972718187], [5.21338390362626, 13.100016197153645, 13.874014523254237]]}}