{"no_of_atoms": 292, "centre_of_mass": [3.4779584728462467, 18.47156477758438, 6.1632814794900055], "maximum_diameter": {"diameter": 29.694658602279624, "atom_1": 7, "atom_2": 291}, "pore_diameter": {"diameter": 4.754206522594535, "atom": 42}, "pore_volume": 56.26427834848281, "pore_diameter_opt": {"diameter": 4.7543027170771435, "atom_1": 42, "centre_of_mass": [3.477978115661094, 18.471604529999397, 6.1633001141336905]}, "pore_volume_opt": 56.267693696110484, "windows": {"diameters": [1.6150542797297636, 2.21360378374461, 1.814747292060058, 1.426437350010672, 1.4157640100364088, 1.8104477196230904, 1.540719216697961, 1.6146528580843142], "centre_of_mass": [[4.238080390763731, 17.565378788773817, 10.153167190353816], [8.032014819316712, 21.478181193328442, 9.37757516952445], [0.11960778166941921, 22.407684851622097, 7.542947115006061], [0.36213882856803226, 15.851842338156352, 6.318113303280883], [6.49045530163458, 20.99617312061308, 6.014720741442762], [6.811293608647068, 14.564825505679345, 4.794422137381272], [4.614339473707812, 20.8147851456368, 2.85657775833084], [2.7230875674412025, 19.374650947707885, 2.2006941290318687]]}}