{"no_of_atoms": 292, "centre_of_mass": [4.6982978975092715, 11.971276487099795, 5.479419263718139], "maximum_diameter": {"diameter": 30.272859074861003, "atom_1": 199, "atom_2": 275}, "pore_diameter": {"diameter": 3.270724831655069, "atom": 180}, "pore_volume": 18.32021840470404, "pore_diameter_opt": {"diameter": 3.27124072226198, "atom_1": 180, "centre_of_mass": [4.698282309514615, 11.97111002869073, 5.479615692820005]}, "pore_volume_opt": 18.32888870247873, "windows": {"diameters": [1.3358738997139947, 1.3713950478850658, 1.8585947332679291, 1.9721856900403139, 1.9707357716583425], "centre_of_mass": [[4.41996003764108, 12.655308755447294, 8.992337471819607], [0.4104308066046185, 13.482371511796424, 5.263238371464157], [9.686070548974833, 11.31027856038336, 3.9552451515042426], [6.369351275057691, 18.440118730483874, 6.223442260430665], [3.028430476360379, 5.507771991014496, 4.735425540038547]]}}