{"no_of_atoms": 175, "centre_of_mass": [0.6700170848083734, 3.2026366142383798, 5.776091219082031], "maximum_diameter": {"diameter": 16.086761168964504, "atom_1": 67, "atom_2": 120}, "pore_diameter": {"diameter": 4.977058443377064, "atom": 1}, "pore_volume": 64.55306147424773, "pore_diameter_opt": {"diameter": 5.150609670022176, "atom_1": 165, "centre_of_mass": [0.6356148797350384, 3.09537950183531, 5.882093888682583]}, "pore_volume_opt": 71.54421764935279, "windows": {"diameters": [3.621577546895688, 3.63948906602801], "centre_of_mass": [[3.684680058941598, 3.7578900726517155, 5.997217209188069], [-2.32539698994823, 2.286310154387836, 5.748865444869922]]}}