{"no_of_atoms": 172, "centre_of_mass": [6.307067650266995, -0.856833143259714, 9.574880218670502], "maximum_diameter": {"diameter": 13.11626087838069, "atom_1": 80, "atom_2": 130}, "pore_diameter": {"diameter": 1.0814262729907784, "atom": 38}, "pore_volume": 0.6622002976922642, "pore_diameter_opt": {"diameter": 1.4481613256120416, "atom_1": 38, "centre_of_mass": [6.197374955115565, -0.7799285859106728, 9.711317195445735]}, "pore_volume_opt": 1.5901916094198711, "windows": {"diameters": [1.742196616559688, 2.393563606858263], "centre_of_mass": [[6.983700752635321, -0.2506566386103646, 10.300609601320385], [3.649591026725181, -2.019695304138186, 9.415246070221857]]}}