{"no_of_atoms": 150, "centre_of_mass": [4.458800326413657, 5.6494472753321325, 6.124793894144493], "maximum_diameter": {"diameter": 18.603503609365834, "atom_1": 4, "atom_2": 146}, "pore_diameter": {"diameter": 4.054188795651951, "atom": 103}, "pore_volume": 34.8907680386831, "pore_diameter_opt": {"diameter": 4.05437618499551, "atom_1": 32, "centre_of_mass": [4.458739329189845, 5.649471035367703, 6.1247268533564405]}, "pore_volume_opt": 34.8956063385166, "windows": {"diameters": [4.387934424959491, 4.18662609311056], "centre_of_mass": [[4.816947142215039, 9.611679233026376, 7.180972951232511], [3.968984504515492, 5.510231217025826, 6.520895099006315]]}}