{"no_of_atoms": 265, "centre_of_mass": [5.057574691305026, 14.01494985896861, 16.80243599400896], "maximum_diameter": {"diameter": 22.318896916166985, "atom_1": 159, "atom_2": 236}, "pore_diameter": {"diameter": 4.4347771505204925, "atom": 40}, "pore_volume": 45.66821384435383, "pore_diameter_opt": {"diameter": 4.5808599681067825, "atom_1": 135, "centre_of_mass": [4.985240073233648, 14.025713898650924, 16.805697160324975]}, "pore_volume_opt": 50.33147646330033, "windows": {"diameters": [3.735376166817989, 3.3855423171621024], "centre_of_mass": [[5.785387903962538, 8.76808209344302, 15.772814629655585], [5.825095441269888, 19.549575793202855, 16.23590953637538]]}}