{"no_of_atoms": 265, "centre_of_mass": [5.598943466605609, 10.750229760644128, 3.8388143053846306], "maximum_diameter": {"diameter": 22.319263789920424, "atom_1": 99, "atom_2": 262}, "pore_diameter": {"diameter": 4.434267245244612, "atom": 49}, "pore_volume": 45.652463028669686, "pore_diameter_opt": {"diameter": 4.580552204422947, "atom_1": 111, "centre_of_mass": [5.526527478205897, 10.739481026923922, 3.841034823407122]}, "pore_volume_opt": 50.32133263002276, "windows": {"diameters": [3.7375083251183674, 4.504474841159581], "centre_of_mass": [[6.316545396052054, 15.968831857030075, 2.8100509978257833], [5.519125197863932, 2.7648231519071302, 3.0359458101758996]]}}