{"no_of_atoms": 116, "centre_of_mass": [6.423307759703951, 22.242500000000014, 24.609382718682372], "maximum_diameter": {"diameter": 21.778986351339707, "atom_1": 51, "atom_2": 115}, "pore_diameter": {"diameter": 8.273840016677351, "atom": 41}, "pore_volume": 296.56505767513784, "pore_diameter_opt": {"diameter": 8.274092072909815, "atom_1": 11, "centre_of_mass": [6.4234199059335335, 22.242462088312458, 24.609485759858224]}, "pore_volume_opt": 296.5921623864539, "windows": {"diameters": [7.749361236317325, 7.7465260546796415], "centre_of_mass": [[5.886833893040156, 20.322520966185802, 24.5189486645675], [5.880933937902664, 24.095055610571507, 24.701044647185952]]}}