{"no_of_atoms": 116, "centre_of_mass": [14.987911522159331, 9.5325, 24.60938271868238], "maximum_diameter": {"diameter": 21.778986351339707, "atom_1": 44, "atom_2": 113}, "pore_diameter": {"diameter": 8.27377119788417, "atom": 35}, "pore_volume": 296.5576575757022, "pore_diameter_opt": {"diameter": 8.273994957729348, "atom_1": 35, "centre_of_mass": [14.987893819714794, 9.532537085793967, 24.609486778315446]}, "pore_volume_opt": 296.5817189699265, "windows": {"diameters": [7.749245596535539, 7.74638130602483], "centre_of_mass": [[14.451374956165552, 7.6125773123080505, 24.51903254400418], [14.445523945668414, 11.384956850566457, 24.700965549566202]]}}