{"no_of_atoms": 116, "centre_of_mass": [2.1410884778406714, 15.887500000000003, 3.515617281317613], "maximum_diameter": {"diameter": 21.778986351339704, "atom_1": 15, "atom_2": 113}, "pore_diameter": {"diameter": 8.27377119788417, "atom": 33}, "pore_volume": 296.5576575757022, "pore_diameter_opt": {"diameter": 8.274099023788063, "atom_1": 33, "centre_of_mass": [2.1414694177482834, 15.887485526501818, 3.5155105034042817]}, "pore_volume_opt": 296.5929098682526, "windows": {"diameters": [7.746368076444263, 7.745497450364798], "centre_of_mass": [[2.683566939002219, 14.036240022749848, 3.42403154879198], [2.6873557922364038, 17.694389949654788, 3.607599820745475]]}}