{"no_of_atoms": 263, "centre_of_mass": [8.128419059889586, 7.318935672141957, 0.030981773525998332], "maximum_diameter": {"diameter": 23.15886843945593, "atom_1": 131, "atom_2": 232}, "pore_diameter": {"diameter": 4.267573091053821, "atom": 25}, "pore_volume": 40.69504438090669, "pore_diameter_opt": {"diameter": 4.2848677098902215, "atom_1": 25, "centre_of_mass": [8.134818246992815, 7.324605739837283, 0.02968689612806888]}, "pore_volume_opt": 41.19181010876722, "windows": {"diameters": [4.970563927510275, 3.675562888563855, 4.614040517875177, 2.858761769351051], "centre_of_mass": [[7.2118102721626585, 8.389890372596389, -0.44019812095666544], [10.311287705400776, 1.986292440559037, 5.453077993661865], [8.771485075203053, 6.7256186386623025, 0.7436214532322327], [6.523408650022283, 11.793552640889466, -3.7959077481805164]]}}