{"no_of_atoms": 136, "centre_of_mass": [6.6304975903623475, 6.738937508092625, 18.606177160571903], "maximum_diameter": {"diameter": 18.3926908932478, "atom_1": 69, "atom_2": 104}, "pore_diameter": {"diameter": 3.7770992450547847, "atom": 92}, "pore_volume": 28.21459437940168, "pore_diameter_opt": {"diameter": 4.787269309395292, "atom_1": 92, "centre_of_mass": [6.804020813223361, 6.302144573152882, 18.421196875714084]}, "pore_volume_opt": 57.44631839350827, "windows": {"diameters": [4.135691429209716, 4.046411184431397, 1.0504898135932552, 1.050593936562786], "centre_of_mass": [[4.802978552024607, 6.327976316104834, 20.277451951780137], [8.147118447097588, 6.15000291382069, 17.510174083267973], [7.871444733033173, 9.76452776686033, 19.85772022723522], [5.677206870532067, 2.7602083322148903, 17.64838380860734]]}}