{"no_of_atoms": 125, "centre_of_mass": [33.31741747034228, 14.200360400557505, 3.3296399085543977], "maximum_diameter": {"diameter": 21.11868150109716, "atom_1": 7, "atom_2": 108}, "pore_diameter": {"diameter": 0.6136208916217685, "atom": 52}, "pore_volume": 0.12097594811726631, "pore_diameter_opt": {"diameter": 1.551187306397357, "atom_1": 52, "centre_of_mass": [33.62422791615316, 14.507170846368389, 3.0228294627435135]}, "pore_volume_opt": 1.954300525801784, "windows": {"diameters": [5.332353429779424, 4.471004927982953], "centre_of_mass": [[34.695663227656034, 14.473688922084444, 1.137677238478864], [34.75238565319691, 14.425652293451607, 2.0467957009934503]]}}