{"no_of_atoms": 83, "centre_of_mass": [6.244682533056933, 3.177979363843578, 11.391803246755273], "maximum_diameter": {"diameter": 17.82708774820414, "atom_1": 74, "atom_2": 82}, "pore_diameter": {"diameter": 3.1959707773591473, "atom": 23}, "pore_volume": 17.092556386340757, "pore_diameter_opt": {"diameter": 3.818009594606702, "atom_1": 36, "centre_of_mass": [7.842667921736501, 2.3019469506069608, 12.91400015858991]}, "pore_volume_opt": 29.141350108865215, "windows": {"diameters": [3.987287585715103, 3.539734463509467, 3.491886573819224], "centre_of_mass": [[8.19590598829963, 2.1514993412317915, 13.256484148123661], [6.05109219041544, 1.8841706276095727, 11.325603534485019], [5.346389794124065, 6.7705600648593425, 9.043437571891378]]}}