{"no_of_atoms": 315, "centre_of_mass": [-0.030977387209667688, -0.02478408345102473, -0.1027584922549806], "maximum_diameter": {"diameter": 30.555569492082448, "atom_1": 100, "atom_2": 314}, "pore_diameter": {"diameter": 5.734719276148358, "atom": 204}, "pore_volume": 98.74954706350078, "pore_diameter_opt": {"diameter": 5.913082787094433, "atom_1": 154, "centre_of_mass": [-0.04948707092451505, -0.026578212071565768, -0.006398170351445511]}, "pore_volume_opt": 108.25313957107639, "windows": {"diameters": [1.840816735385164, 1.7559522473384743, 2.173520452975811, 2.141999779241145, 1.927058293675279, 1.8520303424100164], "centre_of_mass": [[3.730069395304609, 0.40999009222716337, 4.465379750246029], [-3.78376357536073, 1.0538606693561061, 2.9808117178794706], [0.47990464400142224, -4.273887140548455, -0.17955487832576567], [-0.4580910028151857, 4.649129605774121, 0.12233909473333522], [3.6136545852494373, 0.47205904882694916, -3.1256445630156393], [-3.8317939062063653, -0.4185225221507328, -4.585219198525678]]}}