{"no_of_atoms": 106, "centre_of_mass": [4.297856181352976, 2.152869514415955, 6.382617377463438], "maximum_diameter": {"diameter": 18.172407990889393, "atom_1": 1, "atom_2": 105}, "pore_diameter": {"diameter": 1.1094833119557563, "atom": 27}, "pore_volume": 0.7150903957232227, "pore_diameter_opt": {"diameter": 1.6009026848665266, "atom_1": 27, "centre_of_mass": [4.138572217982712, 2.316358594450414, 6.636730588130602]}, "pore_volume_opt": 2.1482925443778074, "windows": {"diameters": [1.0181061705698293, 1.1774905852149642], "centre_of_mass": [[3.389000701316723, 3.095873009888362, 7.3648677860382366], [5.220549349691538, 1.9754477391669047, 6.451052779176599]]}}