{"no_of_atoms": 106, "centre_of_mass": [15.19844590674586, 7.147869514415952, 3.2673635689673297], "maximum_diameter": {"diameter": 18.170904750701116, "atom_1": 6, "atom_2": 105}, "pore_diameter": {"diameter": 1.1094516012435731, "atom": 13}, "pore_volume": 0.7150290823784331, "pore_diameter_opt": {"diameter": 1.6023607500587187, "atom_1": 49, "centre_of_mass": [15.356614382457911, 7.313685397563505, 3.0138330187648825]}, "pore_volume_opt": 2.1541677378232014, "windows": {"diameters": [1.1848473206600438, 1.032348836091109], "centre_of_mass": [[14.23621714853063, 6.957884911100027, 3.20666375678302], [16.16561030786569, 8.144045024946317, 2.2330346461149833]]}}