{"no_of_atoms": 106, "centre_of_mass": [36.25644590674587, 2.152869514415955, 3.26736356896733], "maximum_diameter": {"diameter": 18.17090475070113, "atom_1": 0, "atom_2": 105}, "pore_diameter": {"diameter": 1.109451601243463, "atom": 26}, "pore_volume": 0.7150290823782202, "pore_diameter_opt": {"diameter": 1.6027811075926333, "atom_1": 65, "centre_of_mass": [36.41434734982273, 2.3180363202917302, 3.01445268291263]}, "pore_volume_opt": 2.155863532374455, "windows": {"diameters": [1.1848358443065141, 1.032359653071175], "centre_of_mass": [[35.294228328242475, 1.9628867045208467, 3.206713040336707], [37.223575601062656, 3.149070911757124, 2.23301441731691]]}}