{"no_of_atoms": 89, "centre_of_mass": [5.413967845226712, 13.927448731624727, 15.260105226601516], "maximum_diameter": {"diameter": 13.581074905463954, "atom_1": 10, "atom_2": 65}, "pore_diameter": {"diameter": 1.0494059766283974, "atom": 39}, "pore_volume": 0.605102883055709, "pore_diameter_opt": {"diameter": 1.4842625603014397, "atom_1": 40, "centre_of_mass": [5.384963783111586, 13.464172768060902, 14.735402238287318]}, "pore_volume_opt": 1.7121066754213692, "windows": {"diameters": [0.8850922709442655, 1.1427130033773003, 0.45185452862426434], "centre_of_mass": [[4.2760275870736795, 12.077118714997894, 15.60702920690153], [8.007164925727569, 13.151987207854932, 14.566192926909132], [5.08281191493178, 15.235236887061864, 14.393756774800316]]}}