{"no_of_atoms": 74, "centre_of_mass": [3.4034180648228316e-05, 4.641938788762031, 25.44388251104], "maximum_diameter": {"diameter": 13.629150667189256, "atom_1": 10, "atom_2": 62}, "pore_diameter": {"diameter": 1.4628295930824113, "atom": 37}, "pore_volume": 1.639003326246218, "pore_diameter_opt": {"diameter": 1.4635541069189375, "atom_1": 25, "centre_of_mass": [4.024515544941339e-05, 4.641486965423021, 25.443882453037574]}, "pore_volume_opt": 1.64143984139945, "windows": {"diameters": [0.9395962596257275, 0.826176191124866, 0.8265363108994719], "centre_of_mass": [[-1.9075798951623038, 4.443748402970955, 25.44401815962186], [0.49939064445641845, 5.846830470494265, 25.594772904666307], [0.7893368382005879, 3.6126965608856763, 25.597575327891803]]}}