{"no_of_atoms": 78, "centre_of_mass": [-2.083745465805263, 4.393059395772648, 20.522758839656934], "maximum_diameter": {"diameter": 14.550395021986967, "atom_1": 10, "atom_2": 76}, "pore_diameter": {"diameter": 2.0245691031381345, "atom": 54}, "pore_volume": 4.345066591676629, "pore_diameter_opt": {"diameter": 2.1439001114894096, "atom_1": 22, "centre_of_mass": [-2.012964529834723, 4.439262870568716, 20.40644981532992]}, "pore_volume_opt": 5.159555196864638, "windows": {"diameters": [0.860189032134961, 0.7904981703026484, 0.8613004988322968, 0.8201159726952985], "centre_of_mass": [[-3.064161817956207, 5.831005001352739, 22.31663033965772], [0.18086439832866796, 4.3394979278224755, 20.71464631547038], [-3.1157939281296896, 2.1885028412832694, 20.668312474539302], [-2.4089816943974345, 5.198875638042608, 18.725026166561314]]}}