{"no_of_atoms": 78, "centre_of_mass": [0.8421364677471557, 14.207059395772646, 11.84839224363283], "maximum_diameter": {"diameter": 14.551736377728067, "atom_1": 45, "atom_2": 62}, "pore_diameter": {"diameter": 2.025254709329745, "atom": 6}, "pore_volume": 4.349482366104726, "pore_diameter_opt": {"diameter": 2.1154570983981054, "atom_1": 6, "centre_of_mass": [0.7820585615474782, 14.225184310648713, 11.946955032352864]}, "pore_volume_opt": 4.956912913941825, "windows": {"diameters": [0.822348476391451, 0.8856819608653592, 0.8966612747534985, 0.8987691949842538], "centre_of_mass": [[1.3158556436404658, 15.196676191463919, 14.007171670229651], [-1.7648113887289842, 14.094590970748872, 11.579653445516723], [1.697915262397168, 12.603639355160146, 11.70415839948991], [1.5760259785296384, 15.145972232660677, 10.508761536667485]]}}