{"no_of_atoms": 78, "centre_of_mass": [1.374567577240022, 5.420940604227348, 9.732492484502195], "maximum_diameter": {"diameter": 14.551118785299897, "atom_1": 31, "atom_2": 73}, "pore_diameter": {"diameter": 2.0257750308071976, "atom": 45}, "pore_volume": 4.352835589626089, "pore_diameter_opt": {"diameter": 2.0910672744739016, "atom_1": 26, "centre_of_mass": [1.3533643109735447, 5.407263706277912, 9.71128921525153]}, "pore_volume_opt": 4.787432218815721, "windows": {"diameters": [0.8363154891847855, 0.9021387588920926, 0.8397839694806559, 0.8463915368724027], "centre_of_mass": [[0.5652721568575692, 4.329563294908731, 11.21065695962958], [4.017218548113505, 5.53953728529927, 10.00922524890953], [0.37583999553446157, 7.511379416122486, 9.878183448604377], [0.8685556330725777, 4.3911289437966525, 7.494654320252824]]}}