{"no_of_atoms": 123, "centre_of_mass": [-3.8272397912931835, 14.173516913419249, 15.61711747961492], "maximum_diameter": {"diameter": 17.19518461424967, "atom_1": 45, "atom_2": 114}, "pore_diameter": {"diameter": 3.9689536911268664, "atom": 74}, "pore_volume": 32.73608331725822, "pore_diameter_opt": {"diameter": 4.851549128140936, "atom_1": 5, "centre_of_mass": [-3.8345264005965913, 13.701241402784046, 15.613112246974262]}, "pore_volume_opt": 59.79156527303562, "windows": {"diameters": [4.203310894658236, 4.331011458163379], "centre_of_mass": [[-7.009744078352671, 13.682276476095755, 16.43399041471658], [0.4089276902376757, 13.647860787685723, 14.197711568667488]]}}