{"no_of_atoms": 123, "centre_of_mass": [1.8282110240501441, 3.440054026899085, 15.61711747961492], "maximum_diameter": {"diameter": 17.194876389767582, "atom_1": 85, "atom_2": 110}, "pore_diameter": {"diameter": 3.969636177095699, "atom": 24}, "pore_volume": 32.752973733217495, "pore_diameter_opt": {"diameter": 4.852437570552615, "atom_1": 34, "centre_of_mass": [1.8203139147921965, 2.9677967850228177, 15.612929572207637]}, "pore_volume_opt": 59.824419371499644, "windows": {"diameters": [4.110002168755459, 4.330366922307572], "centre_of_mass": [[-1.3947286243072947, 2.606186783028731, 16.190939146516943], [6.063973796759609, 2.914265493269586, 14.19784718613197]]}}