{"no_of_atoms": 123, "centre_of_mass": [4.379774592328336, 18.026945973100904, 5.205739789496877], "maximum_diameter": {"diameter": 17.194876389767586, "atom_1": 8, "atom_2": 122}, "pore_diameter": {"diameter": 3.969722877360215, "atom": 14}, "pore_volume": 32.75511983934518, "pore_diameter_opt": {"diameter": 4.849144334753854, "atom_1": 97, "centre_of_mass": [4.417687252055169, 18.50298996515015, 5.20953980294631]}, "pore_volume_opt": 59.702697719150294, "windows": {"diameters": [4.190664558610136, 4.359413457519263], "centre_of_mass": [[1.1535805265107166, 18.520464281386218, 6.048058330909144], [8.666310086349437, 18.554619508197295, 3.7580041135202333]]}}