{"no_of_atoms": 123, "centre_of_mass": [10.035211024050142, 7.293483086580758, 5.205739789496877], "maximum_diameter": {"diameter": 17.19518461424967, "atom_1": 69, "atom_2": 99}, "pore_diameter": {"diameter": 3.969034811764853, "atom": 27}, "pore_volume": 32.73809061674892, "pore_diameter_opt": {"diameter": 4.84717880286882, "atom_1": 23, "centre_of_mass": [10.0729525007286, 7.767823624792453, 5.213249075508417]}, "pore_volume_opt": 59.63012821668701, "windows": {"diameters": [4.191103779685312, 4.3600036529529085], "centre_of_mass": [[6.808535803322767, 7.78719250195282, 6.048027675289605], [14.321274032642176, 7.821046382705907, 3.7578314565234274]]}}