{"no_of_atoms": 157, "centre_of_mass": [8.192400238501058, 12.143796992382509, 4.420102232337594], "maximum_diameter": {"diameter": 25.279899644062443, "atom_1": 149, "atom_2": 153}, "pore_diameter": {"diameter": 1.9408592850044726, "atom": 21}, "pore_volume": 3.828077936217561, "pore_diameter_opt": {"diameter": 4.6648678137458255, "atom_1": 15, "centre_of_mass": [7.221970595998822, 12.447300336407123, 5.39053187483983]}, "pore_volume_opt": 53.15163737950779, "windows": {"diameters": [4.495699361001362, 4.1805685343686285], "centre_of_mass": [[8.488628812620071, 9.219938577783038, 8.081490675743886], [5.926228066479203, 15.197465729310384, 3.3652737392952834]]}}