{"no_of_atoms": 111, "centre_of_mass": [-1.5488684138336926, 2.533620726847419, 4.13126039297542], "maximum_diameter": {"diameter": 15.374448605379461, "atom_1": 23, "atom_2": 79}, "pore_diameter": {"diameter": 2.614071903589196, "atom": 8}, "pore_volume": 9.353005938916294, "pore_diameter_opt": {"diameter": 4.1142034795033275, "atom_1": 74, "centre_of_mass": [-1.9769217364389837, 3.1656617705504804, 3.978084569052247]}, "pore_volume_opt": 36.463296066224736, "windows": {"diameters": [1.9983362302856693, 3.893864414502606, 1.0770449220861509], "centre_of_mass": [[0.4224995047053104, 2.2922200880189383, 6.721719996328687], [-4.2848798451352765, 4.0152165558279105, 4.525353378638062], [-1.961652417704684, -0.17593417708529646, 2.7073093890039273]]}}