{"no_of_atoms": 147, "centre_of_mass": [0.53128501471823, 6.162250438991812, 9.650548986023619], "maximum_diameter": {"diameter": 17.98109100663622, "atom_1": 49, "atom_2": 138}, "pore_diameter": {"diameter": 5.47271347119535, "atom": 17}, "pore_volume": 85.82360537168431, "pore_diameter_opt": {"diameter": 7.727723936817837, "atom_1": 114, "centre_of_mass": [-2.1126015814059067, 3.425893703394137, 6.914192250425944]}, "pore_volume_opt": 241.6314274373233, "windows": {"diameters": [5.361312506427813, 7.938112204892548e+44], "centre_of_mass": [[1.039761993525771, 6.853282512971266, 10.192014231428658], [-8.700000188263704e+43, -7.039547611236025e+43, -3.8080118179831764e+44]]}}