{"no_of_atoms": 126, "centre_of_mass": [14.5687883059038, 11.558969916077668, 16.505758084403862], "maximum_diameter": {"diameter": 15.929878035822716, "atom_1": 65, "atom_2": 80}, "pore_diameter": {"diameter": 6.51980140665354, "atom": 20}, "pore_volume": 145.11146420149115, "pore_diameter_opt": {"diameter": 6.610903945055837, "atom_1": 46, "centre_of_mass": [14.524784227425673, 11.608416338344805, 16.547029525766444]}, "pore_volume_opt": 151.27987720885167, "windows": {"diameters": [5.123640430733148, 5.253997055991282], "centre_of_mass": [[15.967906402661935, 9.976766100050375, 19.031698240323472], [13.189692274671739, 13.230089684965339, 14.058053721583839]]}}