{"no_of_atoms": 126, "centre_of_mass": [6.977878104524583, 18.480438059983832, 21.342973861975278], "maximum_diameter": {"diameter": 16.20008462884586, "atom_1": 47, "atom_2": 80}, "pore_diameter": {"diameter": 6.3632147983987135, "atom": 99}, "pore_volume": 134.90510156656225, "pore_diameter_opt": {"diameter": 6.392909642444778, "atom_1": 99, "centre_of_mass": [7.009837636330416, 18.474171993339226, 21.305173928382423]}, "pore_volume_opt": 136.80259033339726, "windows": {"diameters": [5.152645093895264, 4.975371143852347], "centre_of_mass": [[9.458260522146611, 19.01696050415192, 22.971670556610803], [4.066407803813579, 17.915584118254234, 19.621603292136864]]}}