{"no_of_atoms": 108, "centre_of_mass": [12.13699999999999, 3.6064929853800056e-16, 12.136999999999993], "maximum_diameter": {"diameter": 18.109789201367352, "atom_1": 23, "atom_2": 105}, "pore_diameter": {"diameter": 5.282467160893821, "atom": 10}, "pore_volume": 77.180758083083, "pore_diameter_opt": {"diameter": 5.282467160893821, "atom_1": 10, "centre_of_mass": [12.13699999999999, 3.6064929853800056e-16, 12.136999999999993]}, "pore_volume_opt": 77.180758083083, "windows": {"diameters": [3.910876145481001, 3.9100115800669824, 3.9114718363495125, 3.909717740883131], "centre_of_mass": [[10.642633778634508, 1.5375097876143753, 13.648179152614574], [13.69283621828479, -1.5913331064360654, 13.69523446718933], [10.653783813059786, -1.5278062881830248, 10.634339760799863], [13.675573131258226, 1.5762273559030602, 10.592076642594046]]}}