{"no_of_atoms": 168, "centre_of_mass": [18.3825, 6.127499999999999, 18.382499999999993], "maximum_diameter": {"diameter": 22.13567613487451, "atom_1": 106, "atom_2": 116}, "pore_diameter": {"diameter": 5.682236453649516, "atom": 19}, "pore_volume": 96.06308469126647, "pore_diameter_opt": {"diameter": 5.682236453649516, "atom_1": 19, "centre_of_mass": [18.3825, 6.127499999999999, 18.382499999999993]}, "pore_volume_opt": 96.06308469126647, "windows": {"diameters": [3.919108022905482, 3.917772788968542, 3.910349105948058, 3.9177600569087647], "centre_of_mass": [[16.71553506599999, 4.460464082107764, 20.049477014249895], [20.041119580395975, 7.786109740179432, 20.041096038416175], [19.951767364172472, 4.558275314330675, 16.813247982937078], [16.723497280313335, 7.786419745261798, 16.723603801465156]]}}