{"no_of_atoms": 144, "centre_of_mass": [15.503542148188274, 13.474768279011679, 10.366453044119417], "maximum_diameter": {"diameter": 17.589393920592727, "atom_1": 10, "atom_2": 136}, "pore_diameter": {"diameter": 7.255282609144336, "atom": 104}, "pore_volume": 199.96851606370677, "pore_diameter_opt": {"diameter": 7.658615767032012, "atom_1": 24, "centre_of_mass": [15.503524702223482, 13.28611371242693, 10.437719226646246]}, "pore_volume_opt": 235.2065798286079, "windows": {"diameters": [6.1519876721245685, 6.330625792339325], "centre_of_mass": [[15.503488284545162, 15.475157056099622, 13.04571651999993], [15.503492676639507, 11.719080691710449, 7.960641555519303]]}}