{"no_of_atoms": 144, "centre_of_mass": [9.667000000000003, 5.58130870876971, 8.998], "maximum_diameter": {"diameter": 18.250822629846922, "atom_1": 75, "atom_2": 80}, "pore_diameter": {"diameter": 7.1518656609156075, "atom": 141}, "pore_volume": 191.53875792941622, "pore_diameter_opt": {"diameter": 7.1519950892889295, "atom_1": 1, "centre_of_mass": [9.667006316929726, 5.581295146425471, 8.997937039014563]}, "pore_volume_opt": 191.54915703351716, "windows": {"diameters": [5.881943519188341, 5.881223989991191], "centre_of_mass": [[12.15666714368885, 4.445114550798284, 10.616663915989383], [7.1998092071694755, 6.700560978110525, 7.3982179161353745]]}}