{"no_of_atoms": 144, "centre_of_mass": [1.069192752738805e-17, 11.162490963193694, 4.4990000000000006], "maximum_diameter": {"diameter": 18.251270671605276, "atom_1": 29, "atom_2": 120}, "pore_diameter": {"diameter": 7.151865864797239, "atom": 44}, "pore_volume": 191.53877431027573, "pore_diameter_opt": {"diameter": 7.1518662259490675, "atom_1": 94, "centre_of_mass": [-4.3221860325374614e-08, 11.16249096701748, 4.498999817400878]}, "pore_volume_opt": 191.5388033270037, "windows": {"diameters": [5.881145653805667, 5.881352905386035], "centre_of_mass": [[-2.1424939720560507, 9.61023537109757, 6.05484553052411], [2.132855722038968, 12.710818805345188, 2.950156982465926]]}}