{"no_of_atoms": 180, "centre_of_mass": [0.0002122952012077812, 7.744151379367478, 84.93469929506176], "maximum_diameter": {"diameter": 27.78192216444157, "atom_1": 75, "atom_2": 151}, "pore_diameter": {"diameter": 3.9206032582340833, "atom": 87}, "pore_volume": 31.554210020730665, "pore_diameter_opt": {"diameter": 3.921240280878441, "atom_1": 74, "centre_of_mass": [-0.00016022756150693688, 7.744000700042063, 84.93450023139302]}, "pore_volume_opt": 31.56959337717776, "windows": {"diameters": [3.808056918363372, 3.778796610165672, 3.809223752586704], "centre_of_mass": [[0.42166590154311734, 8.461962473608901, 84.93659281427928], [-1.463655975169473, 7.366560563090636, 84.93569847604337], [0.4276767111063642, 7.015653527245048, 84.93240290061112]]}}