{"no_of_atoms": 180, "centre_of_mass": [0.0001015523187800019, 0.00011367810448622655, 23.163999999999994], "maximum_diameter": {"diameter": 27.781521904526496, "atom_1": 86, "atom_2": 178}, "pore_diameter": {"diameter": 3.9194056141005436, "atom": 2}, "pore_volume": 31.525301838155865, "pore_diameter_opt": {"diameter": 3.9657161109049066, "atom_1": 177, "centre_of_mass": [-1.9596012547314918, -0.7139804355223832, 23.159887134555078]}, "pore_volume_opt": 32.656037588096005, "windows": {"diameters": [4.135651322552267, 3.8546250599485377, 3.865208712054755], "centre_of_mass": [[-2.451393588804023, -0.5074148702856068, 23.16575901582493], [0.10807512328252034, -0.18393251007962663, 23.163327163608624], [0.08772062937362057, 0.15082542957951894, 23.16425520791342]]}}