{"no_of_atoms": 210, "centre_of_mass": [1.8512329022880144e-05, 7.8184960856722885, 108.37108270358998], "maximum_diameter": {"diameter": 31.040335800421914, "atom_1": 7, "atom_2": 208}, "pore_diameter": {"diameter": 7.890837397809612, "atom": 137}, "pore_volume": 257.25741708594205, "pore_diameter_opt": {"diameter": 7.8911266925943195, "atom_1": 138, "centre_of_mass": [-0.00026980556941853367, 7.818769172483593, 108.37100140985515]}, "pore_volume_opt": 257.2857129259972, "windows": {"diameters": [8.340199424002465, 7.815677664940187, 7.818478407693682], "centre_of_mass": [[2.6184991992258317, 12.64961980133928, 107.54156296074018], [0.402467198491575, 7.139545552634295, 108.36907065075027], [-0.8390203849379958, 7.828831789383888, 108.3731034454677]]}}