{"no_of_atoms": 180, "centre_of_mass": [6.75808478200256, 3.9019499370626973, 7.762962070930244], "maximum_diameter": {"diameter": 27.77269974683492, "atom_1": 3, "atom_2": 179}, "pore_diameter": {"diameter": 4.117515413331741, "atom": 87}, "pore_volume": 36.55142583335848, "pore_diameter_opt": {"diameter": 4.117558309744831, "atom_1": 87, "centre_of_mass": [6.758088628040154, 3.9019435883590456, 7.762982194106607]}, "pore_volume_opt": 36.55256822718504, "windows": {"diameters": [4.001331104005816, 4.010881458149651, 3.984771999033329], "centre_of_mass": [[5.293933529090488, 4.252321888554934, 7.762014721998449], [7.173378897576706, 4.609796907225707, 7.764785571339875], [7.225660789665411, 3.19960333845435, 7.761232693751048]]}}