{"no_of_atoms": 180, "centre_of_mass": [7.156928801039326, 4.132108424910646, 23.135999999999992], "maximum_diameter": {"diameter": 28.18211958078155, "atom_1": 150, "atom_2": 178}, "pore_diameter": {"diameter": 4.1762935142054065, "atom": 40}, "pore_volume": 38.13920740893634, "pore_diameter_opt": {"diameter": 4.1762935142054065, "atom_1": 40, "centre_of_mass": [7.156928801039326, 4.132108424910646, 23.135999999999992]}, "pore_volume_opt": 38.13920740893634, "windows": {"diameters": [4.068805341122006, 4.056980739069987, 4.063856028210299], "centre_of_mass": [[5.747085706166475, 3.6255477432498626, 23.135992407336715], [8.05685424221888, 5.272624765996377, 23.1359946239272], [7.695929402425277, 2.7303058696632094, 23.136010128634066]]}}