{"no_of_atoms": 153, "centre_of_mass": [8.754026778734708, 9.889671350738565, 1.5297444916329672], "maximum_diameter": {"diameter": 19.150405496843177, "atom_1": 40, "atom_2": 149}, "pore_diameter": {"diameter": 6.078653058080311, "atom": 118}, "pore_volume": 117.60362048494251, "pore_diameter_opt": {"diameter": 6.581207950815868, "atom_1": 37, "centre_of_mass": [8.66070831839742, 9.7401148452148, 2.0004387979955762]}, "pore_volume_opt": 149.25038615033554, "windows": {"diameters": [6.6407754792096565, 6.0497732190320495], "centre_of_mass": [[8.576011164311824, 9.611983470896366, 2.162964319976994], [8.827546372006479, 9.874244875039963, 0.36605016815873825]]}}