{"no_of_atoms": 100, "centre_of_mass": [2.2961878508899574, 2.4224638162344285, 4.382129989656903], "maximum_diameter": {"diameter": 14.564417346003808, "atom_1": 64, "atom_2": 95}, "pore_diameter": {"diameter": 2.14364949168498, "atom": 0}, "pore_volume": 5.157745967666715, "pore_diameter_opt": {"diameter": 2.839493538987386, "atom_1": 0, "centre_of_mass": [2.5362115508634044, 2.194768058237031, 4.255231090307675]}, "pore_volume_opt": 11.987297307413108, "windows": {"diameters": [1.4520482042855458, 1.3913499204036226, 1.359876358149951], "centre_of_mass": [[1.3419698462349763, 1.7397419108411831, 6.179828335166965], [4.692466258730343, 3.1702227717587745, 4.929449539159036], [1.3555313667155064, 3.621417204219726, 2.944292114996254]]}}