{"no_of_atoms": 105, "centre_of_mass": [5.139210530603874, 17.68422604221482, 3.0893700510791406], "maximum_diameter": {"diameter": 23.422888470299682, "atom_1": 102, "atom_2": 104}, "pore_diameter": {"diameter": 1.3376198523362404, "atom": 22}, "pore_volume": 1.2531317670169468, "pore_diameter_opt": {"diameter": 1.4360450038536414, "atom_1": 59, "centre_of_mass": [5.135787002202908, 17.72188081682312, 3.0564514667239835]}, "pore_volume_opt": 1.5506106889681994, "windows": {"diameters": [0.8484245200632308, 0.8176746179153933, 0.8932318339336232], "centre_of_mass": [[3.9621371215107, 16.50911306606026, 3.447156979064252], [5.356370763781605, 19.05372548842089, 3.4548475762445157], [5.928795274359825, 17.064018966116862, 2.133798042505788]]}}