{"no_of_atoms": 161, "centre_of_mass": [12.92549702951759, 5.8803117150486, 3.79415638055388], "maximum_diameter": {"diameter": 30.25311756823599, "atom_1": 152, "atom_2": 159}, "pore_diameter": {"diameter": 0.6179243370246623, "atom": 82}, "pore_volume": 0.12353912562148871, "pore_diameter_opt": {"diameter": 1.1575506081383522, "atom_1": 19, "centre_of_mass": [12.82716712301519, 5.714168142264019, 4.103118549066211]}, "pore_volume_opt": 0.8121169683440065, "windows": {"diameters": [0.9650498852549894, 1.3859119085083846, 0.8614331768412167], "centre_of_mass": [[12.150066543261818, 6.946198385569995, 4.794064215627639], [15.007490783269585, 4.521431972341743, 5.239992860713518], [12.65790052363452, 5.81337045012762, 3.218010157538882]]}}