{"no_of_atoms": 292, "centre_of_mass": [6.704608925327754, 11.632346813795156, 23.4648855202837], "maximum_diameter": {"diameter": 21.610903067021876, "atom_1": 71, "atom_2": 278}, "pore_diameter": {"diameter": 4.981306413810727, "atom": 144}, "pore_volume": 64.71849269154706, "pore_diameter_opt": {"diameter": 5.8780000418959935, "atom_1": 37, "centre_of_mass": [6.704565053557258, 11.183999997878617, 23.46487133660626]}, "pore_volume_opt": 106.33772795512418, "windows": {"diameters": [4.9170164071621, 4.907201306857365], "centre_of_mass": [[7.924058051954617, 11.19491078935427, 27.012210583674342], [5.516444340381185, 11.19539533582387, 19.992982449671633]]}}