{"no_of_atoms": 195, "centre_of_mass": [0.08504029945284945, 3.6292193870892806, 11.794536352582814], "maximum_diameter": {"diameter": 21.05343119308198, "atom_1": 152, "atom_2": 183}, "pore_diameter": {"diameter": 5.550565562445854, "atom": 156}, "pore_volume": 89.53860685246495, "pore_diameter_opt": {"diameter": 5.603498499666459, "atom_1": 156, "centre_of_mass": [0.06480012927278564, 3.6277527225016257, 11.77490909050957]}, "pore_volume_opt": 92.12476696029528, "windows": {"diameters": [3.960972207997623, 3.9272768631406314], "centre_of_mass": [[-1.8966390118879697, 3.2599088795244224, 14.744191598950085], [3.1109309325000027, 2.06164764132323, 9.715061918529846]]}}