{"no_of_atoms": 195, "centre_of_mass": [19.40967371082175, 3.6293078447224922, 0.019833349778625112], "maximum_diameter": {"diameter": 21.053431193081984, "atom_1": 121, "atom_2": 193}, "pore_diameter": {"diameter": 5.553445605509172, "atom": 63}, "pore_volume": 89.67805689683018, "pore_diameter_opt": {"diameter": 5.605181061180483, "atom_1": 60, "centre_of_mass": [19.428753778036413, 3.628995553833618, 0.03937551140459621]}, "pore_volume_opt": 92.20777874420713, "windows": {"diameters": [3.9067178850549307, 3.879141922308173], "centre_of_mass": [[16.515444669271243, 5.190572295877914, 1.3395679859017409], [23.063623870466035, 3.873721671412842, -0.2718604841261805]]}}