{"no_of_atoms": 121, "centre_of_mass": [25.265865443182786, 4.682905130781448, 8.490614077987498], "maximum_diameter": {"diameter": 16.587437037863474, "atom_1": 72, "atom_2": 91}, "pore_diameter": {"diameter": 4.325259209916661, "atom": 18}, "pore_volume": 42.367714900617365, "pore_diameter_opt": {"diameter": 4.854366730440736, "atom_1": 32, "centre_of_mass": [25.69680184390956, 4.830006260635727, 8.185397514880666]}, "pore_volume_opt": 59.89580004848046, "windows": {"diameters": [4.539459067181257, 4.233324600883037], "centre_of_mass": [[26.267227389737705, 9.342850312116402, 9.250570088611155], [24.78017614089756, 1.497818328659334, 7.696892120400326]]}}