{"no_of_atoms": 128, "centre_of_mass": [4.974564745334902, 6.3528720625269, 20.46879524482857], "maximum_diameter": {"diameter": 17.413461720830234, "atom_1": 55, "atom_2": 123}, "pore_diameter": {"diameter": 4.272686924110884, "atom": 26}, "pore_volume": 40.84151437717906, "pore_diameter_opt": {"diameter": 4.91201829248406, "atom_1": 26, "centre_of_mass": [5.110151654188555, 6.272402128241838, 20.752983935137078]}, "pore_volume_opt": 62.05525273025785, "windows": {"diameters": [4.67286833471112, 3.8771974666417646], "centre_of_mass": [[4.736889905601801, 7.943500346818225, 20.99967038395255], [5.428419873232516, 2.5081243539573514, 20.30901185183767]]}}