{"no_of_atoms": 121, "centre_of_mass": [15.057603354497026, 6.822688638237952, 14.214277732761452], "maximum_diameter": {"diameter": 16.588220639620985, "atom_1": 60, "atom_2": 115}, "pore_diameter": {"diameter": 4.325925653593963, "atom": 77}, "pore_volume": 42.38730219828669, "pore_diameter_opt": {"diameter": 4.814554452800881, "atom_1": 12, "centre_of_mass": [14.790200900968246, 6.839854506834858, 14.441107542128771]}, "pore_volume_opt": 58.43417692784988, "windows": {"diameters": [4.646763001201444, 4.267223295212975], "centre_of_mass": [[15.601894996180626, 11.598372857402921, 15.424328692954953], [14.24239912593417, 3.0378242468302434, 13.611170901410253]]}}