{"no_of_atoms": 128, "centre_of_mass": [5.234556659200343, 10.905710945338855, 9.116258711067141], "maximum_diameter": {"diameter": 17.41323094422191, "atom_1": 3, "atom_2": 127}, "pore_diameter": {"diameter": 4.2720654046765905, "atom": 39}, "pore_volume": 40.823694136804164, "pore_diameter_opt": {"diameter": 4.9125085033050055, "atom_1": 39, "centre_of_mass": [5.371116358889819, 10.986566425782184, 9.400650284769515]}, "pore_volume_opt": 62.07383360102379, "windows": {"diameters": [4.666607081379347, 3.8750533920450168], "centre_of_mass": [[4.994699059154339, 9.30123064905782, 9.654041800584267], [5.6757495086391385, 14.679183280687884, 8.961200648884805]]}}