{"no_of_atoms": 128, "centre_of_mass": [35.3489590253024, 5.152836333203031, 2.2361478564377637], "maximum_diameter": {"diameter": 17.414002133385697, "atom_1": 43, "atom_2": 127}, "pore_diameter": {"diameter": 4.271008525974308, "atom": 53}, "pore_volume": 40.79340315405652, "pore_diameter_opt": {"diameter": 4.911790348946624, "atom_1": 5, "centre_of_mass": [35.21245449489869, 5.233654716981363, 1.9515557825413425]}, "pore_volume_opt": 62.04661405878831, "windows": {"diameters": [3.875421209411662, 4.638939551890196], "centre_of_mass": [[34.91722828362499, 8.88053381658042, 2.389236408655843], [35.59728914179387, 3.457377595863598, 1.65470934863579]]}}