{"no_of_atoms": 106, "centre_of_mass": [7.1042097887995, 5.63054499989172, 2.9168395490671677], "maximum_diameter": {"diameter": 17.924678656612844, "atom_1": 42, "atom_2": 57}, "pore_diameter": {"diameter": 3.773594805799236, "atom": 2}, "pore_volume": 28.136133675507985, "pore_diameter_opt": {"diameter": 3.9054544297759786, "atom_1": 2, "centre_of_mass": [7.111151801479349, 5.693419923202012, 2.8982559292881995]}, "pore_volume_opt": 31.189854322739055, "windows": {"diameters": [4.0906064830356375, 4.1379285542443185, 4.045399318552526], "centre_of_mass": [[8.197698817262207, 5.563357274576437, 5.048058355432014], [8.566722938524926, 5.482291088939326, 4.234008986874791], [8.120725339748414, 5.557071435360998, 0.685457063258561]]}}