{"no_of_atoms": 106, "centre_of_mass": [8.295192107998655, 10.89945500010828, 15.284663400214388], "maximum_diameter": {"diameter": 17.92503343915153, "atom_1": 63, "atom_2": 73}, "pore_diameter": {"diameter": 3.773132306664206, "atom": 88}, "pore_volume": 28.12578968522939, "pore_diameter_opt": {"diameter": 3.90516931844606, "atom_1": 8, "centre_of_mass": [8.302157643083435, 10.83649676128388, 15.26605553726223]}, "pore_volume_opt": 31.18302392809492, "windows": {"diameters": [4.068081572537389, 4.121451798927854, 4.2230552485355135], "centre_of_mass": [[9.123679721442052, 10.889581299887416, 17.633181626324216], [9.983938316391416, 11.104951668571289, 16.46240248391422], [9.078780570905993, 10.930650977954851, 12.716742727041911]]}}