{"no_of_atoms": 126, "centre_of_mass": [-1.789330843051169, 11.8655295133589, 18.922416399784645], "maximum_diameter": {"diameter": 16.295046103058336, "atom_1": 28, "atom_2": 118}, "pore_diameter": {"diameter": 4.766474972361955, "atom": 21}, "pore_volume": 56.700981059652555, "pore_diameter_opt": {"diameter": 4.981640830060927, "atom_1": 84, "centre_of_mass": [-1.7338434979005048, 11.749473347304162, 18.891900515080163]}, "pore_volume_opt": 64.73152804825459, "windows": {"diameters": [3.0466198232337884, 3.4583372731506117], "centre_of_mass": [[-1.8297003843495694, 13.676921608840289, 21.23570588422597], [-1.3931675182586942, 9.355030456933761, 16.277882544252087]]}}