{"no_of_atoms": 112, "centre_of_mass": [11.154094269069038, 12.845300575318083, 8.3288138957253], "maximum_diameter": {"diameter": 23.524038511959258, "atom_1": 62, "atom_2": 111}, "pore_diameter": {"diameter": 4.419393874389075, "atom": 105}, "pore_volume": 45.19462117509794, "pore_diameter_opt": {"diameter": 4.993899599236951, "atom_1": 21, "centre_of_mass": [10.963005668988043, 12.751155400747106, 8.123312098215688]}, "pore_volume_opt": 65.21057693821099, "windows": {"diameters": [4.088694776658166, 4.2175933397908185], "centre_of_mass": [[8.988096481314365, 13.715971714766384, 8.989853259187358], [13.279822072455655, 12.049856192692742, 7.664269672671605]]}}