{"no_of_atoms": 80, "centre_of_mass": [8.784078864076553, 3.290872127629421, 8.888361270827849], "maximum_diameter": {"diameter": 15.772387906471769, "atom_1": 26, "atom_2": 54}, "pore_diameter": {"diameter": 1.6154389055573932, "atom": 8}, "pore_volume": 2.2073450981476617, "pore_diameter_opt": {"diameter": 1.7570568257032684, "atom_1": 59, "centre_of_mass": [8.84585102032019, 3.291421203653192, 8.942694963631487]}, "pore_volume_opt": 2.840246573470844, "windows": {"diameters": [0.9482576001992062, 1.9442610138131315, 1.876463259340993], "centre_of_mass": [[8.308784518628084, 3.542866690203597, 12.056864092890219], [7.172458716638184, 3.4269125315187674, 10.272325433329371], [10.475454958850497, 3.327775415133697, 7.313286651257599]]}}