{"no_of_atoms": 168, "centre_of_mass": [11.09942757373117, 12.276534518612381, 10.10950139122687], "maximum_diameter": {"diameter": 24.63739807509385, "atom_1": 0, "atom_2": 161}, "pore_diameter": {"diameter": 4.228552784014882, "atom": 26}, "pore_volume": 39.58894156525448, "pore_diameter_opt": {"diameter": 4.829163392530848, "atom_1": 26, "centre_of_mass": [11.372326285594337, 12.385866349283642, 10.006174838420149]}, "pore_volume_opt": 58.96771806000006, "windows": {"diameters": [2.885404612546267, 2.156781852009495, 1.6573385425355744, 1.5758684343390117], "centre_of_mass": [[14.017845194024932, 9.73611735861466, 11.596482277218957], [14.924250209486432, 12.497209559334253, 11.217501879813003], [6.668471185385425, 13.189991912183835, 10.852883610674295], [9.02597578057365, 16.092060053065804, 8.262241097383978]]}}