{"no_of_atoms": 372, "centre_of_mass": [18.800131498934718, 3.0227407564952404, 6.516515565263072], "maximum_diameter": {"diameter": 28.6331469016448, "atom_1": 29, "atom_2": 347}, "pore_diameter": {"diameter": 3.754566277316068, "atom": 202}, "pore_volume": 27.712643029785617, "pore_diameter_opt": {"diameter": 3.754591706105112, "atom_1": 202, "centre_of_mass": [18.800128747163907, 3.0227423952915013, 6.5165278700748255]}, "pore_volume_opt": 27.713206107121998, "windows": {"diameters": [1.2446986684625312, 2.0909053727765516, 2.122021043305456, 1.2355710985739061], "centre_of_mass": [[19.577027290171845, 3.8936379389354663, 9.222792717397349], [16.91859221665709, 0.5658904002895331, 8.559079219482403], [17.66742060129151, 8.523365630772021, 7.06738614254842], [17.90489725756542, 3.901317205998342, 3.5264623608402434]]}}