{"no_of_atoms": 157, "centre_of_mass": [4.411898241100032, 3.8271939685311067, 14.19303359160606], "maximum_diameter": {"diameter": 17.5634093102543, "atom_1": 70, "atom_2": 107}, "pore_diameter": {"diameter": 5.1719338707339375, "atom": 18}, "pore_volume": 72.4365090590271, "pore_diameter_opt": {"diameter": 6.284612117962206, "atom_1": 146, "centre_of_mass": [4.358108143149731, 2.8184468690215994, 13.555833933587358]}, "pore_volume_opt": 129.96728831908231, "windows": {"diameters": [5.28572331781003, 6.516543358290768], "centre_of_mass": [[4.481694279368105, 4.470550126596821, 15.346380482715514], [4.2011525022579, 2.5870194371757775, 13.007599928853516]]}}