{"no_of_atoms": 246, "centre_of_mass": [0.0001997409315275829, 12.734340473495683, 0.0001997409315273713], "maximum_diameter": {"diameter": 22.379733884385708, "atom_1": 64, "atom_2": 243}, "pore_diameter": {"diameter": 4.20154053921895, "atom": 191}, "pore_volume": 38.83508831149291, "pore_diameter_opt": {"diameter": 4.201774771172568, "atom_1": 46, "centre_of_mass": [0.0002223255617056024, 12.734223936789828, 0.00021618115834089413]}, "pore_volume_opt": 38.84158373309752, "windows": {"diameters": [1.1064225603203064, 1.1138356172497157, 1.1105159189185438, 1.1048816475352967], "centre_of_mass": [[1.8360092961333083, 14.570688521835912, 1.83593406338334], [-1.8772272243004384, 10.856761323637825, 1.8775633005235977], [-1.8570602108289618, 14.592076799911759, -1.8570344548697486], [1.8007688018211039, 10.933566666264527, -1.8003933586558907]]}}