{"no_of_atoms": 379, "centre_of_mass": [0.12320050295455774, 12.726528741383488, 0.13682486489686124], "maximum_diameter": {"diameter": 22.38172599061773, "atom_1": 91, "atom_2": 378}, "pore_diameter": {"diameter": 3.8739814266074455, "atom": 68}, "pore_volume": 30.44186284604985, "pore_diameter_opt": {"diameter": 4.202016777860445, "atom_1": 130, "centre_of_mass": [-0.00047158726407476556, 12.733850801177319, -0.00015846093742397782]}, "pore_volume_opt": 38.8482955143954, "windows": {"diameters": [1.1135207624797503, 1.1064474564228495, 1.1045568408865525, 1.1100056142101873], "centre_of_mass": [[-1.8783390636976305, 10.856689542902249, 1.8773417324707606], [1.8359723351633963, 14.57067701716282, 1.8359813746172287], [1.8012453027865951, 10.933486357005965, -1.8018313896991467], [-1.8586234641485226, 14.59227268595423, -1.8582274151027443]]}}