{"no_of_atoms": 116, "centre_of_mass": [3.1226360182165727, 15.033661085633105, 3.632347309841215], "maximum_diameter": {"diameter": 19.776450920569186, "atom_1": 36, "atom_2": 58}, "pore_diameter": {"diameter": 1.322290969169004, "atom": 16}, "pore_volume": 1.2105415983147139, "pore_diameter_opt": {"diameter": 1.724032826329251, "atom_1": 83, "centre_of_mass": [2.912248408147303, 14.975044612041556, 3.7746067440580204]}, "pore_volume_opt": 2.6830898383817705, "windows": {"diameters": [0.6480870971717123, 0.8299139443582884], "centre_of_mass": [[2.2344940557786632, 15.460923671737877, 5.258317374381564], [1.7755460069182638, 14.344148919474911, 1.7303345946485633]]}}