{"no_of_atoms": 119, "centre_of_mass": [6.091647312702544, 24.14919028037989, 4.261619906173131], "maximum_diameter": {"diameter": 19.924908960036962, "atom_1": 31, "atom_2": 67}, "pore_diameter": {"diameter": 1.6854398911824533, "atom": 103}, "pore_volume": 2.506908184546165, "pore_diameter_opt": {"diameter": 1.7633224595050971, "atom_1": 9, "centre_of_mass": [6.057001274978262, 24.14396059604006, 4.329465568316119]}, "pore_volume_opt": 2.8707398622502796, "windows": {"diameters": [0.7315378137557222, 0.6735215113766433, 1.141779322260625], "centre_of_mass": [[5.487894109932242, 26.056105762308327, 6.121507820462425], [7.179606774542734, 21.870966116733875, 4.783096172791489], [3.8173289488932585, 24.940043173599665, 3.0531617005183196]]}}