{"no_of_atoms": 119, "centre_of_mass": [10.338056838365894, 10.464756336326111, 1.1786945586672837], "maximum_diameter": {"diameter": 19.92535770279089, "atom_1": 14, "atom_2": 114}, "pore_diameter": {"diameter": 1.6860093707147672, "atom": 55}, "pore_volume": 2.509450159493217, "pore_diameter_opt": {"diameter": 1.7603336838725965, "atom_1": 41, "centre_of_mass": [10.367592698336145, 10.456068877299305, 1.1113300669364183]}, "pore_volume_opt": 2.8561671514657316, "windows": {"diameters": [0.8110373001380773, 0.7292578195361714], "centre_of_mass": [[9.485841901723454, 8.973766270399409, 0.898495449311284], [10.94499494847927, 12.347338256518524, -0.6685886893423956]]}}