{"no_of_atoms": 136, "centre_of_mass": [19.93283361995107, 11.305816126732466, 4.404962378329225], "maximum_diameter": {"diameter": 22.88360821488335, "atom_1": 12, "atom_2": 133}, "pore_diameter": {"diameter": 1.8803874293592497, "atom": 38}, "pore_volume": 3.4812935057954193, "pore_diameter_opt": {"diameter": 2.049213831973176, "atom_1": 33, "centre_of_mass": [19.902289119795824, 11.293460785789765, 4.484438718030898]}, "pore_volume_opt": 4.5056811829679955, "windows": {"diameters": [1.206238267924793, 1.0565063182895424, 1.2431796809849405, 1.1465553114368077], "centre_of_mass": [[17.390612391824156, 12.132826536784378, 5.100965083802526], [22.33806528527958, 10.501352776061585, 4.790657109061171], [17.415621493938843, 10.024182087131749, 4.047302747648997], [22.11418486816841, 12.521065594026842, 3.8589076771398876]]}}