{"no_of_atoms": 120, "centre_of_mass": [8.031929621405805, 8.212770364728364, 8.154849243267476], "maximum_diameter": {"diameter": 17.12719439652546, "atom_1": 55, "atom_2": 76}, "pore_diameter": {"diameter": 4.944160835191608, "atom": 79}, "pore_volume": 63.28144572470734, "pore_diameter_opt": {"diameter": 5.053248302359277, "atom_1": 8, "centre_of_mass": [7.990930911582805, 8.265136227475804, 8.060092416583046]}, "pore_volume_opt": 67.5632509820243, "windows": {"diameters": [3.3215560063388274, 3.5894564882642888], "centre_of_mass": [[8.462880900420881, 5.9572158918610505, 10.145460656931201], [7.294055756587649, 10.089256437854813, 5.853964153726306]]}}