{"no_of_atoms": 162, "centre_of_mass": [0.8374742413487921, 2.1354025018183096, 5.493563185152084], "maximum_diameter": {"diameter": 17.97463344964244, "atom_1": 12, "atom_2": 138}, "pore_diameter": {"diameter": 4.366846851960288, "atom": 104}, "pore_volume": 43.60160798685819, "pore_diameter_opt": {"diameter": 4.5731414988801955, "atom_1": 95, "centre_of_mass": [0.8212282411694847, 2.1153657002629576, 5.5954788492832614]}, "pore_volume_opt": 50.077488508514, "windows": {"diameters": [4.574361320629793, 3.686834309075637], "centre_of_mass": [[0.8212922931832227, 2.116200684417629, 5.594537411951611], [0.4874803291193265, 0.31245601248790655, 3.879461566036173]]}}