{"no_of_atoms": 150, "centre_of_mass": [2.7608331328872553, 16.114870276564645, 4.3762956732525105], "maximum_diameter": {"diameter": 23.130436031674513, "atom_1": 38, "atom_2": 80}, "pore_diameter": {"diameter": 0.4922506200077823, "atom": 22}, "pore_volume": 0.06245359430427062, "pore_diameter_opt": {"diameter": 0.8614175419891636, "atom_1": 22, "centre_of_mass": [2.6454653182075267, 16.04557215376729, 4.622420568200103]}, "pore_volume_opt": 0.33468770375240403, "windows": {"diameters": [1.1565275948621019, 1.1373314222070268, 1.2558553814104125], "centre_of_mass": [[2.854833897426101, 15.909536753929881, 5.3809027985064395], [2.7074608766185846, 16.19885139647224, 5.604213339192135], [2.8198466488719682, 15.475185059274578, 2.248810657732837]]}}