{"no_of_atoms": 98, "centre_of_mass": [6.367922810349385, 11.85252730761323, 4.124508926328019], "maximum_diameter": {"diameter": 15.960695882284028, "atom_1": 52, "atom_2": 72}, "pore_diameter": {"diameter": 1.8483053404851142, "atom": 42}, "pore_volume": 3.3061288655680166, "pore_diameter_opt": {"diameter": 2.0216362386213294, "atom_1": 42, "centre_of_mass": [6.3131298382008065, 11.907320275482903, 4.167374056220834]}, "pore_volume_opt": 4.326210668450588, "windows": {"diameters": [1.5084099992371587, 1.8535140966345316, 1.2227901312081393, 1.9187035509947896], "centre_of_mass": [[5.553902330634133, 11.765191085124266, 5.100180621999398], [7.270884949694301, 11.936430386811665, 4.576422050304399], [6.312589831734124, 13.369609824187059, 3.571910814785185], [5.687238950242383, 11.35787993131289, 3.5842216524766597]]}}