{"no_of_atoms": 100, "centre_of_mass": [2.6110831262666303, 4.8501966458131385, 21.663939587922574], "maximum_diameter": {"diameter": 16.96422003353576, "atom_1": 3, "atom_2": 98}, "pore_diameter": {"diameter": 2.2445601558104857, "atom": 45}, "pore_volume": 5.920963313626884, "pore_diameter_opt": {"diameter": 2.5238920609559936, "atom_1": 50, "centre_of_mass": [2.5714617799753148, 4.804224499424452, 22.037645988077347]}, "pore_volume_opt": 8.418039416096084, "windows": {"diameters": [2.5459790269905054, 2.6899586723415285], "centre_of_mass": [[2.8089859825106274, 4.4022759044025115, 21.898677511156148], [2.1572986727989694, 5.497751139015927, 21.820629929216455]]}}