{"no_of_atoms": 100, "centre_of_mass": [16.782688953505453, 4.850196645813139, 21.23661477956942], "maximum_diameter": {"diameter": 16.964084313882957, "atom_1": 56, "atom_2": 98}, "pore_diameter": {"diameter": 2.2443019590397486, "atom": 44}, "pore_volume": 5.918920243738416, "pore_diameter_opt": {"diameter": 2.5213565869165504, "atom_1": 14, "centre_of_mass": [16.825432703847465, 4.814824842328713, 20.858255187677923]}, "pore_volume_opt": 8.392694886216583, "windows": {"diameters": [2.511043981423725, 2.5746161289169884], "centre_of_mass": [[16.686912035019148, 4.575601025600812, 20.942098328229715], [17.065018443693855, 5.211832542951108, 20.94073139362753]]}}