{"no_of_atoms": 100, "centre_of_mass": [-4.70361471495286, 8.6150949129145, 21.45023680206773], "maximum_diameter": {"diameter": 16.63360162727616, "atom_1": 56, "atom_2": 98}, "pore_diameter": {"diameter": 1.6338150341018327, "atom": 52}, "pore_volume": 2.2835329703184284, "pore_diameter_opt": {"diameter": 1.633985121409816, "atom_1": 52, "centre_of_mass": [-4.703532445823252, 8.615081246089442, 21.450214041243367]}, "pore_volume_opt": 2.284246221946761, "windows": {"diameters": [1.8817002522283022, 1.8774627094850547], "centre_of_mass": [[-4.6237959631337135, 8.809311124636924, 22.15324455434988], [-4.770178935965407, 8.360617295348233, 20.86341364451303]]}}