{"no_of_atoms": 100, "centre_of_mass": [2.382308080007048, 12.687176046347693, 21.236614779569422], "maximum_diameter": {"diameter": 16.964220033535756, "atom_1": 46, "atom_2": 95}, "pore_diameter": {"diameter": 2.242673520553448, "atom": 58}, "pore_volume": 5.906045498174947, "pore_diameter_opt": {"diameter": 2.5186113785209083, "atom_1": 12, "centre_of_mass": [2.4220891285500423, 12.647799250616, 20.858578660636752]}, "pore_volume_opt": 8.365311270023076, "windows": {"diameters": [2.5107957814607285, 2.5741853282290683], "centre_of_mass": [[2.286854421735198, 12.4118849605274, 20.941759764819906], [2.66475226425077, 13.048052780488893, 20.940340773893855]]}}