{"no_of_atoms": 138, "centre_of_mass": [17.912517958490994, 3.41647807426094, 22.96352255182518], "maximum_diameter": {"diameter": 22.150570572720245, "atom_1": 3, "atom_2": 123}, "pore_diameter": {"diameter": 0.8266352538764337, "atom": 60}, "pore_volume": 0.2957606492845329, "pore_diameter_opt": {"diameter": 0.8814662864116429, "atom_1": 52, "centre_of_mass": [17.894301916090175, 3.434226299648212, 22.943974597368303]}, "pore_volume_opt": 0.35860450536850413, "windows": {"diameters": [0.36524627696454903, 0.5092974066366636, 2.47070940412852], "centre_of_mass": [[18.286339377310394, 3.5057060117873773, 24.24092044527941], [16.669521277965575, 3.4705694373386122, 22.77672526324178], [21.40374848728399, 3.032799756806167, 21.04334373919342]]}}