{"no_of_atoms": 105, "centre_of_mass": [16.041417487109182, 5.445970313098408, 5.122189303257533], "maximum_diameter": {"diameter": 15.142359004901872, "atom_1": 17, "atom_2": 98}, "pore_diameter": {"diameter": 4.01244904848936, "atom": 99}, "pore_volume": 33.82417512328854, "pore_diameter_opt": {"diameter": 4.0636458902308625, "atom_1": 99, "centre_of_mass": [16.01955741706511, 5.422509128079793, 5.1377109535955485]}, "pore_volume_opt": 35.13550424317517, "windows": {"diameters": [2.346853840740046, 2.3013915431677576], "centre_of_mass": [[18.28342942227632, 5.331947125562858, 7.417575607870738], [13.737014713774268, 5.532021095132983, 2.888278391514981]]}}