{"no_of_atoms": 104, "centre_of_mass": [8.522158209517762, 0.1994873423789778, 17.243512657621025], "maximum_diameter": {"diameter": 13.503562116224733, "atom_1": 6, "atom_2": 91}, "pore_diameter": {"diameter": 3.652900689386621, "atom": 15}, "pore_volume": 25.521853900054612, "pore_diameter_opt": {"diameter": 3.9207451009140803, "atom_1": 15, "centre_of_mass": [8.604138816161718, 0.12608956894843343, 17.320085866992375]}, "pore_volume_opt": 31.557634924003175, "windows": {"diameters": [3.7482008872426946, 3.729228421349847, 3.729126513722878], "centre_of_mass": [[7.419613335476297, 0.298793692839256, 18.41646346010586], [9.7256604214315, 1.3549105569454747, 17.16668784448448], [8.445562660845653, -1.0046268410459134, 16.088172651022646]]}}