{"no_of_atoms": 104, "centre_of_mass": [0.19948734237897772, 17.24351265762102, 8.522158209517762], "maximum_diameter": {"diameter": 13.503562116224733, "atom_1": 6, "atom_2": 88}, "pore_diameter": {"diameter": 3.652900689386621, "atom": 15}, "pore_volume": 25.521853900054612, "pore_diameter_opt": {"diameter": 3.9207450975096836, "atom_1": 15, "centre_of_mass": [0.12608958300352946, 17.320085854199146, 8.604138839979417]}, "pore_volume_opt": 31.557634841798357, "windows": {"diameters": [3.282858019257102, 3.4699242219213846, 3.2870620210956516], "centre_of_mass": [[2.005203148863486, 17.94530419546859, 11.115680516938628], [-2.920304121348579, 15.286144326893336, 9.498948710474593], [-0.512628205729501, 19.856064740509595, 6.711268233474108]]}}