{"no_of_atoms": 135, "centre_of_mass": [4.468565837072616, 9.145232825615297, 8.698744269687227], "maximum_diameter": {"diameter": 24.96998983318072, "atom_1": 95, "atom_2": 132}, "pore_diameter": {"diameter": 3.6014669796476535, "atom": 28}, "pore_volume": 24.45890071350268, "pore_diameter_opt": {"diameter": 4.703083718770316, "atom_1": 76, "centre_of_mass": [4.920231785937235, 9.688127765950972, 8.14248944686619]}, "pore_volume_opt": 54.46866752022083, "windows": {"diameters": [4.066944931119314, 4.766764903271859], "centre_of_mass": [[4.934317323216498, 10.275238320676877, 10.44289032966692], [3.6026069756112364, 8.395065559899148, 2.9890619882106764]]}}