{"no_of_atoms": 135, "centre_of_mass": [4.468545956170421, 9.14511242117716, 8.69867020767073], "maximum_diameter": {"diameter": 24.96892641675877, "atom_1": 95, "atom_2": 132}, "pore_diameter": {"diameter": 3.6012679970984203, "atom": 28}, "pore_volume": 24.454846844162827, "pore_diameter_opt": {"diameter": 4.528253024809041, "atom_1": 72, "centre_of_mass": [4.855658860975061, 9.847849066910358, 8.51000028322711]}, "pore_volume_opt": 48.61728250306987, "windows": {"diameters": [4.07665026741507, 4.745871616947401], "centre_of_mass": [[4.836316079481386, 10.141746275432029, 10.133024412859292], [3.6931005023675114, 8.567166958573289, 3.3895926000213636]]}}