{"no_of_atoms": 60, "centre_of_mass": [3.8702255874207094, 7.302379717843133, 14.372002046733753], "maximum_diameter": {"diameter": 12.578006780147819, "atom_1": 8, "atom_2": 54}, "pore_diameter": {"diameter": 1.1554597327311913, "atom": 17}, "pore_volume": 0.8077241493628862, "pore_diameter_opt": {"diameter": 1.1606703328749135, "atom_1": 4, "centre_of_mass": [3.8708145024983907, 7.296678267970474, 14.371791905919705]}, "pore_volume_opt": 0.818700911513889, "windows": {"diameters": [0.38336920180740286, 0.4572553096666456, 0.3930794802030442], "centre_of_mass": [[2.5258400109697208, 6.955996225086432, 14.54899806845648], [3.5700768986175078, 8.749410635542333, 14.335856092395042], [4.759884634613518, 6.36777151454447, 14.353612436081884]]}}