{"no_of_atoms": 87, "centre_of_mass": [-3.882437554036185e-05, 8.467417433957989, 3.055737942738004], "maximum_diameter": {"diameter": 14.164761866637152, "atom_1": 6, "atom_2": 80}, "pore_diameter": {"diameter": 2.528819173281327, "atom": 34}, "pore_volume": 8.467436515054356, "pore_diameter_opt": {"diameter": 2.529580092347939, "atom_1": 32, "centre_of_mass": [0.0002734006333113265, 8.467402012369803, 3.0560000259411444]}, "pore_volume_opt": 8.47508234381237, "windows": {"diameters": [1.9962687931842056, 1.9943825372551092, 1.992657062750045], "centre_of_mass": [[-1.2668173181552473, 7.860966778297502, 3.0559463978135253], [0.10635655214348293, 9.848259611648936, 3.0559913125286995], [1.127167326015478, 7.69598402183051, 3.055867073705655]]}}