{"no_of_atoms": 87, "centre_of_mass": [7.333038824375538, 4.23367318318828, 9.166999999999998], "maximum_diameter": {"diameter": 14.164761866637148, "atom_1": 30, "atom_2": 65}, "pore_diameter": {"diameter": 2.5292849418406482, "atom": 9}, "pore_volume": 8.472116081142934, "pore_diameter_opt": {"diameter": 2.5292849418406482, "atom_1": 9, "centre_of_mass": [7.333038824375538, 4.23367318318828, 9.166999999999998]}, "pore_volume_opt": 8.472116081142934, "windows": {"diameters": [1.9877584268071806, 1.9922735266312617, 1.9890297784653979], "centre_of_mass": [[8.4672602884729, 4.779489281128617, 9.16700486623742], [7.228784283919732, 2.875918868509439, 9.166995566407131], [6.249062421724776, 4.975308732695054, 9.167008471275933]]}}