{"no_of_atoms": 158, "centre_of_mass": [3.535069042178007, 7.418061147786872, 2.2405736408033996], "maximum_diameter": {"diameter": 20.858196272659733, "atom_1": 68, "atom_2": 113}, "pore_diameter": {"diameter": 6.325837538727905, "atom": 43}, "pore_volume": 132.5417573692412, "pore_diameter_opt": {"diameter": 6.346324054481983, "atom_1": 43, "centre_of_mass": [3.539936939268086, 7.411642951104248, 2.2342463416614504]}, "pore_volume_opt": 133.83365996464622, "windows": {"diameters": [6.547847369030302, 6.691295530186762, 5.571078685469828], "centre_of_mass": [[4.275893637771577, 7.557796164384381, 2.621905570079212], [3.9494628048363634, 8.298952443940328, 1.5408845761358037], [6.53464932350977, 11.614589143443277, 1.9449325477090564]]}}