{"no_of_atoms": 240, "centre_of_mass": [2.5751874626631817, 28.332653544304726, 28.176248451440113], "maximum_diameter": {"diameter": 22.583201610654097, "atom_1": 46, "atom_2": 210}, "pore_diameter": {"diameter": 4.533244625111193, "atom": 87}, "pore_volume": 48.778235732980974, "pore_diameter_opt": {"diameter": 7.33948988147753, "atom_1": 141, "centre_of_mass": [0.7226822325650523, 27.79587896898159, 29.00050659574628]}, "pore_volume_opt": 207.01234764521385, "windows": {"diameters": [6.931055912821462, 4.992739428138854], "centre_of_mass": [[-0.734654317005899, 27.33801999751932, 29.745939764935464], [7.217321738865883, 30.367934335716214, 27.777092738253717]]}}