{"no_of_atoms": 240, "centre_of_mass": [8.212740204287494, 13.803653544304739, 20.26017060661926], "maximum_diameter": {"diameter": 22.583012024449438, "atom_1": 78, "atom_2": 178}, "pore_diameter": {"diameter": 4.533379423705645, "atom": 94}, "pore_volume": 48.782587207706555, "pore_diameter_opt": {"diameter": 7.340916901357129, "atom_1": 127, "centre_of_mass": [10.064764573359646, 13.26620740834585, 19.43635096280188]}, "pore_volume_opt": 207.13311959833214, "windows": {"diameters": [4.2069291836142035, 6.936411833115024], "centre_of_mass": [[6.0704638030440705, 14.9895907766788, 19.11132058509484], [11.401033013682813, 12.849614190525898, 18.73914387443882]]}}