{"no_of_atoms": 120, "centre_of_mass": [14.061026643291026, 9.320446796992826, 12.80305895447829], "maximum_diameter": {"diameter": 17.319777332989204, "atom_1": 39, "atom_2": 85}, "pore_diameter": {"diameter": 5.073748038405357, "atom": 43}, "pore_volume": 68.38885168511986, "pore_diameter_opt": {"diameter": 5.073910169999722, "atom_1": 1, "centre_of_mass": [14.061017307619094, 9.320499864343638, 12.802997375849053]}, "pore_volume_opt": 68.39540799091026, "windows": {"diameters": [3.725293423792392, 3.7303679272280386], "centre_of_mass": [[16.929732858533974, 9.320530805724344, 14.561981512610648], [11.169439451346236, 9.32049261492574, 11.027632270228697]]}}