{"no_of_atoms": 73, "centre_of_mass": [2.148307203399909, 17.49508697362057, 11.626433888091595], "maximum_diameter": {"diameter": 14.240900438057235, "atom_1": 4, "atom_2": 62}, "pore_diameter": {"diameter": 4.051748755435117, "atom": 30}, "pore_volume": 34.82780823133886, "pore_diameter_opt": {"diameter": 4.055366437537195, "atom_1": 30, "centre_of_mass": [2.1493938252204767, 17.49644224516615, 11.625929505786495]}, "pore_volume_opt": 34.92118159491096, "windows": {"diameters": [4.073044537483504, 4.149362508774324], "centre_of_mass": [[2.090322705985646, 17.840505164852747, 12.480308550618371], [2.1512690145015996, 17.367561651339653, 11.20628911181872]]}}