{"no_of_atoms": 73, "centre_of_mass": [7.685124608907318, 3.6129733636745676, 3.0405009792183697], "maximum_diameter": {"diameter": 14.240200901102266, "atom_1": 30, "atom_2": 49}, "pore_diameter": {"diameter": 4.051103848973037, "atom": 46}, "pore_volume": 34.81118051936186, "pore_diameter_opt": {"diameter": 4.055275548271904, "atom_1": 33, "centre_of_mass": [7.683873131245457, 3.6114110170601705, 3.0410872166735192]}, "pore_volume_opt": 34.91883367682324, "windows": {"diameters": [4.265478009273316, 4.073447928042462], "centre_of_mass": [[8.474916944190714, 3.4817836484408846, 4.013152042001617], [7.7426351540628096, 3.2677445822068503, 2.184025398445311]]}}