{"no_of_atoms": 116, "centre_of_mass": [21.610691279467403, 22.173703255731215, 21.52819767085467], "maximum_diameter": {"diameter": 21.069983369439964, "atom_1": 72, "atom_2": 108}, "pore_diameter": {"diameter": 3.973014535096089, "atom": 19}, "pore_volume": 32.836668154339556, "pore_diameter_opt": {"diameter": 4.920279801124892, "atom_1": 5, "centre_of_mass": [22.1098683102564, 21.88897878681066, 21.506875855358693]}, "pore_volume_opt": 62.36889127001775, "windows": {"diameters": [4.6028397552680165, 4.109688062656961], "centre_of_mass": [[20.06412675854179, 20.899349399654405, 22.613324606940076], [24.85542261287668, 23.849758365683567, 19.770105357230637]]}}