{"no_of_atoms": 116, "centre_of_mass": [12.063801851969819, 10.93782525520476, 18.076479162334618], "maximum_diameter": {"diameter": 20.86159069779946, "atom_1": 90, "atom_2": 107}, "pore_diameter": {"diameter": 3.9548954847654705, "atom": 15}, "pore_volume": 32.3894561033489, "pore_diameter_opt": {"diameter": 4.884495168906772, "atom_1": 9, "centre_of_mass": [11.703832612482739, 11.273079816624072, 18.27474563026343]}, "pore_volume_opt": 61.017958821518654, "windows": {"diameters": [4.798118100843462, 3.8178084812924946], "centre_of_mass": [[13.899406208242654, 12.701020164430538, 18.202313453927115], [8.191785023473244, 9.076812096655622, 17.937798444143276]]}}