{"no_of_atoms": 288, "centre_of_mass": [16.888507752402944, 12.731025680422718, 4.902272702415694], "maximum_diameter": {"diameter": 19.66121031279013, "atom_1": 49, "atom_2": 226}, "pore_diameter": {"diameter": 6.3790122047579825, "atom": 41}, "pore_volume": 135.91234993712226, "pore_diameter_opt": {"diameter": 7.82765774907319, "atom_1": 135, "centre_of_mass": [17.337689488129843, 12.553515207019492, 4.157157081411064]}, "pore_volume_opt": 251.12740455700413, "windows": {"diameters": [3.4057497480142493, 3.7560037539667097, 3.6260419142528355, 2.713783626442319, 3.7385649371091767, 3.814492251879398], "centre_of_mass": [[14.578960561562894, 14.25207018987928, 8.118250098814766], [19.331556517874972, 8.313098722808002, 8.249476959443783], [21.36974741391843, 16.373099951851103, 5.62203626630842], [14.354903137596992, 8.967601917916852, 3.3882692109719534], [14.37983598890931, 16.576220187315997, 1.738959183444996], [19.6096566725192, 10.594419844149076, -0.9515451422085821]]}}