{"no_of_atoms": 288, "centre_of_mass": [7.768286118588717, 6.598185709564785, 14.240548195555304], "maximum_diameter": {"diameter": 19.66047164695507, "atom_1": 236, "atom_2": 240}, "pore_diameter": {"diameter": 6.380033791083754, "atom": 109}, "pore_volume": 135.97765868597355, "pore_diameter_opt": {"diameter": 7.774342027847174, "atom_1": 265, "centre_of_mass": [7.29101437150894, 6.791156564983129, 15.02293191264345]}, "pore_volume_opt": 246.03084152917984, "windows": {"diameters": [3.825624833667303, 3.8513348173163826, 2.6869087517843435, 3.865597676437972, 3.723916142572056, 3.6353581271741535], "centre_of_mass": [[5.031930362920815, 8.7525419455434, 20.130044006304278], [10.159239551099343, 3.0281863872590113, 17.259975323476702], [10.601602397128932, 10.735822506940096, 14.801532294534868], [3.6990870946807366, 3.4501158260039735, 13.606295450611992], [4.94322699763309, 10.77294411365949, 11.209068773647747], [10.657158292362322, 4.858478784325168, 9.50669618231979]]}}