{"no_of_atoms": 120, "centre_of_mass": [17.83470268157496, 13.104072164727478, 9.355726388069343], "maximum_diameter": {"diameter": 17.46632236940417, "atom_1": 30, "atom_2": 104}, "pore_diameter": {"diameter": 2.038218499356938, "atom": 52}, "pore_volume": 4.433542126694007, "pore_diameter_opt": {"diameter": 2.1316071549508906, "atom_1": 56, "centre_of_mass": [17.850617325508217, 13.129781605423492, 9.306699071648811]}, "pore_volume_opt": 5.0713096647169404, "windows": {"diameters": [2.3475108155677282, 2.4488366269664694, 7.538464347111411], "centre_of_mass": [[19.01882205229595, 12.751509729411234, 9.880068750228157], [16.75762696186181, 13.745768198920072, 9.032055218298636], [16.686392666391956, 8.042481009463515, 5.833404453419847]]}}