{"no_of_atoms": 107, "centre_of_mass": [9.953692779700702, 8.834093882978726, 19.386526841341755], "maximum_diameter": {"diameter": 19.296925074323365, "atom_1": 17, "atom_2": 105}, "pore_diameter": {"diameter": 3.007700372975427, "atom": 51}, "pore_volume": 14.24630806310211, "pore_diameter_opt": {"diameter": 3.633108711681129, "atom_1": 26, "centre_of_mass": [8.94502324990559, 7.814256322345703, 18.33650403592702]}, "pore_volume_opt": 25.109253541022998, "windows": {"diameters": [3.6353882744324904, 3.9023975737163803, 3.844193802632288], "centre_of_mass": [[8.610851025828213, 7.461989551386701, 18.755451837230883], [9.414062819655618, 8.785807804441118, 20.895926250649985], [9.591346933074048, 8.48568465842341, 18.301558351952366]]}}