{"no_of_atoms": 97, "centre_of_mass": [2.651606503517644, 15.524886483181273, 6.039006882763548], "maximum_diameter": {"diameter": 18.35323137162144, "atom_1": 68, "atom_2": 70}, "pore_diameter": {"diameter": 3.530166839311313, "atom": 8}, "pore_volume": 23.034793089075148, "pore_diameter_opt": {"diameter": 3.9856940041952353, "atom_1": 11, "centre_of_mass": [2.0038255900452264, 14.784803427836408, 5.738707299656105]}, "pore_volume_opt": 33.15205714090297, "windows": {"diameters": [4.039641014728218, 3.69276490417946], "centre_of_mass": [[1.7841410987731754, 14.528863199256898, 5.433446200888242], [4.075884059025025, 16.074005748369924, 2.595088088725894]]}}