{"no_of_atoms": 120, "centre_of_mass": [13.42077987211993, 5.181931834285179, 5.5055000000000005], "maximum_diameter": {"diameter": 17.249145198052876, "atom_1": 94, "atom_2": 103}, "pore_diameter": {"diameter": 4.367555917517299, "atom": 40}, "pore_volume": 43.62285083311462, "pore_diameter_opt": {"diameter": 4.367555917517299, "atom_1": 40, "centre_of_mass": [13.42077987211993, 5.181931834285179, 5.5055000000000005]}, "pore_volume_opt": 43.62285083311462, "windows": {"diameters": [4.597242175922604, 4.658743521848098, 4.191635761028591], "centre_of_mass": [[14.49938320208012, 7.114322170728524, 5.5054983717523225], [12.209189017467882, 7.034398987922758, 5.505491906712436], [14.514756784121747, 3.570731123783901, 5.505497352654523]]}}