{"no_of_atoms": 139, "centre_of_mass": [0.14119743857757827, 0.05351903403089857, 15.357769516596615], "maximum_diameter": {"diameter": 17.47365884934014, "atom_1": 79, "atom_2": 126}, "pore_diameter": {"diameter": 3.7426000478521906, "atom": 30}, "pore_volume": 27.44851659289029, "pore_diameter_opt": {"diameter": 4.037078554845662, "atom_1": 17, "centre_of_mass": [0.11330986920415573, 0.05834093684137048, 15.505473735218732]}, "pore_volume_opt": 34.45087229747806, "windows": {"diameters": [3.9510977139882955, 3.932574158519238, 3.923910210795872], "centre_of_mass": [[0.8296202895241287, 0.32495961505817694, 15.522303691866231], [-1.0135251646791308, 1.0851076815788434, 15.505462381044344], [0.0891194502915916, -1.400945310267779, 15.517539543954518]]}}