{"no_of_atoms": 138, "centre_of_mass": [0.19838285071339556, 0.0051922599750425505, 5.303524140320545], "maximum_diameter": {"diameter": 17.474073885005264, "atom_1": 15, "atom_2": 120}, "pore_diameter": {"diameter": 3.7135524342690034, "atom": 17}, "pore_volume": 26.81435183526458, "pore_diameter_opt": {"diameter": 4.08213851442804, "atom_1": 33, "centre_of_mass": [-7.496405368882835e-05, -0.00021273040622089845, 5.167354877609758]}, "pore_volume_opt": 35.617368817093514, "windows": {"diameters": [3.923802021271151, 3.9459189764171634, 3.930944395405336], "centre_of_mass": [[1.3519101466480392, -0.3422947677574367, 5.168503638167411], [0.1583226270202051, 1.5665397829414105, 5.155441063930849], [-1.3328460135766982, -0.6326474378123692, 5.1566173125308925]]}}