{"no_of_atoms": 120, "centre_of_mass": [-2.151253617050743e-06, 17.379381395070897, 1.7583437459984124], "maximum_diameter": {"diameter": 17.47352026186254, "atom_1": 4, "atom_2": 119}, "pore_diameter": {"diameter": 4.0189254752619235, "atom": 31}, "pore_volume": 33.9882247311375, "pore_diameter_opt": {"diameter": 4.0788551351277, "atom_1": 67, "centre_of_mass": [-0.001065901248983516, 17.367809018608426, 1.7241818544842882]}, "pore_volume_opt": 35.53149375880267, "windows": {"diameters": [3.9521017146489723, 3.951731966091336, 3.9304985452694834], "centre_of_mass": [[0.8292037584131623, 17.704599311902243, 1.7385232953529723], [-0.06936170466557338, 16.492726354182377, 1.7185219740219582], [-1.3285396451359994, 18.011085828408408, 1.7353052237311377]]}}