{"no_of_atoms": 108, "centre_of_mass": [12.858326284057624, 16.315554495204843, 4.932929673769108], "maximum_diameter": {"diameter": 14.52618763019581, "atom_1": 57, "atom_2": 60}, "pore_diameter": {"diameter": 5.313506667821867, "atom": 65}, "pore_volume": 78.54929871334788, "pore_diameter_opt": {"diameter": 5.352362934573831, "atom_1": 33, "centre_of_mass": [12.868295217957852, 16.328417820268832, 4.961169732871903]}, "pore_volume_opt": 80.28516160281808, "windows": {"diameters": [3.9827213118346005, 3.7578468103524933], "centre_of_mass": [[14.912786116082916, 15.23873347694673, 7.308768717990207], [10.918426947024736, 17.426006324240035, 2.605478025063622]]}}