{"no_of_atoms": 108, "centre_of_mass": [3.7168022089803774, 8.140025318004895, 4.289210912483448], "maximum_diameter": {"diameter": 14.526187630195809, "atom_1": 26, "atom_2": 92}, "pore_diameter": {"diameter": 5.31263775412094, "atom": 41}, "pore_volume": 78.51076969356755, "pore_diameter_opt": {"diameter": 5.352034417104903, "atom_1": 58, "centre_of_mass": [3.7077951789263173, 8.152146847872897, 4.261228901875137]}, "pore_volume_opt": 80.27037927606584, "windows": {"diameters": [3.8074434339032157, 3.9903913292360906], "centre_of_mass": [[5.806320288620904, 9.331199502092499, 6.8020614509383535], [1.6356336894231989, 7.049036317533914, 1.8782471549504418]]}}