{"no_of_atoms": 121, "centre_of_mass": [10.05057555500094, 0.14928878239885537, 15.163871833493568], "maximum_diameter": {"diameter": 14.695118896758434, "atom_1": 61, "atom_2": 77}, "pore_diameter": {"diameter": 4.999868506608584, "atom": 9}, "pore_volume": 65.44468335217967, "pore_diameter_opt": {"diameter": 5.238144686318378, "atom_1": 32, "centre_of_mass": [10.130780892117317, 0.1455223873515145, 15.269996215556557]}, "pore_volume_opt": 75.25426058083683, "windows": {"diameters": [3.7424677378798235, 3.827121067775347], "centre_of_mass": [[13.421725221191648, 0.6226805656937686, 15.513866473385237], [6.556949266640527, -0.7128173226907307, 15.009830170533627]]}}