{"no_of_atoms": 108, "centre_of_mass": [1.6249769200674125, 0.035445504795152696, 13.511472945507798], "maximum_diameter": {"diameter": 14.525503634927173, "atom_1": 35, "atom_2": 89}, "pore_diameter": {"diameter": 5.313975312546539, "atom": 103}, "pore_volume": 78.57008439987095, "pore_diameter_opt": {"diameter": 5.352822648178368, "atom_1": 1, "centre_of_mass": [1.615072483244078, 0.022644254276270884, 13.483281834322216]}, "pore_volume_opt": 80.30585041910967, "windows": {"diameters": [3.779603500336802, 3.9670871118159576], "centre_of_mass": [[3.6428425465464223, -1.1170219098042597, 15.936110738581988], [-0.31011501787468876, 1.0476656233223463, 11.284666311282141]]}}