{"no_of_atoms": 108, "centre_of_mass": [10.766460848280563, 8.210974681995108, 14.155165582239874], "maximum_diameter": {"diameter": 14.52618763019581, "atom_1": 31, "atom_2": 92}, "pore_diameter": {"diameter": 5.313944996018936, "atom": 1}, "pore_volume": 78.56873966731023, "pore_diameter_opt": {"diameter": 5.353216686598277, "atom_1": 1, "centre_of_mass": [10.794518241936359, 8.1830084387711, 14.194197247471633]}, "pore_volume_opt": 80.32358643724353, "windows": {"diameters": [3.96999384690149, 3.7530118985305885], "centre_of_mass": [[12.7388249578011, 9.243239982945909, 16.429062531541597], [8.85655712161436, 7.116894529986487, 11.865464295210682]]}}