{"no_of_atoms": 108, "centre_of_mass": [-1.0111953772238376e-06, 8.746887512539626, 29.833337402190928], "maximum_diameter": {"diameter": 14.363679124139798, "atom_1": 42, "atom_2": 77}, "pore_diameter": {"diameter": 5.370757660413574, "atom": 44}, "pore_volume": 81.11576941495507, "pore_diameter_opt": {"diameter": 5.370782927180995, "atom_1": 58, "centre_of_mass": [5.433073189201232e-06, 8.746896866036987, 29.833331871740768]}, "pore_volume_opt": 81.1169142494747, "windows": {"diameters": [3.7023960502656967, 3.7010894960209244], "centre_of_mass": [[-0.00029730942128009235, 8.746960546972694, 33.00928517707635], [0.0003177752050707884, 8.747060878662744, 26.669664559691082]]}}