{"no_of_atoms": 168, "centre_of_mass": [25.917022756305474, 8.945457605313184, 15.290737922584666], "maximum_diameter": {"diameter": 19.047340543191744, "atom_1": 102, "atom_2": 125}, "pore_diameter": {"diameter": 5.301183624347834, "atom": 135}, "pore_volume": 78.00405242770276, "pore_diameter_opt": {"diameter": 5.301407991067025, "atom_1": 21, "centre_of_mass": [25.91691752328142, 8.945457617556228, 15.290776801825448]}, "pore_volume_opt": 78.01395715199247, "windows": {"diameters": [3.802926446286641, 3.791397065347546], "centre_of_mass": [[25.658636907849193, 8.945522359334307, 18.511124148255533], [26.164346966196305, 8.945502698695668, 12.182628811611217]]}}