{"no_of_atoms": 204, "centre_of_mass": [11.197824565328862, -3.920810070129672e-16, 15.2391167661629], "maximum_diameter": {"diameter": 19.046426177468657, "atom_1": 51, "atom_2": 199}, "pore_diameter": {"diameter": 5.125190355660852, "atom": 110}, "pore_volume": 70.49018056343859, "pore_diameter_opt": {"diameter": 5.304706546812161, "atom_1": 69, "centre_of_mass": [11.079351324828329, -3.920810070129672e-16, 15.172339120100496]}, "pore_volume_opt": 78.15966949897381, "windows": {"diameters": [3.8030081394155664, 3.7919056015769996], "centre_of_mass": [[10.865525188255155, 1.884667293991154e-05, 18.511213467783307], [11.37000258834186, 2.4690973713586244e-05, 12.18358533209052]]}}