{"no_of_atoms": 144, "centre_of_mass": [17.239487961351358, 8.836742249159776, 0.00020620788146515233], "maximum_diameter": {"diameter": 16.73830075384417, "atom_1": 0, "atom_2": 137}, "pore_diameter": {"diameter": 5.2451823703935325, "atom": 36}, "pore_volume": 75.55799078934392, "pore_diameter_opt": {"diameter": 5.2458416432070685, "atom_1": 73, "centre_of_mass": [17.23949223546064, 8.836999992819054, -1.0313206927120213e-06]}, "pore_volume_opt": 75.58648527457431, "windows": {"diameters": [3.655455553359821, 3.6514183518755976], "centre_of_mass": [[19.51243384749699, 8.83646757768891, 2.1334444179806527], [15.005710313516001, 8.836477015761307, -2.0945273990655293]]}}