{"no_of_atoms": 95, "centre_of_mass": [-0.5311278958712795, 4.076905585506597, 14.443518456857454], "maximum_diameter": {"diameter": 14.721218202391663, "atom_1": 42, "atom_2": 45}, "pore_diameter": {"diameter": 2.621413021387759, "atom": 92}, "pore_volume": 9.432025786955915, "pore_diameter_opt": {"diameter": 3.579072554104487, "atom_1": 92, "centre_of_mass": [-0.6205620287008672, 3.5958979084010094, 14.469558740251983]}, "pore_volume_opt": 24.005465362810455, "windows": {"diameters": [2.9730310237815725, 2.9338755209130203, 2.7336548511435113], "centre_of_mass": [[-0.8234854443189079, 5.7298482667595945, 16.157141759010784], [-0.9883280277820404, 0.5922789560199364, 15.45386905448391], [-0.7954222787893943, 4.296894881927458, 12.253796465059473]]}}