{"no_of_atoms": 113, "centre_of_mass": [3.0872174745774363, 7.838155742789303, 8.91429745736186], "maximum_diameter": {"diameter": 14.450369024605576, "atom_1": 55, "atom_2": 71}, "pore_diameter": {"diameter": 5.302275135091577, "atom": 27}, "pore_volume": 78.05224532155181, "pore_diameter_opt": {"diameter": 5.308633396146909, "atom_1": 27, "centre_of_mass": [3.089029459810958, 7.837549535901648, 8.91683834460925]}, "pore_volume_opt": 78.33337288877287, "windows": {"diameters": [3.916617739873428, 3.9201702923327035], "centre_of_mass": [[4.180410651232321, 5.015050487800426, 8.995761305119522], [1.9201358379313116, 10.780860642400047, 8.843354498623606]]}}