{"no_of_atoms": 108, "centre_of_mass": [9.958765062597813, 11.468008067493281, 5.428352399582682], "maximum_diameter": {"diameter": 14.44099017208643, "atom_1": 25, "atom_2": 88}, "pore_diameter": {"diameter": 5.379442944673862, "atom": 75}, "pore_volume": 81.50993359440228, "pore_diameter_opt": {"diameter": 5.400421197908196, "atom_1": 60, "centre_of_mass": [9.961466887312351, 11.454247139951349, 5.430189957503193]}, "pore_volume_opt": 82.46725183193955, "windows": {"diameters": [3.8030851235282945, 3.80202946215237], "centre_of_mass": [[10.095085460425967, 11.388581760994983, 8.603891624733471], [9.822935781132959, 11.388434127257353, 2.267030973334306]]}}