{"no_of_atoms": 108, "centre_of_mass": [0.8995130602704552, 10.116999999999999, 13.493960839252036], "maximum_diameter": {"diameter": 14.419856412556483, "atom_1": 11, "atom_2": 102}, "pore_diameter": {"diameter": 5.370653487378981, "atom": 76}, "pore_volume": 81.11104945969655, "pore_diameter_opt": {"diameter": 5.371400698989177, "atom_1": 27, "centre_of_mass": [0.8992904883015304, 10.116954250239933, 13.493664270637755]}, "pore_volume_opt": 81.14490877528432, "windows": {"diameters": [3.9356196901124623, 3.9469899607250767], "centre_of_mass": [[2.5471684096264537, 7.61082692197066, 14.299286938409551], [-0.8305663132974773, 12.74459759252429, 12.652140042383062]]}}