{"no_of_atoms": 108, "centre_of_mass": [22.7932500200634, 4.303510049757231, 5.42835239958268], "maximum_diameter": {"diameter": 14.440990172086432, "atom_1": 29, "atom_2": 104}, "pore_diameter": {"diameter": 5.380319901138851, "atom": 44}, "pore_volume": 81.54980332665988, "pore_diameter_opt": {"diameter": 5.403312753426848, "atom_1": 55, "centre_of_mass": [22.79375541622966, 4.290370538251853, 5.429324682975049]}, "pore_volume_opt": 82.59978945971787, "windows": {"diameters": [3.8030327170124485, 3.80197811352304], "centre_of_mass": [[22.92852546997713, 4.224632287766944, 8.603921577266483], [22.65741177062874, 4.224335391419621, 2.2669991676015284]]}}