{"no_of_atoms": 108, "centre_of_mass": [22.793250020063404, 4.303510049757232, 5.428352399582681], "maximum_diameter": {"diameter": 14.440990172086432, "atom_1": 28, "atom_2": 104}, "pore_diameter": {"diameter": 5.380319901138826, "atom": 44}, "pore_volume": 81.54980332665875, "pore_diameter_opt": {"diameter": 5.403314418376766, "atom_1": 85, "centre_of_mass": [22.793753165249953, 4.290370854332503, 5.4293222750035115]}, "pore_volume_opt": 82.59986581540633, "windows": {"diameters": [3.8030384852344135, 3.8019696924446524], "centre_of_mass": [[22.928578566110527, 4.224532156780821, 8.60391903724741], [22.657449589302036, 4.224411378658215, 2.2669967005321565]]}}