{"no_of_atoms": 72, "centre_of_mass": [4.264182014696825, 3.603255471779765, 8.26369517401508], "maximum_diameter": {"diameter": 13.263721087019313, "atom_1": 35, "atom_2": 45}, "pore_diameter": {"diameter": 0.6663952761454346, "atom": 62}, "pore_volume": 0.15495098874746485, "pore_diameter_opt": {"diameter": 1.1200515580365233, "atom_1": 7, "centre_of_mass": [4.428457021488962, 3.936453109852482, 7.930497535942362]}, "pore_volume_opt": 0.7357201755919949, "windows": {"diameters": [1.145902701886622e+40, 1.6619230011258352], "centre_of_mass": [[3.941670516481063e+39, -3.6606804665300417e+39, 1.972302491061102e+39], [4.895826640483758, 1.5326332936026144, 7.265768699008668]]}}