{"no_of_atoms": 72, "centre_of_mass": [5.503817985303173, 12.470255471779767, 13.205194298114211], "maximum_diameter": {"diameter": 13.263721087019313, "atom_1": 24, "atom_2": 60}, "pore_diameter": {"diameter": 0.6662447733264885, "atom": 10}, "pore_volume": 0.15484602719546925, "pore_diameter_opt": {"diameter": 1.11964998410518, "atom_1": 10, "centre_of_mass": [5.339480774680218, 12.803377858443012, 13.538316684777456]}, "pore_volume_opt": 0.734929122375566, "windows": {"diameters": [1.6564464225931088, 9.604123667163706e+39], "centre_of_mass": [[4.875762132411337, 10.38898131677414, 14.208072941533787], [-3.287426239508786e+39, -3.077487423698171e+39, -1.6678422378367287e+39]]}}