{"no_of_atoms": 72, "centre_of_mass": [1.0081820146968257, 5.263744528220232, 1.1073473373445848], "maximum_diameter": {"diameter": 13.263721087019317, "atom_1": 19, "atom_2": 67}, "pore_diameter": {"diameter": 0.6668689580157605, "atom": 6}, "pore_volume": 0.15528164681618367, "pore_diameter_opt": {"diameter": 1.1205654767118012, "atom_1": 36, "centre_of_mass": [1.172930038854389, 4.930310049212352, 0.7739128583367045]}, "pore_volume_opt": 0.736733362478194, "windows": {"diameters": [1.1859528660720828, 1.4998341609257504], "centre_of_mass": [[2.1642988373430425, 2.280808796192895, 1.961769039660518], [1.4612902308112887, 4.965100507360942, 0.36050467097921407]]}}