{"no_of_atoms": 34, "centre_of_mass": [7.334224541258698, 21.172270425577434, 8.89818869779621], "maximum_diameter": {"diameter": 10.657612281768966, "atom_1": 3, "atom_2": 33}, "pore_diameter": {"diameter": 0.7338855932269013, "atom": 21}, "pore_volume": 0.20695871013868777, "pore_diameter_opt": {"diameter": 0.7344560317599464, "atom_1": 10, "centre_of_mass": [7.334369954185722, 21.172051134484278, 8.897969405846595]}, "pore_volume_opt": 0.2074416832834005, "windows": {"diameters": [0.9312307212540163, 0.9870890564627142], "centre_of_mass": [[7.8885847329941745, 20.92535038391918, 9.036255845972128], [6.981566651622145, 21.750249028559825, 8.694228741457179]]}}