{"no_of_atoms": 36, "centre_of_mass": [14.576800973296725, 16.831721413662446, 17.831340994169288], "maximum_diameter": {"diameter": 9.408889679611939, "atom_1": 9, "atom_2": 31}, "pore_diameter": {"diameter": 0.3645436784724687, "atom": 32}, "pore_volume": 0.02536572834227333, "pore_diameter_opt": {"diameter": 0.3649374004830688, "atom_1": 6, "centre_of_mass": [14.576918794746076, 16.83160359044041, 17.83122317125624]}, "pore_volume_opt": 0.02544800519785434, "windows": {"diameters": [0.4371900869371772, 0.45097983175151013], "centre_of_mass": [[14.72924919256357, 17.025079585527525, 17.650880594477513], [14.29647010940388, 16.651216319094214, 17.84608419037292]]}}