{"no_of_atoms": 114, "centre_of_mass": [6.27197259569646e-05, 9.597550327606259, 10.357478935681083], "maximum_diameter": {"diameter": 15.290098702908377, "atom_1": 111, "atom_2": 112}, "pore_diameter": {"diameter": 2.7929830567179086, "atom": 24}, "pore_volume": 11.407842739171675, "pore_diameter_opt": {"diameter": 3.1738627736996503, "atom_1": 17, "centre_of_mass": [-0.00017493768245978281, 9.597628532952527, 10.575454534437862]}, "pore_volume_opt": 16.740293146269597, "windows": {"diameters": [0.945178782702992, 0.9612790271953982], "centre_of_mass": [[2.3303510857949004, 7.352602101401473, 10.543722609779614], [-1.818246156397089, 11.542790332413723, 10.633306713876996]]}}