{"no_of_atoms": 144, "centre_of_mass": [14.668614461448186, 16.93788705459252, 17.796305755687975], "maximum_diameter": {"diameter": 17.793976143186597, "atom_1": 26, "atom_2": 125}, "pore_diameter": {"diameter": 7.824117940972723, "atom": 91}, "pore_volume": 250.7868655679501, "pore_diameter_opt": {"diameter": 7.824502398586413, "atom_1": 91, "centre_of_mass": [14.668440169918794, 16.937899895373093, 17.796385814986706]}, "pore_volume_opt": 250.82383650513657, "windows": {"diameters": [6.658680535779676, 6.691020952912168], "centre_of_mass": [[16.45311047901069, 14.946713507758538, 19.599885516023637], [12.706997007987388, 19.00730812757141, 15.806021692881997]]}}