{"no_of_atoms": 204, "centre_of_mass": [-7.513616218711752, 12.862524273949422, 26.45741364223997], "maximum_diameter": {"diameter": 17.795002209413873, "atom_1": 24, "atom_2": 195}, "pore_diameter": {"diameter": 7.229067427064937, "atom": 88}, "pore_volume": 197.80872737819516, "pore_diameter_opt": {"diameter": 7.82923415185412, "atom_1": 88, "centre_of_mass": [-7.398555813367851, 12.611953987830454, 26.57584382681809]}, "pore_volume_opt": 251.27915787160293, "windows": {"diameters": [6.654931900332429, 6.67960730845384], "centre_of_mass": [[-6.4943493876201694, 15.105076589475217, 28.36929590154869], [-8.129229685911726, 10.027010733834043, 24.74198366387947]]}}