{"no_of_atoms": 144, "centre_of_mass": [-7.288172444173585, 12.62377785376791, 6.927666425864045e-05], "maximum_diameter": {"diameter": 17.841575431609684, "atom_1": 70, "atom_2": 83}, "pore_diameter": {"diameter": 7.79238326361212, "atom": 21}, "pore_volume": 247.74764619508355, "pore_diameter_opt": {"diameter": 7.792670648121142, "atom_1": 121, "centre_of_mass": [-7.288228871293293, 12.623896395178338, 1.0867936703224798e-05]}, "pore_volume_opt": 247.77505814048436, "windows": {"diameters": [6.451160171152702, 6.471756350308792], "centre_of_mass": [[-6.494951556329624, 15.066804127732762, 1.6402638767674171], [-8.318878971752994, 9.957338076169437, -1.6553949705321993]]}}