{"no_of_atoms": 114, "centre_of_mass": [-1.4364023493162158e-05, 9.597549011698266, 0.529627778191175], "maximum_diameter": {"diameter": 15.289690385359982, "atom_1": 56, "atom_2": 83}, "pore_diameter": {"diameter": 2.7932157016852277, "atom": 75}, "pore_volume": 11.410693667608882, "pore_diameter_opt": {"diameter": 3.172470540173927, "atom_1": 8, "centre_of_mass": [-7.621661276601191e-05, 9.597876589389285, 0.748305439512103]}, "pore_volume_opt": 16.718273124910777, "windows": {"diameters": [0.950493035125342, 0.9258715471370764, 0.9273625751322294], "centre_of_mass": [[-2.3702323832230645, 7.3139002381534635, 0.7166887151328578], [-0.5322974377343362, 12.276321042061415, 0.7054057786777077], [2.3749149464135706, 11.824071287921393, 0.7889096143689027]]}}