{"no_of_atoms": 144, "centre_of_mass": [7.334384003701703, 21.172365930089093, 8.898136315005415], "maximum_diameter": {"diameter": 17.793726332941798, "atom_1": 39, "atom_2": 116}, "pore_diameter": {"diameter": 7.824710908917023, "atom": 113}, "pore_volume": 250.84388918789497, "pore_diameter_opt": {"diameter": 7.82488608493097, "atom_1": 19, "centre_of_mass": [7.334418639864961, 21.17229422451721, 8.898172788842592]}, "pore_volume_opt": 250.86073689648097, "windows": {"diameters": [6.6664294039443925, 6.680306723486862], "centre_of_mass": [[8.238204977486026, 23.799661644812623, 10.72178986041328], [6.53944882222219, 18.49569939630083, 6.945480774587678]]}}