{"no_of_atoms": 36, "centre_of_mass": [7.2884828481974715, 12.623823842366765, 1.1434535018327822e-05], "maximum_diameter": {"diameter": 9.408880411239354, "atom_1": 7, "atom_2": 33}, "pore_diameter": {"diameter": 0.36423677707059365, "atom": 8}, "pore_volume": 0.02530171769511716, "pore_diameter_opt": {"diameter": 0.3651107584452453, "atom_1": 30, "centre_of_mass": [7.288156218068194, 12.623736000671594, -0.0003151965613104934]}, "pore_volume_opt": 0.02548428849180158, "windows": {"diameters": [0.49656972948055556, 0.49474993119217237], "centre_of_mass": [[7.225963134846837, 11.868016135807155, 0.49207345978785577], [7.380754277756635, 12.961940181133489, -0.21533589840529652]]}}