{"no_of_atoms": 108, "centre_of_mass": [6.349119521688533, 8.020999999999999, 7.113804199269692], "maximum_diameter": {"diameter": 14.435710872895134, "atom_1": 10, "atom_2": 102}, "pore_diameter": {"diameter": 5.354646783110267, "atom": 59}, "pore_volume": 80.38797828474797, "pore_diameter_opt": {"diameter": 5.354902245577792, "atom_1": 59, "centre_of_mass": [6.349138345509822, 8.021110622107628, 7.113743177297134]}, "pore_volume_opt": 80.39948441683528, "windows": {"diameters": [3.8348503468403132, 3.8351018150736946], "centre_of_mass": [[3.3104520517153864, 6.9723385087932686, 7.206058010118733], [9.389053171372176, 9.070681271861838, 7.021682715711959]]}}