{"no_of_atoms": 113, "centre_of_mass": [6.739752337334987, 3.8912871754249396, 4.800876772633945], "maximum_diameter": {"diameter": 14.976128242558373, "atom_1": 41, "atom_2": 58}, "pore_diameter": {"diameter": 1.2307735055108444, "atom": 94}, "pore_volume": 0.9761870421533931, "pore_diameter_opt": {"diameter": 1.2317703539857106, "atom_1": 9, "centre_of_mass": [6.739754336324015, 3.89078165766402, 4.800759891264946]}, "pore_volume_opt": 0.9785609125619171, "windows": {"diameters": [0.9814405285790202, 0.7087245619288702, 0.959960844664224], "centre_of_mass": [[7.652786738333942, 4.708563968766352, 3.9844478368931684], [7.00424639272699, 1.7622778530854597, 3.918192982946318], [5.541066030864595, 4.298158304519365, 3.983223961952092]]}}