{"no_of_atoms": 151, "centre_of_mass": [7.454246145819875, 20.43599926364639, 0.7326216295177429], "maximum_diameter": {"diameter": 17.732492328925584, "atom_1": 41, "atom_2": 127}, "pore_diameter": {"diameter": 4.199275364496815, "atom": 55}, "pore_volume": 38.772310736133996, "pore_diameter_opt": {"diameter": 4.798095223539125, "atom_1": 123, "centre_of_mass": [7.819397168069927, 20.54010305713166, 0.8140392266867597]}, "pore_volume_opt": 57.83692709753004, "windows": {"diameters": [4.195391305148723, 3.4200982273515845], "centre_of_mass": [[6.335451279495422, 21.103098654789566, 5.696986563413484], [9.987161351733558, 22.02737159478319, -3.547709185431097]]}}