{"no_of_atoms": 151, "centre_of_mass": [4.890266249962737, 10.115356582961518, 10.894361470123522], "maximum_diameter": {"diameter": 17.732492328925588, "atom_1": 57, "atom_2": 103}, "pore_diameter": {"diameter": 4.2000976149737195, "atom": 70}, "pore_volume": 38.79509094778294, "pore_diameter_opt": {"diameter": 4.796455493503972, "atom_1": 15, "centre_of_mass": [4.527644749362667, 10.216050650210022, 10.812908000869042]}, "pore_volume_opt": 57.77765073745766, "windows": {"diameters": [3.733986964170852, 4.200689950438566], "centre_of_mass": [[4.134787356097911, 9.930175045776895, 15.678179550496916], [6.027938664619109, 10.787229788770553, 5.872523971810792]]}}