{"no_of_atoms": 160, "centre_of_mass": [4.921003534447053, 7.274911721662297, 4.50541796704323], "maximum_diameter": {"diameter": 15.676048162332556, "atom_1": 82, "atom_2": 107}, "pore_diameter": {"diameter": 4.818478608371352, "atom": 109}, "pore_volume": 58.577175673419326, "pore_diameter_opt": {"diameter": 5.09264728892075, "atom_1": 15, "centre_of_mass": [4.932282355432402, 7.043315591949275, 4.895892128769914]}, "pore_volume_opt": 69.15592867408418, "windows": {"diameters": [3.2039165789272697, 4.448551010744541], "centre_of_mass": [[4.923874957454998, 4.542473232884873, 7.601580702174198], [4.927045687062427, 10.110061633034068, 0.5647259293615887]]}}