{"no_of_atoms": 160, "centre_of_mass": [14.734180230811088, 7.574088278337707, 30.600538956883323], "maximum_diameter": {"diameter": 15.676048162332563, "atom_1": 70, "atom_2": 114}, "pore_diameter": {"diameter": 4.818478881570016, "atom": 116}, "pore_volume": 58.57718563706656, "pore_diameter_opt": {"diameter": 5.107963737481663, "atom_1": 10, "centre_of_mass": [14.737847835527889, 7.799281131716632, 30.214942678881375]}, "pore_volume_opt": 69.78177926005225, "windows": {"diameters": [4.163576909471038, 3.2036910818450575], "centre_of_mass": [[14.731023790602851, 5.480349094642967, 32.83316168978169], [14.73116799484202, 10.29587486636144, 27.518105894434367]]}}