{"no_of_atoms": 288, "centre_of_mass": [12.893986994074792, 9.931, -0.00010710935681931718], "maximum_diameter": {"diameter": 31.134912053052414, "atom_1": 209, "atom_2": 286}, "pore_diameter": {"diameter": 5.799244308785514, "atom": 232}, "pore_volume": 102.12047758296457, "pore_diameter_opt": {"diameter": 5.799258205932196, "atom_1": 43, "centre_of_mass": [12.893982258505261, 9.930994914418353, -0.00010739561014580202]}, "pore_volume_opt": 102.12121174068314, "windows": {"diameters": [2.5555230622198617, 2.5896453686739185, 1.8496835665623999, 2.6695174880363113, 2.4642286523475403, 1.8483670963641754], "centre_of_mass": [[12.381293173353903, 5.205459258317985, 1.4008518644336738], [10.198166344491264, 13.767679079612147, 2.367521205172518], [17.473671378112947, 10.501503508736912, 4.073331020882064], [14.774252787343348, 12.763587435416653, -2.7597333239307362], [16.150190997236592, 8.460563918996348, -3.2205379530893667], [8.322531429409372, 9.361859656942912, -4.066114634864731]]}}