{"no_of_atoms": 195, "centre_of_mass": [3.656039417980409, 14.501343377938177, 15.124025940428496], "maximum_diameter": {"diameter": 21.699484624343956, "atom_1": 113, "atom_2": 157}, "pore_diameter": {"diameter": 4.850114607425258, "atom": 33}, "pore_volume": 59.738542901512496, "pore_diameter_opt": {"diameter": 5.014036406138512, "atom_1": 33, "centre_of_mass": [3.7328920458972648, 14.536176655854591, 15.157810258564732]}, "pore_volume_opt": 66.00260417481255, "windows": {"diameters": [3.9903192757780075, 4.980360156597444], "centre_of_mass": [[-3.2980279097370606, 14.210915310033227, 19.537117820516333], [9.731155385421346, 14.91078860620925, 10.871659205970682]]}}