{"no_of_atoms": 195, "centre_of_mass": [-6.790184922121208, 4.96153886827002, 15.340389120803868], "maximum_diameter": {"diameter": 21.699562520712394, "atom_1": 3, "atom_2": 190}, "pore_diameter": {"diameter": 4.849519855008888, "atom": 123}, "pore_volume": 59.716569017025144, "pore_diameter_opt": {"diameter": 5.0137768774848634, "atom_1": 30, "centre_of_mass": [-6.867373443360954, 4.996609697841656, 15.306743851235517]}, "pore_volume_opt": 65.99235573683184, "windows": {"diameters": [4.442988102881543, 4.084531084785107], "centre_of_mass": [[-10.407763459079414, 5.1922421438382855, 17.430490521668148], [0.710506793428503, 4.597587420364623, 10.69730384323906]]}}