{"no_of_atoms": 195, "centre_of_mass": [19.048047045070195, 14.11804531232857, 4.969321491671113], "maximum_diameter": {"diameter": 21.699562520712398, "atom_1": 99, "atom_2": 193}, "pore_diameter": {"diameter": 4.850443068524195, "atom": 32}, "pore_volume": 59.750680624784174, "pore_diameter_opt": {"diameter": 5.014076506477682, "atom_1": 110, "centre_of_mass": [19.12500936782459, 14.082913066951074, 5.002745850970858]}, "pore_volume_opt": 66.00418777798174, "windows": {"diameters": [4.093546203927847, 4.977351750393763], "centre_of_mass": [[11.522086630007356, 14.48523472279122, 9.622766021630412], [25.116915116359166, 13.70848935065572, 0.7243421002072381]]}}