{"no_of_atoms": 141, "centre_of_mass": [0.516922284151393, 17.086761071827315, 14.437886417839122], "maximum_diameter": {"diameter": 16.967716625632235, "atom_1": 88, "atom_2": 124}, "pore_diameter": {"diameter": 3.446838059355984, "atom": 78}, "pore_volume": 21.44180101857131, "pore_diameter_opt": {"diameter": 4.57180012469831, "atom_1": 78, "centre_of_mass": [0.3421225205242365, 17.539271461634375, 14.810460926743438]}, "pore_volume_opt": 50.03343589216974, "windows": {"diameters": [4.045166256078245, 1.5443670022823484], "centre_of_mass": [[-0.13048715871335953, 19.328079071624796, 15.319115563098354], [-0.35897571958409474, 12.951602976492788, 10.766708487075302]]}}