{"no_of_atoms": 135, "centre_of_mass": [6.566257969713463, 7.702524783006321, 17.346780088761214], "maximum_diameter": {"diameter": 17.043836685055446, "atom_1": 57, "atom_2": 130}, "pore_diameter": {"diameter": 3.9316557165381156, "atom": 98}, "pore_volume": 31.82182368641016, "pore_diameter_opt": {"diameter": 4.76721810360201, "atom_1": 46, "centre_of_mass": [6.482529407282149, 7.571404888825217, 16.851425358580528]}, "pore_volume_opt": 56.72750559214141, "windows": {"diameters": [1.4217307406143527, 1.4903102668035264, 3.907801700077387], "centre_of_mass": [[9.125796058159569, 7.848177777651969, 19.44387878297893], [7.032375520977968, 11.08800535439714, 19.706173440621345], [5.125807740045636, 4.667883573856946, 14.83012459070586]]}}