{"no_of_atoms": 135, "centre_of_mass": [6.566262444804777, 7.702547260577563, 17.346795829008425], "maximum_diameter": {"diameter": 17.043836685055446, "atom_1": 57, "atom_2": 130}, "pore_diameter": {"diameter": 3.931644107433985, "atom": 98}, "pore_volume": 31.82154180381364, "pore_diameter_opt": {"diameter": 4.7008278733905335, "atom_1": 98, "centre_of_mass": [6.431773460108994, 7.622741022265457, 16.903753931352256]}, "pore_volume_opt": 54.39032702760489, "windows": {"diameters": [1.9661197801319958, 1.490900810364264, 3.9078247415276635], "centre_of_mass": [[9.938222709231388, 8.621744419609975, 20.757207555949257], [7.032120050301938, 11.087684775784805, 19.706611449919613], [5.125795779516292, 4.667867028573767, 14.83017812802503]]}}