{"no_of_atoms": 176, "centre_of_mass": [5.417975157648266, 6.4515, 11.248184707896165], "maximum_diameter": {"diameter": 20.875159426974673, "atom_1": 83, "atom_2": 144}, "pore_diameter": {"diameter": 3.6856913687016184, "atom": 115}, "pore_volume": 26.215341472869163, "pore_diameter_opt": {"diameter": 3.6858829125347454, "atom_1": 85, "centre_of_mass": [5.417928492088391, 6.4514230472022565, 11.248217467275031]}, "pore_volume_opt": 26.2194288861553, "windows": {"diameters": [4.1908089859031765, 4.242933448574659, 2.3398911527379282], "centre_of_mass": [[6.8457893009815365, 6.2296879556410945, 12.115590099363795], [3.7890579183084983, 6.958199719292775, 10.811295640106746], [4.5984375932798685, 3.96024506444667, 10.079954665438379]]}}