{"no_of_atoms": 131, "centre_of_mass": [-12.427685957671505, 3.1973065835962915, 20.544955091758183], "maximum_diameter": {"diameter": 20.221602761318177, "atom_1": 6, "atom_2": 129}, "pore_diameter": {"diameter": 0.994727899514579, "atom": 21}, "pore_volume": 0.5153609631463285, "pore_diameter_opt": {"diameter": 2.429341833910048, "atom_1": 21, "centre_of_mass": [-11.963624543618069, 3.694670533353581, 21.042319041515473]}, "pore_volume_opt": 7.506967039086415, "windows": {"diameters": [4.892570283955935, 4.889623399784339], "centre_of_mass": [[-12.703336576281274, 4.854677983347861, 21.66837678363774], [-12.022020993193928, 4.86570172041118, 21.62628992413618]]}}