{"no_of_atoms": 131, "centre_of_mass": [23.346099782545316, 3.197306583596291, 11.474651131002695], "maximum_diameter": {"diameter": 20.222567170417708, "atom_1": 3, "atom_2": 130}, "pore_diameter": {"diameter": 0.995049988758701, "atom": 21}, "pore_volume": 0.5158617412283288, "pore_diameter_opt": {"diameter": 2.43007078187903, "atom_1": 17, "centre_of_mass": [22.881895897005034, 3.6948315779756413, 10.977126136623344]}, "pore_volume_opt": 7.513726685400807, "windows": {"diameters": [4.870848086677734, 4.850233299645415], "centre_of_mass": [[23.664884462395083, 4.83924702286537, 10.351096821661603], [22.81404560954646, 4.909761219356032, 10.393190055091779]]}}