{"no_of_atoms": 126, "centre_of_mass": [13.373566239501136, 2.7041056208880305, 0.752623406735836], "maximum_diameter": {"diameter": 20.222530283497264, "atom_1": 9, "atom_2": 123}, "pore_diameter": {"diameter": 1.1401544515467221, "atom": 22}, "pore_volume": 0.7760499655689397, "pore_diameter_opt": {"diameter": 2.7711280711897275, "atom_1": 22, "centre_of_mass": [12.944818518683874, 2.1340283951146697, 0.182546180962475]}, "pore_volume_opt": 11.142134982412117, "windows": {"diameters": [4.940680424250603, 4.905109940815059], "centre_of_mass": [[13.410991456787265, 1.1008121635338266, -0.28359130467363625], [13.065039694051128, 1.0993327241643225, -0.27697298631262346]]}}