{"no_of_atoms": 208, "centre_of_mass": [17.055878823813202, 4.743891606853727, 23.453278833228413], "maximum_diameter": {"diameter": 26.639671946215795, "atom_1": 64, "atom_2": 193}, "pore_diameter": {"diameter": 8.159219729671076, "atom": 13}, "pore_volume": 284.409768685711, "pore_diameter_opt": {"diameter": 8.349949336011512, "atom_1": 204, "centre_of_mass": [17.125468486815766, 4.7551333550579855, 23.517603848067953]}, "pore_volume_opt": 304.8246918457022, "windows": {"diameters": [6.31268373552259, 6.119014578172013, 6.868531194030595, 6.5938780570748925], "centre_of_mass": [[17.956532263313623, 7.0047594508834905, 25.79069786137219], [13.03727147262872, 3.827032021214631, 24.109768306648004], [18.924934267635354, 1.4448239661312878, 23.79169930267978], [17.498863618809313, 6.48114631965562, 20.537905034530596]]}}