{"no_of_atoms": 244, "centre_of_mass": [4.0606994614693655e-17, 21.774863273579385, 7.935999999999995], "maximum_diameter": {"diameter": 21.73000411764662, "atom_1": 64, "atom_2": 229}, "pore_diameter": {"diameter": 5.468273452841234, "atom": 137}, "pore_volume": 85.61488844418678, "pore_diameter_opt": {"diameter": 5.8951906079307435, "atom_1": 18, "centre_of_mass": [-4.28094795520121e-05, 21.502774058966022, 7.934977697473396]}, "pore_volume_opt": 107.27343247000277, "windows": {"diameters": [4.947792595095031, 4.967456666275842], "centre_of_mass": [[0.8517674116985471, 21.599009614751907, 11.131998601876145], [-0.796327768112291, 21.599222925795512, 4.848713462472241]]}}