{"no_of_atoms": 237, "centre_of_mass": [4.395972659625187, 13.387241250904008, 35.69831520547358], "maximum_diameter": {"diameter": 22.57320546162373, "atom_1": 143, "atom_2": 177}, "pore_diameter": {"diameter": 5.109956895470082, "atom": 122}, "pore_volume": 69.86349894164375, "pore_diameter_opt": {"diameter": 5.801365595834925, "atom_1": 24, "centre_of_mass": [4.4150010719089225, 13.723540386494907, 35.56553794400286]}, "pore_volume_opt": 102.23258154889949, "windows": {"diameters": [4.981349128138447, 5.3402263630490125], "centre_of_mass": [[4.2206552762874265, 14.513652738823348, 38.428618766184826], [4.322978515828782, 12.480195345043008, 31.173339869253994]]}}