{"no_of_atoms": 237, "centre_of_mass": [4.309996997312084, 12.148093081916903, 20.63838651860729], "maximum_diameter": {"diameter": 22.57361637866124, "atom_1": 137, "atom_2": 177}, "pore_diameter": {"diameter": 5.109825771320472, "atom": 131}, "pore_volume": 69.85812087857617, "pore_diameter_opt": {"diameter": 5.81434579468209, "atom_1": 9, "centre_of_mass": [4.290053655591401, 11.820202776889474, 20.767410675401074]}, "pore_volume_opt": 102.9203354106992, "windows": {"diameters": [5.358044193740545, 4.980430254562757], "centre_of_mass": [[4.358899533191493, 12.64730797724593, 24.304241593454876], [4.479868535037799, 10.966234464226234, 17.787581852780924]]}}