{"no_of_atoms": 125, "centre_of_mass": [0.5677441616524884, 5.959729285814352, 13.065902434115209], "maximum_diameter": {"diameter": 17.697774123441803, "atom_1": 4, "atom_2": 122}, "pore_diameter": {"diameter": 5.076959373714178, "atom": 46}, "pore_volume": 68.5187902823536, "pore_diameter_opt": {"diameter": 5.943502463640737, "atom_1": 46, "centre_of_mass": [1.2175168424668668, 4.995181581710048, 13.14602127788501]}, "pore_volume_opt": 109.93246431482382, "windows": {"diameters": [5.9529947620039625, 5.464524624898726], "centre_of_mass": [[1.2155440539624645, 5.007986539360413, 13.168476978550542], [-2.3006343296625764, 8.150965552504537, 12.926155108924823]]}}