{"no_of_atoms": 108, "centre_of_mass": [6.115729966694756, 10.631343315878174, -1.3060270454617496e-05], "maximum_diameter": {"diameter": 14.391865254743028, "atom_1": 37, "atom_2": 78}, "pore_diameter": {"diameter": 5.42174109779155, "atom": 5}, "pore_volume": 83.44781074946013, "pore_diameter_opt": {"diameter": 5.422139039442275, "atom_1": 91, "centre_of_mass": [6.115788913638161, 10.63150297087967, -0.0001161376660794924]}, "pore_volume_opt": 83.46618665289404, "windows": {"diameters": [4.0077349741165875, 4.00697350814007], "centre_of_mass": [[4.1936208739847185, 11.251097562937332, 2.5010743933402493], [8.039419395711823, 10.029966260945624, -2.4919375184522874]]}}