{"no_of_atoms": 126, "centre_of_mass": [21.28483753776589, 16.036904178715666, 6.089013344101124], "maximum_diameter": {"diameter": 16.293505264279382, "atom_1": 27, "atom_2": 118}, "pore_diameter": {"diameter": 4.748828263960759, "atom": 20}, "pore_volume": 56.07354516690301, "pore_diameter_opt": {"diameter": 4.913929213815541, "atom_1": 74, "centre_of_mass": [21.351344117457177, 15.99745586666498, 6.122323048064234]}, "pore_volume_opt": 62.12770493053101, "windows": {"diameters": [3.380860150520058, 3.283846481601942], "centre_of_mass": [[21.28511718260059, 13.14272890095798, 6.838101180536092], [21.72486529264582, 19.646851979898265, 4.664873680059467]]}}