{"no_of_atoms": 126, "centre_of_mass": [7.027061529950918, 6.384494848298152, 10.472185723060637], "maximum_diameter": {"diameter": 16.29352414974277, "atom_1": 41, "atom_2": 61}, "pore_diameter": {"diameter": 4.7483188701880845, "atom": 69}, "pore_volume": 56.05550253660855, "pore_diameter_opt": {"diameter": 4.907185480008325, "atom_1": 69, "centre_of_mass": [6.964073518352589, 6.41419730358213, 10.433569887291187]}, "pore_volume_opt": 61.8722690280461, "windows": {"diameters": [3.2213073003892365, 3.381762655243497], "centre_of_mass": [[6.593586262814277, 2.878376038642394, 11.868674803955484], [7.030475114520617, 9.328974884884811, 9.709567179554787]]}}