{"no_of_atoms": 132, "centre_of_mass": [9.21933869398883, 8.841666642627851, 16.55746151884261], "maximum_diameter": {"diameter": 17.083127566459357, "atom_1": 8, "atom_2": 122}, "pore_diameter": {"diameter": 4.836149726432209, "atom": 40}, "pore_volume": 59.22401366312492, "pore_diameter_opt": {"diameter": 4.926062801508458, "atom_1": 81, "centre_of_mass": [9.185969469282293, 8.857416107369444, 16.583143026363338]}, "pore_volume_opt": 62.589063754240485, "windows": {"diameters": [3.3029789987813993, 3.2976293215178565], "centre_of_mass": [[6.871206428107065, 6.791151601734559, 17.336538873193774], [11.422748074763433, 10.815152261620431, 15.887349834547594]]}}