{"no_of_atoms": 120, "centre_of_mass": [22.5274743330155, 9.883204108809799e-05, 8.296055098637348], "maximum_diameter": {"diameter": 17.142950811234098, "atom_1": 41, "atom_2": 91}, "pore_diameter": {"diameter": 5.199995357784076, "atom": 10}, "pore_volume": 73.6219794644781, "pore_diameter_opt": {"diameter": 5.200051455823541, "atom_1": 112, "centre_of_mass": [22.527488062539526, 8.367273119243218e-05, 8.296074294273298]}, "pore_volume_opt": 73.6243622127197, "windows": {"diameters": [3.672404591214441, 3.669470785245519], "centre_of_mass": [[20.81224398938027, -0.9944746936151994, 10.772751942271366], [24.21780869488303, 0.9794465425525518, 5.856802289943949]]}}