{"no_of_atoms": 408, "centre_of_mass": [3.465309394618542, 14.508348063470514, 8.667188607700592], "maximum_diameter": {"diameter": 37.45709309169337, "atom_1": 166, "atom_2": 390}, "pore_diameter": {"diameter": 13.793184630432416, "atom": 162}, "pore_volume": 1374.0175217316112, "pore_diameter_opt": {"diameter": 14.587656824094946, "atom_1": 26, "centre_of_mass": [3.907486928369091, 14.299484159561372, 8.585553091018863]}, "pore_volume_opt": 1625.381214887426, "windows": {"diameters": [11.333120651821943, 10.726551825067395, 10.654724788550311, 10.319922477018045], "centre_of_mass": [[0.05001432563717856, 8.725861882601173, 14.402857307550645], [2.3265621170412047, 21.65426231762751, 10.724730159555977], [11.101131989245312, 13.529867105286389, 9.475475368780607], [3.5232907965441744, 13.83010489299113, 2.4118070523862443]]}}