{"no_of_atoms": 617, "centre_of_mass": [-3.2805146607171247, 15.54812469171581, 20.756152464545384], "maximum_diameter": {"diameter": 36.2550462802327, "atom_1": 237, "atom_2": 608}, "pore_diameter": {"diameter": 5.512799161695101, "atom": 251}, "pore_volume": 87.72333518294894, "pore_diameter_opt": {"diameter": 5.78343047964686, "atom_1": 251, "centre_of_mass": [-3.166444428665745, 15.477347539182064, 20.77314965264018]}, "pore_volume_opt": 101.28734345886454, "windows": {"diameters": [5.240639560664036, 4.456078519481284, 5.890673599612578, 4.368847447871616], "centre_of_mass": [[-3.0460426481556113, 11.791926506354375, 23.353122046413006], [-4.332662198191829, 17.221890050644106, 22.742308912488863], [-2.3868846367341634, 17.540002261859208, 20.55465391477855], [-1.3889194689396314, 13.513479561136586, 18.868530037879964]]}}