{"no_of_atoms": 180, "centre_of_mass": [5.663595725294525, 29.97501823419617, 19.440496842254134], "maximum_diameter": {"diameter": 24.316615594981993, "atom_1": 96, "atom_2": 125}, "pore_diameter": {"diameter": 2.5557730486332804, "atom": 80}, "pore_volume": 8.74108775919478, "pore_diameter_opt": {"diameter": 5.345480838646559, "atom_1": 29, "centre_of_mass": [5.015905562172361, 28.805560147547588, 19.88694116026039]}, "pore_volume_opt": 79.97586640996693, "windows": {"diameters": [5.418429165491233, 5.483791923068084, 5.372247365069404], "centre_of_mass": [[4.717173810867204, 29.047569486360093, 20.290402219272174], [5.2434064528285855, 27.849973318568974, 18.266295984638003], [3.4281625883078397, 27.479810283242433, 17.331435155814923]]}}