{"no_of_atoms": 95, "centre_of_mass": [8.259698904865045, 14.331107413689626, 2.9102245644250746], "maximum_diameter": {"diameter": 14.685236103328876, "atom_1": 34, "atom_2": 40}, "pore_diameter": {"diameter": 4.244385317333338, "atom": 57}, "pore_volume": 40.035294987813664, "pore_diameter_opt": {"diameter": 4.302592222129745, "atom_1": 14, "centre_of_mass": [8.278811155359275, 14.360455125942483, 2.8908987377594517]}, "pore_volume_opt": 41.705101809711756, "windows": {"diameters": [3.2161787573355975, 3.968173292061778, 3.530113940151804], "centre_of_mass": [[8.733221080373019, 11.233703593573024, 4.821234476672005], [7.992493542786509, 17.87089331618246, 4.884594756466437], [8.240376434500941, 13.953893938360958, -1.0055315634106625]]}}