{"no_of_atoms": 95, "centre_of_mass": [-0.5207494637405075, 4.909892586310375, 17.898447931943313], "maximum_diameter": {"diameter": 14.68551866177489, "atom_1": 31, "atom_2": 67}, "pore_diameter": {"diameter": 4.243915099692739, "atom": 7}, "pore_volume": 40.021990434826606, "pore_diameter_opt": {"diameter": 4.302747418958184, "atom_1": 33, "centre_of_mass": [-0.5399713534721843, 4.880663154320404, 17.91833011230924]}, "pore_volume_opt": 41.70961494923264, "windows": {"diameters": [3.2273699795199384, 3.47709787143502, 3.2123723641336173], "centre_of_mass": [[0.33257800857801256, 4.77370848248178, 20.10013462964103], [-0.9359724700698886, 3.1928176013102005, 16.758452217868708], [-0.09676002715574872, 7.698026439669075, 15.76206422603596]]}}