{"no_of_atoms": 70, "centre_of_mass": [2.1557384306720295, 18.442759052630652, 5.005785502151514], "maximum_diameter": {"diameter": 13.87397860438309, "atom_1": 47, "atom_2": 57}, "pore_diameter": {"diameter": 0.9310353571299079, "atom": 18}, "pore_volume": 0.42256852418834984, "pore_diameter_opt": {"diameter": 1.7428531232064204, "atom_1": 40, "centre_of_mass": [2.6212561092369837, 17.9772413740657, 4.633007737662112]}, "pore_volume_opt": 2.771921897966996, "windows": {"diameters": [0.7252362482053187, 1.98332661739928, 0.6670643188126881], "centre_of_mass": [[2.0132880738266037, 19.05809876929592, 6.074525109976443], [2.738562672860577, 17.491142144449185, 4.511738307681067], [1.475118812641879, 19.91417214466823, 4.6379504028623915]]}}