{"no_of_atoms": 85, "centre_of_mass": [9.87241926373198, 3.8861689429180326, 24.370830371533113], "maximum_diameter": {"diameter": 11.415792332009207, "atom_1": 3, "atom_2": 81}, "pore_diameter": {"diameter": 1.0351183399549204, "atom": 10}, "pore_volume": 0.5807224724396343, "pore_diameter_opt": {"diameter": 1.5586252841272374, "atom_1": 37, "centre_of_mass": [9.893474321058966, 3.9081555893346964, 24.637320159755113]}, "pore_volume_opt": 1.9825482863160553, "windows": {"diameters": [0.8857322405636778, 0.8245536030283578], "centre_of_mass": [[10.924439372921137, 2.217355677710028, 26.481844260981728], [9.0538403319436, 2.7267119470229115, 23.434153517012565]]}}