{"no_of_atoms": 108, "centre_of_mass": [-1.016628493038, -1.891100398258497, 17.527968867621688], "maximum_diameter": {"diameter": 14.70309917712065, "atom_1": 11, "atom_2": 106}, "pore_diameter": {"diameter": 5.029061736082964, "atom": 23}, "pore_volume": 66.59774485998649, "pore_diameter_opt": {"diameter": 5.029796804677304, "atom_1": 68, "centre_of_mass": [-1.0163924814438168, -1.891352783626935, 17.52809409390276]}, "pore_volume_opt": 66.62695173927676, "windows": {"diameters": [3.661524889141144, 3.6627721642014768], "centre_of_mass": [[0.24464022657906814, -1.1915396669287035, 20.279386585407128], [-2.210686003252232, -2.5665356992308457, 14.919364552511476]]}}