{"no_of_atoms": 128, "centre_of_mass": [7.6766208933018625, 13.463950805593358, 25.11806468999768], "maximum_diameter": {"diameter": 19.620228381532165, "atom_1": 45, "atom_2": 125}, "pore_diameter": {"diameter": 4.608440018703247, "atom": 51}, "pore_volume": 51.246055214688504, "pore_diameter_opt": {"diameter": 4.845580362519829, "atom_1": 73, "centre_of_mass": [7.583079962269779, 13.273273062988045, 25.041883800482797]}, "pore_volume_opt": 59.5711554955656, "windows": {"diameters": [3.0409842646574834, 3.59509071814791], "centre_of_mass": [[9.54779813348753, 15.710136661167525, 25.731089357854813], [6.025942692206067, 10.915969257975654, 24.22398164945096]]}}