{"no_of_atoms": 466, "centre_of_mass": [12.79937676980631, 7.204840429170524, 11.189736400201598], "maximum_diameter": {"diameter": 33.04319288408119, "atom_1": 219, "atom_2": 465}, "pore_diameter": {"diameter": 4.7529877881104525, "atom": 187}, "pore_volume": 56.22101962216416, "pore_diameter_opt": {"diameter": 4.7686440353778625, "atom_1": 224, "centre_of_mass": [12.79848266716038, 7.198365927981534, 11.194044650011007]}, "pore_volume_opt": 56.778424439447505, "windows": {"diameters": [3.675304196079058, 3.425136978955242, 3.426253204973508, 1.8351750021533584, 3.004226210374457], "centre_of_mass": [[13.521935409189993, 6.523780093612124, 16.997432992792614], [7.76648442158567, 8.301731239484793, 12.082009241656923], [17.852242946394984, 6.077396528168665, 10.284477418824329], [11.339727561707194, 1.2982211987746766, 9.963590860386189], [12.264236351860903, 7.029485045611851, 7.602278360004471]]}}