{"no_of_atoms": 113, "centre_of_mass": [9.537899805542798, 2.571900563536265, 5.006535185891405], "maximum_diameter": {"diameter": 16.44324774549997, "atom_1": 6, "atom_2": 112}, "pore_diameter": {"diameter": 4.704567619938844, "atom": 86}, "pore_volume": 54.52024110186456, "pore_diameter_opt": {"diameter": 4.722394735902366, "atom_1": 86, "centre_of_mass": [9.530922141328933, 2.5771391050828063, 5.008358373773519]}, "pore_volume_opt": 55.14237668074883, "windows": {"diameters": [3.269555583532106, 1.9518174671526736], "centre_of_mass": [[11.127712579063353, 1.764679331948729, 8.182843585499318], [8.764073754066839, 4.944591047399806, 1.7899156342199647]]}}