{"no_of_atoms": 93, "centre_of_mass": [10.318316423804388, 6.476136171843206, 14.014114704134807], "maximum_diameter": {"diameter": 20.619967247355607, "atom_1": 38, "atom_2": 83}, "pore_diameter": {"diameter": 3.9260542059862824, "atom": 40}, "pore_volume": 31.68600575796109, "pore_diameter_opt": {"diameter": 6.93950966954319, "atom_1": 22, "centre_of_mass": [8.39279210898142, 6.053993869864146, 14.072278394715108]}, "pore_volume_opt": 174.97861636871653, "windows": {"diameters": [7.005817882495408, 2.6599867559809955], "centre_of_mass": [[8.461782550325408, 6.073654805011057, 14.19053939412881], [12.249793512684226, 9.499714647151718, 11.321677455514559]]}}