{"no_of_atoms": 93, "centre_of_mass": [3.502683576195609, 15.188136171843214, 0.7908852958651936], "maximum_diameter": {"diameter": 20.61996724735561, "atom_1": 57, "atom_2": 66}, "pore_diameter": {"diameter": 3.9260542059863055, "atom": 19}, "pore_volume": 31.68600575796165, "pore_diameter_opt": {"diameter": 6.939510030736605, "atom_1": 6, "centre_of_mass": [5.428208694826752, 14.765993224790655, 0.7327218245699608]}, "pore_volume_opt": 174.97864369101896, "windows": {"diameters": [7.257339549790391, 3.0041773132191776], "centre_of_mass": [[5.549625640549075, 14.512132782635014, 0.4711519254973089], [2.2891377442356706, 17.74406228777084, 2.970739866247596]]}}