{"no_of_atoms": 272, "centre_of_mass": [5.7385945609487905, 0.006769362792262538, 0.11064808874230143], "maximum_diameter": {"diameter": 23.769944349164035, "atom_1": 154, "atom_2": 270}, "pore_diameter": {"diameter": 4.614443342826629, "atom": 12}, "pore_volume": 51.44658790094234, "pore_diameter_opt": {"diameter": 4.8243027026254826, "atom_1": 12, "centre_of_mass": [5.77203186587243, -0.07329726784813761, 0.05164369041294607]}, "pore_volume_opt": 58.789839178839784, "windows": {"diameters": [4.880293978614992, 4.897652717552779], "centre_of_mass": [[6.2560289720581945, 0.20408333353756536, -0.020131846645785337], [5.366353391197025, -0.0684044389235623, -0.193417218230639]]}}