{"no_of_atoms": 166, "centre_of_mass": [3.5783383088594096, -4.185010559536056, 12.809032507960017], "maximum_diameter": {"diameter": 23.769510902287713, "atom_1": 51, "atom_2": 164}, "pore_diameter": {"diameter": 4.821054522108186, "atom": 77}, "pore_volume": 58.67117034002313, "pore_diameter_opt": {"diameter": 4.821186259408288, "atom_1": 49, "centre_of_mass": [3.578360689606844, -4.18505946737172, 12.808994477667106]}, "pore_volume_opt": 58.67598011311983, "windows": {"diameters": [4.879781972583629, 4.898451706260401], "centre_of_mass": [[3.99195208898467, -4.136346279042823, 12.98977423656799], [3.0991533543279606, -4.25381819525387, 12.615378603491259]]}}