{"no_of_atoms": 90, "centre_of_mass": [1.6549502877355033, 12.005855429709458, 3.980114713913935], "maximum_diameter": {"diameter": 17.17865340622284, "atom_1": 25, "atom_2": 83}, "pore_diameter": {"diameter": 0.9732635146379915, "atom": 32}, "pore_volume": 0.4827140629191652, "pore_diameter_opt": {"diameter": 1.066820364883967, "atom_1": 30, "centre_of_mass": [1.73866793349983, 12.052921472261154, 3.936224481832325]}, "pore_volume_opt": 0.6357297197772511, "windows": {"diameters": [0.3300528816393764, 0.17334859849776452, 0.2904350714715176], "centre_of_mass": [[3.006449744939863, 12.253855554080767, 4.698145588801675], [0.5463774777957078, 12.829705682259732, 4.2704699328482825], [1.4858982717603326, 10.975530876829819, 3.2544732454285907]]}}