{"no_of_atoms": 168, "centre_of_mass": [-0.00021025942509862058, 9.997377243751506, 17.051975763009736], "maximum_diameter": {"diameter": 22.729136526871393, "atom_1": 105, "atom_2": 123}, "pore_diameter": {"diameter": 5.614547694856329, "atom": 23}, "pore_volume": 92.67080779255127, "pore_diameter_opt": {"diameter": 5.618303185826193, "atom_1": 142, "centre_of_mass": [-0.0019358162550747178, 9.997675883530375, 17.051113766851582]}, "pore_volume_opt": 92.85689075482163, "windows": {"diameters": [3.819227876838313, 3.8225903352601045, 3.814924482721332, 3.817195859544713], "centre_of_mass": [[0.0016170628390235202, 9.996359220354226, 19.896826559773988], [2.4761471254788656, 11.134450518024178, 16.083541702486148], [-0.2435868426180722, 7.441742952663812, 16.142096627698248], [-2.151521451372942, 11.52078568926756, 16.125469724525335]]}}