{"no_of_atoms": 168, "centre_of_mass": [17.31596867696064, 4.665043497003804e-05, 13.111799643505245], "maximum_diameter": {"diameter": 22.31089865130901, "atom_1": 3, "atom_2": 167}, "pore_diameter": {"diameter": 5.222006120707032, "atom": 132}, "pore_volume": 74.56083309136284, "pore_diameter_opt": {"diameter": 5.2225993449416634, "atom_1": 132, "centre_of_mass": [17.31581427898767, 0.0003174067502668756, 13.111891401002204]}, "pore_volume_opt": 74.58624649591857, "windows": {"diameters": [3.7258800546645987, 3.7159358872288233, 3.697457322071029, 3.529407627092717], "centre_of_mass": [[17.60809146201716, 2.790379296532529, 14.248482712036509], [19.548658877586323, -1.6182887610360273, 14.231906098788542], [14.914223115742818, -1.0764830734196076, 14.188370216784426], [17.315967103314016, 0.0004193416717293301, 10.24181642012806]]}}