{"no_of_atoms": 168, "centre_of_mass": [17.315895247452453, 0.00016296481224947648, 13.106060860025702], "maximum_diameter": {"diameter": 22.72639221371966, "atom_1": 103, "atom_2": 104}, "pore_diameter": {"diameter": 5.615701671247676, "atom": 136}, "pore_volume": 92.72796034235151, "pore_diameter_opt": {"diameter": 5.620004827150813, "atom_1": 27, "centre_of_mass": [17.313957565131606, 0.002666876762483007, 13.106974718877694]}, "pore_volume_opt": 92.9412882921942, "windows": {"diameters": [3.817923086332962, 3.818897987653147, 3.833444308633862, 3.8185736502729664], "centre_of_mass": [[14.910442464102697, -1.0800104341620884, 14.042402354192523], [19.490114425556385, -1.5638937343239787, 14.052125675072274], [17.59273861770629, 2.7707717408824273, 14.091350465239186], [17.31203158438065, 0.003563956447332795, 10.271125715158533]]}}