{"no_of_atoms": 168, "centre_of_mass": [8.658013471457153, 4.998753496046704, 104.57814866743985], "maximum_diameter": {"diameter": 22.723673332683244, "atom_1": 123, "atom_2": 129}, "pore_diameter": {"diameter": 5.617777051055844, "atom": 24}, "pore_volume": 92.83080601234983, "pore_diameter_opt": {"diameter": 5.6192175580541335, "atom_1": 26, "centre_of_mass": [8.657981741031406, 4.999264682927548, 104.57869941255177]}, "pore_volume_opt": 92.9022351826673, "windows": {"diameters": [3.8151412004227354, 3.816469868624448, 3.8190306140282773, 3.8153398570457084], "centre_of_mass": [[11.034685239061325, 3.903162061404914, 105.50757016192377], [6.508832868018025, 3.48096427626972, 105.50621088637196], [8.411605062058186, 7.658052535616203, 105.5238565239863], [8.661117414166947, 4.999904395866673, 101.77204464929059]]}}