{"no_of_atoms": 168, "centre_of_mass": [8.658036716991122, 4.998706481367962, 104.57063832694438], "maximum_diameter": {"diameter": 22.316788249370838, "atom_1": 93, "atom_2": 109}, "pore_diameter": {"diameter": 5.403159406475789, "atom": 133}, "pore_volume": 82.59275707034243, "pore_diameter_opt": {"diameter": 5.403641031525611, "atom_1": 133, "centre_of_mass": [8.657755965489084, 4.9988987871521955, 104.57080867181037]}, "pore_volume_opt": 82.61484541734602, "windows": {"diameters": [3.6871903732058677, 3.6796807097357207, 3.6785995228521338, 3.776955947025716], "centre_of_mass": [[8.361285983827505, 7.645089511797907, 105.52946698168336], [11.009266275428635, 3.9711942761700474, 105.49670203250545], [6.63985516066359, 3.511046084904583, 105.47660663037463], [8.65814907769797, 4.9984770843914115, 101.65715982188148]]}}