{"no_of_atoms": 168, "centre_of_mass": [0.002620110277142232, 9.998210297902197, 17.05074134265374], "maximum_diameter": {"diameter": 22.994083885677025, "atom_1": 10, "atom_2": 165}, "pore_diameter": {"diameter": 5.095826488364494, "atom": 132}, "pore_volume": 69.28552596930267, "pore_diameter_opt": {"diameter": 5.404938171972789, "atom_1": 124, "centre_of_mass": [-0.08524124161496927, 10.018911482519762, 17.249155174581]}, "pore_volume_opt": 82.67435461681848, "windows": {"diameters": [3.7821761154963762, 3.827457574098895, 3.7400606177764213, 3.7461629359829227], "centre_of_mass": [[-0.07072116972657047, 9.831734764945384, 19.8865076542122], [-0.3381268980987933, 7.413564235197146, 16.112617325029717], [-2.3620666442777263, 11.561934293758275, 16.439566434986396], [2.2059857181158087, 11.188012830207812, 16.15321953550964]]}}