{"no_of_atoms": 168, "centre_of_mass": [0.00012803387415997027, 9.997434536145198, 17.051859356376646], "maximum_diameter": {"diameter": 22.72953413097241, "atom_1": 10, "atom_2": 167}, "pore_diameter": {"diameter": 5.614464932343205, "atom": 124}, "pore_volume": 92.66670974780733, "pore_diameter_opt": {"diameter": 5.617004575445746, "atom_1": 127, "centre_of_mass": [0.0017928968929576269, 9.998178600579438, 17.052146601367777]}, "pore_volume_opt": 92.79251702036028, "windows": {"diameters": [3.817745351364367, 3.814189109564143, 3.816344696156134, 3.8241509828317004], "centre_of_mass": [[0.010505287427512014, 9.991422333312817, 19.885731642456967], [-0.24403931406860596, 7.447908169259403, 16.139434664161776], [-2.1521418257600775, 11.531776717610212, 16.1288635697949], [2.4757024048384113, 11.13229113459414, 16.081836443645336]]}}