{"no_of_atoms": 216, "centre_of_mass": [17.31614176328959, 0.00010904518783819421, 60.81500387895367], "maximum_diameter": {"diameter": 26.290462894768304, "atom_1": 5, "atom_2": 202}, "pore_diameter": {"diameter": 2.5550838236751923, "atom": 55}, "pore_volume": 8.734017939763456, "pore_diameter_opt": {"diameter": 2.561969896282702, "atom_1": 58, "centre_of_mass": [17.318476726373607, 0.0031925086433335086, 60.81355991090932]}, "pore_volume_opt": 8.804824206718338, "windows": {"diameters": [2.488014536322892, 2.300941248752847, 1.8014208984656723, 1.7353257123239438, 2.3578005291163504], "centre_of_mass": [[17.31640349517904, 0.0016530309577482273, 61.45001546586128], [19.458142508214717, -3.0891279642411096, 60.16465210074613], [15.157095654546112, -0.9242841464809914, 61.03871605553626], [17.666481690688993, 1.7705459843408458, 60.79945388594957], [17.321773026764866, 0.005242253792602928, 59.85442201753621]]}}