{"no_of_atoms": 216, "centre_of_mass": [8.658156456255323, 4.998722880412189, 91.22245333958989], "maximum_diameter": {"diameter": 26.289591079070608, "atom_1": 98, "atom_2": 184}, "pore_diameter": {"diameter": 2.5486340272114494, "atom": 48}, "pore_volume": 8.668042933333348, "pore_diameter_opt": {"diameter": 2.5803702918029523, "atom_1": 48, "centre_of_mass": [8.663155773424453, 5.003514695923912, 91.28029748301662]}, "pore_volume_opt": 8.995902126688422, "windows": {"diameters": [2.3582997639374423, 1.7251966734852773, 1.7323772775067887, 2.370522782499862, 2.48589734890052], "centre_of_mass": [[8.659556113281303, 5.0027967843144, 92.20110897831229], [8.104610536940898, 3.261773728891082, 91.25501305971237], [7.496528003394825, 6.311184862453743, 91.19308708829851], [12.160684278752472, 6.54995335285363, 91.74994422784086], [8.664565824151476, 5.0046372399333645, 90.59683475046512]]}}