{"no_of_atoms": 216, "centre_of_mass": [8.658126353088388, 4.99859316173158, 91.22271387386014], "maximum_diameter": {"diameter": 26.29032536072465, "atom_1": 2, "atom_2": 208}, "pore_diameter": {"diameter": 2.553849671656685, "atom": 59}, "pore_volume": 8.72136798272011, "pore_diameter_opt": {"diameter": 2.582547223290988, "atom_1": 44, "centre_of_mass": [8.663044828028493, 4.999769052699178, 91.16238021721011]}, "pore_volume_opt": 9.018689540861562, "windows": {"diameters": [2.488320192564268, 3.0481688653759442, 1.7371513746739224, 1.7303175519109244, 2.359272380765201], "centre_of_mass": [[8.662180775612105, 4.999304067165509, 91.85737777946748], [4.469364290150549, 6.881058490930311, 90.94560382644943], [9.803914990190428, 6.348365408457638, 91.24314510716687], [9.258589673538554, 3.2926616340195616, 91.19766457028129], [8.66427471607175, 5.000093379188406, 90.2417484281297]]}}