{"no_of_atoms": 168, "centre_of_mass": [8.657968676960632, 14.996094895163072, 108.51820035649477], "maximum_diameter": {"diameter": 22.31089865130898, "atom_1": 3, "atom_2": 165}, "pore_diameter": {"diameter": 5.221727354522606, "atom": 134}, "pore_volume": 74.54889289313974, "pore_diameter_opt": {"diameter": 5.222577004133987, "atom_1": 134, "centre_of_mass": [8.65783981433075, 14.995693514235064, 108.518088209541]}, "pore_volume_opt": 74.58528932320617, "windows": {"diameters": [3.527148991879564, 3.7233392393197975, 3.7346235959597647, 3.692016155188575], "centre_of_mass": [[8.65801026463558, 14.9959612243372, 111.3706391522628], [6.1047656607393535, 16.134264933366545, 107.38488570225653], [10.959864328521222, 16.668079552672847, 107.36765078032793], [8.917522242714647, 12.44400548175178, 107.4650163375373]]}}