{"no_of_atoms": 216, "centre_of_mass": [11.36486109094653, 6.561126050285353, 2.6135218004815446], "maximum_diameter": {"diameter": 26.287717229136398, "atom_1": 107, "atom_2": 199}, "pore_diameter": {"diameter": 2.552665481171743, "atom": 45}, "pore_volume": 8.709241615644718, "pore_diameter_opt": {"diameter": 2.5797366851642463, "atom_1": 59, "centre_of_mass": [11.368027569713488, 6.558930076793061, 2.5521972837433475]}, "pore_volume_opt": 8.989276956827608, "windows": {"diameters": [2.4853518350126937, 3.0102844725101394, 1.7284452861548756, 1.737061840149122, 2.3557832174468865], "centre_of_mass": [[11.368698320725, 6.55770730402682, 3.2434012738237534], [7.202689909678655, 4.71570052974972, 2.330221199818881], [11.971511634676665, 8.211737480336144, 2.6486243551679727], [12.622304345843773, 5.243451734348088, 2.2216148064162864], [11.366876339089622, 6.561435451087145, 1.644943593823721]]}}