{"no_of_atoms": 228, "centre_of_mass": [-3.0497136244815773e-05, 12.851806681620662, 17.645906591698086], "maximum_diameter": {"diameter": 29.80200667945759, "atom_1": 111, "atom_2": 119}, "pore_diameter": {"diameter": 3.4574643491641166, "atom": 177}, "pore_volume": 21.640722413117985, "pore_diameter_opt": {"diameter": 3.457749180033558, "atom_1": 181, "centre_of_mass": [0.00010040586904110312, 12.851551308308041, 17.64590014078633]}, "pore_volume_opt": 21.64607123494204, "windows": {"diameters": [2.8744724020803765, 2.3310927975434566, 2.171821058269345, 2.1720423412623666, 2.957752659425782], "centre_of_mass": [[7.227924299839603e-05, 12.851450733370845, 19.109176450390816], [2.13356879088292, 12.826307434710445, 19.748882785327602], [-1.4337829910545095, 15.363547502551599, 17.699070411630746], [-1.4619228855799051, 10.348036443633063, 17.698784757688582], [8.866995634308013e-05, 12.852399991895629, 14.670381271687612]]}}