{"no_of_atoms": 228, "centre_of_mass": [3.0497136244476655e-05, 12.851806681620657, 38.820904747968804], "maximum_diameter": {"diameter": 29.8020066794576, "atom_1": 3, "atom_2": 224}, "pore_diameter": {"diameter": 3.457465839850729, "atom": 162}, "pore_volume": 21.64075040433857, "pore_diameter_opt": {"diameter": 3.457745333065778, "atom_1": 57, "centre_of_mass": [-0.0001045331429667334, 12.851551697557278, 38.82089938214584]}, "pore_volume_opt": 21.64599898709384, "windows": {"diameters": [2.9577640935658756, 2.1714220299724754, 2.1736329811109694, 2.171677870155039, 2.8752269610362906], "centre_of_mass": [[-9.643836061661799e-05, 12.851576713953246, 41.797112451128214], [1.4525562124990468, 15.339363356265801, 38.768396941897564], [-2.9273504886552244, 12.837277507048269, 38.87539202890618], [1.4328535957038089, 10.341878270931918, 38.768450936091064], [-0.00033308084324959594, 12.852076881142422, 37.3534005881012]]}}