{"no_of_atoms": 228, "centre_of_mass": [11.129625479070869, 6.4254491377029215, 24.704883242671112], "maximum_diameter": {"diameter": 30.178800027858337, "atom_1": 39, "atom_2": 172}, "pore_diameter": {"diameter": 1.1727067401713698, "atom": 150}, "pore_volume": 0.8444362844231664, "pore_diameter_opt": {"diameter": 1.186364469212704, "atom_1": 150, "centre_of_mass": [11.121293652506292, 6.422154133728159, 24.70008491079139]}, "pore_volume_opt": 0.8742849782404379, "windows": {"diameters": [1.1203877342054587, 2.7709177993018526, 1.8588254332414462, 2.026862920847955, 0.8102820350928863, 0.44202631170272744, 0.8700808574324257], "centre_of_mass": [[11.12064446839317, 6.421670216853617, 25.20010740814065], [11.12557259072546, 6.4101811522804955, 28.362890051891995], [11.11911501104132, 6.420685453014362, 26.447640356822326], [11.118952414579814, 6.420556315589459, 26.605040068600225], [12.107129255633266, 4.062366896500295, 23.915698906315786], [12.075707103556947, 7.36788325165298, 24.24332485617754], [11.121666126698656, 6.424306132817723, 23.662624346604932]]}}