{"no_of_atoms": 216, "centre_of_mass": [22.728971197616065, 2.0051650042715495e-05, 7.973219255465496], "maximum_diameter": {"diameter": 25.74923385462909, "atom_1": 102, "atom_2": 200}, "pore_diameter": {"diameter": 1.1956278015220785, "atom": 50}, "pore_volume": 0.8949249935430041, "pore_diameter_opt": {"diameter": 1.2459799649928445, "atom_1": 67, "centre_of_mass": [22.726741334156483, 0.0004086497604158069, 8.102654288888283]}, "pore_volume_opt": 1.0128189056497203, "windows": {"diameters": [0.9831996987341864, 1.1255188162573018], "centre_of_mass": [[22.72876028544636, 0.00014623327018181839, 8.9597115315609], [22.728608544805535, -5.735160847482849e-05, 7.465851091789815]]}}