{"no_of_atoms": 216, "centre_of_mass": [-11.364678507401633, 19.683747183530734, 23.822828824041355], "maximum_diameter": {"diameter": 26.288150074196896, "atom_1": 119, "atom_2": 176}, "pore_diameter": {"diameter": 2.5601279931144982, "atom": 55}, "pore_volume": 8.785847430007594, "pore_diameter_opt": {"diameter": 2.5819140964102636, "atom_1": 39, "centre_of_mass": [-11.364822160505284, 19.68324440628877, 23.882922883877512]}, "pore_volume_opt": 9.012058209973548, "windows": {"diameters": [2.359082382155138, 1.7332985139480717, 1.732315846555947, 3.1236533421664476, 2.4868019114214985], "centre_of_mass": [[-11.365080664677235, 19.68223641634381, 24.801699308713445], [-12.505861306153502, 18.375710230053457, 23.770907552743136], [-9.576475899943885, 19.302924646697452, 23.869932289534525], [-11.73536274388674, 24.321087390195252, 24.072065391954933], [-11.364154814244328, 19.682956953883295, 23.195156571164805]]}}