{"no_of_atoms": 216, "centre_of_mass": [-8.09333017829633e-05, 13.122346309078345, 29.200342426782488], "maximum_diameter": {"diameter": 26.291103541729484, "atom_1": 2, "atom_2": 211}, "pore_diameter": {"diameter": 2.547633056786181, "atom": 56}, "pore_volume": 8.657833879405384, "pore_diameter_opt": {"diameter": 2.579121528926255, "atom_1": 157, "centre_of_mass": [0.0004321591403739451, 13.1161842944967, 29.25902080532805]}, "pore_volume_opt": 8.982847822439771, "windows": {"diameters": [2.35390550381559, 3.0737774959483377, 2.324078489212385, 1.7239469624950687, 2.4855131581182754], "centre_of_mass": [[0.003458744784142031, 13.117242383922648, 30.169879043805217], [4.218243874450512, 14.97358767545673, 29.44757491426169], [-0.5369082636906661, 9.416490523390319, 29.753929304707036], [-1.1947162450103999, 14.521898694296613, 29.25398890414094], [-0.001739902426540834, 13.115862198649193, 28.56337900664182]]}}