{"no_of_atoms": 216, "centre_of_mass": [2.4100915628048272e-05, 13.122583836377943, 13.236061860052853], "maximum_diameter": {"diameter": 25.749279008913277, "atom_1": 145, "atom_2": 183}, "pore_diameter": {"diameter": 1.195841885438631, "atom": 30}, "pore_volume": 0.8954058037613948, "pore_diameter_opt": {"diameter": 1.2412152338270181, "atom_1": 160, "centre_of_mass": [-0.006015461480710063, 13.123939923205516, 13.107535956126164]}, "pore_volume_opt": 1.0012439706625536, "windows": {"diameters": [1.1274740399464158, 0.9861865157011844], "centre_of_mass": [[-0.0003466400495630061, 13.122695370107023, 13.758682283641926], [2.2594433565693677e-05, 13.122414099058423, 12.225932426223142]]}}