{"no_of_atoms": 216, "centre_of_mass": [11.364499383030468, 6.5615573173389174, 2.6135064036491436], "maximum_diameter": {"diameter": 26.292173979133448, "atom_1": 3, "atom_2": 207}, "pore_diameter": {"diameter": 2.559916265313689, "atom": 51}, "pore_volume": 8.78366778783247, "pore_diameter_opt": {"diameter": 2.5884088693677616, "atom_1": 60, "centre_of_mass": [11.369992211298749, 6.56382862645925, 2.5540069254341224]}, "pore_volume_opt": 9.080238592327538, "windows": {"diameters": [2.4939823520171465, 3.0050317043337578, 1.7402392951807562, 1.7484803448992827, 2.3639798873407325], "centre_of_mass": [[11.37069196290886, 6.56199237034502, 3.2427445716293777], [7.189520822473093, 4.74012008342026, 2.3285656469937104], [11.974659971457454, 8.218980774540658, 2.6300574196741366], [12.628283322388251, 5.2276979426691605, 2.215174231266637], [11.3690411800793, 6.566719665611296, 1.6454481904688523]]}}