{"no_of_atoms": 192, "centre_of_mass": [-0.00032929539914337396, 10.101614795259565, 43.5539902828345], "maximum_diameter": {"diameter": 25.044059613288287, "atom_1": 93, "atom_2": 174}, "pore_diameter": {"diameter": 4.421689984204669, "atom": 34}, "pore_volume": 45.26510079778944, "pore_diameter_opt": {"diameter": 4.457042810395478, "atom_1": 51, "centre_of_mass": [-0.015501922437283124, 10.111322640973619, 43.55679317487089]}, "pore_volume_opt": 46.35953155855812, "windows": {"diameters": [3.8013882495174838, 3.3281263057664563, 3.149494240864225, 3.3570738647644727, 3.7970640314731727], "centre_of_mass": [[-0.005053267762195859, 10.10124354188792, 48.46646392163244], [-2.242291451934037, 11.483263228032204, 43.4835882563206], [2.856688942328428, 12.602574979501947, 44.293689154060154], [-0.006131039077467173, 7.618269410337347, 43.57447037614745], [-0.00109964827831089, 10.105984839586862, 38.67251571885468]]}}