{"no_of_atoms": 108, "centre_of_mass": [6.146528996363162, 6.146561881774937, 6.146542871590771], "maximum_diameter": {"diameter": 17.658877834003345, "atom_1": 24, "atom_2": 104}, "pore_diameter": {"diameter": 5.675036606679432, "atom": 45}, "pore_volume": 95.69838840174259, "pore_diameter_opt": {"diameter": 5.675954986766058, "atom_1": 64, "centre_of_mass": [6.146384128425355, 6.147502573054408, 6.146376740973612]}, "pore_volume_opt": 95.74485597036879, "windows": {"diameters": [3.8765721586420434, 3.876511020380987, 3.8782002842689995, 3.8857378116251184], "centre_of_mass": [[4.487868130776447, 4.484889924821521, 7.807444485790279], [7.797947602418711, 7.801768704010977, 7.799757462997463], [7.814147876519204, 4.4823790865737365, 4.479245816694821], [4.442581704372309, 7.847900050248064, 4.44453734575149]]}}