{"no_of_atoms": 108, "centre_of_mass": [6.146525233418576, 18.439290871580685, 18.43951006184143], "maximum_diameter": {"diameter": 18.242558357870635, "atom_1": 7, "atom_2": 106}, "pore_diameter": {"diameter": 5.321689302665606, "atom": 81}, "pore_volume": 78.91274826382843, "pore_diameter_opt": {"diameter": 5.361619468963271, "atom_1": 81, "centre_of_mass": [6.1475621376097935, 18.409749506552146, 18.440069766834988]}, "pore_volume_opt": 80.70242498140357, "windows": {"diameters": [4.202032204117359, 3.899606556811871, 3.8120011302644223, 3.901079452765049], "centre_of_mass": [[8.727095985973193, 21.102460056239888, 20.82684455252578], [4.440931696018953, 16.77497480741569, 20.154276509167012], [4.352694209928401, 20.09639941169487, 16.795155616084365], [7.856160301959688, 16.776779052609587, 16.7144268942179]]}}