{"no_of_atoms": 162, "centre_of_mass": [1.6628941269155575, 5.667257307464284, 3.309288334687194], "maximum_diameter": {"diameter": 17.43252077608132, "atom_1": 123, "atom_2": 132}, "pore_diameter": {"diameter": 6.662395072716935, "atom": 143}, "pore_volume": 154.84235547637385, "pore_diameter_opt": {"diameter": 6.680204919824554, "atom_1": 143, "centre_of_mass": [1.6630378525641474, 5.677042243106922, 3.3094692312276663]}, "pore_volume_opt": 156.08744697326387, "windows": {"diameters": [5.606522737101924, 5.604863941768036], "centre_of_mass": [[-1.985262546710568, 5.729111801467282, 3.3826604989647424], [5.148008323875725, 5.729603274892178, 3.235523232036757]]}}