{"no_of_atoms": 135, "centre_of_mass": [-1.8058023693831031, 0.3592286548899462, 9.643754071556693], "maximum_diameter": {"diameter": 18.61884958650675, "atom_1": 82, "atom_2": 124}, "pore_diameter": {"diameter": 0.04825554619525363, "atom": 104}, "pore_volume": 5.883561932495959e-05, "pore_diameter_opt": {"diameter": 0.12763680625928808, "atom_1": 104, "centre_of_mass": [-1.7816745962854763, 0.3351008817923194, 9.619626298459066]}, "pore_volume_opt": 0.0010887455887716125, "windows": {"diameters": [4.034287598294931], "centre_of_mass": [[-1.4387685003415864, -0.7901059745906345, 8.04268302392317]]}}