{"no_of_atoms": 208, "centre_of_mass": [21.475360890914047, 17.477631444021853, 17.261295984727656], "maximum_diameter": {"diameter": 26.86942027677063, "atom_1": 169, "atom_2": 175}, "pore_diameter": {"diameter": 6.45897645362016, "atom": 204}, "pore_volume": 141.08788600554263, "pore_diameter_opt": {"diameter": 6.930003957112481, "atom_1": 204, "centre_of_mass": [21.666854693571683, 17.227907688702174, 17.151890467668466]}, "pore_volume_opt": 174.26054586313535, "windows": {"diameters": [6.365474849915662, 6.291228965615158, 6.11433703143026, 5.745062579143868], "centre_of_mass": [[21.601549290198435, 16.700566182644994, 19.44828498888614], [16.765902935651706, 17.36496632569198, 15.886618032150446], [22.92101971481552, 15.408916749262492, 16.747910723490865], [22.472527947900673, 21.821508004932333, 15.030011988232708]]}}