{"no_of_atoms": 192, "centre_of_mass": [26.67557123856356, 3.4194287614364596, 18.466940705809996], "maximum_diameter": {"diameter": 24.545280056373098, "atom_1": 118, "atom_2": 161}, "pore_diameter": {"diameter": 4.777937290471915, "atom": 39}, "pore_volume": 57.11102550367676, "pore_diameter_opt": {"diameter": 4.778186599719165, "atom_1": 141, "centre_of_mass": [26.67570794614654, 3.419358307280629, 18.46705423165618]}, "pore_volume_opt": 57.119966003856824, "windows": {"diameters": [3.553243449252793, 3.926760193620409, 3.6173570813826745, 3.2666201163492548, 3.594868941749572], "centre_of_mass": [[25.709489025334626, 1.4750018751355547, 19.783259089327327], [23.909950850327135, 6.185434976175672, 21.232902880001184], [30.554615801144553, 4.358886051834341, 20.134768568002382], [29.47034961945779, 0.624751878828139, 15.672050354643503], [25.462013792203287, 4.352829841958382, 16.588672512580192]]}}