{"no_of_atoms": 192, "centre_of_mass": [3.419428761436461, 11.628059294189997, 18.46694070580999], "maximum_diameter": {"diameter": 24.545641886608127, "atom_1": 109, "atom_2": 164}, "pore_diameter": {"diameter": 4.778323323364672, "atom": 4}, "pore_volume": 57.12486945830892, "pore_diameter_opt": {"diameter": 4.778691464668018, "atom_1": 100, "centre_of_mass": [3.4192603555469794, 11.627977585194339, 18.4669563367699]}, "pore_volume_opt": 57.138073866687364, "windows": {"diameters": [3.561142982741622, 3.927346019420957, 3.557347446445442, 3.2597993609283633, 3.558886796417854], "centre_of_mass": [[4.83042110061344, 14.332413053725388, 20.990055230924614], [6.1881868886056335, 8.858874477911035, 21.23568731053282], [1.4804532844682026, 10.322695761130394, 19.430248506169214], [0.6724620941369288, 14.375109623306411, 15.719712811946993], [5.9075029639965955, 10.23846722811265, 15.809892640764604]]}}