{"no_of_atoms": 168, "centre_of_mass": [3.6716991127288855e-05, 9.997382637703264, 17.059361673055648], "maximum_diameter": {"diameter": 22.316788249370852, "atom_1": 10, "atom_2": 165}, "pore_diameter": {"diameter": 5.403132281311066, "atom": 45}, "pore_volume": 82.59151316984375, "pore_diameter_opt": {"diameter": 5.422286415637233, "atom_1": 37, "centre_of_mass": [-0.00036570645187005064, 9.997133984016928, 17.02126275569392]}, "pore_volume_opt": 83.47299278415787, "windows": {"diameters": [3.773187001559116, 3.6801408039867654, 3.6812390537365487, 3.683953439005631], "centre_of_mass": [[0.00015168728486051968, 9.997594898201928, 19.929035834706838], [2.361387413621498, 11.029197007884457, 16.12948169248952], [-0.28746476827207884, 7.431409236433442, 16.12818906807339], [-2.1218921604493017, 11.562012040978246, 16.109435659765154]]}}