{"no_of_atoms": 224, "centre_of_mass": [-3.226962751712101, 5.589252529232644, 17.530000651121576], "maximum_diameter": {"diameter": 26.206107466670503, "atom_1": 38, "atom_2": 223}, "pore_diameter": {"diameter": 2.499746900834974, "atom": 96}, "pore_volume": 8.17874632503266, "pore_diameter_opt": {"diameter": 3.6855832802702424, "atom_1": 166, "centre_of_mass": [-2.1486074973633906, 4.339379078815156, 17.91911284617185]}, "pore_volume_opt": 26.21303512779875, "windows": {"diameters": [4.0071877827870725, 3.836936803593948, 3.853989375989484], "centre_of_mass": [[-0.9473138737606601, 6.492680211352424, 21.45560599348512], [-3.0522169162570574, 3.427553489342312, 16.297619013914574], [-2.9249807425279535, 3.365833465554236, 16.394591396958532]]}}