{"no_of_atoms": 168, "centre_of_mass": [8.578377301914555, 14.858023299222937, 108.62927759613014], "maximum_diameter": {"diameter": 22.39313375011407, "atom_1": 103, "atom_2": 131}, "pore_diameter": {"diameter": 5.427850541249104, "atom": 134}, "pore_volume": 83.73022614372506, "pore_diameter_opt": {"diameter": 5.428500761401635, "atom_1": 132, "centre_of_mass": [8.578407202177697, 14.857703075508065, 108.6291771332289]}, "pore_volume_opt": 83.76032070998723, "windows": {"diameters": [3.792871839472332, 4.059396151987352, 4.127032738924804, 4.14428132520692], "centre_of_mass": [[8.578692308375794, 14.857888917283246, 111.5537183435898], [6.361632644654357, 15.844741694442051, 107.48775828176278], [10.970519835071842, 16.627221086455755, 107.31039655021499], [8.923362803127754, 11.843579432411573, 107.29105469900097]]}}