{"no_of_atoms": 168, "centre_of_mass": [-8.657968676960634, 14.99605107252663, 73.9267996435052], "maximum_diameter": {"diameter": 22.310859420302943, "atom_1": 109, "atom_2": 131}, "pore_diameter": {"diameter": 5.221624810817026, "atom": 44}, "pore_volume": 74.54450103059087, "pore_diameter_opt": {"diameter": 5.286959124474572, "atom_1": 44, "centre_of_mass": [-8.6578072207564, 14.995863734880425, 74.14041881592928]}, "pore_volume_opt": 77.37781830463538, "windows": {"diameters": [3.69338310953949, 3.690345374405346, 3.7182564557206423, 3.5232721681214074], "centre_of_mass": [[-10.756752962440403, 16.510354875890368, 74.98807809200984], [-6.339135044968634, 16.03866694106055, 74.97232651096112], [-8.94499221471005, 12.241982761289815, 75.05077596077098], [-8.657960448753451, 14.995958997024195, 71.12514142984011]]}}