{"no_of_atoms": 224, "centre_of_mass": [6.518037248287899, 11.289651070539463, -2.78255338844544e-16], "maximum_diameter": {"diameter": 26.206107466670503, "atom_1": 16, "atom_2": 205}, "pore_diameter": {"diameter": 2.5001159667233464, "atom": 51}, "pore_volume": 8.182369422179654, "pore_diameter_opt": {"diameter": 3.5143785976139648, "atom_1": 71, "centre_of_mass": [6.741075320061235, 11.821384298095298, 0.12144611866269935]}, "pore_volume_opt": 22.72711233703714, "windows": {"diameters": [3.8868123433426045, 4.040653791390977, 4.037257726864068], "centre_of_mass": [[4.393179686383639, 12.945610308657454, 4.209688628954959], [5.429932848711965, 12.340159803699024, 2.2373800437909614], [8.391635108815514, 13.332471176162594, -0.7383499243414472]]}}