{"no_of_atoms": 168, "centre_of_mass": [8.578404150873165, 4.952659509032275, 104.62559585360094], "maximum_diameter": {"diameter": 22.40783708160607, "atom_1": 80, "atom_2": 123}, "pore_diameter": {"diameter": 5.612660315621222, "atom": 37}, "pore_volume": 92.57738290139879, "pore_diameter_opt": {"diameter": 5.612708961818901, "atom_1": 136, "centre_of_mass": [8.578400067306871, 4.952617495155605, 104.62559971163726]}, "pore_volume_opt": 92.57979008967459, "windows": {"diameters": [3.98082085369999, 3.9872598655510587, 3.9810916453990175, 4.09968594931971], "centre_of_mass": [[6.530341957715664, 3.454967414745269, 105.6275381648441], [8.28910729420849, 7.614348524392359, 105.67529055657786], [10.940375187819473, 3.9105341051033538, 105.6430701437667], [8.578240507639695, 4.952640398420962, 101.6684589054953]]}}