{"no_of_atoms": 192, "centre_of_mass": [-12.234391651253848, 21.19086845515055, 21.69599999999998], "maximum_diameter": {"diameter": 24.680695300367944, "atom_1": 76, "atom_2": 181}, "pore_diameter": {"diameter": 4.954916231036883, "atom": 42}, "pore_volume": 63.69532708347455, "pore_diameter_opt": {"diameter": 4.955796778256785, "atom_1": 42, "centre_of_mass": [-12.234566396600796, 21.191271287716972, 21.695944476186888]}, "pore_volume_opt": 63.72929135760342, "windows": {"diameters": [3.7592364661979656, 3.706087343827153, 3.7158849180730313, 3.705156590989215, 3.764009103082777], "centre_of_mass": [[-12.233919298001613, 21.19085121653739, 26.507077103063214], [-8.276092669528033, 20.577275265486314, 22.40415514115963], [-13.71415136119988, 17.39246352637764, 20.983438871285944], [-13.671742333146339, 24.90347443357504, 22.40238781856632], [-12.234569329189911, 21.190744425535975, 16.83199177782963]]}}