{"no_of_atoms": 224, "centre_of_mass": [6.564113156273053, 11.369352996386537, 26.179908170542163], "maximum_diameter": {"diameter": 26.03785346589253, "atom_1": 13, "atom_2": 211}, "pore_diameter": {"diameter": 2.0014662588788616, "atom": 58}, "pore_volume": 4.198009736838617, "pore_diameter_opt": {"diameter": 3.6377664276687907, "atom_1": 156, "centre_of_mass": [7.564846285712484, 12.370086109020317, 25.743127400964173]}, "pore_volume_opt": 25.205949053984604, "windows": {"diameters": [3.880819821199491, 3.6997095316049182, 3.938782132685619], "centre_of_mass": [[3.539290011357453, 13.493908643373999, 31.230647419835947], [7.8450100993528835, 12.3685497433381, 25.49675527485238], [9.992179069348266, 9.766857269271863, 21.02435170592042]]}}