{"no_of_atoms": 224, "centre_of_mass": [6.485795638260624, 0.00011966296707310578, 8.726577627514542], "maximum_diameter": {"diameter": 26.03868020239175, "atom_1": 43, "atom_2": 221}, "pore_diameter": {"diameter": 2.00217937457932, "atom": 103}, "pore_volume": 4.202498546081506, "pore_diameter_opt": {"diameter": 3.607550257907126, "atom_1": 169, "centre_of_mass": [5.484705950970964, 0.14918081399809505, 8.494217360264422]}, "pore_volume_opt": 24.58305159257785, "windows": {"diameters": [3.8464731681347915, 3.7415614178944607, 3.7440223140252367], "centre_of_mass": [[6.157548652630835, -3.620369085130707, 13.704696428039394], [4.68756697710779, 0.7812510331289372, 7.757539800435924], [6.1539634480605265, 3.2859042881583864, 4.1474458902340805]]}}