{"no_of_atoms": 216, "centre_of_mass": [13.147735404960624, 5.470490124476777, 15.705609573923384], "maximum_diameter": {"diameter": 26.342447723688924, "atom_1": 129, "atom_2": 173}, "pore_diameter": {"diameter": 1.9318951109320674, "atom": 132}, "pore_volume": 3.7752807407541624, "pore_diameter_opt": {"diameter": 3.441858788816177, "atom_1": 89, "centre_of_mass": [14.113682960426658, 5.903141709790575, 14.73966201845735]}, "pore_volume_opt": 21.349011305644485, "windows": {"diameters": [3.4507833219410045, 3.6178776013231944, 3.589104111553142], "centre_of_mass": [[15.723034790425674, 5.437602844447953, 16.94231206660603], [9.214697299785026, 5.446218890733721, 12.639126318249588], [13.691554172614012, 5.958148480667967, 14.49866707207201]]}}