{"no_of_atoms": 228, "centre_of_mass": [1.035786883420523e-05, 13.020961962474383, 24.48927067702177], "maximum_diameter": {"diameter": 29.493160271195272, "atom_1": 97, "atom_2": 210}, "pore_diameter": {"diameter": 6.242328425573739, "atom": 59}, "pore_volume": 127.36158796460037, "pore_diameter_opt": {"diameter": 6.243540411348015, "atom_1": 153, "centre_of_mass": [-0.0001500127209141644, 13.021539063949227, 24.48938656660227]}, "pore_volume_opt": 127.43578643393431, "windows": {"diameters": [4.007404494312535, 5.429324311851529, 5.240735713972391, 5.233034146442812, 3.9756273753245623], "centre_of_mass": [[-3.461260013734368e-05, 13.02114728437382, 32.61704159402186], [1.5319436421033295, 12.750975083935021, 27.643436965647155], [-1.0853418996362567, 15.836750746204022, 27.163114782649018], [-1.9826567622197002, 10.592249711856674, 27.164989474945585], [-0.00024098088901191648, 13.021147935917845, 16.408711521317272]]}}