{"no_of_atoms": 228, "centre_of_mass": [-1.404532745131135e-05, 13.020978500314802, 3.5015113550312957], "maximum_diameter": {"diameter": 29.493951618174915, "atom_1": 98, "atom_2": 199}, "pore_diameter": {"diameter": 6.24251607740594, "atom": 149}, "pore_volume": 127.37307423326305, "pore_diameter_opt": {"diameter": 6.24361601947543, "atom_1": 149, "centre_of_mass": [0.00015357272919655517, 13.020467467676333, 3.5013862823061186]}, "pore_volume_opt": 127.44041616188863, "windows": {"diameters": [3.9806811747751065, 5.208346263526099, 5.512170290278098, 5.2317910768112394, 4.006862556498181], "centre_of_mass": [[0.00018869627967307867, 13.020827136740817, 11.650615620880835], [-3.2208137539771355, 13.54834422682073, 0.8202756370522568], [0.47811400684320393, 11.708447557896696, 0.3834801051179162], [2.000653848806493, 15.466234876253939, 0.8251944795475832], [4.0784947168971965e-05, 13.02078759469537, -4.618299107710618]]}}