{"no_of_atoms": 228, "centre_of_mass": [22.419987787732133, 5.413945672505954e-06, 31.632796626414347], "maximum_diameter": {"diameter": 29.615614307916253, "atom_1": 77, "atom_2": 213}, "pore_diameter": {"diameter": 6.366882258222992, "atom": 46}, "pore_volume": 135.13849503192068, "pore_diameter_opt": {"diameter": 6.366986803586631, "atom_1": 136, "centre_of_mass": [22.42007209397462, -8.010138552467288e-05, 31.63280717237092]}, "pore_volume_opt": 135.14515213716575, "windows": {"diameters": [3.9138277936333608, 4.529820067216514, 4.530372378830785, 4.509509389871292, 3.918261825899323], "centre_of_mass": [[22.420323205132643, -5.4138322803737824e-05, 39.785836084349086], [24.788064632699946, 0.17317364350852987, 34.35049715433015], [21.10981384566136, -1.9294993478978626, 28.942427704467313], [20.931069287688977, 2.153099159528548, 34.49615569738825], [22.420438707554762, 9.122237649103717e-05, 23.434822373572544]]}}