{"no_of_atoms": 228, "centre_of_mass": [1.221226787258059e-05, 12.944208211639125, 38.66220337358565], "maximum_diameter": {"diameter": 29.615526931334852, "atom_1": 2, "atom_2": 223}, "pore_diameter": {"diameter": 6.366831179319746, "atom": 80}, "pore_volume": 135.13524257469516, "pore_diameter_opt": {"diameter": 6.366999140236603, "atom_1": 57, "centre_of_mass": [-8.547776857320684e-05, 12.94409407323355, 38.66219415272022]}, "pore_volume_opt": 135.14593770892168, "windows": {"diameters": [3.916637315429974, 4.530839672614221, 4.529831107972839, 4.53252859729006, 3.916960179278816], "centre_of_mass": [[-0.0002757380944046219, 12.944030051932344, 46.85188363182268], [1.0047504623176204, 15.020013860693838, 35.9902579907381], [-2.32118871171121, 13.113897503533785, 41.34895079646933], [0.9895630847849595, 10.900368610166534, 41.31248146787664], [-0.00041232277048014476, 12.944344442331808, 30.475643408898534]]}}