{"no_of_atoms": 168, "centre_of_mass": [2.1495273581258908e-05, 10.044172948738396, 55.445725227909655], "maximum_diameter": {"diameter": 22.442755726413708, "atom_1": 85, "atom_2": 135}, "pore_diameter": {"diameter": 5.36412098338559, "atom": 38}, "pore_volume": 80.81543513666591, "pore_diameter_opt": {"diameter": 5.364574577063205, "atom_1": 38, "centre_of_mass": [1.4222497685798557e-05, 10.04439938100514, 55.445737372134914]}, "pore_volume_opt": 80.83593829295448, "windows": {"diameters": [3.9357070467108533, 3.934016452587399, 4.035788439901857, 3.8014255006954945], "centre_of_mass": [[2.196078307209354, 9.08685257574642, 56.5149894790691], [-2.0162956168737423, 8.558922464798231, 56.549412184158065], [-0.32304993808479443, 13.0858676878677, 56.7243095164276], [0.00028028206787150033, 10.044077637940397, 52.48302853198972]]}}