{"no_of_atoms": 192, "centre_of_mass": [-6.572867941882664e-16, 10.101316090122566, 43.554], "maximum_diameter": {"diameter": 24.417490865652994, "atom_1": 2, "atom_2": 187}, "pore_diameter": {"diameter": 4.107474850183415, "atom": 135}, "pore_volume": 36.28468533491753, "pore_diameter_opt": {"diameter": 4.107474850183415, "atom_1": 135, "centre_of_mass": [-6.572867941882664e-16, 10.101316090122566, 43.554]}, "pore_volume_opt": 36.28468533491753, "windows": {"diameters": [3.539287824700996, 3.2533615981098065, 3.4109494081996714, 3.3075564527030585, 3.5345847300831825], "centre_of_mass": [[-0.0003031416908199825, 10.101092233739422, 48.4195249612468], [0.5527469199744889, 6.341876351130917, 44.0998653502407], [-3.216769605315615, 12.734142575300522, 42.890499397931784], [3.660169688213165, 11.51330668176822, 42.9543129553548], [0.00031444241013517995, 10.101081316110466, 38.74876545391638]]}}