{"no_of_atoms": 168, "centre_of_mass": [8.698511631715146, 5.022008091360107, 1.9682747720903264], "maximum_diameter": {"diameter": 22.44330205075175, "atom_1": 97, "atom_2": 131}, "pore_diameter": {"diameter": 5.364116658591723, "atom": 35}, "pore_volume": 80.81523966578587, "pore_diameter_opt": {"diameter": 5.365242129414634, "atom_1": 35, "centre_of_mass": [8.699014701743167, 5.022260054869619, 1.9682430173677625]}, "pore_volume_opt": 80.86611902868407, "windows": {"diameters": [3.798124417960851, 3.937090999263679, 3.939234588773435, 3.934089832383209], "centre_of_mass": [[8.698372855368413, 5.021944418771077, 4.89094552768248], [11.061406629194543, 6.058188211591534, 0.8405472259609608], [8.434274533634866, 2.695390740405957, 0.9160702896071216], [6.734803434969062, 6.470381113109221, 0.8849958924233869]]}}