{"no_of_atoms": 192, "centre_of_mass": [2.2671919678506015e-16, 10.044208646809436, 43.06050000000002], "maximum_diameter": {"diameter": 24.45654517648551, "atom_1": 3, "atom_2": 188}, "pore_diameter": {"diameter": 5.300568393530014, "atom": 51}, "pore_volume": 77.9768972123607, "pore_diameter_opt": {"diameter": 5.300744466571103, "atom_1": 151, "centre_of_mass": [-2.383333852189484e-06, 10.04411798168725, 43.06048713797215]}, "pore_volume_opt": 77.98466812548558, "windows": {"diameters": [3.830245064270367, 3.858819836018347, 3.9014006613568255, 3.860797113070476, 3.825288491483143], "centre_of_mass": [[9.889559962256266e-05, 10.04386882052909, 47.891199061072605], [0.4199399234414101, 6.551236609593231, 43.52172263216693], [-3.506783104588015, 11.47580033009178, 43.665373348169226], [3.2681280503234276, 11.43300370635571, 42.581687674017836], [-4.615943203498662e-05, 10.043860286708478, 38.294758827939724]]}}