{"no_of_atoms": 126, "centre_of_mass": [6.216651828062392, 14.419138923283292, 4.969232695317205], "maximum_diameter": {"diameter": 16.15548453542846, "atom_1": 14, "atom_2": 116}, "pore_diameter": {"diameter": 6.495806238975421, "atom": 73}, "pore_volume": 143.51516953143505, "pore_diameter_opt": {"diameter": 6.521524037131417, "atom_1": 21, "centre_of_mass": [6.226203650005613, 14.40246833302438, 4.98101608306139]}, "pore_volume_opt": 145.22651654798992, "windows": {"diameters": [5.077512241616776, 5.073083165551769], "centre_of_mass": [[8.529685710101077, 16.12419775430461, 6.390343896453507], [3.907299380701518, 12.75631602581596, 3.523959764837863]]}}