{"no_of_atoms": 126, "centre_of_mass": [21.590458784329908, 13.438338765928908, 0.613750306970025], "maximum_diameter": {"diameter": 16.173370358852083, "atom_1": 14, "atom_2": 116}, "pore_diameter": {"diameter": 6.428441824608125, "atom": 77}, "pore_volume": 139.0963636087765, "pore_diameter_opt": {"diameter": 6.433664675469942, "atom_1": 77, "centre_of_mass": [21.58808839150811, 13.439336798401868, 0.6132978540921409]}, "pore_volume_opt": 139.4356697630711, "windows": {"diameters": [5.055296873677654, 5.076241474279731], "centre_of_mass": [[19.364611011952235, 11.73847499750235, 1.9792874438434729], [23.864298676643863, 15.126608952538415, -0.7563463020530742]]}}