{"no_of_atoms": 126, "centre_of_mass": [20.12273393437548, 0.4658876016784468, 11.001793293951742], "maximum_diameter": {"diameter": 16.17337035885208, "atom_1": 44, "atom_2": 103}, "pore_diameter": {"diameter": 6.428603699084041, "atom": 23}, "pore_volume": 139.10687162233197, "pore_diameter_opt": {"diameter": 6.4336998388615765, "atom_1": 23, "centre_of_mass": [20.125046830414448, 0.4649133062962762, 11.001352929804174]}, "pore_volume_opt": 139.43795604535754, "windows": {"diameters": [5.054227643058431, 5.080063198814757], "centre_of_mass": [[22.248059962659198, 2.0952241292727756, 12.313021842368224], [17.814859956385185, -1.247537753507912, 9.61209602777034]]}}