{"no_of_atoms": 214, "centre_of_mass": [30.633778026777534, 7.239541995651538, 5.097786365999265], "maximum_diameter": {"diameter": 26.316260605155883, "atom_1": 2, "atom_2": 211}, "pore_diameter": {"diameter": 8.160482036017521, "atom": 147}, "pore_volume": 284.54179153100586, "pore_diameter_opt": {"diameter": 8.197605122022026, "atom_1": 69, "centre_of_mass": [30.623426569555626, 7.2121746768273125, 5.116864594219868]}, "pore_volume_opt": 288.4427357341046, "windows": {"diameters": [6.884298126807838, 7.061609916305711, 6.623735316822144], "centre_of_mass": [[30.48831413209757, 7.296121294273295, 8.5400441995842], [30.84695190743882, 9.103492700737517, 3.4690247246056067], [30.176901281864996, 4.724071745694078, 3.662831168940264]]}}