{"no_of_atoms": 214, "centre_of_mass": [8.206778026777522, 15.525094952805546, 5.097786365999263], "maximum_diameter": {"diameter": 26.3160635771453, "atom_1": 64, "atom_2": 208}, "pore_diameter": {"diameter": 8.160417651077648, "atom": 81}, "pore_volume": 284.53505661209476, "pore_diameter_opt": {"diameter": 8.196972191031609, "atom_1": 80, "centre_of_mass": [8.196655184259894, 15.497727139301572, 5.116688796908474]}, "pore_volume_opt": 288.37592954556726, "windows": {"diameters": [6.884741579186434, 7.061328146873807, 6.623752502500018], "centre_of_mass": [[8.06279184877218, 15.58142733787238, 8.540175839723497], [8.419431509394977, 17.389123822550903, 3.4681179588537354], [7.749821638099477, 13.010088038582646, 3.6628406058684173]]}}