{"no_of_atoms": 290, "centre_of_mass": [18.1290922559425, 18.1290922559425, 6.043067345704347], "maximum_diameter": {"diameter": 21.736608192356623, "atom_1": 79, "atom_2": 256}, "pore_diameter": {"diameter": 4.580888265907815, "atom": 282}, "pore_volume": 50.33240922194052, "pore_diameter_opt": {"diameter": 4.58089800107029, "atom_1": 121, "centre_of_mass": [18.129050870146525, 18.129050870146525, 6.04310873439082]}, "pore_volume_opt": 50.332730117274195, "windows": {"diameters": null, "centre_of_mass": null}}