{"no_of_atoms": 108, "centre_of_mass": [18.439499999999992, 6.1465, 18.439499999999995], "maximum_diameter": {"diameter": 17.27799622466505, "atom_1": 45, "atom_2": 62}, "pore_diameter": {"diameter": 5.530077883198974, "atom": 25}, "pore_volume": 88.55077481421235, "pore_diameter_opt": {"diameter": 5.530077883198974, "atom_1": 25, "centre_of_mass": [18.439499999999992, 6.1465, 18.439499999999995]}, "pore_volume_opt": 88.55077481421235, "windows": {"diameters": [3.757885780353653, 3.7568365258898786, 3.7562587198909188, 3.7688015802299852], "centre_of_mass": [[16.80437156597662, 4.511341972936794, 20.074641906475772], [20.06724996919024, 7.774308506860942, 20.067235247728263], [20.062385624718065, 4.523615659096413, 16.816598614056993], [16.747607638825542, 7.838397715947633, 16.747576004095492]]}}