{"no_of_atoms": 198, "centre_of_mass": [3.7757274602800166e-16, -5.502610562268551e-16, 12.292999999999994], "maximum_diameter": {"diameter": 22.05284398368789, "atom_1": 31, "atom_2": 196}, "pore_diameter": {"diameter": 5.583999999999989, "atom": 107}, "pore_volume": 91.16640955949121, "pore_diameter_opt": {"diameter": 5.583999999999989, "atom_1": 107, "centre_of_mass": [3.7757274602800166e-16, -5.502610562268551e-16, 12.292999999999994]}, "pore_volume_opt": 91.16640955949121, "windows": {"diameters": [3.326413850471073, 3.3247671439498503, 3.3336055218647656, 3.33242475159337], "centre_of_mass": [[-1.7282183354281377, 1.728319742587951, 14.021266661779128], [1.708120391544182, -1.7080934423324416, 14.001067586802872], [1.7737682563713517, 1.7737243858973295, 10.519232955671338], [-1.7678563800000338, -1.7678916051600537, 10.525096211404943]]}}