{"no_of_atoms": 168, "centre_of_mass": [8.796949793655399, 5.078902000278739, 3.850940875022819], "maximum_diameter": {"diameter": 22.347861314477544, "atom_1": 87, "atom_2": 122}, "pore_diameter": {"diameter": 5.257571260176386, "atom": 126}, "pore_volume": 76.09465030283523, "pore_diameter_opt": {"diameter": 5.31618193095856, "atom_1": 124, "centre_of_mass": [8.796821763486353, 5.078909188271394, 3.881884659093692]}, "pore_volume_opt": 78.66800329558345, "windows": {"diameters": [3.537839249689472, 3.5244099436994065, 3.5193664152397477, 3.5252942483474894], "centre_of_mass": [[8.796833046893303, 5.078922719840418, 6.669576235305334], [8.864469505718944, 7.731974341552521, 2.9317809534721286], [11.00676354084744, 3.726908455954561, 2.9547514603393434], [6.453077663925056, 3.8044924338097874, 2.926426842683267]]}}