{"no_of_atoms": 168, "centre_of_mass": [8.778835101490046, 15.205455245897816, 19.519026452555064], "maximum_diameter": {"diameter": 22.373989338553432, "atom_1": 85, "atom_2": 130}, "pore_diameter": {"diameter": 5.254335232980287, "atom": 26}, "pore_volume": 75.95422833968335, "pore_diameter_opt": {"diameter": 5.366353866113219, "atom_1": 35, "centre_of_mass": [8.77860972071836, 15.205666647338175, 19.68725062500748]}, "pore_volume_opt": 80.91639847178527, "windows": {"diameters": [3.6641586595292117, 3.6712644759982953, 3.663679916854805, 3.4534506633193858], "centre_of_mass": [[8.745596621140775, 17.834558902177513, 20.574929804077414], [6.46737646920548, 13.832608052073073, 20.595099407383408], [11.070811019330138, 13.919944339797881, 20.574539222292316], [8.779109970084923, 15.205254862267427, 16.710640102777393]]}}