{"no_of_atoms": 288, "centre_of_mass": [4.516452589396459e-06, 14.436069255252981, 13.935604854266696], "maximum_diameter": {"diameter": 19.795847553121252, "atom_1": 90, "atom_2": 128}, "pore_diameter": {"diameter": 5.307095989661814, "atom": 178}, "pore_volume": 78.26533540002421, "pore_diameter_opt": {"diameter": 5.486428521407541, "atom_1": 147, "centre_of_mass": [0.008057397202646277, 14.447630300621475, 13.73339804109648]}, "pore_volume_opt": 86.47046585693693, "windows": {"diameters": [], "centre_of_mass": []}}