{"no_of_atoms": 288, "centre_of_mass": [12.50200451645259, 7.218037863151774, 7.061261321414746], "maximum_diameter": {"diameter": 19.796172114852887, "atom_1": 84, "atom_2": 278}, "pore_diameter": {"diameter": 5.307363139498531, "atom": 159}, "pore_volume": 78.27715521115913, "pore_diameter_opt": {"diameter": 5.496918962445198, "atom_1": 159, "centre_of_mass": [12.501379783596516, 7.217769094155224, 6.861494375797025]}, "pore_volume_opt": 86.96742789185949, "windows": {"diameters": [], "centre_of_mass": []}}