{"no_of_atoms": 288, "centre_of_mass": [6.224130163156075, 9.504299578524801, 13.849180275458885], "maximum_diameter": {"diameter": 19.516640406734894, "atom_1": 24, "atom_2": 216}, "pore_diameter": {"diameter": 5.203125703302932, "atom": 98}, "pore_volume": 73.75501862016148, "pore_diameter_opt": {"diameter": 5.548859907935178, "atom_1": 92, "centre_of_mass": [6.557148553374434, 9.17112719579973, 13.849308356802494]}, "pore_volume_opt": 89.45608823274497, "windows": {"diameters": [], "centre_of_mass": []}}