{"no_of_atoms": 240, "centre_of_mass": [-2.8693422479867725, 35.83899608471193, 16.37978158217909], "maximum_diameter": {"diameter": 20.02668330530914, "atom_1": 198, "atom_2": 225}, "pore_diameter": {"diameter": 6.118510647691078, "atom": 57}, "pore_volume": 119.93219515164053, "pore_diameter_opt": {"diameter": 7.026461172887581, "atom_1": 232, "centre_of_mass": [-3.2945617982636377, 35.60313149666783, 16.339022499139986]}, "pore_volume_opt": 181.6387793084972, "windows": {"diameters": [3.6799504853784755, 3.3542329907879016, 3.4998378467961246, 3.6155714173845808, 3.3412502153987496, 3.528281708245656], "centre_of_mass": [[-0.6268413745323587, 34.70491718506708, 19.683626263167532], [-7.4607348337421815, 35.348901182025244, 21.052376898698693], [-2.3539157798793076, 39.634083660260934, 17.62552247183982], [-3.8267632182434745, 31.55652985360753, 15.623178471416958], [-5.8096126803471195, 37.40274491159849, 13.071045620636335], [1.3614328112593443, 35.53859459214141, 12.173588035440929]]}}