{"no_of_atoms": 108, "centre_of_mass": [1.0897051586641042, 10.757290155309725, 12.62619400223961], "maximum_diameter": {"diameter": 17.53497749916945, "atom_1": 25, "atom_2": 90}, "pore_diameter": {"diameter": 5.214569907949667, "atom": 49}, "pore_volume": 74.24275932716611, "pore_diameter_opt": {"diameter": 5.4943133281084755, "atom_1": 58, "centre_of_mass": [1.0562325201453504, 10.682154336322878, 12.476884120339571]}, "pore_volume_opt": 86.84381432579535, "windows": {"diameters": [3.613566289830183, 3.995756775244486, 3.810715341059963, 3.906678127323595], "centre_of_mass": [[0.0037054007639414355, 12.180547721086608, 14.759229653610225], [0.1485222840978827, 8.059519442150107, 12.577022298171903], [3.868652347680888, 10.698656376708403, 12.617902304309517], [0.2531845728944989, 11.97615529675348, 10.128118933819977]]}}