{"no_of_atoms": 108, "centre_of_mass": [-1.9595306912002046e-05, 12.354530416598523, 16.976485586308126], "maximum_diameter": {"diameter": 17.263595128483136, "atom_1": 8, "atom_2": 104}, "pore_diameter": {"diameter": 5.115517997868885, "atom": 22}, "pore_volume": 70.0918419896971, "pore_diameter_opt": {"diameter": 5.320621300463953, "atom_1": 34, "centre_of_mass": [-0.007098180421435678, 12.34715047507351, 17.089627672892604]}, "pore_volume_opt": 78.86524713886952, "windows": {"diameters": [3.8295656854898046, 3.59192657393564, 3.630463863063936, 3.636750632194221], "centre_of_mass": [[5.728076111482638e-05, 12.354320883959092, 19.671311823981174], [-1.1142377000253345, 15.230192762340243, 16.25529471068553], [3.6864174777054197, 11.70485232307228, 16.14604582384688], [-2.4255346298401346, 9.468791135781986, 16.141794552786717]]}}