{"no_of_atoms": 108, "centre_of_mass": [10.699304311749366, 6.177315619498711, 20.80488369550413], "maximum_diameter": {"diameter": 17.46558288061008, "atom_1": 43, "atom_2": 78}, "pore_diameter": {"diameter": 5.494530145919448, "atom": 7}, "pore_volume": 86.85409588109593, "pore_diameter_opt": {"diameter": 5.6609326442960235, "atom_1": 85, "centre_of_mass": [10.728872202543862, 6.181296825805879, 20.900482819597986]}, "pore_volume_opt": 94.98665299833495, "windows": {"diameters": [4.0380614089766755, 3.890512261934775, 3.893446928710302, 3.8899443128668607], "centre_of_mass": [[10.699128119673308, 6.177502958437783, 23.65355522610862], [9.011493238844617, 8.214600135882113, 19.99267939583593], [13.3866428834777, 6.633823198049139, 19.963537276887173], [9.8054113090199, 3.7688600938842574, 20.02002012276059]]}}