{"no_of_atoms": 108, "centre_of_mass": [24.347962080514915, 12.173861083788568, 12.173861083788568], "maximum_diameter": {"diameter": 17.36271994736122, "atom_1": 4, "atom_2": 105}, "pore_diameter": {"diameter": 5.495916336535663, "atom": 74}, "pore_volume": 86.91984856948012, "pore_diameter_opt": {"diameter": 5.496129464803543, "atom_1": 25, "centre_of_mass": [24.347945375076616, 12.173945648822594, 12.173945550748602]}, "pore_volume_opt": 86.9299610570269, "windows": {"diameters": [3.715810400324744, 3.7024670510075404, 3.705212745405349, 3.702067497373355], "centre_of_mass": [[22.667732479376685, 13.854287542987409, 13.85433458045969], [25.93497233761221, 10.587004403278224, 13.76097544611416], [22.730259767322632, 10.556221513809483, 10.556207738065833], [25.928573592359864, 13.754549160976854, 10.593422895629951]]}}