{"no_of_atoms": 168, "centre_of_mass": [12.241425121337066, 21.202893095733184, 14.633507607726923], "maximum_diameter": {"diameter": 21.859144431876302, "atom_1": 107, "atom_2": 122}, "pore_diameter": {"diameter": 3.4843065287022914, "atom": 33}, "pore_volume": 22.148671726170257, "pore_diameter_opt": {"diameter": 4.865639777804272, "atom_1": 33, "centre_of_mass": [12.251811310252329, 21.19303254867999, 15.3792926210126]}, "pore_volume_opt": 60.31404867507907, "windows": {"diameters": [4.1044131817775575, 2.9928567241454425, 3.214461868865904, 2.990366748295727], "centre_of_mass": [[12.240706575424278, 21.203288255646616, 17.309285523673445], [15.360610618690382, 19.163298262058678, 14.251716124156308], [8.343421562791256, 19.276972715663238, 14.10962358575657], [12.445906703104246, 24.900818129660244, 14.258038715014642]]}}