{"no_of_atoms": 181, "centre_of_mass": [2.1384574365151594, 3.153442960050366, 20.576389210556943], "maximum_diameter": {"diameter": 20.133082862327626, "atom_1": 92, "atom_2": 150}, "pore_diameter": {"diameter": 3.0860497753973473, "atom": 56}, "pore_volume": 15.388893783016018, "pore_diameter_opt": {"diameter": 6.315674128040262, "atom_1": 132, "centre_of_mass": [0.5954325488164858, 2.941128010530881, 19.66644285524399]}, "pore_volume_opt": 131.9039383373976, "windows": {"diameters": [4.5921852856998555, 6.3156398489254135], "centre_of_mass": [[5.152077974586705, 1.8570397957623026, 20.708144030752557], [0.5954423098552492, 2.9411617904519294, 19.666440188790826]]}}