{"no_of_atoms": 181, "centre_of_mass": [3.8566232823790556, 13.250756302208739, 1.7263892105569456], "maximum_diameter": {"diameter": 20.1338055798391, "atom_1": 42, "atom_2": 177}, "pore_diameter": {"diameter": 3.085347672240651, "atom": 60}, "pore_volume": 15.378392851011673, "pore_diameter_opt": {"diameter": 6.296191472826267, "atom_1": 118, "centre_of_mass": [5.399297118499382, 13.473951972194039, 0.8365771424363107]}, "pore_volume_opt": 130.68700428418603, "windows": {"diameters": [6.499047375641278, 6.319492422546505], "centre_of_mass": [[-0.7529774548325419, 15.36762324035338, 4.322008354791718], [5.40481275113687, 13.462992527723335, 0.817823240618385]]}}