{"no_of_atoms": 300, "centre_of_mass": [15.031503968741735, 18.108968341812076, 8.25357985104525], "maximum_diameter": {"diameter": 25.647138087120886, "atom_1": 16, "atom_2": 289}, "pore_diameter": {"diameter": 9.246840753174393, "atom": 206}, "pore_volume": 413.9794254409526, "pore_diameter_opt": {"diameter": 10.152208173881839, "atom_1": 46, "centre_of_mass": [15.032404357657718, 17.347486065660288, 8.213562502610685]}, "pore_volume_opt": 547.8733375265004, "windows": {"diameters": [6.817239782551049, 5.278199945230723, 4.900021195801239, 5.901612833161135, 5.177621484369633, 5.4949498744451795], "centre_of_mass": [[16.003764161081573, 18.48887257504915, 16.302316309975602], [9.884304192272229, 18.18732944808765, 7.721778313774584], [14.766941456161646, 24.833174439965877, 8.004004582200904], [16.019964638211675, 12.42075801903793, 7.897587105580499], [20.05390798365901, 17.99213375833185, 7.3383189257641135], [14.799727291325512, 16.62606201737947, 2.9570829900837996]]}}