{"no_of_atoms": 300, "centre_of_mass": [15.031540476992586, 1.0086382886958936, 8.253574061344386], "maximum_diameter": {"diameter": 25.64741538815044, "atom_1": 32, "atom_2": 239}, "pore_diameter": {"diameter": 9.378832130653079, "atom": 74}, "pore_volume": 431.96137021196057, "pore_diameter_opt": {"diameter": 9.68844431858434, "atom_1": 286, "centre_of_mass": [14.868246114432736, 0.19855407138424486, 8.057581811003407]}, "pore_volume_opt": 476.16861302438963, "windows": {"diameters": [6.3519918367386055, 6.163536944284491, 5.004927413173219, 6.138639608269161, 6.014760886495896, 6.312602798007566], "centre_of_mass": [[14.85019849912356, 0.37014718831681115, 13.604887934260736], [19.56506204737517, 2.1560155855485568, 9.59200256883906], [15.108520439931793, 7.161235191256174, 9.001523587561108], [14.793721534024074, -4.0865597715465185, 8.68466459902036], [10.078251307495469, 2.16890435087362, 6.96885463962572], [15.124587080338594, 0.635581020960584, 1.861448414078735]]}}