{"no_of_atoms": 300, "centre_of_mass": [11.406847658589722, 32.536361711304124, 24.76083107582331], "maximum_diameter": {"diameter": 25.648163370830705, "atom_1": 68, "atom_2": 153}, "pore_diameter": {"diameter": 9.37882790902618, "atom": 17}, "pore_volume": 431.9607869051394, "pore_diameter_opt": {"diameter": 9.687102697661608, "atom_1": 201, "centre_of_mass": [11.196556839517022, 33.276339951703676, 24.48320490832363]}, "pore_volume_opt": 475.97082606506854, "windows": {"diameters": [6.330092712797326, 6.280359026080653, 6.018239243157899, 4.97893493060268, 5.868602706396549, 6.286517174616387], "centre_of_mass": [[11.240527234527182, 33.146341859262805, 30.254054341660783], [11.638613258220262, 38.632053104734446, 24.340582392109123], [18.287360832359543, 33.39779629645735, 25.47155572537211], [11.334620185810017, 26.567894998295284, 24.06403640280711], [4.863400028605839, 33.480197040191435, 24.035625187410893], [11.515698354091956, 32.959376922860834, 18.55067885680623]]}}