{"no_of_atoms": 120, "centre_of_mass": [16.87705469678021, 7.325153795552379, 4.428129784831414], "maximum_diameter": {"diameter": 17.226643699755922, "atom_1": 23, "atom_2": 107}, "pore_diameter": {"diameter": 2.2114731450576115, "atom": 56}, "pore_volume": 5.6629617992325825, "pore_diameter_opt": {"diameter": 2.232371689953529, "atom_1": 68, "centre_of_mass": [16.873497489206677, 7.314206308796711, 4.432051395682704]}, "pore_volume_opt": 5.82502966333479, "windows": {"diameters": [9.02173580232216e+43, 2.4767356717320532, 2.4575240623884667], "centre_of_mass": [[3.748609935876872e+43, -1.1094748367833728e+43, 2.250537348482595e+43], [15.607766792043158, 7.177964569507034, 4.377576092399281], [18.088934358316894, 7.389299510367638, 4.014221437680019]]}}