{"no_of_atoms": 120, "centre_of_mass": [3.7941371994871758, 14.684746443504718, 8.900953561110422], "maximum_diameter": {"diameter": 17.226643699755915, "atom_1": 31, "atom_2": 107}, "pore_diameter": {"diameter": 2.211402240028788, "atom": 52}, "pore_volume": 5.662417113085396, "pore_diameter_opt": {"diameter": 2.233012039676353, "atom_1": 52, "centre_of_mass": [3.79783648708537, 14.69592979879641, 8.89752795795975]}, "pore_volume_opt": 5.830043782899916, "windows": {"diameters": [1.2169562854295239e+44, 2.5139271311760063, 9.16708784698585e+43], "centre_of_mass": [[4.2447307998951006e+43, -4.2296312951398594e+43, 1.056903287796958e+43], [2.7155426176831936, 15.350989319134587, 9.02371669454728], [-3.736002375122685e+43, 1.2854600676348463e+43, -2.323521802390242e+43]]}}