{"no_of_atoms": 287, "centre_of_mass": [2.2198163546532106, 24.513694895639908, 20.338657780990257], "maximum_diameter": {"diameter": 25.93781468095983, "atom_1": 118, "atom_2": 195}, "pore_diameter": {"diameter": 6.563243157756293, "atom": 272}, "pore_volume": 148.03148837136447, "pore_diameter_opt": {"diameter": 7.977291735270002, "atom_1": 69, "centre_of_mass": [1.962254990196216, 23.923446720250634, 20.046848615851264]}, "pore_volume_opt": 265.80616325131956, "windows": {"diameters": [6.807996941101605, 6.989627365481594, 6.972284565371636, 7.86830287534138], "centre_of_mass": [[-0.02489683595237535, 25.306470805712518, 23.242693815744097], [2.646765123804311, 21.11554302332657, 20.860220969153467], [4.822609747330609, 24.932882273963493, 18.86357467790073], [-0.5209986941207048, 24.951892988008964, 15.467017343834945]]}}