{"no_of_atoms": 528, "centre_of_mass": [-1.4798841925547296e-16, 10.373251319960572, 2.551623805137214], "maximum_diameter": {"diameter": 33.93108799240538, "atom_1": 195, "atom_2": 513}, "pore_diameter": {"diameter": 14.176892194112519, "atom": 53}, "pore_volume": 1491.9069354268504, "pore_diameter_opt": {"diameter": 14.17741935566962, "atom_1": 53, "centre_of_mass": [2.2834573772106875e-05, 10.372997039310059, 2.5515255302640774]}, "pore_volume_opt": 1492.073369342865, "windows": {"diameters": [9.070856367703728, 9.019294878390381, 8.766191298779763, 9.070205779136572, 9.122514137321339, 9.07774716750595], "centre_of_mass": [[-0.1799299391328812, 10.427730004291455, 9.384195352157896], [1.700210650598745, 1.1040348026945974, 2.5080264955770355], [0.152530498929664, 16.748446505980656, 1.465296638739299], [-9.334247473446322, 8.682026234756263, 2.5971523423694034], [9.405004385835397, 12.052901287731636, 2.5973380574501816], [0.050953658190897144, 10.542515217319433, -4.183218665271291]]}}