{"no_of_atoms": 319, "centre_of_mass": [16.75184129586912, 12.811806488057105, 21.97619046065587], "maximum_diameter": {"diameter": 24.615570720581612, "atom_1": 134, "atom_2": 300}, "pore_diameter": {"diameter": 5.809342892508816, "atom": 30}, "pore_volume": 102.65489327490805, "pore_diameter_opt": {"diameter": 7.104907744116813, "atom_1": 244, "centre_of_mass": [17.215087923415616, 12.92263548156577, 22.53597572983637]}, "pore_volume_opt": 187.79064409616058, "windows": {"diameters": [7.529129670059884, 5.1244640010406055, 5.155930128959364, 3.803938937320391, 4.14748723083169, 4.68215305999386], "centre_of_mass": [[23.037788641816604, 10.048159606978297, 28.0422506040508], [12.454245174250282, 12.359561648268347, 25.420064961467766], [18.895855921240887, 16.023257661023578, 23.76995665656768], [16.744170969051897, 8.624117926235954, 20.666169007037603], [19.590179350239303, 14.03757508164873, 18.4598117345971], [13.843983634444449, 14.720908453051512, 21.889679481145016]]}}