{"no_of_atoms": 287, "centre_of_mass": [12.963641962648403, 22.12283987160032, 7.2913841200086305], "maximum_diameter": {"diameter": 25.937607824567966, "atom_1": 107, "atom_2": 134}, "pore_diameter": {"diameter": 6.564488996206331, "atom": 7}, "pore_volume": 148.11580263116593, "pore_diameter_opt": {"diameter": 7.9780237318719, "atom_1": 284, "centre_of_mass": [12.706179324271167, 22.71287349474936, 6.999676344264117]}, "pore_volume_opt": 265.8793411175473, "windows": {"diameters": [6.773752520297675, 7.102201179332994, 6.79027697136382, 7.481622207083806], "centre_of_mass": [[11.07371585939384, 21.657940088757833, 9.52017842991793], [13.33370009642351, 25.151378734103222, 7.789346325951165], [16.71496765929695, 21.34936438085437, 5.954758499242941], [10.884089775661767, 21.76357740566773, 3.3409619228965304]]}}