{"no_of_atoms": 287, "centre_of_mass": [3.1001593898541304, 8.968160128399678, 18.80299208565709], "maximum_diameter": {"diameter": 25.93824608906688, "atom_1": 116, "atom_2": 128}, "pore_diameter": {"diameter": 6.563829410216416, "atom": 13}, "pore_volume": 148.07116002799256, "pore_diameter_opt": {"diameter": 7.978083843213852, "atom_1": 13, "centre_of_mass": [3.3577342742507392, 8.377783861394846, 19.094779581344657]}, "pore_volume_opt": 265.88535105871205, "windows": {"diameters": [7.635186455365682, 7.015541584229602, 7.0203067226390505, 6.7969896358143895], "centre_of_mass": [[4.12822856681545, 9.325126183869047, 21.308970627594444], [0.6209660251310507, 9.34131106146778, 20.284237199545057], [2.5312287465361374, 3.7437122366740674, 18.13801520502741], [5.296483471083371, 9.724348953020327, 15.97983485569431]]}}