{"no_of_atoms": 204, "centre_of_mass": [5.768000697506466, 15.847257111885952, 6.690081946783572], "maximum_diameter": {"diameter": 20.85658871421652, "atom_1": 58, "atom_2": 165}, "pore_diameter": {"diameter": 6.794202140774903, "atom": 95}, "pore_volume": 164.21544964823548, "pore_diameter_opt": {"diameter": 7.39945464661233, "atom_1": 104, "centre_of_mass": [6.458217601408645, 15.85175308394352, 6.530474897726917]}, "pore_volume_opt": 212.1278841430107, "windows": {"diameters": [6.68563382162813, 5.977385171288898, 5.843675686977914, 6.736988917767176], "centre_of_mass": [[7.284181664984725, 13.915999596669595, 8.679400553593345], [4.830046949882735, 18.141366733580075, 9.376932222301562], [4.068963240558423, 15.240856208122885, 4.522488207927404], [7.844347812887904, 16.832688308519234, 4.459816680429426]]}}