{"no_of_atoms": 204, "centre_of_mass": [9.755108746124574, 5.632217790974109, 7.340330334549204], "maximum_diameter": {"diameter": 20.33533393496249, "atom_1": 4, "atom_2": 178}, "pore_diameter": {"diameter": 6.220444449631714, "atom": 188}, "pore_volume": 126.02678881428103, "pore_diameter_opt": {"diameter": 6.933850969013763, "atom_1": 44, "centre_of_mass": [9.754471863019386, 5.633299851844594, 8.119093795460424]}, "pore_volume_opt": 174.55091565755365, "windows": {"diameters": [6.0784300820096835, 4.6353690576515625, 4.585702487161406, 4.649899497340735], "centre_of_mass": [[9.755324797028889, 5.632261585401169, 10.440396308933716], [7.6279534888343985, 8.16742872836174, 6.3152810765004235], [12.57565782325108, 6.086899470412196, 6.547496557223152], [8.610983420755252, 2.4730777255038774, 6.28972161677176]]}}