{"no_of_atoms": 264, "centre_of_mass": [11.47694125620967, 6.626224386521014, 8.612405798678704], "maximum_diameter": {"diameter": 24.667985125395294, "atom_1": 56, "atom_2": 107}, "pore_diameter": {"diameter": 10.189594379387932, "atom": 95}, "pore_volume": 553.9483983810791, "pore_diameter_opt": {"diameter": 10.885783687995833, "atom_1": 95, "centre_of_mass": [11.47706127632677, 6.626322271957255, 8.021713185744261]}, "pore_volume_opt": 675.4259197381106, "windows": {"diameters": [8.097914170943463, 8.649944147407444, 8.601604205694303, 8.606422849602525], "centre_of_mass": [[11.476841540324743, 6.6255601698429585, 12.958590165370012], [15.157028377756038, 7.148855033264792, 6.932298160250394], [8.856277495890389, 9.962203515911273, 6.744529952008558], [9.856435379868774, 2.579433208684862, 6.702777185228623]]}}