{"no_of_atoms": 102, "centre_of_mass": [-3.59723870132453e-05, 9.344862236706799, 8.305130238504637], "maximum_diameter": {"diameter": 17.014538600067002, "atom_1": 53, "atom_2": 58}, "pore_diameter": {"diameter": 2.3618923375903793, "atom": 47}, "pore_volume": 6.8988851336759875, "pore_diameter_opt": {"diameter": 2.3622960796069434, "atom_1": 62, "centre_of_mass": [-0.00020068886933355257, 9.344745075847241, 8.305130269332805]}, "pore_volume_opt": 6.9024236259814815, "windows": {"diameters": [6.673898861125654, 2.3530893932043617, 1.329736432839658e+44], "centre_of_mass": [[-1.823716021172622, 14.937727555118915, 7.898261083898037], [1.26487077626111, 8.930645458178923, 7.056929985172809], [-2.3867314869838173e+43, -2.3344751298001047e+43, 5.749670703432783e+43]]}}