{"no_of_atoms": 299, "centre_of_mass": [-3.3251440911677626, 7.551123382979347, 22.480220631799387], "maximum_diameter": {"diameter": 22.45402202326909, "atom_1": 60, "atom_2": 166}, "pore_diameter": {"diameter": 6.253164205531645, "atom": 189}, "pore_volume": 128.02598385468067, "pore_diameter_opt": {"diameter": 6.33831452978283, "atom_1": 189, "centre_of_mass": [-3.3076348336054897, 7.5911545198767785, 22.48363661789448]}, "pore_volume_opt": 133.32757564243815, "windows": {"diameters": [4.66051951240215, 7.658930234739717, 4.290433451264798, 3.991659506969943, 4.824776511201671, 5.140546436270052], "centre_of_mass": [[-2.739848215964178, 9.36249122814063, 28.64700041283204], [-3.713429794751527, -1.1133505062196756, 25.491714230354894], [-7.560090138711782, 7.515589222540628, 24.826620263528905], [0.030730149927580275, 7.378866157057688, 23.06412080934461], [-4.734154668676768, 10.760937497916421, 20.904474295356202], [-5.660964715107917, 8.585669912565372, 19.720147360703184]]}}