{"no_of_atoms": 126, "centre_of_mass": [11.57697119431997, 2.8522082587307787, 6.660152955975721], "maximum_diameter": {"diameter": 15.840286783226775, "atom_1": 12, "atom_2": 122}, "pore_diameter": {"diameter": 6.438990207246706, "atom": 63}, "pore_volume": 139.78221436854355, "pore_diameter_opt": {"diameter": 6.603725313858595, "atom_1": 61, "centre_of_mass": [11.54674416461781, 2.757436460336607, 6.6134501196333115]}, "pore_volume_opt": 150.78759795108127, "windows": {"diameters": [5.1087034285359545, 5.189896296122254], "centre_of_mass": [[11.182239796411777, 5.640078721026734, 7.068648680198609], [11.606102966423741, -0.2267527867656054, 6.192639826271981]]}}