{"no_of_atoms": 115, "centre_of_mass": [17.88996987238908, 1.6679789985782718, 19.44592172266756], "maximum_diameter": {"diameter": 17.039025348138175, "atom_1": 12, "atom_2": 112}, "pore_diameter": {"diameter": 3.1454610628416426, "atom": 63}, "pore_volume": 16.294894867057852, "pore_diameter_opt": {"diameter": 4.567988326923125, "atom_1": 63, "centre_of_mass": [18.567103323163273, 1.861855949912042, 19.343316678943182]}, "pore_volume_opt": 49.90839212458143, "windows": {"diameters": [3.1078447574552146, 3.4863504021142746, 4.549841061727449], "centre_of_mass": [[17.678306393009983, -0.5390335169281946, 21.248934981915564], [20.8973087394179, 1.7393755986636008, 20.092221091133823], [18.409393105149547, 0.7706779867041686, 18.425839192238545]]}}