{"no_of_atoms": 118, "centre_of_mass": [0.758076673735688, 6.023325458039943, 8.301170209982661], "maximum_diameter": {"diameter": 17.225135027642658, "atom_1": 35, "atom_2": 103}, "pore_diameter": {"diameter": 0.9364535020164553, "atom": 68}, "pore_volume": 0.4299889317248853, "pore_diameter_opt": {"diameter": 2.1448900012464844, "atom_1": 68, "centre_of_mass": [0.5857332885713765, 6.491552206349993, 7.832943458974434]}, "pore_volume_opt": 5.166705365914066, "windows": {"diameters": [3.5473590233708783, 1.7452592635970885, 3.6712633065937923], "centre_of_mass": [[1.0483471260159194, 7.259295976649787, 9.504075837810117], [1.0097089917988886, 5.988742359462135, 6.223790311154764], [0.9063561925863484, 7.223484211404864, 9.733605079799538]]}}