{"no_of_atoms": 116, "centre_of_mass": [9.208797517477803, 12.253295413265812, 16.675373999861982], "maximum_diameter": {"diameter": 17.062640199384298, "atom_1": 29, "atom_2": 97}, "pore_diameter": {"diameter": 3.558502389742365, "atom": 87}, "pore_volume": 23.593936582935818, "pore_diameter_opt": {"diameter": 4.088847729408135, "atom_1": 8, "centre_of_mass": [9.088835708319646, 12.134831918151441, 16.451383212930345]}, "pore_volume_opt": 35.793274815825534, "windows": {"diameters": [4.19854842259795, 3.418944178616919, 4.413985111586076], "centre_of_mass": [[7.236165038586734, 12.754482392730921, 17.421378644958097], [9.124095728975146, 14.922777327814721, 17.15580552712016], [8.44224106652481, 13.08736850797574, 14.73591126507433]]}}