{"no_of_atoms": 216, "centre_of_mass": [12.671533099369872, 7.315882843757269, 2.946660879188749], "maximum_diameter": {"diameter": 22.070613162997265, "atom_1": 108, "atom_2": 140}, "pore_diameter": {"diameter": 4.678712254265982, "atom": 147}, "pore_volume": 53.6262750856005, "pore_diameter_opt": {"diameter": 4.6793707715880934, "atom_1": 23, "centre_of_mass": [12.671788049929093, 7.315487578189077, 2.9468973979393063]}, "pore_volume_opt": 53.6489215744505, "windows": {"diameters": [1.3883569976850096, 1.386103495235309, 1.3964903798079917, 0.9569106804700214], "centre_of_mass": [[10.039406187426811, 4.101393377838171, 4.465564641283249], [11.253754567733777, 11.077398612581245, 4.410242744048848], [16.838170159382038, 6.634621383885871, 4.493956271683286], [12.671334579129534, 7.3159004578521944, -1.0327815000662142]]}}