{"no_of_atoms": 204, "centre_of_mass": [-1.7129232146973673e-05, 14.386172062898499, 4.702292578110421], "maximum_diameter": {"diameter": 22.118205586260764, "atom_1": 9, "atom_2": 202}, "pore_diameter": {"diameter": 4.476753007085733, "atom": 43}, "pore_volume": 46.977296976792694, "pore_diameter_opt": {"diameter": 4.6575636570167, "atom_1": 39, "centre_of_mass": [0.012758125164937385, 14.362293192525476, 4.598313620705426]}, "pore_volume_opt": 52.90235679336328, "windows": {"diameters": [1.2548214907686428, 1.6974315629081533, 1.3894050230155508, 0.9922738362780947, 0.9038514571675429], "centre_of_mass": [[2.804905740684184, 17.907579655371727, 5.084387293437957], [2.6328870364890595, 10.113933158720638, 6.252798898703244], [-3.5668221989330307, 14.956702680667819, 5.316264466382176], [-0.010527854343681801, 19.376227720114567, 5.890389027437588], [-0.00020562732081458486, 14.38587785580299, 0.7927853794190014]]}}