{"no_of_atoms": 210, "centre_of_mass": [2.5565824509158526e-05, 15.117410929955081, 3.604202078302059], "maximum_diameter": {"diameter": 22.28185001436435, "atom_1": 38, "atom_2": 208}, "pore_diameter": {"diameter": 4.438958456264357, "atom": 129}, "pore_volume": 45.79750976187618, "pore_diameter_opt": {"diameter": 4.720989890960336, "atom_1": 129, "centre_of_mass": [0.00017278566332072908, 15.117429688349096, 3.7548488361191352]}, "pore_volume_opt": 55.09317911230253, "windows": {"diameters": [0.9732060775567111, 1.1371098657623158, 1.3211884101375646, 1.377009495323323], "centre_of_mass": [[0.8298723433510886, 13.793701004859251, 7.042589533778454], [3.714477575712346, 13.754736545770887, 2.5152611775980454], [-2.886992637640276, 11.88218163187877, 3.5720756352141176], [-1.2683360667666457, 19.108752473039207, 3.599358945088165]]}}