{"no_of_atoms": 213, "centre_of_mass": [13.092077656362843, 7.558727752799445, 7.14818556831454], "maximum_diameter": {"diameter": 22.144673225475042, "atom_1": 9, "atom_2": 211}, "pore_diameter": {"diameter": 4.478853278658695, "atom": 150}, "pore_volume": 47.043446288995774, "pore_diameter_opt": {"diameter": 4.665821030865347, "atom_1": 34, "centre_of_mass": [13.097470776081176, 7.5292621267193915, 7.039962462809222]}, "pore_volume_opt": 53.184226987370835, "windows": {"diameters": [1.6851500671171613, 1.6397179643091504, 1.6883864789279959, 0.821379266434954], "centre_of_mass": [[9.93632107578147, 9.828368470939692, 8.10984186349902], [16.967267328091342, 9.3638721089958, 8.315030271815406], [12.710086534053382, 3.066838146738534, 8.420927770892373], [13.924136687407865, 6.06581729160416, 3.8364820973260843]]}}