{"no_of_atoms": 204, "centre_of_mass": [13.400009325189444, 23.20920254915244, 9.350739622606294], "maximum_diameter": {"diameter": 22.221853724977333, "atom_1": 11, "atom_2": 200}, "pore_diameter": {"diameter": 4.610569728155129, "atom": 170}, "pore_volume": 51.317135440699744, "pore_diameter_opt": {"diameter": 4.93048568808563, "atom_1": 147, "centre_of_mass": [13.373445777022143, 23.203019833395576, 9.171354788677144]}, "pore_volume_opt": 62.75780274321646, "windows": {"diameters": [1.7864362806257534, 1.7798012481797039, 1.7803001402275505, 1.5969165021401879], "centre_of_mass": [[9.756286871108662, 21.023295586621135, 10.64524967643639], [13.314899873629702, 27.57852764317329, 10.686015768001536], [17.179447881080563, 21.11927193221976, 10.668607345295584], [13.399586606737348, 23.208519693306485, 4.947054661936219]]}}