{"no_of_atoms": 212, "centre_of_mass": [8.490117987722861, 13.843642797326934, 5.467034260628506], "maximum_diameter": {"diameter": 22.359994524280722, "atom_1": 82, "atom_2": 176}, "pore_diameter": {"diameter": 4.485776657152872, "atom": 59}, "pore_volume": 47.26194193116733, "pore_diameter_opt": {"diameter": 4.718844524779266, "atom_1": 97, "centre_of_mass": [8.488781275302674, 13.500027613263471, 5.472214105644284]}, "pore_volume_opt": 55.01810502237804, "windows": {"diameters": [1.2016412037764224, 2.1428723310250883, 2.3812208411127194, 1.1184637950419063], "centre_of_mass": [[7.193883633628807, 10.840321774820133, 7.557806405115922], [12.325294663697765, 16.365603477256187, 7.78497325472193], [5.5481203201680795, 15.289602954872478, 4.08987400909187], [9.138555235473175, 11.701167349098029, 2.401390701151295]]}}