{"no_of_atoms": 216, "centre_of_mass": [6.850606116033566, 3.955272141702149, 35.99857582738095], "maximum_diameter": {"diameter": 22.1208887672121, "atom_1": 94, "atom_2": 199}, "pore_diameter": {"diameter": 4.879163218398423, "atom": 97}, "pore_volume": 60.81835392529389, "pore_diameter_opt": {"diameter": 4.963592290694484, "atom_1": 10, "centre_of_mass": [6.8504935946389605, 3.95528144264617, 35.8414414057227]}, "pore_volume_opt": 64.0305049001505, "windows": {"diameters": [1.4230622187235626, 1.2999762252263838, 1.379520202062749, 1.2792768166605737], "centre_of_mass": [[6.8505478759847795, 3.9552061033672063, 40.19717894961353], [4.66190037927345, 0.5210791504159018, 34.341492054364785], [5.492970155567867, 6.975602440116356, 34.585865065315666], [10.811815043527318, 3.77296857917636, 34.37615947998051]]}}