{"no_of_atoms": 216, "centre_of_mass": [7.112895264271421e-05, 0.00019476299779770637, 7.709943776639265], "maximum_diameter": {"diameter": 22.120517218954117, "atom_1": 9, "atom_2": 213}, "pore_diameter": {"diameter": 4.878402115886178, "atom": 25}, "pore_volume": 60.789897130781355, "pore_diameter_opt": {"diameter": 4.963607769417019, "atom_1": 45, "centre_of_mass": [0.0003163030266289796, -0.00013653912024910004, 7.550195591693945]}, "pore_volume_opt": 64.03110393011819, "windows": {"diameters": [1.4238447801361396, 1.2990195033751823, 1.3795692097328658, 1.2792490192340118], "centre_of_mass": [[0.0001689136804081243, 0.00010592410336240414, 11.908197751683925], [-2.1885108441483707, -3.4336069601720176, 6.052475071587887], [-1.357050554958227, 3.0203185850081953, 6.297086922881715], [3.9604584221055195, -0.18206106131084773, 6.087345995732831]]}}