{"no_of_atoms": 192, "centre_of_mass": [12.303500000000003, 6.5544311913406895e-16, 3.6258555526565515e-17], "maximum_diameter": {"diameter": 21.945879793219426, "atom_1": 8, "atom_2": 191}, "pore_diameter": {"diameter": 5.230870002496841, "atom": 40}, "pore_volume": 74.94115868570829, "pore_diameter_opt": {"diameter": 5.230870002496841, "atom_1": 40, "centre_of_mass": [12.303500000000003, 6.5544311913406895e-16, 3.6258555526565515e-17]}, "pore_volume_opt": 74.94115868570829, "windows": {"diameters": [1.0574840898337183, 1.283404752028929, 1.078058785416275, 1.120519106760431], "centre_of_mass": [[9.876165014274962, -3.704829806803028, 0.994146903349065], [16.527596183946862, 1.09025623530705, 2.9025449574916093], [10.158972544665865, 3.398376892667565, -0.8860323980000974], [14.656268486883741, -2.3526004701499774, -2.3528978302424957]]}}