{"no_of_atoms": 216, "centre_of_mass": [6.850542914716033, 3.9552494842635166, 20.578780761801287], "maximum_diameter": {"diameter": 22.12028399562869, "atom_1": 119, "atom_2": 130}, "pore_diameter": {"diameter": 4.879590560100095, "atom": 30}, "pore_volume": 60.83433565870798, "pore_diameter_opt": {"diameter": 4.88003822327711, "atom_1": 30, "centre_of_mass": [6.8507158323123285, 3.9553819628609634, 20.57887798769922]}, "pore_volume_opt": 60.85108037743938, "windows": {"diameters": [1.2693699523092654, 1.4146738104604264, 1.2734168001683326, 1.4236093084139325], "centre_of_mass": [[4.769747133633985, 7.175525739922644, 22.158731012686662], [5.536858187504608, 0.9788012368315946, 21.972314998017623], [10.73871184482251, 4.139780099535047, 22.177344271534444], [6.850248814372068, 3.9554450483361743, 16.380494699147135]]}}