{"no_of_atoms": 212, "centre_of_mass": [8.91423046485852, 44.480756599454985, 3.536344375539235], "maximum_diameter": {"diameter": 22.420442707608956, "atom_1": 3, "atom_2": 208}, "pore_diameter": {"diameter": 4.2312516964123095, "atom": 50}, "pore_volume": 39.664793967687515, "pore_diameter_opt": {"diameter": 4.581267835589907, "atom_1": 50, "centre_of_mass": [9.098935813290627, 44.51032018672487, 3.483412429639567]}, "pore_volume_opt": 50.34492179930705, "windows": {"diameters": [1.2287620825301193, 1.1573803907522766, 0.842340366233191, 0.8408629346706773, 0.8164826866610482, 2.0496774790993517], "centre_of_mass": [[7.760452875426707, 41.409838393581296, 6.589064829468279], [7.803632175596104, 48.35895770524615, 4.551639181684028], [12.831157271911415, 44.52568596465983, 3.405453599530277], [12.393018748631333, 45.90350972392395, 2.8416392086000837], [12.809328651486377, 42.87566584017907, 2.198448915137083], [8.759865401268415, 43.706247646469365, -1.736378539810488]]}}