{"no_of_atoms": 135, "centre_of_mass": [6.963306505602282, 10.345218969763948, 26.784645118974815], "maximum_diameter": {"diameter": 17.313764147079784, "atom_1": 40, "atom_2": 123}, "pore_diameter": {"diameter": 4.908484575014983, "atom": 8}, "pore_volume": 61.92142097267819, "pore_diameter_opt": {"diameter": 5.04823054399345, "atom_1": 21, "centre_of_mass": [7.069678534265441, 10.350120455336674, 26.907463882596428]}, "pore_volume_opt": 67.36218454481181, "windows": {"diameters": [4.492350592560989, 4.236035864894125], "centre_of_mass": [[8.839649337163177, 9.916324685549473, 30.198681013460092], [5.626993613798848, 9.968987857467615, 23.75544154394132]]}}