{"no_of_atoms": 162, "centre_of_mass": [1.6628941269155575, 5.667257307464284, 3.3094465563209154], "maximum_diameter": {"diameter": 17.431833596413654, "atom_1": 123, "atom_2": 132}, "pore_diameter": {"diameter": 6.662511264460804, "atom": 143}, "pore_volume": 154.85045693998356, "pore_diameter_opt": {"diameter": 6.680188910682439, "atom_1": 94, "centre_of_mass": [1.662961971977903, 5.677030741364074, 3.309524479166578]}, "pore_volume_opt": 156.08632478307845, "windows": {"diameters": [5.606499494302033, 5.604957491778709], "centre_of_mass": [[-1.985264199764451, 5.7291513023410445, 3.382693398701193], [5.14800941898666, 5.729714265483276, 3.235617008486449]]}}