{"no_of_atoms": 141, "centre_of_mass": [-0.8913554456099279, 9.892788865081272, 37.3710040984096], "maximum_diameter": {"diameter": 17.54141993165405, "atom_1": 70, "atom_2": 118}, "pore_diameter": {"diameter": 4.8600728397483515, "atom": 10}, "pore_volume": 60.1072636013123, "pore_diameter_opt": {"diameter": 4.952433133750938, "atom_1": 21, "centre_of_mass": [-0.9164438445095334, 9.837907634893226, 37.425414660271116]}, "pore_volume_opt": 63.599614599855826, "windows": {"diameters": [4.214005272685533, 3.9504660398671017], "centre_of_mass": [[0.49281277570281257, 10.010941325368997, 40.48725295358865], [-2.809677484113043, 9.80990620591545, 33.63075171528751]]}}