{"no_of_atoms": 135, "centre_of_mass": [2.6494811439487083, 20.561854075890267, 5.31982657315487], "maximum_diameter": {"diameter": 17.313146559888455, "atom_1": 0, "atom_2": 132}, "pore_diameter": {"diameter": 4.908817646695182, "atom": 15}, "pore_volume": 61.93402710656365, "pore_diameter_opt": {"diameter": 5.048612558751907, "atom_1": 15, "centre_of_mass": [2.755528682325482, 20.55713973835822, 5.441160456224274]}, "pore_volume_opt": 67.37747819818361, "windows": {"diameters": [4.487413534542888, 4.2409077515362075], "centre_of_mass": [[4.492406728305191, 20.991808048867675, 8.670102942538723], [1.3270689458088842, 20.938547059591276, 2.3145678780343233]]}}