{"no_of_atoms": 162, "centre_of_mass": [4.988016882766635, 17.03327639037727, 9.926872797027638], "maximum_diameter": {"diameter": 17.43211313309708, "atom_1": 72, "atom_2": 158}, "pore_diameter": {"diameter": 6.661187696609476, "atom": 96}, "pore_volume": 154.75818795988363, "pore_diameter_opt": {"diameter": 6.6798117509407025, "atom_1": 96, "centre_of_mass": [4.989095716913893, 17.023168459374553, 9.92676897668634]}, "pore_volume_opt": 156.0598886350643, "windows": {"diameters": [5.605365297988813, 5.6039708215762385], "centre_of_mass": [[1.3344041050275997, 16.97222215263236, 9.999867115938413], [8.524968457852419, 16.971469749447937, 9.85345226333454]]}}