{"no_of_atoms": 141, "centre_of_mass": [13.571284182930073, 15.302162787844203, 2.975247432465477], "maximum_diameter": {"diameter": 18.18548179560635, "atom_1": 53, "atom_2": 136}, "pore_diameter": {"diameter": 4.7483712559077595, "atom": 27}, "pore_volume": 56.05735785023816, "pore_diameter_opt": {"diameter": 4.90398273373277, "atom_1": 37, "centre_of_mass": [13.610818390535327, 15.406008871105858, 2.919707485806689]}, "pore_volume_opt": 61.751202558063085, "windows": {"diameters": [4.208452728953166, 4.623429097996615], "centre_of_mass": [[9.937811318943346, 16.013545418817916, 3.236700546507698], [17.29222072895229, 14.919644352412416, 2.803996299939022]]}}