{"no_of_atoms": 87, "centre_of_mass": [7.333038824375538, 4.2336721359017995, 9.166999999999998], "maximum_diameter": {"diameter": 14.164761866637148, "atom_1": 30, "atom_2": 65}, "pore_diameter": {"diameter": 2.5292848608223637, "atom": 9}, "pore_volume": 8.472115267004188, "pore_diameter_opt": {"diameter": 2.5292848608223637, "atom_1": 9, "centre_of_mass": [7.333038824375538, 4.2336721359017995, 9.166999999999998]}, "pore_volume_opt": 8.472115267004188, "windows": {"diameters": [1.987758953013651, 1.992273601209026, 1.989029311326068], "centre_of_mass": [[8.467260718069289, 4.779488433349536, 9.16700486172169], [7.228784323814662, 2.875918846919923, 9.16699559276403], [6.249061848906676, 4.975308104859128, 9.16700847759654]]}}