{"no_of_atoms": 78, "centre_of_mass": [-5.432996503969449, 9.410230651997695, 10.842499999999994], "maximum_diameter": {"diameter": 14.170198232740045, "atom_1": 12, "atom_2": 65}, "pore_diameter": {"diameter": 1.611904097027741, "atom": 39}, "pore_volume": 2.1928868323932695, "pore_diameter_opt": {"diameter": 1.6120361322560677, "atom_1": 13, "centre_of_mass": [-5.433047925381974, 9.410187302600791, 10.842533933057872]}, "pore_volume_opt": 2.1934257516099076, "windows": {"diameters": [0.8402204927396046, 0.8421194773187843, 0.8401672052104581], "centre_of_mass": [[-4.103122999779098, 9.723589170245818, 10.777045959729143], [-6.403402795422855, 8.380649795331776, 10.91046006283875], [-6.399023904227562, 10.430783036895672, 10.775609931520668]]}}