{"no_of_atoms": 78, "centre_of_mass": [5.432996503969451, 3.136704910637018, 3.614088602524217], "maximum_diameter": {"diameter": 14.170161827948887, "atom_1": 13, "atom_2": 60}, "pore_diameter": {"diameter": 1.6129078024351036, "atom": 56}, "pore_volume": 2.1969858042733583, "pore_diameter_opt": {"diameter": 1.6130303483854571, "atom_1": 38, "centre_of_mass": [5.432968147092735, 3.136798178788461, 3.614104747998314]}, "pore_volume_opt": 2.1974866118877245, "windows": {"diameters": [0.8420881463222591, 0.8414768565879576, 0.8453760454372214], "centre_of_mass": [[5.834144543918385, 4.472022960628314, 3.6809325184539152], [5.828314691789151, 1.8222827984482486, 3.548164718506607], [4.026486278167727, 3.4692671080659863, 3.5444676961165005]]}}