{"no_of_atoms": 71, "centre_of_mass": [5.687999999999998, 12.920810009040535, 5.862624803301135], "maximum_diameter": {"diameter": 14.190486251605302, "atom_1": 29, "atom_2": 49}, "pore_diameter": {"diameter": 1.0433201294220553, "atom": 7}, "pore_volume": 0.5946362514488288, "pore_diameter_opt": {"diameter": 1.1234630288950123, "atom_1": 61, "centre_of_mass": [5.687999995578553, 12.921000794980714, 5.782447282801712]}, "pore_volume_opt": 0.7424632768510399, "windows": {"diameters": [0.4317030052913209, 0.4348840058866843], "centre_of_mass": [[6.948484634294068, 12.920924728031883, 5.7623863924176], [4.387978166317385, 12.921000782001931, 5.761566941152522]]}}