{"no_of_atoms": 158, "centre_of_mass": [14.542002712685994, 21.892181247959343, 16.667134854274604], "maximum_diameter": {"diameter": 20.80559806137598, "atom_1": 53, "atom_2": 104}, "pore_diameter": {"diameter": 6.051674269036836, "atom": 137}, "pore_volume": 116.04468517389323, "pore_diameter_opt": {"diameter": 6.078933866077508, "atom_1": 38, "centre_of_mass": [14.548699015906168, 21.88088324210136, 16.670780197472286]}, "pore_volume_opt": 117.61991960371596, "windows": {"diameters": [6.595521615503589, 6.062585703083925, 5.993858882398868], "centre_of_mass": [[13.713197718630113, 21.143713134199505, 18.082751829587895], [11.016435454762506, 19.103830232343398, 12.860728988254122], [17.672122864586477, 24.280255890631544, 15.038626234630401]]}}