{"no_of_atoms": 162, "centre_of_mass": [12.645411952279158, 8.189344968047086, 11.678418512118174], "maximum_diameter": {"diameter": 17.978530849417616, "atom_1": 77, "atom_2": 156}, "pore_diameter": {"diameter": 6.0476377384899305, "atom": 88}, "pore_volume": 115.81263093957185, "pore_diameter_opt": {"diameter": 6.18900559793013, "atom_1": 88, "centre_of_mass": [12.647626926706248, 8.456621187225181, 11.680186814390249]}, "pore_volume_opt": 124.12556799935767, "windows": {"diameters": [4.705661108951817, 4.693821456857004], "centre_of_mass": [[12.645497326329712, 4.644493019831817, 12.294902238076178], [13.367427111686975, 11.706301715655057, 12.105577623009918]]}}