{"no_of_atoms": 141, "centre_of_mass": [0.5169729219645112, 17.086725442940043, 14.437874727478674], "maximum_diameter": {"diameter": 16.967716625632235, "atom_1": 71, "atom_2": 132}, "pore_diameter": {"diameter": 3.446717325795199, "atom": 7}, "pore_volume": 21.439547949875077, "pore_diameter_opt": {"diameter": 4.571800256365842, "atom_1": 7, "centre_of_mass": [0.34212253130768844, 17.53927150972556, 14.810461025388523]}, "pore_volume_opt": 50.0334402150485, "windows": {"diameters": [4.045166217766713, 1.5443669054658016], "centre_of_mass": [[-0.13048712658193262, 19.32807905550864, 15.319115630652542], [-0.3589756955484332, 12.95160296632268, 10.76670852942802]]}}