{"no_of_atoms": 216, "centre_of_mass": [10.66838785613672, 11.873755045268641, 6.376156878039007], "maximum_diameter": {"diameter": 26.869702482975686, "atom_1": 171, "atom_2": 189}, "pore_diameter": {"diameter": 6.431678861361322, "atom": 212}, "pore_volume": 139.30659502394803, "pore_diameter_opt": {"diameter": 6.907598192770884, "atom_1": 99, "centre_of_mass": [10.427880613622202, 12.12388712222265, 6.517625612488819]}, "pore_volume_opt": 172.57577164142407, "windows": {"diameters": [5.048730574327548, 6.108100469859119, 4.7038876261194655, 6.023059975576535], "centre_of_mass": [[13.369059631264541, 12.03214343703663, 7.533112727378912], [9.10948228433144, 14.017025057204865, 6.914229013497708], [9.737659504143574, 9.011944798961462, 7.895728647189289], [10.200648102533988, 12.69026711177035, 3.9915366960673695]]}}