{"no_of_atoms": 208, "centre_of_mass": [18.145714572751306, 6.411239593785135, 7.4623117341922285], "maximum_diameter": {"diameter": 26.6396719462158, "atom_1": 28, "atom_2": 181}, "pore_diameter": {"diameter": 8.160408817692346, "atom": 153}, "pore_volume": 284.53413261340734, "pore_diameter_opt": {"diameter": 8.350694231655826, "atom_1": 153, "centre_of_mass": [18.215054809144775, 6.400004743838191, 7.526570869201303]}, "pore_volume_opt": 304.9062789905561, "windows": {"diameters": [6.432126080497058, 6.062708423076796, 6.831890770942136, 6.602646640409553], "centre_of_mass": [[19.22885179581774, 3.7119369574451104, 10.330658468610874], [14.736544633263232, 7.218704336027964, 8.078705965194517], [19.851971814553796, 9.437466620573657, 7.776110081714248], [18.546324360878636, 4.828179441322835, 4.893086691140931]]}}