{"no_of_atoms": 208, "centre_of_mass": [5.399906638880428, 17.56625983511695, 8.528610796896215], "maximum_diameter": {"diameter": 26.63938839033937, "atom_1": 14, "atom_2": 191}, "pore_diameter": {"diameter": 8.159887186192988, "atom": 24}, "pore_volume": 284.47957193552867, "pore_diameter_opt": {"diameter": 8.351008807904885, "atom_1": 204, "centre_of_mass": [5.330483230690347, 17.554871428778487, 8.46386428528818]}, "pore_volume_opt": 304.94073836034283, "windows": {"diameters": [6.599221843597061, 6.0672740487573495, 6.8658003187722905, 6.3125206973202435], "centre_of_mass": [[4.995520645665559, 15.967652026015049, 11.132083386452546], [9.085414604216112, 18.42358299292575, 7.893120948050981], [3.5367038716286223, 20.854405665872964, 8.19134316380014], [4.501038340641791, 15.311204163269753, 6.1968389631808405]]}}