{"no_of_atoms": 208, "centre_of_mass": [4.310127897003187, 15.898892645963278, 24.519532796256716], "maximum_diameter": {"diameter": 26.63967194621579, "atom_1": 25, "atom_2": 189}, "pore_diameter": {"diameter": 8.160880920377373, "atom": 156}, "pore_volume": 284.58351877866096, "pore_diameter_opt": {"diameter": 8.350904158468621, "atom_1": 68, "centre_of_mass": [4.241466762211322, 15.910258374714546, 24.454797425015876]}, "pore_volume_opt": 304.929274544222, "windows": {"diameters": [6.595522669099763, 6.091209427794631, 6.830975791437064, 6.313841342717803], "centre_of_mass": [[3.864251116132534, 17.646596903240187, 27.458326455915618], [8.189724975237818, 15.006809684017338, 23.871660387168895], [2.613932027846146, 12.889055206362663, 24.207385979521018], [3.4047979943746998, 18.17247055047339, 22.16728683696806]]}}