{"no_of_atoms": 65, "centre_of_mass": [34.87218748442651, 13.173077864083236, 8.085160389901453], "maximum_diameter": {"diameter": 31.052805138632813, "atom_1": 3, "atom_2": 62}, "pore_diameter": {"diameter": -1.1596045401851205, "atom": 27}, "pore_volume": -0.8164476503718429, "pore_diameter_opt": {"diameter": -1.1596045401851205, "atom_1": 27, "centre_of_mass": [34.87218748442651, 13.173077864083236, 8.085160389901453]}, "pore_volume_opt": -0.8164476503718429, "windows": {"diameters": null, "centre_of_mass": null}}