{"no_of_atoms": 116, "centre_of_mass": [7.9249180671908, 17.519761873677016, 2.8533432815879047], "maximum_diameter": {"diameter": 19.637114441351667, "atom_1": 16, "atom_2": 109}, "pore_diameter": {"diameter": 0.21862422401592374, "atom": 42}, "pore_volume": 0.005471336998925849, "pore_diameter_opt": {"diameter": 0.47857868445261964, "atom_1": 42, "centre_of_mass": [7.815605955182838, 17.410449761669053, 2.962655393595867]}, "pore_volume_opt": 0.057392967031327805, "windows": {"diameters": [6.967446113308947e+40], "centre_of_mass": [[-8.489790730857502e+38, -1.9944525242334642e+40, -2.855044274504228e+40]]}}