{"no_of_atoms": 436, "centre_of_mass": [6.808802294264839, 11.901195068506786, 9.448452452913982], "maximum_diameter": {"diameter": 47.7462648687995, "atom_1": 411, "atom_2": 432}, "pore_diameter": {"diameter": 2.0548436633917446, "atom": 58}, "pore_volume": 4.542918846306723, "pore_diameter_opt": {"diameter": 3.9196248201058803, "atom_1": 74, "centre_of_mass": [7.4122431118862995, 12.47515576165313, 8.833925162276637]}, "pore_volume_opt": 31.53059161114622, "windows": {"diameters": [1.503896174461235, 1.722332620197685, 1.4562350442753353], "centre_of_mass": [[7.065147395739969, 9.862608877298554, 13.919735366217584], [1.720426187624045, 12.523451173228118, 8.824452525762622], [7.564670625495447, 7.626078074338718, 6.427297660891897]]}}