{"no_of_atoms": 222, "centre_of_mass": [18.876454950134846, 6.136545049865151, 6.265663875872604], "maximum_diameter": {"diameter": 27.852474325627437, "atom_1": 113, "atom_2": 145}, "pore_diameter": {"diameter": 6.280381783476177, "atom": 167}, "pore_volume": 129.70501194311905, "pore_diameter_opt": {"diameter": 6.842094843223954, "atom_1": 167, "centre_of_mass": [19.298443192655068, 5.708010320207911, 6.2610426314554415]}, "pore_volume_opt": 167.71267741114534, "windows": {"diameters": [2.4463259204631913, 5.96675995247417, 4.128586687801391, 2.450814375055377], "centre_of_mass": [[18.098547944502858, 5.776932232498192, 11.83053372992925], [22.62963128270165, 4.188749845863799, 7.067646152519714], [13.230369486307755, 7.823117510063964, 7.054438810566065], [19.236074646492742, 6.919302779363505, 0.6740021554864484]]}}