{"no_of_atoms": 222, "centre_of_mass": [6.369980042820349, 6.369980042820347, 7.418393499726192e-16], "maximum_diameter": {"diameter": 27.85387590528551, "atom_1": 125, "atom_2": 131}, "pore_diameter": {"diameter": 6.281620949350128, "atom": 40}, "pore_volume": 129.78180237300575, "pore_diameter_opt": {"diameter": 6.281620949350128, "atom_1": 40, "centre_of_mass": [6.369980042820349, 6.369980042820347, 7.418393499726192e-16]}, "pore_volume_opt": 129.78180237300575, "windows": {"diameters": [2.4406183565679513, 6.628119746631924, 3.969247771789837, 2.436969780529125], "centre_of_mass": [[6.7300639127351385, 5.598339655466338, 5.530615715146823], [9.79455557606623, 12.334419002824514, 0.8937240731624028], [2.4076909509975186, 5.582937597643721, -0.9299236214729315], [5.640031724495182, 6.7321497320904, -5.301414352903912]]}}