{"no_of_atoms": 45, "centre_of_mass": [10.570838904200823, 9.254233271807037, 2.383633107442696], "maximum_diameter": {"diameter": 12.18581181114256, "atom_1": 23, "atom_2": 44}, "pore_diameter": {"diameter": -3.95657078738027, "atom": 4}, "pore_volume": -32.43063428076563, "pore_diameter_opt": {"diameter": -3.95657078738027, "atom_1": 4, "centre_of_mass": [10.570838904200823, 9.254233271807037, 2.383633107442696]}, "pore_volume_opt": -32.43063428076563, "windows": {"diameters": null, "centre_of_mass": null}}