{"no_of_atoms": 268, "centre_of_mass": [5.974809236706185, 18.25209900690903, 22.189778662996762], "maximum_diameter": {"diameter": 24.347763694982095, "atom_1": 12, "atom_2": 257}, "pore_diameter": {"diameter": 4.762799425712501, "atom": 40}, "pore_volume": 56.56991159913641, "pore_diameter_opt": {"diameter": 5.372534602454413, "atom_1": 224, "centre_of_mass": [6.122589447429471, 18.609949633050793, 22.21713511843078]}, "pore_volume_opt": 81.19630873026763, "windows": {"diameters": [2.1952721649849622, 6.719272636019915e+42, 2.3460869795143275, 3.4837604833663147, 2.4402105337610505, 2.4178737220767927], "centre_of_mass": [[5.176999359153041, 18.116823289987085, 26.65511142992109], [1.1197134024121307e+42, 2.0306557911109204e+42, 2.4310152495979615e+42], [7.1781330127691065, 13.011292199609262, 22.532903470943985], [0.20545004391217514, 16.808178096759917, 19.66794763990248], [4.254867729990502, 23.210921885230956, 21.99607094688132], [7.21699872258047, 18.484656179408113, 17.484044213098393]]}}