{"no_of_atoms": 294, "centre_of_mass": [13.830910921942069, -4.868433242379724, 14.999522713053583], "maximum_diameter": {"diameter": 28.085677367843523, "atom_1": 175, "atom_2": 195}, "pore_diameter": {"diameter": 7.807271527820255, "atom": 46}, "pore_volume": 249.17041410247973, "pore_diameter_opt": {"diameter": 8.265341242590459, "atom_1": 248, "centre_of_mass": [13.94844495449371, -4.948970707280631, 15.263632359765403]}, "pore_volume_opt": 295.6521134987639, "windows": {"diameters": [6.450391462874611, 6.414585102147857, 6.596398254238286, 6.526535385602903], "centre_of_mass": [[14.664467658562764, -8.481584243223988, 18.03384512713836], [13.914152870444045, -1.2363182200773704, 17.676313113999733], [9.501705132625128, -5.301608011141743, 12.808217146154705], [17.38352481743469, -4.9070610844503975, 11.713756789982424]]}}