{"no_of_atoms": 26, "centre_of_mass": [12.767689924991986, -6.936878031060282, 15.471061532673463], "maximum_diameter": {"diameter": 16.27382418260063, "atom_1": 0, "atom_2": 25}, "pore_diameter": {"diameter": -1.651693876700654, "atom": 8}, "pore_volume": -2.3593224407118765, "pore_diameter_opt": {"diameter": -1.651693876700654, "atom_1": 8, "centre_of_mass": [12.767689924991986, -6.936878031060282, 15.471061532673463]}, "pore_volume_opt": -2.3593224407118765, "windows": {"diameters": null, "centre_of_mass": null}}