{"no_of_atoms": 26, "centre_of_mass": [15.291657911782144, -2.9242197705706383, 15.493613697955539], "maximum_diameter": {"diameter": 16.21104932200504, "atom_1": 2, "atom_2": 25}, "pore_diameter": {"diameter": -1.945178012971562, "atom": 11}, "pore_volume": -3.853689131217832, "pore_diameter_opt": {"diameter": -1.945178012971562, "atom_1": 11, "centre_of_mass": [15.291657911782144, -2.9242197705706383, 15.493613697955539]}, "pore_volume_opt": -3.853689131217832, "windows": {"diameters": null, "centre_of_mass": null}}