{"no_of_atoms": 294, "centre_of_mass": [-0.9540165005840794, 18.587557506874436, 5.380648081480674], "maximum_diameter": {"diameter": 28.085677367843523, "atom_1": 175, "atom_2": 195}, "pore_diameter": {"diameter": 7.807371667017298, "atom": 46}, "pore_volume": 249.18000210456793, "pore_diameter_opt": {"diameter": 8.268917946997181, "atom_1": 46, "centre_of_mass": [-1.0697488977013494, 18.66655191253105, 5.11657066944132]}, "pore_volume_opt": 296.0360968767501, "windows": {"diameters": [6.5208447899043005, 6.591217216628488, 6.414089850089249, 6.444095024605284], "centre_of_mass": [[-4.176390586457369, 18.619026328526047, 8.354398127848611], [3.341143864414482, 19.018508895040704, 7.553817542351116], [-1.037928357449137, 15.023044892901094, 2.7464998405550105], [-1.7807175061062017, 22.15288792821832, 2.3812043000942227]]}}