{"no_of_atoms": 24, "centre_of_mass": [10.335133203497074, 7.737080259218943, 9.682353588923663], "maximum_diameter": {"diameter": 9.61689776143565, "atom_1": 4, "atom_2": 13}, "pore_diameter": {"diameter": -1.8171130030785854, "atom": 5}, "pore_volume": -3.141553288319521, "pore_diameter_opt": {"diameter": -1.8171130030785854, "atom_1": 5, "centre_of_mass": [10.335133203497074, 7.737080259218943, 9.682353588923663]}, "pore_volume_opt": -3.141553288319521, "windows": {"diameters": null, "centre_of_mass": null}}