{"no_of_atoms": 22, "centre_of_mass": [-3.206007975047562, 12.177667323932237, 1.4469672245820697], "maximum_diameter": {"diameter": 7.90096135683068, "atom_1": 13, "atom_2": 21}, "pore_diameter": {"diameter": -1.923657422816983, "atom": 2}, "pore_volume": -3.7271924720468843, "pore_diameter_opt": {"diameter": -1.923657422816983, "atom_1": 2, "centre_of_mass": [-3.206007975047562, 12.177667323932237, 1.4469672245820697]}, "pore_volume_opt": -3.7271924720468843, "windows": {"diameters": null, "centre_of_mass": null}}