{"no_of_atoms": 24, "centre_of_mass": [12.50691974078106, 3.587133203497075, 13.384049469315551], "maximum_diameter": {"diameter": 9.616897761435656, "atom_1": 7, "atom_2": 20}, "pore_diameter": {"diameter": -1.816430329804366, "atom": 12}, "pore_volume": -3.138013857080457, "pore_diameter_opt": {"diameter": -1.816430329804366, "atom_1": 12, "centre_of_mass": [12.50691974078106, 3.587133203497075, 13.384049469315551]}, "pore_volume_opt": -3.138013857080457, "windows": {"diameters": null, "centre_of_mass": null}}