{"no_of_atoms": 291, "centre_of_mass": [29.716980773866823, 10.000152601909802, 7.751635838257517], "maximum_diameter": {"diameter": 27.880337615973293, "atom_1": 40, "atom_2": 276}, "pore_diameter": {"diameter": 8.12794186525472, "atom": 13}, "pore_volume": 281.1514892838123, "pore_diameter_opt": {"diameter": 8.201368376801092, "atom_1": 234, "centre_of_mass": [29.676163840649362, 9.96128885336155, 7.79205845007535]}, "pore_volume_opt": 288.84016225347796, "windows": {"diameters": [6.5348431594150505, 6.775631717589635, 6.6878534793132225, 6.498874348704062], "centre_of_mass": [[33.11536397613952, 12.138354995471866, 9.74311588854456], [29.7169639916573, 6.744165066064301, 8.661280516270425], [25.561519261583527, 11.95950716349123, 9.044476680132433], [30.098114853452433, 10.31528688994722, 3.0104213225399903]]}}