{"no_of_atoms": 24, "centre_of_mass": [23.831133203497078, 7.737080259218941, 5.695443982174446], "maximum_diameter": {"diameter": 9.617136855948628, "atom_1": 0, "atom_2": 23}, "pore_diameter": {"diameter": -1.81688156966837, "atom": 1}, "pore_volume": -3.140353085922394, "pore_diameter_opt": {"diameter": -1.81688156966837, "atom_1": 1, "centre_of_mass": [23.831133203497078, 7.737080259218941, 5.695443982174446]}, "pore_volume_opt": -3.140353085922394, "windows": {"diameters": null, "centre_of_mass": null}}