{"no_of_atoms": 294, "centre_of_mass": [-7.627352670732557e-17, 20.243999999999986, 26.910613868180544], "maximum_diameter": {"diameter": 28.12860221668982, "atom_1": 153, "atom_2": 213}, "pore_diameter": {"diameter": 8.584027811111193, "atom": 45}, "pore_volume": 331.18600037687895, "pore_diameter_opt": {"diameter": 8.584027811111193, "atom_1": 45, "centre_of_mass": [-7.627352670732557e-17, 20.243999999999986, 26.910613868180544]}, "pore_volume_opt": 331.18600037687895, "windows": {"diameters": [6.559825061808137, 6.562204910159586, 6.567502616983905, 6.559443399923557], "centre_of_mass": [[-0.5825444377703449, 16.430411272647834, 29.387720827389924], [0.5925100754327121, 24.11300728468085, 29.42600068542652], [-3.934751372071446, 20.848320197647666, 24.350432167250833], [3.7553300691868956, 19.67193888690299, 24.474442218543903]]}}