{"no_of_atoms": 366, "centre_of_mass": [24.329916955811765, 21.080341354622817, 5.778467954831682], "maximum_diameter": {"diameter": 27.56602775150141, "atom_1": 79, "atom_2": 334}, "pore_diameter": {"diameter": 6.637744214652953, "atom": 242}, "pore_volume": 153.12995711931896, "pore_diameter_opt": {"diameter": 7.199795874803206, "atom_1": 47, "centre_of_mass": [24.344074693171585, 20.86462415706937, 5.973614366834973]}, "pore_volume_opt": 195.41557433432544, "windows": {"diameters": [5.061221093725752, 5.05143634700169, 4.91737089356139, 4.93325159664799], "centre_of_mass": [[24.201250422032455, 21.832077825373933, 9.575712209372611], [24.421643751163963, 17.034962490018675, 5.018184160355984], [20.4476586848947, 22.606727709400058, 4.8037791027427525], [27.89035998980802, 21.928615260062447, 4.53277707228583]]}}