{"no_of_atoms": 24, "centre_of_mass": [-2.184147350647873, 2.5041994555216176, 16.999461576647505], "maximum_diameter": {"diameter": 12.963271889855683, "atom_1": 2, "atom_2": 22}, "pore_diameter": {"diameter": -3.2189588206784996, "atom": 8}, "pore_volume": -17.46404673952806, "pore_diameter_opt": {"diameter": -3.2189588206784996, "atom_1": 8, "centre_of_mass": [-2.184147350647873, 2.5041994555216176, 16.999461576647505]}, "pore_volume_opt": -17.46404673952806, "windows": {"diameters": null, "centre_of_mass": null}}