{"no_of_atoms": 127, "centre_of_mass": [2.5325040619968293, 1.8796368405491177, 18.085364729326844], "maximum_diameter": {"diameter": 20.468612987320824, "atom_1": 21, "atom_2": 122}, "pore_diameter": {"diameter": 2.366485507619051, "atom": 29}, "pore_volume": 6.939212224390602, "pore_diameter_opt": {"diameter": 3.6477987516407535, "atom_1": 23, "centre_of_mass": [3.715746815806355, 3.0628795943586433, 18.08549999685815]}, "pore_volume_opt": 25.41506550719801, "windows": {"diameters": [4.134445177855595, 3.667013798943835], "centre_of_mass": [[2.4433121445109904, 3.6771335343437026, 18.085510324815964], [4.877089562502407, 1.709137642801141, 18.085481110986983]]}}