{"no_of_atoms": 120, "centre_of_mass": [1.9857650901911374, 3.656490445530534, 11.734888501226623], "maximum_diameter": {"diameter": 27.49729602465477, "atom_1": 73, "atom_2": 86}, "pore_diameter": {"diameter": 4.019513015451562, "atom": 116}, "pore_volume": 34.00313346806464, "pore_diameter_opt": {"diameter": 4.019836861953369, "atom_1": 116, "centre_of_mass": [1.9858723190341494, 3.656370687544134, 11.734907972723102]}, "pore_volume_opt": 34.01135288395693, "windows": {"diameters": [4.837129676524009, 5.293037990410831], "centre_of_mass": [[0.6644590002916861, 2.3737798369078766, 11.506788665130834], [2.509542023957828, 4.299592621086398, 9.216548957274966]]}}