{"no_of_atoms": 258, "centre_of_mass": [0.4215525786828892, 7.285242766953674, 22.608531946281126], "maximum_diameter": {"diameter": 28.298562249863604, "atom_1": 174, "atom_2": 186}, "pore_diameter": {"diameter": 7.657077449040244, "atom": 48}, "pore_volume": 235.06487673760518, "pore_diameter_opt": {"diameter": 8.597230072518256, "atom_1": 199, "centre_of_mass": [0.015610551908294324, 6.733021321866697, 22.681365895556855]}, "pore_volume_opt": 332.7164470854942, "windows": {"diameters": [6.812941624475532, 6.6920284143669715, 7.419534908949721, 7.500199285039209], "centre_of_mass": [[-1.2937213512734969, 6.352909633178755, 27.426706073524738], [4.020941691295672, 6.551220389897794, 22.4759729811017], [-1.9697993521837105, 3.2406640497794106, 20.292519848269272], [-1.7743928435070824, 14.225516979964246, 18.244716523169238]]}}