{"no_of_atoms": 36, "centre_of_mass": [15.146994316242212, 1.0728026133243914e-06, 6.3418030367188925], "maximum_diameter": {"diameter": 13.544883816587411, "atom_1": 0, "atom_2": 35}, "pore_diameter": {"diameter": -1.5179655274194577, "atom": 17}, "pore_volume": -1.831404804587249, "pore_diameter_opt": {"diameter": -1.5179655274194577, "atom_1": 17, "centre_of_mass": [15.146994316242212, 1.0728026133243914e-06, 6.3418030367188925]}, "pore_volume_opt": -1.831404804587249, "windows": {"diameters": null, "centre_of_mass": null}}