{"no_of_atoms": 258, "centre_of_mass": [9.11255257868289, 22.681701248669327, 31.182896675193856], "maximum_diameter": {"diameter": 28.298377036102377, "atom_1": 61, "atom_2": 256}, "pore_diameter": {"diameter": 7.657598173854478, "atom": 12}, "pore_volume": 235.1128372445158, "pore_diameter_opt": {"diameter": 8.603236157818431, "atom_1": 12, "centre_of_mass": [8.71089853272272, 23.230119273757623, 31.115248842233072]}, "pore_volume_opt": 333.4142484865015, "windows": {"diameters": [7.377543983413169, 7.012546569179001, 6.674566758489785, 6.8220172343218355], "centre_of_mass": [[6.785753167102815, 26.580347916106554, 33.41236635233157], [7.739418959443834, 20.00540200010687, 32.568751841287096], [12.436136656719908, 23.394715713023885, 31.30340069869284], [7.385219949599274, 23.643458004007854, 26.25706716217086]]}}