{"no_of_atoms": 758, "centre_of_mass": [22.45438656043813, 25.410852113601003, 25.41085211360101], "maximum_diameter": {"diameter": 35.68456980771429, "atom_1": 423, "atom_2": 557}, "pore_diameter": {"diameter": 11.571226885022142, "atom": 637}, "pore_volume": 811.2166387845094, "pore_diameter_opt": {"diameter": 11.675000002566676, "atom_1": 93, "centre_of_mass": [22.402499998319907, 25.4108513209371, 25.410851159684594]}, "pore_volume_opt": 833.2384268694001, "windows": {"diameters": [1.5290714670452892, 1.4138685421708357, 1.5741788680934374, 1.8059118927306614, 1.6932671371221741, 1.5342654351702651, 1.5696296134663172, 1.660385926769775], "centre_of_mass": [[16.18915251711152, 27.31145126247814, 31.33779577091103], [28.29654905346252, 20.736980674823275, 28.94861335233997], [16.167896640893744, 20.304995720680445, 29.291545351170534], [21.534027793813586, 34.01079631019523, 27.97771882537971], [21.702034024950603, 17.401450343169323, 22.974213627250116], [16.175652375543187, 31.350117944836384, 23.50914630538242], [16.17487418165279, 21.537990082199375, 20.31055094089642], [23.164024798808764, 27.880802291176845, 17.410716823053974]]}}