{"no_of_atoms": 256, "centre_of_mass": [10.9507707338359, 1.933017448239176, 10.951099035432563], "maximum_diameter": {"diameter": 23.89498758922049, "atom_1": 79, "atom_2": 207}, "pore_diameter": {"diameter": 4.175974675169664, "atom": 38}, "pore_volume": 38.130472864976895, "pore_diameter_opt": {"diameter": 4.665916962409961, "atom_1": 38, "centre_of_mass": [10.832672819813364, 1.7264450892864052, 10.883104191094496]}, "pore_volume_opt": 53.18750753536753, "windows": {"diameters": [1.4916303283754897, 3.7434569292028104, 2.995456675025608, 1.6332143896238143, 1.899755135423979, 1.2856605045781215], "centre_of_mass": [[12.468839229350847, 4.872300234511336, 15.85557189586713], [13.749971713333078, 1.304129317778606, 11.091336619546022], [8.28509039868172, 1.8882055655063286, 10.876365949973753], [12.412797546581512, 5.523159438516871, 9.504980340526501], [8.823958201458346, 6.708760395735212, 8.198044440829726], [9.943822655346278, -0.48020197736382664, 6.774486398716399]]}}