{"no_of_atoms": 256, "centre_of_mass": [4.425475620214777, 9.254597346350977, 0.0003910109420420129], "maximum_diameter": {"diameter": 24.44634813046221, "atom_1": 79, "atom_2": 200}, "pore_diameter": {"diameter": 4.611340866415059, "atom": 38}, "pore_volume": 51.34288880390113, "pore_diameter_opt": {"diameter": 5.109015908149145, "atom_1": 14, "centre_of_mass": [4.02496596864431, 9.249883124328516, -0.000901248108992681]}, "pore_volume_opt": 69.82491041959422, "windows": {"diameters": [4.307514808926975, 2.9853300987556914], "centre_of_mass": [[1.891792876778815, 9.99608483057898, 0.28290079564093307], [7.196361345638648, 9.642057075156293, 0.07885097003416178]]}}