{"no_of_atoms": 337, "centre_of_mass": [0.4675150439291987, 21.604041635134884, 9.163675725832789], "maximum_diameter": {"diameter": 29.58665761277439, "atom_1": 96, "atom_2": 259}, "pore_diameter": {"diameter": 1.963919585117511, "atom": 92}, "pore_volume": 3.966155392836831, "pore_diameter_opt": {"diameter": 1.9695772424347138, "atom_1": 92, "centre_of_mass": [0.46625142169056066, 21.606415700691116, 9.164837191264601]}, "pore_volume_opt": 4.000531320949988, "windows": {"diameters": [2.2319537253727195, 3.045925480139258], "centre_of_mass": [[-0.22597526773026577, 21.362288498809377, 9.349523899778177], [0.34747595363403283, 22.559840218071233, 6.941675832118935]]}}