{"no_of_atoms": 337, "centre_of_mass": [10.274474116073765, 4.1147584907489545, 9.14964759447236], "maximum_diameter": {"diameter": 29.58665761277439, "atom_1": 100, "atom_2": 259}, "pore_diameter": {"diameter": 1.9641323814894043, "atom": 92}, "pore_volume": 3.967444765786283, "pore_diameter_opt": {"diameter": 1.9695750161999688, "atom_1": 190, "centre_of_mass": [10.275689399472864, 4.112474308558027, 9.148530831713137]}, "pore_volume_opt": 4.000517755432119, "windows": {"diameters": [2.2319569548391915, 3.0459030720065248], "centre_of_mass": [[9.603728871498099, 3.869996707891696, 9.34952453646923], [10.1771724519374, 5.067550067984441, 6.941660353125119]]}}