{"no_of_atoms": 342, "centre_of_mass": [17.354419106315458, 7.231368305234669, 22.49386110693438], "maximum_diameter": {"diameter": 32.733094597957006, "atom_1": 339, "atom_2": 341}, "pore_diameter": {"diameter": 3.809875446041634, "atom": 108}, "pore_volume": 28.9554924642648, "pore_diameter_opt": {"diameter": 3.8715114759227904, "atom_1": 125, "centre_of_mass": [17.335795442247612, 7.262205999194777, 22.514592200549167]}, "pore_volume_opt": 30.383673121254734, "windows": {"diameters": [3.8796109495019357, 3.840437008159103], "centre_of_mass": [[16.969980132803475, 7.1790905181301525, 22.464858417213733], [17.819527454595818, 7.411971084683486, 22.570320761762957]]}}