{"no_of_atoms": 402, "centre_of_mass": [6.090571651168455, 0.3476921740142375, 29.83321944888551], "maximum_diameter": {"diameter": 33.446194331205156, "atom_1": 293, "atom_2": 396}, "pore_diameter": {"diameter": 3.406129571814582, "atom": 228}, "pore_volume": 20.691030306678016, "pore_diameter_opt": {"diameter": 3.8208145738017723, "atom_1": 39, "centre_of_mass": [6.104174117316568, 0.5843301603406282, 29.77295249486614]}, "pore_volume_opt": 29.205625181571428, "windows": {"diameters": [3.869956422179468, 4.201460542797433], "centre_of_mass": [[6.546094840042908, 0.6073618740931604, 29.899940261197013], [3.9009467076162054, 0.28605429022857054, 29.176569009813125]]}}