{"no_of_atoms": 621, "centre_of_mass": [4.932030084571933, -5.6626434114920965, 49.86135534408298], "maximum_diameter": {"diameter": 40.028867179539255, "atom_1": 560, "atom_2": 596}, "pore_diameter": {"diameter": 2.549378225441838, "atom": 179}, "pore_volume": 8.675638326711606, "pore_diameter_opt": {"diameter": 3.8739852984336767, "atom_1": 172, "centre_of_mass": [4.858269952348478, -5.568771976692253, 50.54296642496566]}, "pore_volume_opt": 30.441954120922844, "windows": {"diameters": [3.8478283676005414, 3.835486946749126], "centre_of_mass": [[4.147416019054702, -5.805735650797155, 50.70858638725399], [5.231458927832575, -5.455405570238048, 50.4586253117004]]}}