{"no_of_atoms": 621, "centre_of_mass": [3.5156924013321342, 37.847678763031425, 21.848225288086475], "maximum_diameter": {"diameter": 40.02933518917727, "atom_1": 267, "atom_2": 619}, "pore_diameter": {"diameter": 2.549423111108123, "atom": 86}, "pore_volume": 8.676096578051972, "pore_diameter_opt": {"diameter": 3.847361186020471, "atom_1": 86, "centre_of_mass": [3.465342977630298, 37.97408078416335, 22.50171525486286]}, "pore_volume_opt": 29.81861723404343, "windows": {"diameters": [3.8285362681790374, 3.8572011490028024], "centre_of_mass": [[4.1021388088974655, 37.76669242742884, 22.649773563763883], [2.9763615341363754, 38.12732170736916, 22.391454944801662]]}}