{"no_of_atoms": 2181, "centre_of_mass": [8.212800264056794, 8.464069308646721, 24.507710687126234], "maximum_diameter": {"diameter": 74.61313251493189, "atom_1": 2031, "atom_2": 2147}, "pore_diameter": {"diameter": 3.2575253323886835, "atom": 96}, "pore_volume": 18.099310370822362, "pore_diameter_opt": {"diameter": 6.630997766399444, "atom_1": 126, "centre_of_mass": [9.841562930251136, 6.835306642452379, 24.617397490000517]}, "pore_volume_opt": 152.6635183779276, "windows": {"diameters": [8.851638835396095, 8.927442740408296, 10.183721591337388], "centre_of_mass": [[14.059262565131561, 3.992010996532213, 23.387237163472975], [13.081172856951149, 3.1111350772230395, 25.433928935381545], [14.852493677797124, 13.142395959785961, 21.702953957457037]]}}