{"no_of_atoms": 2142, "centre_of_mass": [8.56729167841255, 8.567291678412563, 49.04999501582262], "maximum_diameter": {"diameter": 75.35335702289461, "atom_1": 1944, "atom_2": 2133}, "pore_diameter": {"diameter": 5.7761611289091235, "atom": 94}, "pore_volume": 100.90589088588347, "pore_diameter_opt": {"diameter": 8.450641946057749, "atom_1": 578, "centre_of_mass": [7.677184918114165, 7.2256590242545355, 49.31885217900099]}, "pore_volume_opt": 315.98591566551795, "windows": {"diameters": [9.2143888084226, 1.2788189425424096e+44, 8.53011063162488, 2.42872682555834e+40, 7.870133248145359, 6.39367035387008, 8.970325578441622], "centre_of_mass": [[9.65748177932109, 5.77181698264897, 50.560915725141044], [-1.0734500697710327e+43, 6.761307128213619e+42, 6.266976894964621e+43], [5.506440408911872, 12.297134556436095, 48.898905545743126], [1.3177442439622524e+39, 1.405462748004429e+39, 1.1989832125644774e+40], [15.729032056799458, -2.8544414267866047, 48.25138935179595], [16.477794803648877, 8.102196519686906, 46.47129133574623], [6.024244981847394, 9.40708610418852, 47.71790146659267]]}}