{"no_of_atoms": 382, "centre_of_mass": [-3.310389536876958e-17, 6.526999999999999, 3.940000000000004], "maximum_diameter": {"diameter": 28.168244111520888, "atom_1": 226, "atom_2": 262}, "pore_diameter": {"diameter": 8.243171217499114, "atom": 46}, "pore_volume": 293.279416859383, "pore_diameter_opt": {"diameter": 8.243171217499114, "atom_1": 46, "centre_of_mass": [-3.310389536876958e-17, 6.526999999999999, 3.940000000000004]}, "pore_volume_opt": 293.279416859383, "windows": {"diameters": [6.538324722090966, 6.510542887694989, 6.515023337337794, 6.5368683292959116], "centre_of_mass": [[-3.965738188435579, 7.000321898636889, 6.779306787334308], [3.7435587781581545, 6.087097892447733, 6.61261051769434], [-0.44913085732944474, 2.722430185365773, 1.2216511894016704], [0.47215812550766184, 10.485193452678232, 1.1063371432000322]]}}