{"no_of_atoms": 364, "centre_of_mass": [9.23210544540385, 8.873223084330885, 8.190389677381644], "maximum_diameter": {"diameter": 25.03201314982993, "atom_1": 160, "atom_2": 327}, "pore_diameter": {"diameter": 3.2776763243224525, "atom": 313}, "pore_volume": 18.437278445416847, "pore_diameter_opt": {"diameter": 3.486307956618804, "atom_1": 313, "centre_of_mass": [9.291177959886173, 8.796737097191674, 8.143450141975732]}, "pore_volume_opt": 22.18686105094489, "windows": {"diameters": [1.5687185556926106, 1.6655412536041476, 2.037949175518864], "centre_of_mass": [[10.697684824337836, 10.28064530891611, 9.242166405560114], [7.1098761258529315, 8.392881022081996, 9.753356446755687], [10.544528838130365, 6.968928252749189, 8.240304254374523]]}}