{"no_of_atoms": 364, "centre_of_mass": [4.9680456921824865, 7.775103424590482, 18.412999294162233], "maximum_diameter": {"diameter": 24.89377304632588, "atom_1": 271, "atom_2": 323}, "pore_diameter": {"diameter": 3.2474762033034428, "atom": 295}, "pore_volume": 17.932323063023897, "pore_diameter_opt": {"diameter": 3.4419087011140808, "atom_1": 117, "centre_of_mass": [4.962717743315187, 7.718451676749479, 18.32949638331535]}, "pore_volume_opt": 21.349940100574987, "windows": {"diameters": [2.537490593388077, 1.9733777226301874, 2.208076303055138, 1.1590410887463327], "centre_of_mass": [[6.617561911838594, 8.993603220559077, 21.538541820431217], [3.1061488800936656, 6.116969017640389, 19.108899925766785], [6.187876606322208, 6.155384189816962, 17.598424365056523], [3.6099049949296607, 11.670927318586358, 16.122395132616422]]}}