{"no_of_atoms": 364, "centre_of_mass": [0.06389842082939844, 9.234031060686801, 0.5266554470341044], "maximum_diameter": {"diameter": 25.02359894436771, "atom_1": 267, "atom_2": 275}, "pore_diameter": {"diameter": 3.5235201379164534, "atom": 280}, "pore_volume": 22.904926166696967, "pore_diameter_opt": {"diameter": 3.8282856054327454, "atom_1": 297, "centre_of_mass": [0.02060841129687251, 9.067715237803288, 0.41124909912110724]}, "pore_volume_opt": 29.377282093997778, "windows": {"diameters": [2.132500654074159, 2.0155434515459736, 2.1347537717582195, 1.0853167647749875], "centre_of_mass": [[-0.9797314197459093, 8.403716650197074, 2.3565389977193867], [2.3412623420225644, 10.349574338386166, 1.3513643961817852], [0.6540416313210725, 7.103957449719785, -0.45842240059038414], [-2.1575925662180886, 11.814508991542759, -2.1778180852830777]]}}