{"no_of_atoms": 364, "centre_of_mass": [9.055996637256717, 9.055996637256728, 26.70253371881506], "maximum_diameter": {"diameter": 24.851416122509864, "atom_1": 216, "atom_2": 330}, "pore_diameter": {"diameter": 3.1327986802254046, "atom": 319}, "pore_volume": 16.098895591787212, "pore_diameter_opt": {"diameter": 3.1334797349612944, "atom_1": 67, "centre_of_mass": [9.055749250228223, 9.056162616573625, 26.702349089780196]}, "pore_volume_opt": 16.10939733219185, "windows": {"diameters": [2.461968136989483, 2.037401263372136, 2.01456960848869, 1.2024966614440857], "centre_of_mass": [[9.325469026707452, 7.870487961707184, 29.215207078099432], [9.24211326267379, 6.6632483927473025, 26.923637050147363], [6.6361715966487616, 8.840960744709424, 26.48689467778385], [11.685164255357, 11.68512127791655, 24.073852759889878]]}}