{"no_of_atoms": 364, "centre_of_mass": [0.06063031046341701, 18.756068574951517, 17.438243921519433], "maximum_diameter": {"diameter": 24.920226845834236, "atom_1": 3, "atom_2": 267}, "pore_diameter": {"diameter": 3.280078052161232, "atom": 274}, "pore_volume": 18.477838075841287, "pore_diameter_opt": {"diameter": 3.551009956527086, "atom_1": 265, "centre_of_mass": [-0.05082819609651705, 18.712846214288334, 17.50196193086506]}, "pore_volume_opt": 23.445218919833614, "windows": {"diameters": [2.263576981661274, 2.252560648019726, 2.4489144167431642, 1.1557910310146258], "centre_of_mass": [[-0.9054559854263193, 18.000660883834907, 19.306857214091817], [1.862134907879971, 19.394169552582344, 18.3180398300806], [0.9192702474020474, 15.516642309721808, 15.856957622245723], [-2.1435207052235263, 21.228642692663986, 14.543713037179547]]}}