{"no_of_atoms": 364, "centre_of_mass": [18.483767141932333, 27.705059347465088, 0.6923992870813539], "maximum_diameter": {"diameter": 24.920136261671733, "atom_1": 71, "atom_2": 292}, "pore_diameter": {"diameter": 3.2788335252627614, "atom": 279}, "pore_volume": 18.456813476384532, "pore_diameter_opt": {"diameter": 3.55088768430531, "atom_1": 279, "centre_of_mass": [18.595682097107545, 27.661588647476496, 0.7563432897375124]}, "pore_volume_opt": 23.44279712969422, "windows": {"diameters": [2.2792126370106396, 2.0210685593360487, 2.452406673386531, 1.2153434339778397], "centre_of_mass": [[19.422626590716913, 26.94770415169067, 2.541901172095466], [16.27691983291333, 28.724040532489834, 1.5090904724658936], [17.624909645594173, 24.46303311990698, -0.8916584171700297], [20.89720969898018, 30.41537838903443, -2.430329970339559]]}}