{"no_of_atoms": 45, "centre_of_mass": [-0.47272816134227136, 13.48915901493367, 4.456297486177895], "maximum_diameter": {"diameter": 11.758668778055311, "atom_1": 8, "atom_2": 44}, "pore_diameter": {"diameter": -3.8599998051133984, "atom": 10}, "pore_volume": -30.11344698207906, "pore_diameter_opt": {"diameter": -3.8599998051133984, "atom_1": 10, "centre_of_mass": [-0.47272816134227136, 13.48915901493367, 4.456297486177895]}, "pore_volume_opt": -30.11344698207906, "windows": {"diameters": null, "centre_of_mass": null}}