{"no_of_atoms": 561, "centre_of_mass": [5.650671773466124, 7.99129695184538, 13.841282827070094], "maximum_diameter": {"diameter": 28.973696814736112, "atom_1": 227, "atom_2": 540}, "pore_diameter": {"diameter": 3.7562685630399097, "atom": 329}, "pore_volume": 27.75035409278082, "pore_diameter_opt": {"diameter": 3.7572914072395522, "atom_1": 69, "centre_of_mass": [5.650434321018755, 7.990791691238687, 13.840900752644096]}, "pore_volume_opt": 27.77302980252955, "windows": {"diameters": [2.1175859755813513, 1.994159391276391, 1.9941232013216035, 2.0907458752181065, 1.9228256097287564], "centre_of_mass": [[6.663920551710916, 9.423934693908379, 16.32291703030036], [6.279225568727011, 5.462050642986739, 15.796882772603126], [3.0548375346172523, 9.810824129479734, 14.602691872335622], [7.893155615425412, 8.990688168003706, 13.073300182823417], [4.309041621224411, 6.093429469298918, 10.554075264766892]]}}