{"no_of_atoms": 340, "centre_of_mass": [21.322849181015698, 31.911770843850316, 16.384474609686432], "maximum_diameter": {"diameter": 34.71168174257212, "atom_1": 28, "atom_2": 329}, "pore_diameter": {"diameter": -0.5192556937149932, "atom": 54}, "pore_volume": -0.0733064898041444, "pore_diameter_opt": {"diameter": -0.5192556937149932, "atom_1": 54, "centre_of_mass": [21.322849181015698, 31.911770843850316, 16.384474609686432]}, "pore_volume_opt": -0.0733064898041444, "windows": {"diameters": null, "centre_of_mass": null}}