{"no_of_atoms": 27, "centre_of_mass": [7.786136847996349, 12.548590617129886, 2.857474833310283], "maximum_diameter": {"diameter": 9.417216812603947, "atom_1": 6, "atom_2": 24}, "pore_diameter": {"diameter": -2.472808872728781, "atom": 11}, "pore_volume": -7.9171755242991395, "pore_diameter_opt": {"diameter": -2.472808872728781, "atom_1": 11, "centre_of_mass": [7.786136847996349, 12.548590617129886, 2.857474833310283]}, "pore_volume_opt": -7.9171755242991395, "windows": {"diameters": null, "centre_of_mass": null}}