{"no_of_atoms": 341, "centre_of_mass": [5.984980603076233, 15.682605160260426, 20.402805429510803], "maximum_diameter": {"diameter": 98.19003329992032, "atom_1": 293, "atom_2": 332}, "pore_diameter": {"diameter": -0.43156446286636285, "atom": 10}, "pore_volume": -0.042085806003153314, "pore_diameter_opt": {"diameter": -0.43156446286636285, "atom_1": 10, "centre_of_mass": [5.984980603076233, 15.682605160260426, 20.402805429510803]}, "pore_volume_opt": -0.042085806003153314, "windows": {"diameters": null, "centre_of_mass": null}}