{"no_of_atoms": 298, "centre_of_mass": [17.95423061328922, 15.974514477749803, 10.121778522278907], "maximum_diameter": {"diameter": 25.4092984213491, "atom_1": 158, "atom_2": 281}, "pore_diameter": {"diameter": 9.371600050934612, "atom": 225}, "pore_volume": 430.9628757130609, "pore_diameter_opt": {"diameter": 9.41161380168515, "atom_1": 25, "centre_of_mass": [17.98254114817171, 15.905889422950127, 10.279605805955349]}, "pore_volume_opt": 436.5067019746937, "windows": {"diameters": [], "centre_of_mass": []}}