{"no_of_atoms": 341, "centre_of_mass": [17.954386951267793, 15.682605160260426, 20.434194570489193], "maximum_diameter": {"diameter": 98.19003274606462, "atom_1": 305, "atom_2": 332}, "pore_diameter": {"diameter": -0.43152261267159453, "atom": 19}, "pore_volume": -0.04207356360228563, "pore_diameter_opt": {"diameter": -0.43152261267159453, "atom_1": 19, "centre_of_mass": [17.954386951267793, 15.682605160260426, 20.434194570489193]}, "pore_volume_opt": -0.04207356360228563, "windows": {"diameters": null, "centre_of_mass": null}}