{"no_of_atoms": 24, "centre_of_mass": [7.457900499196209, 21.600996256028434, 6.0036906464167865], "maximum_diameter": {"diameter": 7.802901119528951, "atom_1": 11, "atom_2": 21}, "pore_diameter": {"diameter": -0.8460092441138545, "atom": 14}, "pore_volume": -0.3170472187532763, "pore_diameter_opt": {"diameter": -0.8460092441138545, "atom_1": 14, "centre_of_mass": [7.457900499196209, 21.600996256028434, 6.0036906464167865]}, "pore_volume_opt": -0.3170472187532763, "windows": {"diameters": null, "centre_of_mass": null}}