{"no_of_atoms": 45, "centre_of_mass": [9.75246254380172, 19.315955484957186, 19.408850156169116], "maximum_diameter": {"diameter": 11.291513096439466, "atom_1": 16, "atom_2": 44}, "pore_diameter": {"diameter": -1.7526752214252779, "atom": 21}, "pore_volume": -2.8190511945189205, "pore_diameter_opt": {"diameter": -1.7526752214252779, "atom_1": 21, "centre_of_mass": [9.75246254380172, 19.315955484957186, 19.408850156169116]}, "pore_volume_opt": -2.8190511945189205, "windows": {"diameters": null, "centre_of_mass": null}}