{"no_of_atoms": 54, "centre_of_mass": [12.821375226101587, 16.49168369846664, 9.48254161408766], "maximum_diameter": {"diameter": 9.922106057630456, "atom_1": 19, "atom_2": 50}, "pore_diameter": {"diameter": -1.6585114222321646, "atom": 9}, "pore_volume": -2.388658272449358, "pore_diameter_opt": {"diameter": -1.6585114222321646, "atom_1": 9, "centre_of_mass": [12.821375226101587, 16.49168369846664, 9.48254161408766]}, "pore_volume_opt": -2.388658272449358, "windows": {"diameters": null, "centre_of_mass": null}}