{"no_of_atoms": 24, "centre_of_mass": [19.163946136115296, 26.770719972374433, 14.80973703358998], "maximum_diameter": {"diameter": 7.808474926656427, "atom_1": 11, "atom_2": 21}, "pore_diameter": {"diameter": -0.7203933522133275, "atom": 17}, "pore_volume": -0.19575267784553674, "pore_diameter_opt": {"diameter": -0.7203933522133275, "atom_1": 17, "centre_of_mass": [19.163946136115296, 26.770719972374433, 14.80973703358998]}, "pore_volume_opt": -0.19575267784553674, "windows": {"diameters": null, "centre_of_mass": null}}