{"no_of_atoms": 24, "centre_of_mass": [19.56988612020024, 17.25384222669687, 42.15300704757112], "maximum_diameter": {"diameter": 7.762276327807516, "atom_1": 11, "atom_2": 21}, "pore_diameter": {"diameter": -0.798958472267032, "atom": 0}, "pore_volume": -0.26703687780971824, "pore_diameter_opt": {"diameter": -0.798958472267032, "atom_1": 0, "centre_of_mass": [19.56988612020024, 17.25384222669687, 42.15300704757112]}, "pore_volume_opt": -0.26703687780971824, "windows": {"diameters": null, "centre_of_mass": null}}