{"no_of_atoms": 24, "centre_of_mass": [2.9741851227751925, 26.73034329076008, 19.95821055785882], "maximum_diameter": {"diameter": 7.783912294103098, "atom_1": 11, "atom_2": 21}, "pore_diameter": {"diameter": -0.8407624844904817, "atom": 1}, "pore_volume": -0.31118495869029605, "pore_diameter_opt": {"diameter": -0.8407624844904817, "atom_1": 1, "centre_of_mass": [2.9741851227751925, 26.73034329076008, 19.95821055785882]}, "pore_volume_opt": -0.31118495869029605, "windows": {"diameters": null, "centre_of_mass": null}}