{"no_of_atoms": 24, "centre_of_mass": [15.959859705791875, 12.205041278630762, 18.038587710098728], "maximum_diameter": {"diameter": 7.765324610083091, "atom_1": 13, "atom_2": 20}, "pore_diameter": {"diameter": -0.779277954778022, "atom": 17}, "pore_volume": -0.2477854459770753, "pore_diameter_opt": {"diameter": -0.779277954778022, "atom_1": 17, "centre_of_mass": [15.959859705791875, 12.205041278630762, 18.038587710098728]}, "pore_volume_opt": -0.2477854459770753, "windows": {"diameters": null, "centre_of_mass": null}}