{"no_of_atoms": 24, "centre_of_mass": [3.142689354531981, 19.040493651592698, 34.51219156388961], "maximum_diameter": {"diameter": 7.76810996670612, "atom_1": 15, "atom_2": 20}, "pore_diameter": {"diameter": -0.7915269617851388, "atom": 1}, "pore_volume": -0.2596544444875755, "pore_diameter_opt": {"diameter": -0.7915269617851388, "atom_1": 1, "centre_of_mass": [3.142689354531981, 19.040493651592698, 34.51219156388961]}, "pore_volume_opt": -0.2596544444875755, "windows": {"diameters": null, "centre_of_mass": null}}