{"no_of_atoms": 54, "centre_of_mass": [1.201134300998379, 2.2500282310662305, 12.504500841738855], "maximum_diameter": {"diameter": 9.922106057630463, "atom_1": 44, "atom_2": 49}, "pore_diameter": {"diameter": -1.6587212759378884, "atom": 4}, "pore_volume": -2.3895651077216837, "pore_diameter_opt": {"diameter": -1.6587212759378884, "atom_1": 4, "centre_of_mass": [1.201134300998379, 2.2500282310662305, 12.504500841738855]}, "pore_volume_opt": -2.3895651077216837, "windows": {"diameters": null, "centre_of_mass": null}}