{"no_of_atoms": 24, "centre_of_mass": [15.46850160108511, 4.798658919931762, 31.448891070279956], "maximum_diameter": {"diameter": 7.766404747241294, "atom_1": 12, "atom_2": 19}, "pore_diameter": {"diameter": -0.7909238720714251, "atom": 7}, "pore_volume": -0.2590613795089997, "pore_diameter_opt": {"diameter": -0.7909238720714251, "atom_1": 7, "centre_of_mass": [15.46850160108511, 4.798658919931762, 31.448891070279956]}, "pore_volume_opt": -0.2590613795089997, "windows": {"diameters": null, "centre_of_mass": null}}