{"no_of_atoms": 24, "centre_of_mass": [15.228378862880001, 20.463994385714688, 28.558356489638392], "maximum_diameter": {"diameter": 7.756559871461986, "atom_1": 11, "atom_2": 21}, "pore_diameter": {"diameter": -0.7814407988173704, "atom": 3}, "pore_volume": -0.2498543229483497, "pore_diameter_opt": {"diameter": -0.7814407988173704, "atom_1": 3, "centre_of_mass": [15.228378862880001, 20.463994385714688, 28.558356489638392]}, "pore_volume_opt": -0.2498543229483497, "windows": {"diameters": null, "centre_of_mass": null}}