{"no_of_atoms": 48, "centre_of_mass": [0.6817073503805432, 20.691937519308002, 17.49191064959137], "maximum_diameter": {"diameter": 8.227766281859772, "atom_1": 19, "atom_2": 41}, "pore_diameter": {"diameter": -1.147269478890058, "atom": 21}, "pore_volume": -0.7906694204843793, "pore_diameter_opt": {"diameter": -1.147269478890058, "atom_1": 21, "centre_of_mass": [0.6817073503805432, 20.691937519308002, 17.49191064959137]}, "pore_volume_opt": -0.7906694204843793, "windows": {"diameters": null, "centre_of_mass": null}}