{"no_of_atoms": 24, "centre_of_mass": [19.78381005866261, 7.359322482161493, 15.983538031982407], "maximum_diameter": {"diameter": 7.803868241699853, "atom_1": 6, "atom_2": 23}, "pore_diameter": {"diameter": -0.8446167934644842, "atom": 5}, "pore_volume": -0.31548430539689, "pore_diameter_opt": {"diameter": -0.8446167934644842, "atom_1": 5, "centre_of_mass": [19.78381005866261, 7.359322482161493, 15.983538031982407]}, "pore_volume_opt": -0.31548430539689, "windows": {"diameters": null, "centre_of_mass": null}}