{"no_of_atoms": 45, "centre_of_mass": [1.1622861482446587, 23.40884579771189, 41.39595255671169], "maximum_diameter": {"diameter": 11.291869551184336, "atom_1": 11, "atom_2": 43}, "pore_diameter": {"diameter": -1.7532931508651635, "atom": 14}, "pore_volume": -2.8220339301678536, "pore_diameter_opt": {"diameter": -1.7532931508651635, "atom_1": 14, "centre_of_mass": [1.1622861482446587, 23.40884579771189, 41.39595255671169]}, "pore_volume_opt": -2.8220339301678536, "windows": {"diameters": null, "centre_of_mass": null}}