{"no_of_atoms": 22, "centre_of_mass": [13.232482735242153, 25.33479583808906, 14.355497898251526], "maximum_diameter": {"diameter": 9.23447137963645, "atom_1": 5, "atom_2": 21}, "pore_diameter": {"diameter": -2.075914190288767, "atom": 13}, "pore_volume": -4.684107085712984, "pore_diameter_opt": {"diameter": -2.075914190288767, "atom_1": 13, "centre_of_mass": [13.232482735242153, 25.33479583808906, 14.355497898251526]}, "pore_volume_opt": -4.684107085712984, "windows": {"diameters": null, "centre_of_mass": null}}