{"no_of_atoms": 186, "centre_of_mass": [3.5344999999999995, 15.254643791610144, 9.81146419810544], "maximum_diameter": {"diameter": 30.683492921545067, "atom_1": 97, "atom_2": 123}, "pore_diameter": {"diameter": 4.079209362208633, "atom": 149}, "pore_volume": 35.540751731917695, "pore_diameter_opt": {"diameter": 4.079257917232496, "atom_1": 7, "centre_of_mass": [3.5344843210572776, 15.254635555579993, 9.811447583713226]}, "pore_volume_opt": 35.54202087682018, "windows": {"diameters": [4.150964761744245, 4.919935237614348], "centre_of_mass": [[3.1460485186947444, 15.493064926890476, 10.059804217309654], [4.51561799086179, 17.336284250757394, 8.550403773581147]]}}