{"no_of_atoms": 680, "centre_of_mass": [22.47974932235356, 8.236155872527899, 0.0001368166570397592], "maximum_diameter": {"diameter": 33.61572047089147, "atom_1": 204, "atom_2": 593}, "pore_diameter": {"diameter": 7.504784366559258, "atom": 581}, "pore_volume": 221.31623686098274, "pore_diameter_opt": {"diameter": 7.505423634324611, "atom_1": 581, "centre_of_mass": [22.479706001289067, 8.236437390049742, 0.000281857994257958]}, "pore_volume_opt": 221.3727977351239, "windows": {"diameters": [3.5428297503107316, 3.912654970848649, 5.739615186912793, 3.6841233924454753, 3.6418890381546523, 3.5674413827021465], "centre_of_mass": [[22.562147081324277, 10.354841134510199, 4.4464534067770956], [16.635875811104118, 5.590345550428389, 2.413813225910414], [27.681972232263746, 1.4648691702507248, 2.655391788781798], [20.58469837066948, 11.494409347573765, -1.94862051127999], [26.862529935504757, 9.723084391061784, -1.617335804200963], [22.3194036935845, 5.9751570303219825, -4.8693259436692875]]}}