{"no_of_atoms": 680, "centre_of_mass": [0.0010029235119848104, 0.0007066773115978095, 0.0002805885724943017], "maximum_diameter": {"diameter": 33.36669119408782, "atom_1": 419, "atom_2": 483}, "pore_diameter": {"diameter": 7.679535873529142, "atom": 351}, "pore_volume": 237.13930498850215, "pore_diameter_opt": {"diameter": 7.67974281733577, "atom_1": 351, "centre_of_mass": [0.0010852006178393107, 0.000650062213200241, 0.00025353966747394363]}, "pore_volume_opt": 237.1584763943245, "windows": {"diameters": [3.5557135488038845, 3.545904569781149, 3.5505010336830964, 3.4922810297148525, 3.8394657855745806, 3.555942754850656], "centre_of_mass": [[-1.8246255665062918, 1.0947301864470804, 5.006253459143842], [4.27199912653417, -1.3869162752356567, 1.2468159963623255], [-0.9349939725330708, -4.295373044161566, 1.2068613413896847], [1.15980961481349, 4.891642099050394, -1.1445912589048362], [-5.699398061136038, 1.332050581341219, -2.1475767364912484], [1.7549000513902973, -0.7550924930812499, -4.031919552605013]]}}