{"no_of_atoms": 296, "centre_of_mass": [25.97246406648136, 0.7248597648106303, 45.53063464283646], "maximum_diameter": {"diameter": 38.59386233290832, "atom_1": 85, "atom_2": 214}, "pore_diameter": {"diameter": 0.22888549356974508, "atom": 67}, "pore_volume": 0.006278464284644458, "pore_diameter_opt": {"diameter": 0.6141762138506817, "atom_1": 67, "centre_of_mass": [26.086906813266232, 0.8393025115955028, 45.645077389621335]}, "pore_volume_opt": 0.12130469238122248, "windows": {"diameters": [0.7377634203611176, 1.268188039591835], "centre_of_mass": [[24.730311961141656, 0.11363980576674293, 47.24959984129487], [26.555402557502543, 1.1497708463137626, 44.771262320855406]]}}