{"no_of_atoms": 296, "centre_of_mass": [13.495624350315621, 11.751594150306925, 66.99863464283645], "maximum_diameter": {"diameter": 38.5938541354798, "atom_1": 82, "atom_2": 219}, "pore_diameter": {"diameter": 0.22825859631825063, "atom": 97}, "pore_volume": 0.00622701696627798, "pore_diameter_opt": {"diameter": 0.6125181573813814, "atom_1": 97, "centre_of_mass": [13.381495052156495, 11.865723448466051, 67.11276394099558]}, "pore_volume_opt": 0.1203249041634914, "windows": {"diameters": [1.1296734344927502, 9.29453295074069e+39], "centre_of_mass": [[13.285250792719461, 7.0017355070786484, 71.68954570882156], [-2.469923741599353e+39, 8.300655207808501e+38, -3.848058424062163e+39]]}}