{"no_of_atoms": 296, "centre_of_mass": [16.689799508483897, 14.945802776812606, 61.80936535716355], "maximum_diameter": {"diameter": 38.59386233290832, "atom_1": 132, "atom_2": 179}, "pore_diameter": {"diameter": 0.22858273862733824, "atom": 276}, "pore_volume": 0.006253582984365732, "pore_diameter_opt": {"diameter": 0.6133510003534095, "atom_1": 276, "centre_of_mass": [16.57550813917023, 15.060094146126275, 61.69507398784988]}, "pore_volume_opt": 0.12081639034846603, "windows": {"diameters": [0.884544746814576, 0.7398106877664588], "centre_of_mass": [[16.633492347690613, 15.366707041889663, 61.90392455346772], [17.926936026505157, 14.333357002824005, 60.09554095125021]]}}