{"no_of_atoms": 296, "centre_of_mass": [14.945802776812604, 16.689799508483894, 24.06263464283648], "maximum_diameter": {"diameter": 38.59386233290832, "atom_1": 132, "atom_2": 179}, "pore_diameter": {"diameter": 0.22858273862752698, "atom": 276}, "pore_volume": 0.006253582984381222, "pore_diameter_opt": {"diameter": 0.6133510003548746, "atom_1": 276, "centre_of_mass": [15.060094146126367, 16.57550813917013, 24.176926012150243]}, "pore_volume_opt": 0.12081639034933178, "windows": {"diameters": [1.3187919580818228], "centre_of_mass": [[15.374600599353407, 16.069909818255805, 23.25409174599683]]}}