{"no_of_atoms": 302, "centre_of_mass": [17.487982298996023, 10.953613058158172, 21.46800000000001], "maximum_diameter": {"diameter": 38.025819115353734, "atom_1": 13, "atom_2": 298}, "pore_diameter": {"diameter": 0.5485951820464225, "atom": 183}, "pore_volume": 0.08644792826018698, "pore_diameter_opt": {"diameter": 0.9162002343021141, "atom_1": 183, "centre_of_mass": [17.213684707972813, 11.227910646400634, 21.468510777304385]}, "pore_volume_opt": 0.40268904765729074, "windows": {"diameters": [2.761080606910012e+37, 0.7105824805978496], "centre_of_mass": [[5.0782092075532957e+36, 1.2040578711297135e+37, -4.452573243388949e+36], [18.02628446816697, 10.763294348196627, 20.825962045751126]]}}