{"no_of_atoms": 302, "centre_of_mass": [3.267096560820115, 3.267096560820117, 42.935999999999986], "maximum_diameter": {"diameter": 38.025819115353734, "atom_1": 110, "atom_2": 190}, "pore_diameter": {"diameter": 0.5484672966751178, "atom": 56}, "pore_volume": 0.0863874856125562, "pore_diameter_opt": {"diameter": 0.9150403129818265, "atom_1": 275, "centre_of_mass": [2.9941816384368543, 2.992862912482558, 42.93843167788618]}, "pore_volume_opt": 0.40116155452327346, "windows": {"diameters": [3.7387406576514546, 5.472699054036514e+43], "centre_of_mass": [[1.716124723987, 1.8294412653755894, 41.10578265288411], [-1.7272541243579838e+43, -1.9866258069653425e+43, 7.466725031770446e+42]]}}