{"no_of_atoms": 296, "centre_of_mass": [9.646018907619121, 18.750375716497942, 63.29836929367283], "maximum_diameter": {"diameter": 36.56793063619527, "atom_1": 3, "atom_2": 253}, "pore_diameter": {"diameter": 1.2398789149031821, "atom": 143}, "pore_volume": 0.9980135689241647, "pore_diameter_opt": {"diameter": 1.3242432859671465, "atom_1": 116, "centre_of_mass": [9.595077465396045, 18.80108663394936, 63.29872111693669]}, "pore_volume_opt": 1.2159114871438914, "windows": {"diameters": [1.0407526744368525, 0.7614953971543366], "centre_of_mass": [[10.943295993452537, 17.6978197409157, 63.63647764351842], [8.89438179520132, 19.579750277576352, 62.93195897625755]]}}