{"no_of_atoms": 296, "centre_of_mass": [18.75037571649794, 9.646018907619121, 21.099466580116783], "maximum_diameter": {"diameter": 36.56793063619527, "atom_1": 3, "atom_2": 258}, "pore_diameter": {"diameter": 1.2400020503563685, "atom": 146}, "pore_volume": 0.9983109440709264, "pore_diameter_opt": {"diameter": 1.3240311878416913, "atom_1": 161, "centre_of_mass": [18.80117754422546, 9.59494367337272, 21.099886790325712]}, "pore_volume_opt": 1.2153273393972102, "windows": {"diameters": [0.7859978958823715, 1.2080275176218698], "centre_of_mass": [[17.998581570874155, 10.10252199628677, 21.506136067111402], [22.180374220826586, 6.341332720499107, 21.025206880207538]]}}