{"no_of_atoms": 302, "centre_of_mass": [24.73299637818169, 24.73299637818169, -3.69918251697418e-17], "maximum_diameter": {"diameter": 37.5098444023111, "atom_1": 44, "atom_2": 299}, "pore_diameter": {"diameter": 0.4414958007620995, "atom": 116}, "pore_volume": 0.04505866848569901, "pore_diameter_opt": {"diameter": 0.4414958007620995, "atom_1": 116, "centre_of_mass": [24.73299637818169, 24.73299637818169, -3.69918251697418e-17]}, "pore_volume_opt": 0.04505866848569901, "windows": {"diameters": [6.627022810865103e+41, 0.8687996494791475], "centre_of_mass": [[2.4175598716245382e+41, 6.827889549874681e+40, -2.1606853875540206e+41], [24.43415704723968, 24.986082614017562, 0.6770361895412473]]}}