{"no_of_atoms": 302, "centre_of_mass": [3.6600532705115145, 3.6600532705115167, 42.40849999999999], "maximum_diameter": {"diameter": 37.50984440231111, "atom_1": 112, "atom_2": 155}, "pore_diameter": {"diameter": 0.4419842908321079, "atom": 56}, "pore_volume": 0.0452083986168027, "pore_diameter_opt": {"diameter": 0.4419842908321079, "atom_1": 56, "centre_of_mass": [3.6600532705115145, 3.6600532705115167, 42.40849999999999]}, "pore_volume_opt": 0.0452083986168027, "windows": {"diameters": [2.0674085464115647e+40, 0.6727487235848577], "centre_of_mass": [[-7.778353523495598e+39, -2.5221685715077144e+39, -6.323791157589869e+39], [5.307691104387419, 5.364179099336203, 42.80944837167239]]}}