{"no_of_atoms": 296, "centre_of_mass": [15.031727344481366, 17.121664882965757, 24.220449716654784], "maximum_diameter": {"diameter": 38.61340394473182, "atom_1": 132, "atom_2": 179}, "pore_diameter": {"diameter": 1.312042227570133, "atom": 251}, "pore_volume": 1.1826113993403449, "pore_diameter_opt": {"diameter": 1.5939842960702668, "atom_1": 276, "centre_of_mass": [14.975197779154268, 17.106473290497078, 24.4224111550829]}, "pore_volume_opt": 2.120560842142596, "windows": {"diameters": [1.2859671545562268], "centre_of_mass": [[14.389415645788002, 16.321419876037506, 24.347659958444968]]}}