{"no_of_atoms": 296, "centre_of_mass": [27.562588542040395, 2.9235536286709323, 81.27681922100095], "maximum_diameter": {"diameter": 38.614402698548524, "atom_1": 130, "atom_2": 181}, "pore_diameter": {"diameter": 1.311882021545593, "atom": 243}, "pore_volume": 1.182178246350844, "pore_diameter_opt": {"diameter": 1.5870864207141495, "atom_1": 52, "centre_of_mass": [27.63444714494108, 2.89711391655001, 81.06665810331535]}, "pore_volume_opt": 2.0931499887738325, "windows": {"diameters": [1.2817824074344841], "centre_of_mass": [[28.20697819189997, 2.114809795717912, 81.15744599274733]]}}