{"no_of_atoms": 296, "centre_of_mass": [13.433729653420741, 11.497512247172681, 66.450327326322], "maximum_diameter": {"diameter": 38.54217474244354, "atom_1": 82, "atom_2": 219}, "pore_diameter": {"diameter": 0.587241891862166, "atom": 97}, "pore_volume": 0.10603511449816341, "pore_diameter_opt": {"diameter": 1.3909107277512764, "atom_1": 97, "centre_of_mass": [13.140108707489658, 11.203891301241597, 66.74394827225308]}, "pore_volume_opt": 1.4089526315501626, "windows": {"diameters": [0.7789684851624821, 0.8731015139009592], "centre_of_mass": [[14.029557328605192, 10.514213386235093, 67.73204736262505], [13.170479987836917, 11.990132202213859, 65.95627256117791]]}}