{"no_of_atoms": 296, "centre_of_mass": [16.895651821055736, 14.9593966196483, 60.77514104890327], "maximum_diameter": {"diameter": 38.54217474244356, "atom_1": 132, "atom_2": 179}, "pore_diameter": {"diameter": 0.5867768163385119, "atom": 276}, "pore_volume": 0.1057833853957766, "pore_diameter_opt": {"diameter": 1.3898121856991312, "atom_1": 276, "centre_of_mass": [17.189040229224993, 15.252785027817556, 60.481752640734015]}, "pore_volume_opt": 1.4056168928333126, "windows": {"diameters": [0.8640500875266452, 0.7187327458302519], "centre_of_mass": [[16.49662121949668, 15.230006653763107, 61.17075014618973], [17.998148561557066, 14.388974443710044, 59.35795585704957]]}}