{"no_of_atoms": 153, "centre_of_mass": [1.1264538696446943e-16, 0.4021376426939262, 29.329424431024403], "maximum_diameter": {"diameter": 31.30410524872345, "atom_1": 30, "atom_2": 152}, "pore_diameter": {"diameter": -3.2597949877469374, "atom": 56}, "pore_volume": -18.137168395696854, "pore_diameter_opt": {"diameter": -3.2597949877469374, "atom_1": 56, "centre_of_mass": [1.1264538696446943e-16, 0.4021376426939262, 29.329424431024403]}, "pore_volume_opt": -18.137168395696854, "windows": {"diameters": null, "centre_of_mass": null}}