{"no_of_atoms": 660, "centre_of_mass": [0.0001608617678983782, 6.677853615354148e-05, 0.00011608568502282853], "maximum_diameter": {"diameter": 34.84181355188207, "atom_1": 376, "atom_2": 649}, "pore_diameter": {"diameter": 20.40578710124906, "atom": 553}, "pore_volume": 4448.9617920508, "pore_diameter_opt": {"diameter": 20.405911579600094, "atom_1": 553, "centre_of_mass": [0.00018145309184581317, 0.00012551154988014898, 0.00011646705824980432]}, "pore_volume_opt": 4449.043210542995, "windows": {"diameters": [6.8255447901577035, 10.726316849302071, 10.71587544030846, 10.727231453924505, 6.8224282691609375, 6.8336884271175276, 6.824813658498378, 6.826007154084055, 6.829612404128287, 6.827404270313529, 10.733736393224111, 10.71777632045175, 10.724724129303006, 6.825399902644275], "centre_of_mass": [[0.00014369624170507768, -8.39666602239105e-05, 11.535543200256749], [7.4396477962376135, -4.295112984706976, 6.074411687900906], [-3.452150072141201e-05, 8.471787535806028, 5.990492505537638], [-7.447174869803445, -4.2995202590992205, 6.0805869390894545], [9.388489381230364, 5.420528178766307, 3.832894956479633], [0.00010322129508121637, -10.949178919715292, 3.871096840919822], [-9.411197100324966, 5.4336424896926605, 3.842139812751437], [9.418269674714177, -5.437824674632552, -3.844522364965976], [-9.447250635036385, -5.4545690621573675, -3.8563075205821664], [9.203659840054747e-05, 10.89025760943384, -3.8497295588470135], [-7.490845145388437, 4.325057790326486, -6.116259226477587], [7.360158513073662, 4.249527368036353, -6.009757871430713], [-3.5716319082771254e-06, -8.572022047514075, -6.061381388186939], [0.00018913961770346133, 0.00037776620897098963, -11.534230344272936]]}}