{"no_of_atoms": 102, "centre_of_mass": [10.542281859165964, 6.4970028749401045, 6.488011418950269], "maximum_diameter": {"diameter": 19.91809541079116, "atom_1": 24, "atom_2": 68}, "pore_diameter": {"diameter": 0.8484945565479478, "atom": 100}, "pore_volume": 0.3198495939745205, "pore_diameter_opt": {"diameter": 0.848675781219927, "atom_1": 4, "centre_of_mass": [10.54234983363742, 6.496934900371193, 6.4880294014141064]}, "pore_volume_opt": 0.320054581803226, "windows": {"diameters": [9.839919980741386e+26, 3.1577907057373614e+43], "centre_of_mass": [[4.084161762037477e+26, 2.7353953293276167e+26, -2.07945667547986e+25], [5.769999782678226e+42, 2.9347698631337676e+42, -1.4400877816625162e+43]]}}