{"no_of_atoms": 680, "centre_of_mass": [-2.4523264904199014, 30.326657829778092, 32.34522203822183], "maximum_diameter": {"diameter": 33.77174238626291, "atom_1": 256, "atom_2": 571}, "pore_diameter": {"diameter": 7.733382065218622, "atom": 562}, "pore_volume": 242.16257331999998, "pore_diameter_opt": {"diameter": 7.822442065078116, "atom_1": 562, "centre_of_mass": [-2.4497396063248047, 30.388530449897768, 32.33589216550851]}, "pore_volume_opt": 250.6257492672893, "windows": {"diameters": [3.53973487587317, 3.804439693081942, 4.083826484645945, 3.999986257734325, 4.157541764439074, 3.747500429966617], "centre_of_mass": [[-1.1905317625669602, 32.58804973749467, 36.47946676526378], [-8.263355564740202, 28.23592635152318, 34.82811145066009], [0.3514461046534145, 24.917121085428995, 34.221023409652986], [-5.680561434195036, 35.85960929860224, 30.68762825732149], [3.7382152568474636, 32.43506421914691, 29.469765613277673], [-3.839366094106993, 28.176817822808697, 28.18691078483853]]}}