{"no_of_atoms": 26, "centre_of_mass": [8.061861110707321, -1.6911170846702193, 5.792466853888142], "maximum_diameter": {"diameter": 11.089718177361167, "atom_1": 13, "atom_2": 23}, "pore_diameter": {"diameter": -2.056838673141887, "atom": 10}, "pore_volume": -4.556163605015483, "pore_diameter_opt": {"diameter": -2.056838673141887, "atom_1": 10, "centre_of_mass": [8.061861110707321, -1.6911170846702193, 5.792466853888142]}, "pore_volume_opt": -4.556163605015483, "windows": {"diameters": null, "centre_of_mass": null}}