{"no_of_atoms": 78, "centre_of_mass": [20.57326077963162, 17.19984367363275, 16.903415395999783], "maximum_diameter": {"diameter": 11.069093392484689, "atom_1": 1, "atom_2": 77}, "pore_diameter": {"diameter": -2.1188677966282623, "atom": 35}, "pore_volume": -4.98092730791455, "pore_diameter_opt": {"diameter": -2.1188677966282623, "atom_1": 35, "centre_of_mass": [20.57326077963162, 17.19984367363275, 16.903415395999783]}, "pore_volume_opt": -4.98092730791455, "windows": {"diameters": null, "centre_of_mass": null}}