{"no_of_atoms": 222, "centre_of_mass": [19.301902120925075, 5.864029702518058, 17.457882643884886], "maximum_diameter": {"diameter": 27.413820693938693, "atom_1": 48, "atom_2": 204}, "pore_diameter": {"diameter": 4.60930407125084, "atom": 219}, "pore_volume": 51.27488552623394, "pore_diameter_opt": {"diameter": 9.163307313092677, "atom_1": 198, "centre_of_mass": [16.997250086644556, 7.24685490061445, 19.762534679510306]}, "pore_volume_opt": 402.8611406083489, "windows": {"diameters": [9.16724097888091, 2.650578744920836], "centre_of_mass": [[16.75862718293255, 6.900522238164926, 19.695860710408752], [21.055658843681666, 3.981871872724792, 14.783373584360168]]}}