{"no_of_atoms": 56, "centre_of_mass": [18.310141890618517, 17.34121816695564, 4.847720103369645], "maximum_diameter": {"diameter": 12.010054717841971, "atom_1": 4, "atom_2": 51}, "pore_diameter": {"diameter": 2.0560599324768893, "atom": 16}, "pore_volume": 4.550990530303736, "pore_diameter_opt": {"diameter": 3.508274227940611, "atom_1": 6, "centre_of_mass": [19.338171856856963, 16.64681916092085, 5.87575006960809]}, "pore_volume_opt": 22.60888899853762, "windows": {"diameters": [3.695300878061636], "centre_of_mass": [[19.51643503731016, 16.7268704677865, 5.86209142048556]]}}