{"no_of_atoms": 56, "centre_of_mass": [16.755146000197875, 0.1450725949848996, 41.714520353548664], "maximum_diameter": {"diameter": 11.959345241364717, "atom_1": 0, "atom_2": 52}, "pore_diameter": {"diameter": 1.9422659509331743, "atom": 21}, "pore_volume": 3.8364073352437678, "pore_diameter_opt": {"diameter": 2.9434803446913613, "atom_1": 47, "centre_of_mass": [17.227909300813735, -0.05625149003789394, 40.743387378082076]}, "pore_volume_opt": 13.353098194612311, "windows": {"diameters": [0.7491150124928296, 3.5444110983318358], "centre_of_mass": [[15.608622176451547, 0.3813008698322672, 43.297199595057286], [17.378194394753773, -0.14018581575738337, 40.146376472269665]]}}