{"no_of_atoms": 328, "centre_of_mass": [13.783063324088333, 0.9331379435651637, 44.518346013588854], "maximum_diameter": {"diameter": 28.921518238582735, "atom_1": 176, "atom_2": 286}, "pore_diameter": {"diameter": 3.689278783804196, "atom": 104}, "pore_volume": 26.291964990573156, "pore_diameter_opt": {"diameter": 6.578987246812067, "atom_1": 89, "centre_of_mass": [15.617693793295988, 0.36491444051289285, 42.673706621686755]}, "pore_volume_opt": 149.0993519754474, "windows": {"diameters": [2.4624699291816996, 6.8094246340567945], "centre_of_mass": [[12.501263780032907, 1.3523976764846952, 46.286308226076784], [15.079001004406523, 0.20850715546086968, 39.703822723430164]]}}