{"no_of_atoms": 56, "centre_of_mass": [1.8545117975198815, 2.9216363650654897, 11.441209014925937], "maximum_diameter": {"diameter": 11.959589125653173, "atom_1": 25, "atom_2": 29}, "pore_diameter": {"diameter": 1.9420525184452821, "atom": 1}, "pore_volume": 3.8351427442846164, "pore_diameter_opt": {"diameter": 2.9381987200056723, "atom_1": 1, "centre_of_mass": [1.4526401095855728, 2.615781147924957, 10.470182755703295]}, "pore_volume_opt": 13.281346826537426, "windows": {"diameters": [0.7339976669859887, 3.336369218273694], "centre_of_mass": [[2.55686984456017, 3.7540538497742566, 12.87440878514656], [1.3645934730617568, 2.6075854387297066, 9.941693478047439]]}}