{"no_of_atoms": 56, "centre_of_mass": [11.709421246607743, 14.437666135244735, 26.577885907052128], "maximum_diameter": {"diameter": 11.95971725538834, "atom_1": 9, "atom_2": 52}, "pore_diameter": {"diameter": 1.9418484303234975, "atom": 21}, "pore_volume": 3.833933778788943, "pore_diameter_opt": {"diameter": 2.931715604935977, "atom_1": 21, "centre_of_mass": [11.637689260558783, 14.965589429323368, 25.60696169189038]}, "pore_volume_opt": 13.193625070420923, "windows": {"diameters": [3.780871696616535], "centre_of_mass": [[11.591692339783519, 15.131247483279203, 24.62269527108031]]}}