{"no_of_atoms": 192, "centre_of_mass": [19.22473368613633, 17.85027831057301, 17.3161013899267], "maximum_diameter": {"diameter": 21.14918523549543, "atom_1": 18, "atom_2": 166}, "pore_diameter": {"diameter": 3.3673508599185067, "atom": 153}, "pore_volume": 19.992344741790905, "pore_diameter_opt": {"diameter": 4.981985566022125, "atom_1": 44, "centre_of_mass": [17.541058256177074, 17.785975135774358, 18.2204259032152]}, "pore_volume_opt": 64.74496749356082, "windows": {"diameters": [4.982577285946002], "centre_of_mass": [[17.541558069728538, 17.78521575872743, 18.22076185710404]]}}