{"no_of_atoms": 726, "centre_of_mass": [17.943875803251583, 16.78476297972214, 5.275732400435133], "maximum_diameter": {"diameter": 28.752767793267203, "atom_1": 379, "atom_2": 461}, "pore_diameter": {"diameter": 3.6503116284929633, "atom": 136}, "pore_volume": 25.467625096590293, "pore_diameter_opt": {"diameter": 3.809504908255405, "atom_1": 609, "centre_of_mass": [17.796360463961012, 16.659244892740233, 5.227654314924644]}, "pore_volume_opt": 28.94704489626937, "windows": {"diameters": [], "centre_of_mass": []}}