{"no_of_atoms": 292, "centre_of_mass": [11.251789359867937, 17.68074522818505, 17.68074522818505], "maximum_diameter": {"diameter": 30.15456777145985, "atom_1": 219, "atom_2": 232}, "pore_diameter": {"diameter": 3.9119985647120736, "atom": 175}, "pore_volume": 31.346906076311008, "pore_diameter_opt": {"diameter": 3.9123582230814518, "atom_1": 57, "centre_of_mass": [11.25185771357388, 17.68082489285669, 17.680328740279663]}, "pore_volume_opt": 31.355552715735705, "windows": {"diameters": [3.8102088000794665, 3.8470075202198877], "centre_of_mass": [[10.441590260868466, 18.013359251765614, 17.842464198244905], [12.19902663658027, 17.492747355002894, 18.068906525808398]]}}