{"no_of_atoms": 394, "centre_of_mass": [0.9032593758402244, 20.66045384699702, 13.593519154424845], "maximum_diameter": {"diameter": 25.19329584006727, "atom_1": 156, "atom_2": 217}, "pore_diameter": {"diameter": 4.741660223983885, "atom": 117}, "pore_volume": 55.820010400896486, "pore_diameter_opt": {"diameter": 4.921126426040967, "atom_1": 316, "centre_of_mass": [0.7532275303954614, 20.7014412183029, 13.70454801284023]}, "pore_volume_opt": 62.40109196534392, "windows": {"diameters": [], "centre_of_mass": []}}