{"no_of_atoms": 218, "centre_of_mass": [9.442482831035486, 5.451646571912695, 23.792312818941706], "maximum_diameter": {"diameter": 22.890941672593875, "atom_1": 110, "atom_2": 205}, "pore_diameter": {"diameter": 1.009257382410392, "atom": 51}, "pore_volume": 0.5382752691583506, "pore_diameter_opt": {"diameter": 1.526283753382681, "atom_1": 64, "centre_of_mass": [9.44273438140079, 5.451770259793483, 24.2969415101469]}, "pore_volume_opt": 1.8616775706261304, "windows": {"diameters": [], "centre_of_mass": []}}