{"no_of_atoms": 114, "centre_of_mass": [9.049086610945682, 4.311577091667711, 9.71955462813911], "maximum_diameter": {"diameter": 16.701468627442413, "atom_1": 55, "atom_2": 111}, "pore_diameter": {"diameter": -0.8734467369383476, "atom": 66}, "pore_volume": -0.348905569815638, "pore_diameter_opt": {"diameter": -0.8734467369383476, "atom_1": 66, "centre_of_mass": [9.049086610945682, 4.311577091667711, 9.71955462813911]}, "pore_volume_opt": -0.348905569815638, "windows": {"diameters": null, "centre_of_mass": null}}