{"no_of_atoms": 173, "centre_of_mass": [9.219134621343644, 0.00018189839445764328, 8.371077639371398], "maximum_diameter": {"diameter": 11.734655841724964, "atom_1": 11, "atom_2": 147}, "pore_diameter": {"diameter": -3.099521511552905, "atom": 27}, "pore_volume": -15.591309286790201, "pore_diameter_opt": {"diameter": -3.099521511552905, "atom_1": 27, "centre_of_mass": [9.219134621343644, 0.00018189839445764328, 8.371077639371398]}, "pore_volume_opt": -15.591309286790201, "windows": {"diameters": null, "centre_of_mass": null}}