{"no_of_atoms": 90, "centre_of_mass": [18.52571708989525, 28.376232120789687, 8.005901898877255], "maximum_diameter": {"diameter": 19.66623567266552, "atom_1": 42, "atom_2": 89}, "pore_diameter": {"diameter": -0.7019806666593489, "atom": 27}, "pore_volume": -0.18112319742435842, "pore_diameter_opt": {"diameter": -0.7019806666593489, "atom_1": 27, "centre_of_mass": [18.52571708989525, 28.376232120789687, 8.005901898877255]}, "pore_volume_opt": -0.18112319742435842, "windows": {"diameters": null, "centre_of_mass": null}}