{"no_of_atoms": 244, "centre_of_mass": [5.578779669422208, 4.832734515461401, 18.712069526506436], "maximum_diameter": {"diameter": 27.204114649673418, "atom_1": 112, "atom_2": 238}, "pore_diameter": {"diameter": 3.2470030050911176, "atom": 235}, "pore_volume": 17.92448530875451, "pore_diameter_opt": {"diameter": 7.412556003380697, "atom_1": 56, "centre_of_mass": [6.553841264206313, 3.209233012915842, 17.088568023960878]}, "pore_volume_opt": 213.2566511413198, "windows": {"diameters": [5.132512390526111, 2.2977693116213853e+38, 3.641671155659489], "centre_of_mass": [[7.855012589485135, 3.6722640084489155, 23.939106935685302], [2.9811683189555023e+37, -1.4633376931254136e+37, -1.099840322436215e+38], [3.182487861279646, 6.754927855210579, 16.258362983113106]]}}