{"no_of_atoms": 256, "centre_of_mass": [7.213768147013695, 5.465273188617044, 43.6495422346819], "maximum_diameter": {"diameter": 11.921175975180873, "atom_1": 66, "atom_2": 233}, "pore_diameter": {"diameter": -3.044788194277193, "atom": 36}, "pore_volume": -14.779845132128248, "pore_diameter_opt": {"diameter": -3.044788194277193, "atom_1": 36, "centre_of_mass": [7.213768147013695, 5.465273188617044, 43.6495422346819]}, "pore_volume_opt": -14.779845132128248, "windows": {"diameters": null, "centre_of_mass": null}}