{"no_of_atoms": 244, "centre_of_mass": [17.929328366065587, 10.842149977251783, 2.700066047991126], "maximum_diameter": {"diameter": 27.2030540696002, "atom_1": 125, "atom_2": 241}, "pore_diameter": {"diameter": 3.2478771252423653, "atom": 115}, "pore_volume": 17.93896546675874, "pore_diameter_opt": {"diameter": 7.41437832272276, "atom_1": 216, "centre_of_mass": [18.9037709208957, 9.2182114146306, 1.0761274853699432]}, "pore_volume_opt": 213.41397228701484, "windows": {"diameters": [5.131918636575019, 5.3537007960357034e+39, 3.6409758580005795], "centre_of_mass": [[20.20522699973798, 9.682016421382396, 7.927055662832159], [7.177067865016188e+38, -3.487873811521016e+38, -2.5551462550560408e+39], [15.53313144937704, 12.764724778992033, 0.24737808459493715]]}}