{"no_of_atoms": 244, "centre_of_mass": [6.771671633934416, 8.519626530538517, 29.32369595156685], "maximum_diameter": {"diameter": 27.202795398262655, "atom_1": 124, "atom_2": 241}, "pore_diameter": {"diameter": 3.2485494257640517, "atom": 55}, "pore_volume": 17.95010770398886, "pore_diameter_opt": {"diameter": 7.414748630600251, "atom_1": 168, "centre_of_mass": [5.796927261262734, 10.143901243420542, 30.947970664448878]}, "pore_volume_opt": 213.44595048618115, "windows": {"diameters": [8.995728143611537, 3.7721044452961494, 4.455635809306246], "centre_of_mass": [[6.2378894214609915, 11.347315102563588, 30.64225277512065], [8.607050531969431, 3.4284610290247315, 32.862810904114525], [5.099467941039589, 10.466068648167466, 26.363334799446488]]}}