{"no_of_atoms": 233, "centre_of_mass": [0.32855828765140954, 6.274770385153696, 12.282243645028768], "maximum_diameter": {"diameter": 23.746852554713453, "atom_1": 137, "atom_2": 210}, "pore_diameter": {"diameter": -2.0575878208194416, "atom": 45}, "pore_volume": -4.561143795380347, "pore_diameter_opt": {"diameter": -2.0575878208194416, "atom_1": 45, "centre_of_mass": [0.32855828765140954, 6.274770385153696, 12.282243645028768]}, "pore_volume_opt": -4.561143795380347, "windows": {"diameters": null, "centre_of_mass": null}}