{"no_of_atoms": 20, "centre_of_mass": [4.754962349770451, 6.049029828139056e-06, 1.1876583489785589e-17], "maximum_diameter": {"diameter": 8.673527033450382, "atom_1": 9, "atom_2": 16}, "pore_diameter": {"diameter": 0.08086168416969786, "atom": 1}, "pore_volume": 0.00027683880746065846, "pore_diameter_opt": {"diameter": 0.08098344614602704, "atom_1": 12, "centre_of_mass": [4.754923858681242, -3.244205404104968e-05, -3.8491085636400635e-05]}, "pore_volume_opt": 0.0002780912878351298, "windows": {"diameters": [0.11343535514081449, 0.1340115079174855], "centre_of_mass": [[4.52518492436518, 0.00028697702624860507, 0.06945572611941143], [5.047038595960597, 0.00018471992243244484, -0.08859995119728079]]}}