{"no_of_atoms": 20, "centre_of_mass": [0.0007088346574133385, 16.210502900258607, 12.639357161959774], "maximum_diameter": {"diameter": 8.585220445002449, "atom_1": 9, "atom_2": 12}, "pore_diameter": {"diameter": 0.1521780850773249, "atom": 15}, "pore_volume": 0.0018452489503739766, "pore_diameter_opt": {"diameter": 0.15242682906753213, "atom_1": 15, "centre_of_mass": [0.0007872062322195032, 16.21042452682864, 12.639435532725015]}, "pore_volume_opt": 0.0018543122510899623, "windows": {"diameters": [0.26492128005494253, 0.27306513800297294], "centre_of_mass": [[-0.42982486513506507, 16.210434928869308, 12.773438840966024], [0.4460915453730624, 16.210189793921167, 12.500638866052665]]}}