{"no_of_atoms": 24, "centre_of_mass": [9.233754674603173, 0.4962813253968255, 0.18672763492063535], "maximum_diameter": {"diameter": 16.41266697409309, "atom_1": 0, "atom_2": 23}, "pore_diameter": {"diameter": -0.348962779265527, "atom": 10}, "pore_volume": -0.02225030372753879, "pore_diameter_opt": {"diameter": -0.348962779265527, "atom_1": 10, "centre_of_mass": [9.233754674603173, 0.4962813253968255, 0.18672763492063535]}, "pore_volume_opt": -0.02225030372753879, "windows": {"diameters": null, "centre_of_mass": null}}