{"no_of_atoms": 294, "centre_of_mass": [13.148119042424472, 6.574106653792955, 27.95709838722653], "maximum_diameter": {"diameter": 28.07686648998292, "atom_1": 9, "atom_2": 289}, "pore_diameter": {"diameter": 8.36242774818428, "atom": 53}, "pore_volume": 306.19335238287476, "pore_diameter_opt": {"diameter": 8.36295951395504, "atom_1": 240, "centre_of_mass": [13.147968806099884, 6.574035686594113, 27.957500100038654]}, "pore_volume_opt": 306.2517684923081, "windows": {"diameters": [6.599180885735585, 6.607729732018614, 6.615599160623331, 6.620820647113822], "centre_of_mass": [[12.60004327419906, 10.341850006514505, 30.77482938407256], [13.70938570103024, 2.7153548430911987, 30.624126074196013], [9.217642974233417, 6.001510030993607, 25.241411571294027], [17.11517406648447, 7.152188803344175, 25.216307693929007]]}}