{"no_of_atoms": 214, "centre_of_mass": [13.148178260492463, 19.722213140530727, 3.9938749972074414], "maximum_diameter": {"diameter": 13.470015589006064, "atom_1": 99, "atom_2": 109}, "pore_diameter": {"diameter": -0.1496502111624678, "atom": 107}, "pore_volume": -0.0017548121158249285, "pore_diameter_opt": {"diameter": -0.1496502111624678, "atom_1": 107, "centre_of_mass": [13.148178260492463, 19.722213140530727, 3.9938749972074414]}, "pore_volume_opt": -0.0017548121158249285, "windows": {"diameters": null, "centre_of_mass": null}}