{"no_of_atoms": 214, "centre_of_mass": [13.14817826049246, 6.574093407459879, 27.957125002792544], "maximum_diameter": {"diameter": 13.470015589006078, "atom_1": 79, "atom_2": 148}, "pore_diameter": {"diameter": -0.14962547937699888, "atom": 105}, "pore_volume": -0.0017539422380389365, "pore_diameter_opt": {"diameter": -0.14962547937699888, "atom_1": 105, "centre_of_mass": [13.14817826049246, 6.574093407459879, 27.957125002792544]}, "pore_volume_opt": -0.0017539422380389365, "windows": {"diameters": null, "centre_of_mass": null}}