{"no_of_atoms": 214, "centre_of_mass": [0.00012172005819013712, 19.722213140530734, 11.98163288174928], "maximum_diameter": {"diameter": 13.469017716347157, "atom_1": 8, "atom_2": 211}, "pore_diameter": {"diameter": -0.1496867680152878, "atom": 173}, "pore_volume": -0.0017560984370364903, "pore_diameter_opt": {"diameter": -0.1496867680152878, "atom_1": 173, "centre_of_mass": [0.00012172005819013712, 19.722213140530734, 11.98163288174928]}, "pore_volume_opt": -0.0017560984370364903, "windows": {"diameters": null, "centre_of_mass": null}}