{"no_of_atoms": 294, "centre_of_mass": [0.00013762730589658552, 19.722165132110327, 11.9817148990063], "maximum_diameter": {"diameter": 28.076866489982915, "atom_1": 148, "atom_2": 209}, "pore_diameter": {"diameter": 8.36128609025608, "atom": 247}, "pore_volume": 306.0679628343486, "pore_diameter_opt": {"diameter": 8.362483648376191, "atom_1": 247, "centre_of_mass": [0.00045675195101124385, 19.72196422087714, 11.98107990276367]}, "pore_volume_opt": 306.19949284187527, "windows": {"diameters": [6.608434163204125, 6.606802599640529, 6.615841582582327, 6.620230775239159], "centre_of_mass": [[-0.5625912543007406, 23.588418399230136, 14.65345102379367], [0.5619441293404931, 15.863003906404616, 14.647422816591636], [-3.9304380969665385, 19.14939083317197, 9.266696612221033], [3.9679106299052473, 20.29993897117883, 9.241168768451224]]}}