{"no_of_atoms": 24, "centre_of_mass": [3.9145363333333325, 25.79991976190476, 16.162304380952378], "maximum_diameter": {"diameter": 16.411426475885065, "atom_1": 13, "atom_2": 23}, "pore_diameter": {"diameter": -0.3497386222392973, "atom": 14}, "pore_volume": -0.02239904007915677, "pore_diameter_opt": {"diameter": -0.3497386222392973, "atom_1": 14, "centre_of_mass": [3.9145363333333325, 25.79991976190476, 16.162304380952378]}, "pore_volume_opt": -0.02239904007915677, "windows": {"diameters": null, "centre_of_mass": null}}