{"no_of_atoms": 680, "centre_of_mass": [24.944714156169336, 12.53572020880782, 19.90192071467314], "maximum_diameter": {"diameter": 33.50241092253277, "atom_1": 73, "atom_2": 677}, "pore_diameter": {"diameter": 7.2943615593688325, "atom": 335}, "pore_volume": 203.21720824489282, "pore_diameter_opt": {"diameter": 7.294745873449759, "atom_1": 335, "centre_of_mass": [24.94475393726271, 12.535899042520283, 19.901862746612302]}, "pore_volume_opt": 203.24933032253753, "windows": {"diameters": [3.521394657981548, 3.610969898236807, 3.8519547900908573, 3.947471445692694, 3.6213265369620644, 4.238016795065125], "centre_of_mass": [[23.072127123623893, 11.3365403268725, 24.767546782680505], [28.965420117803216, 10.579731228754437, 21.30688282267276], [26.06079865899475, 16.859351435115844, 21.835591724448484], [23.979082613266545, 9.045337388081423, 18.317923084946834], [20.85518419787268, 14.5249173244539, 18.46869221465562], [27.926850512447864, 13.63723413763494, 13.421685091692233]]}}