{"no_of_atoms": 256, "centre_of_mass": [11.420662615329565, 9.656415159043092, 8.39965661194309], "maximum_diameter": {"diameter": 28.691491566126047, "atom_1": 71, "atom_2": 249}, "pore_diameter": {"diameter": 0.9233775342447319, "atom": 233}, "pore_volume": 0.4122270953623328, "pore_diameter_opt": {"diameter": 0.9237408800136317, "atom_1": 0, "centre_of_mass": [11.420773974133272, 9.656303799222615, 8.399767969165119]}, "pore_volume_opt": 0.41271391655316, "windows": {"diameters": [0.9976819529336631, 0.9856769005834649, 0.9778993843799708, 0.9921833786404819], "centre_of_mass": [[11.414043507056672, 10.683435729745682, 8.664170270862078], [11.172284703018043, 8.96644974372955, 8.269357548708415], [11.661568581848508, 10.325195845055763, 8.527615881155224], [11.538672683819069, 8.591867758402177, 8.101770735148722]]}}