{"no_of_atoms": 104, "centre_of_mass": [5.761083389120009, 7.303165189730041, 14.185070390000003], "maximum_diameter": {"diameter": 19.154823195388314, "atom_1": 63, "atom_2": 86}, "pore_diameter": {"diameter": 2.805555792647349, "atom": 5}, "pore_volume": 11.562595997616969, "pore_diameter_opt": {"diameter": 2.805681295154209, "atom_1": 5, "centre_of_mass": [5.76106700062072, 7.30317136116544, 14.18513084424914]}, "pore_volume_opt": 11.564147775381691, "windows": {"diameters": [3.098622401890531, 2.6931614809016104], "centre_of_mass": [[5.220595611897424, 7.285028188571384, 14.186503528245211], [6.392775606869108, 7.329081415330185, 14.183176525219992]]}}