{"no_of_atoms": 78, "centre_of_mass": [5.477410960060454, 3.7278628511860727, 16.33143129830315], "maximum_diameter": {"diameter": 14.88124348243116, "atom_1": 55, "atom_2": 71}, "pore_diameter": {"diameter": 1.4499858334161702, "atom": 11}, "pore_volume": 1.5962095311659543, "pore_diameter_opt": {"diameter": 2.209904943104745, "atom_1": 52, "centre_of_mass": [4.752418043352369, 3.7213305117901876, 16.34612720775631]}, "pore_volume_opt": 5.650923165446764, "windows": {"diameters": [2.44939183379404, 1.0615893826137683], "centre_of_mass": [[4.321045071394821, 3.49880437113639, 15.829520904822935], [6.560058816670779, 3.716770351732287, 16.32358174950507]]}}