{"no_of_atoms": 78, "centre_of_mass": [1.88777872597571, 14.32600908313771, 9.864563218852831], "maximum_diameter": {"diameter": 15.012325003677239, "atom_1": 51, "atom_2": 76}, "pore_diameter": {"diameter": 1.2475673562845295, "atom": 20}, "pore_volume": 1.0166948645811726, "pore_diameter_opt": {"diameter": 1.999606851278037, "atom_1": 20, "centre_of_mass": [2.5115624041179747, 14.371947633003728, 9.950832966097018]}, "pore_volume_opt": 4.186320464064349, "windows": {"diameters": [2.088771813866757, 1.0160832395270671], "centre_of_mass": [[2.9007974436384902, 14.59117250526575, 9.316177067309605], [0.8120692972296979, 14.35490181682779, 9.894498226164405]]}}