{"no_of_atoms": 88, "centre_of_mass": [3.762234569737711, 11.133910932248366, 11.133910932248368], "maximum_diameter": {"diameter": 19.163868493367467, "atom_1": 24, "atom_2": 86}, "pore_diameter": {"diameter": 2.78284204517622, "atom": 8}, "pore_volume": 11.284031540862175, "pore_diameter_opt": {"diameter": 2.783033497388247, "atom_1": 10, "centre_of_mass": [3.76220813702271, 11.133976789983842, 11.133987663818564]}, "pore_volume_opt": 11.286360636147505, "windows": {"diameters": [3.0592541033598173, 2.699603758980347], "centre_of_mass": [[3.2070730640906637, 11.134019530780826, 11.133968761292431], [5.0336607384466, 11.134633659762335, 11.134372047239037]]}}