{"no_of_atoms": 102, "centre_of_mass": [3.4157722016051197, 3.6647760326301597, 3.570751232580749], "maximum_diameter": {"diameter": 21.83681000045903, "atom_1": 48, "atom_2": 74}, "pore_diameter": {"diameter": 4.043913438554311, "atom": 99}, "pore_volume": 34.62614749770953, "pore_diameter_opt": {"diameter": 5.055321572723328, "atom_1": 90, "centre_of_mass": [3.9921520508198904, 4.283578798396316, 5.592707951857904]}, "pore_volume_opt": 67.64644560665106, "windows": {"diameters": [6.135901980862206, 4.071173985193006], "centre_of_mass": [[5.420772469986632, 5.816198956110463, 5.520894416925904], [3.447068301226026, 3.6979673663868784, 3.459038344042097]]}}