{"no_of_atoms": 394, "centre_of_mass": [13.108000333061067, 19.662000000000027, 19.496918572516126], "maximum_diameter": {"diameter": 17.274738586673177, "atom_1": 319, "atom_2": 391}, "pore_diameter": {"diameter": -2.952162854967008, "atom": 87}, "pore_volume": -13.471611712732226, "pore_diameter_opt": {"diameter": -2.952162854967008, "atom_1": 87, "centre_of_mass": [13.108000333061067, 19.662000000000027, 19.496918572516126]}, "pore_volume_opt": -13.471611712732226, "windows": {"diameters": null, "centre_of_mass": null}}