{"no_of_atoms": 52, "centre_of_mass": [14.321260810031088, 18.22934000034447, 33.62410037978282], "maximum_diameter": {"diameter": 11.608449024097231, "atom_1": 41, "atom_2": 47}, "pore_diameter": {"diameter": -2.2613832776087692, "atom": 23}, "pore_volume": -6.055097649585902, "pore_diameter_opt": {"diameter": -2.2613832776087692, "atom_1": 23, "centre_of_mass": [14.321260810031088, 18.22934000034447, 33.62410037978282]}, "pore_volume_opt": -6.055097649585902, "windows": {"diameters": null, "centre_of_mass": null}}