{"no_of_atoms": 345, "centre_of_mass": [9.879466887117793, 21.3778006277863, 9.946851499715073], "maximum_diameter": {"diameter": 29.236779148006665, "atom_1": 190, "atom_2": 301}, "pore_diameter": {"diameter": 8.533973415240245, "atom": 225}, "pore_volume": 325.42617318436356, "pore_diameter_opt": {"diameter": 9.708400875343687, "atom_1": 56, "centre_of_mass": [9.756614771757073, 20.783370819904622, 9.713486227250915]}, "pore_volume_opt": 479.11715863356727, "windows": {"diameters": [8.246243539837572, 7.636924617738062, 7.167068811742402], "centre_of_mass": [[6.29131914889623, 26.784584916539146, 8.819179327158913], [13.306516034394196, 20.68777483392198, 10.769426850525777], [7.188031637453761, 16.1462294599579, 10.576300467255878]]}}