{"no_of_atoms": 26, "centre_of_mass": [1.894677287954598, 6.0137161188091515, 11.316259010153376], "maximum_diameter": {"diameter": 11.113358494989441, "atom_1": 5, "atom_2": 25}, "pore_diameter": {"diameter": -1.7371481766483101, "atom": 6}, "pore_volume": -2.7447905939686743, "pore_diameter_opt": {"diameter": -1.7371481766483101, "atom_1": 6, "centre_of_mass": [1.894677287954598, 6.0137161188091515, 11.316259010153376]}, "pore_volume_opt": -2.7447905939686743, "windows": {"diameters": null, "centre_of_mass": null}}