{"no_of_atoms": 52, "centre_of_mass": [1.7637391899689112, 6.995972569088608, 7.876899620217191], "maximum_diameter": {"diameter": 11.60844902409723, "atom_1": 41, "atom_2": 47}, "pore_diameter": {"diameter": -2.261915068074586, "atom": 23}, "pore_volume": -6.059370433224133, "pore_diameter_opt": {"diameter": -2.261915068074586, "atom_1": 23, "centre_of_mass": [1.7637391899689112, 6.995972569088608, 7.876899620217191]}, "pore_volume_opt": -6.059370433224133, "windows": {"diameters": null, "centre_of_mass": null}}