{"no_of_atoms": 345, "centre_of_mass": [6.205533112882216, 3.8475670267901947, 31.554149235365077], "maximum_diameter": {"diameter": 29.236361599971797, "atom_1": 166, "atom_2": 329}, "pore_diameter": {"diameter": 8.534568276933657, "atom": 223}, "pore_volume": 325.49422954537664, "pore_diameter_opt": {"diameter": 9.713442009507277, "atom_1": 56, "centre_of_mass": [6.326091446705443, 4.436686839666149, 31.78827273606802]}, "pore_volume_opt": 479.8638979610511, "windows": {"diameters": [7.072767027866428, 7.5537541471202925, 7.65761555022779], "centre_of_mass": [[8.646000400223766, 8.304849415010294, 32.233744059240266], [1.9723715765234733, 4.259395012361605, 34.10617856373193], [8.635855244150292, 1.3791951680291348, 29.62380512994498]]}}