{"no_of_atoms": 405, "centre_of_mass": [5.00208011581071, 15.86513593072156, 33.191941104629244], "maximum_diameter": {"diameter": 27.632810414569153, "atom_1": 294, "atom_2": 340}, "pore_diameter": {"diameter": 0.037784410451635164, "atom": 378}, "pore_volume": 2.8244674444002548e-05, "pore_diameter_opt": {"diameter": 0.0935558869713069, "atom_1": 378, "centre_of_mass": [4.983187910584892, 15.884028135947379, 33.21083330985506]}, "pore_volume_opt": 0.00042875775067148557, "windows": {"diameters": [], "centre_of_mass": []}}