{"no_of_atoms": 405, "centre_of_mass": [5.417809939696002, 32.88922654299819, 33.38712158195315], "maximum_diameter": {"diameter": 27.5667029565122, "atom_1": 3, "atom_2": 376}, "pore_diameter": {"diameter": -0.22112969339180877, "atom": 180}, "pore_volume": -0.005661608225333488, "pore_diameter_opt": {"diameter": -0.22112969339180877, "atom_1": 180, "centre_of_mass": [5.417809939696002, 32.88922654299819, 33.38712158195315]}, "pore_volume_opt": -0.005661608225333488, "windows": {"diameters": null, "centre_of_mass": null}}