{"no_of_atoms": 412, "centre_of_mass": [18.186655127493427, 24.608877680645694, 11.153865799895625], "maximum_diameter": {"diameter": 27.637823257301484, "atom_1": 309, "atom_2": 331}, "pore_diameter": {"diameter": 0.041049546091247, "atom": 181}, "pore_volume": 3.621793625458349e-05, "pore_diameter_opt": {"diameter": 0.09865420789081414, "atom_1": 181, "centre_of_mass": [18.166130354447805, 24.588352907600072, 11.174390572941249]}, "pore_volume_opt": 0.000502742342122533, "windows": {"diameters": [], "centre_of_mass": []}}