{"no_of_atoms": 405, "centre_of_mass": [-2.354980679989955, 24.038251556243342, 10.889878418046866], "maximum_diameter": {"diameter": 27.5667972576298, "atom_1": 3, "atom_2": 376}, "pore_diameter": {"diameter": -0.22060367413673188, "atom": 180}, "pore_volume": -0.005621301070362631, "pore_diameter_opt": {"diameter": -0.22060367413673188, "atom_1": 180, "centre_of_mass": [-2.354980679989955, 24.038251556243342, 10.889878418046866]}, "pore_volume_opt": -0.005621301070362631, "windows": {"diameters": null, "centre_of_mass": null}}