{"no_of_atoms": 419, "centre_of_mass": [15.649391811960633, 5.525997941157728, 33.439591429422165], "maximum_diameter": {"diameter": 27.482341383514033, "atom_1": 3, "atom_2": 360}, "pore_diameter": {"diameter": 0.35865051879107757, "atom": 182}, "pore_volume": 0.024155332082737603, "pore_diameter_opt": {"diameter": 0.6999747201603981, "atom_1": 327, "centre_of_mass": [15.599687154814154, 5.34667268176219, 33.47162345246932]}, "pore_volume_opt": 0.17957492308810008, "windows": {"diameters": null, "centre_of_mass": null}}