{"no_of_atoms": 187, "centre_of_mass": [15.879445838662015, 13.369575409408458, 14.375436650451888], "maximum_diameter": {"diameter": 23.670839816070472, "atom_1": 88, "atom_2": 182}, "pore_diameter": {"diameter": 5.432922145854416, "atom": 152}, "pore_volume": 83.96514980087801, "pore_diameter_opt": {"diameter": 5.750984893751925, "atom_1": 89, "centre_of_mass": [15.880198431740473, 13.245377619282861, 14.1160808658422]}, "pore_volume_opt": 99.59219466033201, "windows": {"diameters": [4.21713004044506, 4.2862976402498365, 4.427600934811679], "centre_of_mass": [[16.73406334966224, 14.97110496629852, 17.377478968096483], [19.054347334123257, 11.651961813360842, 12.519892675869706], [12.249672029746783, 18.329610747816623, 12.288737673820826]]}}