{"no_of_atoms": 186, "centre_of_mass": [28.5826514543478, 10.950057595534613, 24.331656581502187], "maximum_diameter": {"diameter": 24.136475840256455, "atom_1": 2, "atom_2": 184}, "pore_diameter": {"diameter": 5.400017490944782, "atom": 120}, "pore_volume": 82.44875876600207, "pore_diameter_opt": {"diameter": 5.737651214056633, "atom_1": 135, "centre_of_mass": [28.455175768149164, 10.898755962056779, 24.450168057618495]}, "pore_volume_opt": 98.90108486815558, "windows": {"diameters": [5.002233282709746, 4.315175722768803, 4.057299006933603], "centre_of_mass": [[25.22086093852377, 14.729122205252242, 20.097024029563237], [24.41218972458009, 7.972225653492162, 26.154032647588945], [30.857684485366526, 8.091408450741724, 21.76838846422356]]}}