{"no_of_atoms": 24, "centre_of_mass": [22.658134263629524, 9.87544877214584, 18.679733483822424], "maximum_diameter": {"diameter": 7.079379283998984, "atom_1": 18, "atom_2": 19}, "pore_diameter": {"diameter": -2.622323808461503, "atom": 1}, "pore_volume": -9.441860428226613, "pore_diameter_opt": {"diameter": -2.622323808461503, "atom_1": 1, "centre_of_mass": [22.658134263629524, 9.87544877214584, 18.679733483822424]}, "pore_volume_opt": -9.441860428226613, "windows": {"diameters": null, "centre_of_mass": null}}