{"no_of_atoms": 185, "centre_of_mass": [5.0087295991568945, 2.186589438449426, 4.145006455324492], "maximum_diameter": {"diameter": 24.456293922345015, "atom_1": 81, "atom_2": 179}, "pore_diameter": {"diameter": 5.321561933576023, "atom": 72}, "pore_volume": 78.90708231617243, "pore_diameter_opt": {"diameter": 5.503198663683268, "atom_1": 72, "centre_of_mass": [5.113138873491933, 2.095167112591038, 4.153099783276424]}, "pore_volume_opt": 87.26582428790061, "windows": {"diameters": [4.47415929478335, 4.690846357978128, 4.27552542718775], "centre_of_mass": [[7.617838521497515, 2.020569559630009, 2.499180953916051], [2.8129137046736323, -2.7959981619480274, 6.270729384361552], [2.0694094176704816, 3.9819057735319254, 1.0835334834389871]]}}