{"no_of_atoms": 185, "centre_of_mass": [28.624710613388793, 35.68757527538783, 31.630383160616223], "maximum_diameter": {"diameter": 24.59991169359124, "atom_1": 81, "atom_2": 179}, "pore_diameter": {"diameter": 5.335791515979565, "atom": 71}, "pore_volume": 79.54175679847789, "pore_diameter_opt": {"diameter": 5.512718343733491, "atom_1": 71, "centre_of_mass": [28.521080613483335, 35.75397374815602, 31.626406187217782]}, "pore_volume_opt": 87.71947715166932, "windows": {"diameters": [4.583515698079857, 4.277782496453801, 4.2616945647656195, 4.40535314034643], "centre_of_mass": [[26.010330893837946, 35.813600667654654, 33.315139372912384], [31.560302582386313, 35.239366781120886, 33.90970200403636], [29.327866586045083, 39.35416813767457, 29.405206284768443], [28.432064690406634, 32.98056133890221, 28.37585476610802]]}}