{"no_of_atoms": 187, "centre_of_mass": [15.80872186065026, 13.166360677030106, 14.437191931932983], "maximum_diameter": {"diameter": 23.579698549278678, "atom_1": 88, "atom_2": 182}, "pore_diameter": {"diameter": 5.519821938827663, "atom": 152}, "pore_volume": 88.05901577857307, "pore_diameter_opt": {"diameter": 5.792685001730424, "atom_1": 89, "centre_of_mass": [15.778046080779472, 13.067113894192449, 14.168746525292375]}, "pore_volume_opt": 101.77435547355161, "windows": {"diameters": [4.224919335356196, 4.319246906682364, 4.156793222251631], "centre_of_mass": [[16.670633000301542, 14.788270296132488, 17.486353367319616], [19.540693995596715, 11.11250715524912, 12.08900738368463], [12.548840680061561, 17.70994488702801, 12.271610086582074]]}}