{"no_of_atoms": 185, "centre_of_mass": [15.69389261090102, 23.004135823841278, 28.49035848679312], "maximum_diameter": {"diameter": 24.97522992042872, "atom_1": 3, "atom_2": 183}, "pore_diameter": {"diameter": 5.366141719962366, "atom": 31}, "pore_volume": 80.9068023339089, "pore_diameter_opt": {"diameter": 5.426445762594582, "atom_1": 31, "centre_of_mass": [15.722864760658295, 23.047743185083373, 28.5053025035924]}, "pore_volume_opt": 83.66523246287422, "windows": {"diameters": [4.455604579017091, 4.372061406176465], "centre_of_mass": [[17.690625704033767, 22.64621665205106, 31.026169494605785], [16.034042896574203, 25.632818756057986, 27.22010207732006]]}}