{"no_of_atoms": 86, "centre_of_mass": [6.7918332764164, 6.397998950507256, 18.872932246289288], "maximum_diameter": {"diameter": 20.940996957744254, "atom_1": 30, "atom_2": 84}, "pore_diameter": {"diameter": 0.10478262736391297, "atom": 10}, "pore_volume": 0.0006023743547547937, "pore_diameter_opt": {"diameter": 0.10499490686844704, "atom_1": 10, "centre_of_mass": [6.79176544547046, 6.398066780640215, 18.873000076422247]}, "pore_volume_opt": 0.0006060428338777911, "windows": {"diameters": [0.19158752959693937, 0.2095687070766732], "centre_of_mass": [[6.490232209494998, 6.183910957075844, 19.006278205531554], [6.736071273046704, 6.704657603855823, 18.561153327567272]]}}