{"no_of_atoms": 572, "centre_of_mass": [11.098151920199198, 11.098158673520228, 10.040749774595021], "maximum_diameter": {"diameter": 29.71941223047435, "atom_1": 268, "atom_2": 450}, "pore_diameter": {"diameter": 4.0939576422609285, "atom": 272}, "pore_volume": 35.92763725486014, "pore_diameter_opt": {"diameter": 4.220795031414109, "atom_1": 567, "centre_of_mass": [11.096858994867238, 11.096309086450988, 9.835184654940905]}, "pore_volume_opt": 39.37145005473263, "windows": {"diameters": [1.6876803206748852, 2.082947680216894, 1.690206546718298, 2.092527541983778, 1.1105852729180623], "centre_of_mass": [[8.53387271920051, 9.827077703413536, 10.336009675987746], [10.640295069083269, 15.009920564527729, 9.937106666509692], [13.602660853891901, 12.345550770383703, 10.33154141697474], [11.552285274472105, 7.145320053515707, 9.938089468254558], [11.978068496311291, 11.169812219596118, 4.1812013626907545]]}}