{"no_of_atoms": 286, "centre_of_mass": [31.558871221615327, 23.801551064961743, 28.624185440653196], "maximum_diameter": {"diameter": 28.065718524870764, "atom_1": 36, "atom_2": 285}, "pore_diameter": {"diameter": 1.278290157375499, "atom": 170}, "pore_volume": 1.09367165649624, "pore_diameter_opt": {"diameter": 1.639793119067356, "atom_1": 170, "centre_of_mass": [31.7325175668476, 23.841701687148614, 28.74556311921585]}, "pore_volume_opt": 2.308690954465337, "windows": {"diameters": [1.7867842279295094, 1.716249794328491], "centre_of_mass": [[31.273846638889182, 24.301470620034568, 28.96537144305892], [32.90389664308241, 23.304080612013973, 28.229214521450707]]}}