{"no_of_atoms": 286, "centre_of_mass": [5.890577116651496, 25.45699206278173, 29.909078744106978], "maximum_diameter": {"diameter": 27.618965418800112, "atom_1": 144, "atom_2": 226}, "pore_diameter": {"diameter": 1.204614050143923, "atom": 141}, "pore_volume": 0.9152556008971057, "pore_diameter_opt": {"diameter": 1.708380118894203, "atom_1": 157, "centre_of_mass": [6.492884141723458, 25.5573661007672, 29.945157946518687]}, "pore_volume_opt": 2.6106710213005186, "windows": {"diameters": [2.374436126867392, 1.3524225434681854], "centre_of_mass": [[8.125671722008779, 25.459267276265116, 29.82979600292011], [5.624867415859917, 26.06941871249883, 30.12961748554238]]}}