{"no_of_atoms": 286, "centre_of_mass": [13.974181892619828, 8.364635296160774, 10.988965761599797], "maximum_diameter": {"diameter": 27.542184073931807, "atom_1": 202, "atom_2": 204}, "pore_diameter": {"diameter": 1.848552007094177, "atom": 57}, "pore_volume": 3.3074527059821315, "pore_diameter_opt": {"diameter": 2.097920818395681, "atom_1": 251, "centre_of_mass": [14.063311408769282, 8.68772704718062, 11.103266698239555]}, "pore_volume_opt": 4.834659584910953, "windows": {"diameters": [2.2418744692353356, 1.9341411460295181], "centre_of_mass": [[13.621978347403598, 9.202275404199241, 11.08859332886859], [14.319908247881465, 7.8815677223662455, 11.111791857488365]]}}