{"no_of_atoms": 286, "centre_of_mass": [22.29798052649379, 19.72133321562332, 23.725495543164392], "maximum_diameter": {"diameter": 28.06584498456748, "atom_1": 31, "atom_2": 279}, "pore_diameter": {"diameter": 1.2771189917187655, "atom": 193}, "pore_volume": 1.0906683535960768, "pore_diameter_opt": {"diameter": 1.862394687971157, "atom_1": 109, "centre_of_mass": [22.344882687357607, 19.095627818342873, 23.43996248461007]}, "pore_volume_opt": 3.3823130018429604, "windows": {"diameters": [1.7927165054826681, 1.7309455125145479], "centre_of_mass": [[23.93033950795, 18.720851321585087, 23.312225491854463], [21.903395368051935, 20.20954522885546, 23.481219468306765]]}}