{"no_of_atoms": 572, "centre_of_mass": [21.845851836780927, 33.01880644957475, 4.41077967768255], "maximum_diameter": {"diameter": 30.556992382729426, "atom_1": 286, "atom_2": 479}, "pore_diameter": {"diameter": 3.7612114175865696, "atom": 191}, "pore_volume": 27.860047957918972, "pore_diameter_opt": {"diameter": 4.361887055821432, "atom_1": 191, "centre_of_mass": [22.14454745301079, 33.04127276458896, 4.73207198405521]}, "pore_volume_opt": 43.453210595248585, "windows": {"diameters": [2.0091302230103625, 2.866453177576646, 2.2206301204419465, 1.8331392732448246, 2.400778562394612, 1.8124923064644523], "centre_of_mass": [[24.98893219541865, 33.04499684993215, 8.167510116252544], [17.858701253420257, 34.619162031312484, 6.930598672337208], [21.9417509058941, 30.01680253108169, 5.161257719128591], [22.45631654054597, 35.56916640447389, 3.170797594079111], [24.1979494209829, 31.990397366185647, 3.3847015473001814], [17.170573527635398, 32.449828766110286, -0.7426350272673714]]}}