{"no_of_atoms": 286, "centre_of_mass": [3.2564572268736107, 12.782560523813737, 9.969672794708321], "maximum_diameter": {"diameter": 27.62013785340299, "atom_1": 51, "atom_2": 285}, "pore_diameter": {"diameter": 1.205050348019244, "atom": 60}, "pore_volume": 0.9162504474761077, "pore_diameter_opt": {"diameter": 1.8205767199521294, "atom_1": 242, "centre_of_mass": [2.653932052863989, 13.23502375368789, 10.132326031078277]}, "pore_volume_opt": 3.1595525092824035, "windows": {"diameters": [2.400065614240749, 1.3387196419569598], "centre_of_mass": [[0.9597462493805677, 12.784683060144705, 9.892710690980907], [3.614435269560333, 13.39533872543401, 10.189966689056892]]}}