{"no_of_atoms": 286, "centre_of_mass": [13.974181892619828, 8.364635296160774, 32.18085428466536], "maximum_diameter": {"diameter": 27.5421840739318, "atom_1": 202, "atom_2": 204}, "pore_diameter": {"diameter": 1.8496115482651008, "atom": 57}, "pore_volume": 3.31314319989715, "pore_diameter_opt": {"diameter": 1.9160205910768728, "atom_1": 57, "centre_of_mass": [13.99463836191539, 8.385498507718937, 32.198717476158166]}, "pore_volume_opt": 3.682978116993742, "windows": {"diameters": [2.0648978402012665, 1.9357663354539763], "centre_of_mass": [[14.132416437223753, 8.56716054681704, 32.033669170639634], [14.315867656015238, 7.935517469391329, 32.04822042439514]]}}