{"no_of_atoms": 43, "centre_of_mass": [7.527796165179559, 1.4182561438852814, 6.7252268234917425], "maximum_diameter": {"diameter": 14.192591135240244, "atom_1": 12, "atom_2": 36}, "pore_diameter": {"diameter": -2.2461891914429915, "atom": 18}, "pore_volume": -5.933864454560108, "pore_diameter_opt": {"diameter": -2.2461891914429915, "atom_1": 18, "centre_of_mass": [7.527796165179559, 1.4182561438852814, 6.7252268234917425]}, "pore_volume_opt": -5.933864454560108, "windows": {"diameters": null, "centre_of_mass": null}}