{"no_of_atoms": 43, "centre_of_mass": [3.9936992887452276, 19.71158328619556, 21.580773176508256], "maximum_diameter": {"diameter": 14.193991427329738, "atom_1": 9, "atom_2": 36}, "pore_diameter": {"diameter": -2.2459146496347318, "atom": 18}, "pore_volume": -5.931688910165174, "pore_diameter_opt": {"diameter": -2.2459146496347318, "atom_1": 18, "centre_of_mass": [3.9936992887452276, 19.71158328619556, 21.580773176508256]}, "pore_volume_opt": -5.931688910165174, "windows": {"diameters": null, "centre_of_mass": null}}