{"no_of_atoms": 164, "centre_of_mass": [5.760725695229193, 10.564818618461123, 2.942058740719047e-16], "maximum_diameter": {"diameter": 19.031793676758088, "atom_1": 101, "atom_2": 128}, "pore_diameter": {"diameter": 4.341447291355607, "atom": 21}, "pore_volume": 42.845204537217235, "pore_diameter_opt": {"diameter": 4.341986823936187, "atom_1": 21, "centre_of_mass": [5.7609141358727305, 10.564934841854509, -0.00015413013356453274]}, "pore_volume_opt": 42.8611802626756, "windows": {"diameters": [1.332559433970805, 1.4364535581855105, 1.4066445301584856, 1.366904810995584, 1.381887891368201, 1.3706935847423987], "centre_of_mass": [[5.114053971583742, 10.778608336370295, 3.0734471722592778], [7.660502068807665, 8.558492550340521, 1.467658654124275], [4.246865724524568, 8.240652890482515, 0.5260230543771357], [8.61874348352116, 11.787458448403779, -0.1969039395367907], [3.840863478568867, 12.871305760267436, 0.4086309102266697], [5.086407890612287, 9.216445854956094, -2.8046356791092815]]}}