{"no_of_atoms": 832, "centre_of_mass": [-5.045051562119685, 4.125135925601003, 22.47137497492008], "maximum_diameter": {"diameter": 37.12153990520121, "atom_1": 402, "atom_2": 627}, "pore_diameter": {"diameter": 7.014954615287692, "atom": 567}, "pore_volume": 180.74788292066873, "pore_diameter_opt": {"diameter": 7.0149677835467195, "atom_1": 202, "centre_of_mass": [-5.045046324190218, 4.125131955909204, 22.471374579389757]}, "pore_volume_opt": 180.74890080583236, "windows": {"diameters": [3.686492981557079, 3.117233446218863, 2.4035125409145937, 2.4189573206363746, 3.1219552050167754, 3.815187806482678], "centre_of_mass": [[-7.403375284783332, 5.533289561998685, 27.689471383324946], [-1.3139800777703772, 2.6767403405734145, 24.48867611231574], [-6.7507656389517905, -1.8532823443048398, 24.198846939978804], [-3.3492729510433517, 10.030934611897088, 20.77398594386422], [-8.843602112941433, 5.603298944150684, 20.437398947006958], [-2.139305081955733, 3.1075066325864276, 13.652548017957615]]}}