{"no_of_atoms": 208, "centre_of_mass": [22.599557202097234, 14.028818011251772, 25.277728656425673], "maximum_diameter": {"diameter": 21.962494956228284, "atom_1": 0, "atom_2": 192}, "pore_diameter": {"diameter": 1.331965842271956, "atom": 24}, "pore_volume": 1.2373081834448674, "pore_diameter_opt": {"diameter": 1.3603778021915915, "atom_1": 24, "centre_of_mass": [22.590572754354078, 14.037802447106206, 25.285242120594724]}, "pore_volume_opt": 1.3181876322861827, "windows": {"diameters": [1.2877011840255874, 1.1916151612930013], "centre_of_mass": [[21.098315642754272, 13.30217898918766, 26.630597779898856], [23.825173153224863, 14.856703074329893, 24.603904485734798]]}}