{"no_of_atoms": 208, "centre_of_mass": [9.307016721328255, 12.167437764452647, 8.355158346055378], "maximum_diameter": {"diameter": 21.962992592790634, "atom_1": 143, "atom_2": 145}, "pore_diameter": {"diameter": 1.3322622314156054, "atom": 72}, "pore_volume": 1.23813434499709, "pore_diameter_opt": {"diameter": 1.3602335250136304, "atom_1": 72, "centre_of_mass": [9.315861629686276, 12.158592853797398, 8.34776270518694]}, "pore_volume_opt": 1.3177682688820878, "windows": {"diameters": [1.1660488610243598, 1.8291654936986865], "centre_of_mass": [[7.803422031763231, 11.413518247879907, 9.721430889139594], [11.50333612765591, 13.708870262989489, 5.119386782314601]]}}