{"no_of_atoms": 333, "centre_of_mass": [20.77088064875952, 6.883906137328964, 9.317919772837984], "maximum_diameter": {"diameter": 25.507874678161315, "atom_1": 237, "atom_2": 324}, "pore_diameter": {"diameter": 1.147711359650454, "atom": 51}, "pore_volume": 0.7915833719032904, "pore_diameter_opt": {"diameter": 1.1820734691971047, "atom_1": 51, "centre_of_mass": [20.78199840920358, 6.895023712655048, 9.309500488623458]}, "pore_volume_opt": 0.8648325607469194, "windows": {"diameters": [1.2349979901735586, 1.1186999098717219, 1.1303838858084991, 1.0131747347796947, 1.2860984676284075, 1.0912580836479662], "centre_of_mass": [[21.297866467938665, 6.232285051746593, 10.676050137797212], [19.99169823648345, 7.408197573453956, 10.06455910316107], [21.314610836617284, 6.14121101639521, 9.931388111825573], [23.31064850496164, 5.653972717522025, 8.362201565413047], [20.12789740542419, 7.806229778079471, 8.2269696460973], [20.267271517533434, 7.57845153100118, 8.545762757164846]]}}