{"no_of_atoms": 333, "centre_of_mass": [10.059353332109218, 22.11271413584887, 7.593029308217105], "maximum_diameter": {"diameter": 25.50769024444869, "atom_1": 11, "atom_2": 327}, "pore_diameter": {"diameter": 1.1474956658088424, "atom": 128}, "pore_volume": 0.791137159784056, "pore_diameter_opt": {"diameter": 1.1820427929398183, "atom_1": 128, "centre_of_mass": [10.070531384416551, 22.10153736947621, 7.6014950179618745]}, "pore_volume_opt": 0.8647652320951253, "windows": {"diameters": [1.079852049114915, 1.1964676311832991, 1.1643410089307689, 1.017639885810501, 1.2371237191667048, 0.9325232454006307], "centre_of_mass": [[9.6727139233913, 20.22455298835405, 10.447161863273273], [9.474812900873044, 21.29347045246047, 8.55817703019667], [10.676144206619453, 22.47098546796968, 8.637398693826917], [11.538464309497808, 24.532015523881746, 6.54365907094832], [9.108837525019295, 21.503502803271555, 6.645094694099668], [8.060797954301957, 21.851421616347874, 4.997382936061368]]}}