{"no_of_atoms": 134, "centre_of_mass": [9.23351543732338, 6.524117597517412, 4.717653991997326], "maximum_diameter": {"diameter": 21.95725980335294, "atom_1": 58, "atom_2": 131}, "pore_diameter": {"diameter": 2.165465941148659, "atom": 23}, "pore_volume": 5.316829023605224, "pore_diameter_opt": {"diameter": 2.270955475553159, "atom_1": 24, "centre_of_mass": [9.305088922383145, 6.445972386871485, 4.717936536180358]}, "pore_volume_opt": 6.132315361138823, "windows": {"diameters": [1.9997721187343678, 2.016789739210487], "centre_of_mass": [[9.612825752358058, 6.7343823805528915, 5.5343401800242065], [8.889840755296076, 6.272906602893605, 3.703168217060027]]}}