{"no_of_atoms": 111, "centre_of_mass": [11.296332505113932, 3.7251097537284843, 14.99763243934054], "maximum_diameter": {"diameter": 25.31229857274785, "atom_1": 87, "atom_2": 107}, "pore_diameter": {"diameter": -0.6797726939840496, "atom": 6}, "pore_volume": -0.16447116479878474, "pore_diameter_opt": {"diameter": -0.6797726939840496, "atom_1": 6, "centre_of_mass": [11.296332505113932, 3.7251097537284843, 14.99763243934054]}, "pore_volume_opt": -0.16447116479878474, "windows": {"diameters": null, "centre_of_mass": null}}