{"no_of_atoms": 316, "centre_of_mass": [-2.56345126490798e-05, 14.293919062004777, 23.21363193651615], "maximum_diameter": {"diameter": 27.206624023227743, "atom_1": 243, "atom_2": 309}, "pore_diameter": {"diameter": 5.486671325789853, "atom": 188}, "pore_volume": 86.481946734056, "pore_diameter_opt": {"diameter": 5.503704519655663, "atom_1": 23, "centre_of_mass": [-0.0003194270853580312, 14.293688915818036, 23.197201806713878]}, "pore_volume_opt": 87.28989101651656, "windows": {"diameters": [2.740249864741959, 3.542832204287333, 3.5383455942416258, 3.5633341412524255], "centre_of_mass": [[0.00014556389828435703, 14.293850115481368, 27.6404988313029], [-3.758628703726693, 12.204437463393452, 21.77467586530814], [0.06877416389017522, 18.530907086050565, 21.79724894023683], [3.815118234646079, 12.00879686103498, 21.721995697019956]]}}