{"no_of_atoms": 790, "centre_of_mass": [26.703150468849636, -0.5734094256682871, 19.286090456948376], "maximum_diameter": {"diameter": 33.115905110405286, "atom_1": 13, "atom_2": 775}, "pore_diameter": {"diameter": 2.7647732445282487, "atom": 93}, "pore_volume": 11.065656288106338, "pore_diameter_opt": {"diameter": 2.9340099678468765, "atom_1": 553, "centre_of_mass": [26.749110904667504, -0.6382843103766255, 19.354698976992104]}, "pore_volume_opt": 13.224625342306926, "windows": {"diameters": [2.241721176194098, 1.1906007338844309, 2.6234659194675527, 2.619248453567861, 0.8406367086781485, 0.988696895369956, 0.9795117084859988], "centre_of_mass": [[27.123965350228033, -3.025363723529754, 28.742825083621064], [25.26472442223645, 0.8704695603744094, 20.504063338655484], [27.50044380000811, 0.11457641845248334, 19.44382082449328], [25.80412864605196, -1.3564128805492037, 19.220544358836996], [27.99119419212646, -2.498756165644864, 19.145792584311593], [25.97381416007238, 0.7657028302711603, 17.790377123650767], [27.815052630257817, -1.0639309204219716, 17.56893150238509]]}}