{"no_of_atoms": 790, "centre_of_mass": [9.315870989014915, 39.38983509549134, 0.9204184434354911], "maximum_diameter": {"diameter": 33.11752919728587, "atom_1": 340, "atom_2": 649}, "pore_diameter": {"diameter": 2.7646495306149927, "atom": 285}, "pore_volume": 11.064170906559506, "pore_diameter_opt": {"diameter": 2.9253952988488012, "atom_1": 285, "centre_of_mass": [9.38586413506276, 39.36501844006852, 0.8565777929468701]}, "pore_volume_opt": 13.108478911615366, "windows": {"diameters": [2.425896572062834, 1.0371731959329828, 2.596400001494747, 2.6330132273664053, 2.3626649606054504, 0.9317772065550378], "centre_of_mass": [[11.665486955417864, 36.44168547452814, 9.878471760087258], [8.179342938251123, 40.762068286931175, 1.9612673135005116], [9.873878895700875, 40.20291004376727, 0.972862450787265], [8.674402299346559, 38.459477894455645, 0.755273914149598], [17.667142875494093, 34.23359348175339, 0.059475932997125835], [10.288421312368841, 39.32233485587406, -1.146523207806403]]}}