{"no_of_atoms": 316, "centre_of_mass": [-2.5634512648991626e-05, 14.293919062004777, 38.91205169094791], "maximum_diameter": {"diameter": 27.206624023227747, "atom_1": 108, "atom_2": 309}, "pore_diameter": {"diameter": 5.486331515448391, "atom": 132}, "pore_volume": 86.46587926542195, "pore_diameter_opt": {"diameter": 5.503941790909925, "atom_1": 132, "centre_of_mass": [-0.00016782086840241343, 14.29377853055285, 38.92871326351507]}, "pore_volume_opt": 87.30118101660128, "windows": {"diameters": [3.5412763859338763, 3.5489810352507187, 3.538355342659244, 2.743300236258436], "centre_of_mass": [[3.6754345912715953, 12.09147030392141, 40.34557734331492], [-3.812564506084401, 12.174308463468147, 40.3730075960207], [0.0689910176640679, 18.542057016479973, 40.332432934533266], [0.0001529105572332135, 14.293884255841409, 34.44901013578047]]}}