{"no_of_atoms": 790, "centre_of_mass": [11.155428176753343, 13.295728441806899, 0.9204184434354892], "maximum_diameter": {"diameter": 33.113678651645, "atom_1": 333, "atom_2": 664}, "pore_diameter": {"diameter": 2.762901592436069, "atom": 304}, "pore_volume": 11.043198343710106, "pore_diameter_opt": {"diameter": 2.930865732583442, "atom_1": 280, "centre_of_mass": [11.087280564896165, 13.33754292225388, 0.8533834166397809]}, "pore_volume_opt": 13.182154332629251, "windows": {"diameters": [0.9809753225374078, 2.779167741488745, 2.634552671454823, 1.2171444537327476, 0.9399358274104226], "centre_of_mass": [[10.54330453228687, 14.340623254854737, 2.6228753336738078], [9.203839002910026, 10.198751681734008, 1.261538569669991], [11.801222422264935, 14.229350370605498, 0.7544403935475293], [12.406834783854396, 12.226244298527469, -0.09426015129792242], [11.078838101930083, 13.592154583959518, -1.2741108455426708]]}}