{"no_of_atoms": 20, "centre_of_mass": [-4.727028629935367, 14.70699317207397, 38.69007474243297], "maximum_diameter": {"diameter": 6.630436046052077, "atom_1": 1, "atom_2": 18}, "pore_diameter": {"diameter": -2.6253763662309377, "atom": 7}, "pore_volume": -9.474871669443424, "pore_diameter_opt": {"diameter": -2.6253763662309377, "atom_1": 7, "centre_of_mass": [-4.727028629935367, 14.70699317207397, 38.69007474243297]}, "pore_volume_opt": -9.474871669443424, "windows": {"diameters": null, "centre_of_mass": null}}