{"no_of_atoms": 90, "centre_of_mass": [3.7807071805968045e-05, 3.634769305267285e-05, 16.02578489366695], "maximum_diameter": {"diameter": 11.70165464385778, "atom_1": 0, "atom_2": 71}, "pore_diameter": {"diameter": -0.5693827080356382, "atom": 22}, "pore_volume": -0.09665213308044343, "pore_diameter_opt": {"diameter": -0.5693827080356382, "atom_1": 22, "centre_of_mass": [3.7807071805968045e-05, 3.634769305267285e-05, 16.02578489366695]}, "pore_volume_opt": -0.09665213308044343, "windows": {"diameters": null, "centre_of_mass": null}}