{"no_of_atoms": 90, "centre_of_mass": [9.40651152209555e-05, 11.730056974040648, 2.475259222286214], "maximum_diameter": {"diameter": 11.701632215601967, "atom_1": 5, "atom_2": 63}, "pore_diameter": {"diameter": -0.568865335894392, "atom": 25}, "pore_volume": -0.09638890223379974, "pore_diameter_opt": {"diameter": -0.568865335894392, "atom_1": 25, "centre_of_mass": [9.40651152209555e-05, 11.730056974040648, 2.475259222286214]}, "pore_volume_opt": -0.09638890223379974, "windows": {"diameters": null, "centre_of_mass": null}}