{"no_of_atoms": 145, "centre_of_mass": [20.316960756947672, 2.3377893881735006e-05, 6.118605877452377], "maximum_diameter": {"diameter": 19.186738051797995, "atom_1": 7, "atom_2": 144}, "pore_diameter": {"diameter": 1.4887882462326671, "atom": 48}, "pore_volume": 1.7278157027408871, "pore_diameter_opt": {"diameter": 1.7874432928756798, "atom_1": 48, "centre_of_mass": [19.818734742783615, 0.31265655240864626, 6.058500281279203]}, "pore_volume_opt": 2.9901669712584917, "windows": {"diameters": [], "centre_of_mass": []}}