{"no_of_atoms": 60, "centre_of_mass": [10.158499999999997, 5.865027770312069, 33.8763014078198], "maximum_diameter": {"diameter": 8.330427708704512, "atom_1": 52, "atom_2": 59}, "pore_diameter": {"diameter": -1.7125578623456414, "atom": 19}, "pore_volume": -2.629870625263629, "pore_diameter_opt": {"diameter": -1.7125578623456414, "atom_1": 19, "centre_of_mass": [10.158499999999997, 5.865027770312069, 33.8763014078198]}, "pore_volume_opt": -2.629870625263629, "windows": {"diameters": null, "centre_of_mass": null}}