{"no_of_atoms": 20, "centre_of_mass": [15.589971370064628, 2.9769931720739744, 11.589074742432963], "maximum_diameter": {"diameter": 6.630436046052116, "atom_1": 4, "atom_2": 15}, "pore_diameter": {"diameter": -2.625376366231404, "atom": 7}, "pore_volume": -9.474871669448472, "pore_diameter_opt": {"diameter": -2.625376366231404, "atom_1": 7, "centre_of_mass": [15.589971370064628, 2.9769931720739744, 11.589074742432963]}, "pore_volume_opt": -9.474871669448472, "windows": {"diameters": null, "centre_of_mass": null}}