{"no_of_atoms": 145, "centre_of_mass": [10.158513900359996, 5.86505535125443, 19.669076377891173], "maximum_diameter": {"diameter": 19.18645462758185, "atom_1": 48, "atom_2": 143}, "pore_diameter": {"diameter": 1.4878473747337781, "atom": 51}, "pore_volume": 1.7245419825095, "pore_diameter_opt": {"diameter": 1.785090070103542, "atom_1": 6, "centre_of_mass": [9.667218670610525, 6.183450303887554, 19.609002808760906]}, "pore_volume_opt": 2.9783725787299926, "windows": {"diameters": [], "centre_of_mass": []}}