{"no_of_atoms": 60, "centre_of_mass": [6.06252200900237e-17, 11.730027770312075, 6.7753014078198], "maximum_diameter": {"diameter": 8.330999268411592, "atom_1": 54, "atom_2": 57}, "pore_diameter": {"diameter": -1.7126541646921856, "atom": 8}, "pore_volume": -2.630314307126689, "pore_diameter_opt": {"diameter": -1.7126541646921856, "atom_1": 8, "centre_of_mass": [6.06252200900237e-17, 11.730027770312075, 6.7753014078198]}, "pore_volume_opt": -2.630314307126689, "windows": {"diameters": null, "centre_of_mass": null}}