{"no_of_atoms": 20, "centre_of_mass": [0.21477711012990333, 5.582166173929735, 29.062425257567018], "maximum_diameter": {"diameter": 6.630814981551131, "atom_1": 13, "atom_2": 15}, "pore_diameter": {"diameter": -2.6255956511095553, "atom": 2}, "pore_volume": -9.477246037159222, "pore_diameter_opt": {"diameter": -2.6255956511095553, "atom_1": 2, "centre_of_mass": [0.21477711012990333, 5.582166173929735, 29.062425257567018]}, "pore_volume_opt": -9.477246037159222, "windows": {"diameters": null, "centre_of_mass": null}}