{"no_of_atoms": 145, "centre_of_mass": [1.776733833244295, 12.85150513613671, 15.4289512843383], "maximum_diameter": {"diameter": 19.552565859704472, "atom_1": 45, "atom_2": 144}, "pore_diameter": {"diameter": 1.6217403837042803, "atom": 51}, "pore_volume": 2.233277119776892, "pore_diameter_opt": {"diameter": 1.6278509259104044, "atom_1": 40, "centre_of_mass": [1.7746196815618636, 12.850804166077543, 15.426837134442042]}, "pore_volume_opt": 2.258616596081215, "windows": {"diameters": [1.0225796691938283], "centre_of_mass": [[2.5622641052903568, 14.620294664287997, 16.015004954592293]]}}