{"no_of_atoms": 20, "centre_of_mass": [9.943831874320088, 12.012840276444612, 11.589074742432961], "maximum_diameter": {"diameter": 6.631815809307479, "atom_1": 10, "atom_2": 18}, "pore_diameter": {"diameter": -2.625414232515862, "atom": 2}, "pore_volume": -9.475281648792995, "pore_diameter_opt": {"diameter": -2.625414232515862, "atom_1": 2, "centre_of_mass": [9.943831874320088, 12.012840276444612, 11.589074742432961]}, "pore_volume_opt": -9.475281648792995, "windows": {"diameters": null, "centre_of_mass": null}}