{"no_of_atoms": 132, "centre_of_mass": [2.057036763219881, 0.19652006695237878, 13.796802746409043], "maximum_diameter": {"diameter": 19.628411824859562, "atom_1": 8, "atom_2": 131}, "pore_diameter": {"diameter": 1.7128009497208345, "atom": 18}, "pore_volume": 2.6309906675855483, "pore_diameter_opt": {"diameter": 1.7137141083596341, "atom_1": 26, "centre_of_mass": [2.057271954398407, 0.19610854138673137, 13.7968023540509]}, "pore_volume_opt": 2.6352009518352197, "windows": {"diameters": [1.7435204215232178, 1.8259387896001003], "centre_of_mass": [[2.267714499745661, 0.2491394016255492, 13.967506769926596], [1.7127850883987747, 0.10937036621912027, 13.3914443936418]]}}