{"no_of_atoms": 208, "centre_of_mass": [13.074999339406252, 6.537492128579852, 27.63510364768334], "maximum_diameter": {"diameter": 13.45849107815403, "atom_1": 81, "atom_2": 201}, "pore_diameter": {"diameter": -0.23812822402408096, "atom": 171}, "pore_volume": -0.0070701925451830214, "pore_diameter_opt": {"diameter": -0.23812822402408096, "atom_1": 171, "centre_of_mass": [13.074999339406252, 6.537492128579852, 27.63510364768334]}, "pore_volume_opt": -0.0070701925451830214, "windows": {"diameters": null, "centre_of_mass": null}}