{"no_of_atoms": 430, "centre_of_mass": [-4.3379157325167716e-16, 19.612465872518037, 11.843606639882909], "maximum_diameter": {"diameter": 28.230233261911494, "atom_1": 38, "atom_2": 398}, "pore_diameter": {"diameter": 8.109827819572024, "atom": 72}, "pore_volume": 279.27594087162277, "pore_diameter_opt": {"diameter": 8.110827993980127, "atom_1": 72, "centre_of_mass": [3.883542396448823e-06, 19.612499448319745, 11.844258786548803]}, "pore_volume_opt": 279.37928181987667, "windows": {"diameters": [6.4299499135098515, 6.417399555371597, 6.418557576034457, 6.426461013801044], "centre_of_mass": [[-0.44752446388193934, 15.79633906358789, 14.604933079354073], [0.4139126107510944, 23.203450319698955, 14.437845077216236], [3.6811426285897455, 19.18568304108283, 9.181784459408302], [-3.786066940436803, 20.054949660162116, 9.1039207919901]]}}