{"no_of_atoms": 472, "centre_of_mass": [15.472488433274126, 8.857318664814011, 30.597564094677487], "maximum_diameter": {"diameter": 35.15265697341521, "atom_1": 308, "atom_2": 360}, "pore_diameter": {"diameter": 5.4766516143365855, "atom": 237}, "pore_volume": 86.0090137158878, "pore_diameter_opt": {"diameter": 5.642585846472462, "atom_1": 53, "centre_of_mass": [15.349611860552148, 8.862247445395449, 30.544911659949825]}, "pore_volume_opt": 94.06610202733721, "windows": {"diameters": [5.133532726967797, 5.122395287499248, 5.123333140179337], "centre_of_mass": [[17.117121600546465, 9.429785067225273, 30.425985392118967], [14.032210655231227, 9.97562853124078, 30.41874977885504], [14.024519320536879, 7.73724789771054, 30.671279272494658]]}}