{"no_of_atoms": 472, "centre_of_mass": [-0.06560093841693557, 17.828201556362043, 47.946120329732565], "maximum_diameter": {"diameter": 35.15293752458218, "atom_1": 75, "atom_2": 335}, "pore_diameter": {"diameter": 5.475660305445208, "atom": 150}, "pore_volume": 85.96231762815371, "pore_diameter_opt": {"diameter": 5.620671199868871, "atom_1": 148, "centre_of_mass": [-0.007098896360150616, 17.69602757797521, 47.99388421571146]}, "pore_volume_opt": 92.97435279195024, "windows": {"diameters": [5.123454547706844, 5.566151334192858, 5.133394687717081], "centre_of_mass": [[-1.3252472851616082, 16.599075298761534, 48.125431858246394], [-1.5558759679755219, 20.25820464652706, 47.98404539934079], [1.7682436386132625, 18.29256844777214, 47.87962459469146]]}}