{"no_of_atoms": 418, "centre_of_mass": [0.02741818716323424, 27.700264242624357, 34.18175197877989], "maximum_diameter": {"diameter": 27.925595545646253, "atom_1": 351, "atom_2": 359}, "pore_diameter": {"diameter": 5.280650895916487, "atom": 222}, "pore_volume": 77.10117452246358, "pore_diameter_opt": {"diameter": 5.419558861003679, "atom_1": 21, "centre_of_mass": [-0.10556956410103518, 27.66478403240621, 34.165909046674905]}, "pore_volume_opt": 83.34708871583913, "windows": {"diameters": [1.9236595195214883, 1.779802205587615, 2.5386979038665696], "centre_of_mass": [[5.70944936010559, 30.368074841725807, 36.52640750834052], [-4.524237616752601, 25.548775315506074, 31.93163858120161], [2.6170240627138526, 30.013303309857665, 32.469245798165275]]}}