{"no_of_atoms": 29, "centre_of_mass": [6.364696863843997, 1.0652992207592793, 8.511116617404321], "maximum_diameter": {"diameter": 8.725943323922078, "atom_1": 20, "atom_2": 23}, "pore_diameter": {"diameter": -3.0334458485102083, "atom": 7}, "pore_volume": -14.615287469716867, "pore_diameter_opt": {"diameter": -3.0334458485102083, "atom_1": 7, "centre_of_mass": [6.364696863843997, 1.0652992207592793, 8.511116617404321]}, "pore_volume_opt": -14.615287469716867, "windows": {"diameters": null, "centre_of_mass": null}}