{"no_of_atoms": 414, "centre_of_mass": [22.895808386613364, 14.346237941816634, 17.096595135667314], "maximum_diameter": {"diameter": 27.797226879582418, "atom_1": 100, "atom_2": 413}, "pore_diameter": {"diameter": 5.335069144374957, "atom": 117}, "pore_volume": 79.50945553945363, "pore_diameter_opt": {"diameter": 5.543606775800317, "atom_1": 63, "centre_of_mass": [22.937747445736502, 14.334380362884106, 17.211057186247817]}, "pore_volume_opt": 89.20226316596091, "windows": {"diameters": [3.6966187524339205, 1.3961437998383563], "centre_of_mass": [[29.85619161167947, 12.06016946142959, 19.7627102454585], [16.44079788056277, 13.712746281193581, 12.933296496248264]]}}