{"no_of_atoms": 29, "centre_of_mass": [12.694478300257185, 13.878837180914358, 0.031009043798702618], "maximum_diameter": {"diameter": 8.159555009495662, "atom_1": 16, "atom_2": 27}, "pore_diameter": {"diameter": -3.0918081892838236, "atom": 7}, "pore_volume": -15.47519933340675, "pore_diameter_opt": {"diameter": -3.0918081892838236, "atom_1": 7, "centre_of_mass": [12.694478300257185, 13.878837180914358, 0.031009043798702618]}, "pore_volume_opt": -15.47519933340675, "windows": {"diameters": null, "centre_of_mass": null}}