{"no_of_atoms": 95, "centre_of_mass": [11.41953987141643, 1.4530143307477688, 13.986602019347423], "maximum_diameter": {"diameter": 21.726859747071934, "atom_1": 26, "atom_2": 88}, "pore_diameter": {"diameter": 2.6738361471550918, "atom": 17}, "pore_volume": 10.009283557688589, "pore_diameter_opt": {"diameter": 5.0897081420166685, "atom_1": 25, "centre_of_mass": [12.756457930496131, 1.5860184738129814, 12.649683945769876]}, "pore_volume_opt": 69.03626076671036, "windows": {"diameters": [2.526192402130461, 5.545411704267378], "centre_of_mass": [[10.733520088864125, 1.2039005119234587, 15.461830162080725], [12.991455769953893, 1.6272195500710198, 12.016270676560737]]}}