{"no_of_atoms": 111, "centre_of_mass": [4.514318608855404, 15.101787417548593, 2.6009637458102466], "maximum_diameter": {"diameter": 20.88433449765054, "atom_1": 41, "atom_2": 85}, "pore_diameter": {"diameter": 4.468195838723778, "atom": 62}, "pore_volume": 46.708424828297574, "pore_diameter_opt": {"diameter": 4.889429558075955, "atom_1": 62, "centre_of_mass": [4.256348108615979, 15.037444938411035, 3.1507904089049963]}, "pore_volume_opt": 61.20306942702773, "windows": {"diameters": [4.860888202403913, 4.519317124412776], "centre_of_mass": [[3.89950625665165, 14.519128736156308, 2.9312873705720217], [5.466405259104473, 16.399694250233793, 2.7583635509619633]]}}