{"no_of_atoms": 111, "centre_of_mass": [10.752948438919994, 3.146608740093615, 34.57503625418976], "maximum_diameter": {"diameter": 20.88464471728881, "atom_1": 39, "atom_2": 86}, "pore_diameter": {"diameter": 4.468275617663652, "atom": 58}, "pore_volume": 46.71092678789217, "pore_diameter_opt": {"diameter": 4.714938028252206, "atom_1": 40, "centre_of_mass": [10.677172753411698, 3.210979639412168, 34.50172845419848]}, "pore_volume_opt": 54.881577856071104, "windows": {"diameters": [4.5185666007508605, 4.865413955704758], "centre_of_mass": [[9.918496805838611, 1.8411293981571892, 34.23833979422183], [11.147733399936971, 3.4228428350291327, 34.11166283111127]]}}