{"no_of_atoms": 313, "centre_of_mass": [16.893994856697837, 9.753750133023392, 2.255042318105628], "maximum_diameter": {"diameter": 25.328021513727695, "atom_1": 3, "atom_2": 294}, "pore_diameter": {"diameter": 5.177775961039275, "atom": 237}, "pore_volume": 72.68225397712385, "pore_diameter_opt": {"diameter": 5.374837114059657, "atom_1": 47, "centre_of_mass": [16.893646851835733, 9.753772476057161, 2.3856857265474667]}, "pore_volume_opt": 81.3007485852465, "windows": {"diameters": [1.9408660770750532, 3.0267858482742005, 1.9674553030062838, 1.6433893840209488], "centre_of_mass": [[14.785385765897097, 12.098643413600936, 3.436916647560494], [15.314811009859584, 4.4247348623833735, 4.397254201182259], [20.27911004424513, 10.445721934881153, 3.5436598842965417], [16.893687807817077, 9.753653496669699, -1.0029095322755404]]}}