{"no_of_atoms": 313, "centre_of_mass": [5.143302172081269e-06, 19.50750712545649, 37.68295768189442], "maximum_diameter": {"diameter": 25.328021513727688, "atom_1": 3, "atom_2": 283}, "pore_diameter": {"diameter": 5.177930376558789, "atom": 254}, "pore_volume": 72.68875692518718, "pore_diameter_opt": {"diameter": 5.374992802104169, "atom_1": 54, "centre_of_mass": [0.00013884205172648719, 19.507179932960813, 37.55256301132598]}, "pore_volume_opt": 81.3078136856055, "windows": {"diameters": [1.6425274926892195, 1.9601628005831926, 1.9380866304260391, 1.9420010720968919], "centre_of_mass": [[0.0002848337971409515, 19.507359452653798, 40.93177914351844], [1.0810762700512473, 22.75631076987182, 36.40548151925111], [2.1484696413800637, 17.109990185500358, 36.47787568967544], [-3.2356777776526098, 18.834332506142335, 36.44781303300041]]}}