{"no_of_atoms": 90, "centre_of_mass": [6.40523919132662, 8.092302958704472, 9.31108587563843], "maximum_diameter": {"diameter": 20.660314863252488, "atom_1": 35, "atom_2": 87}, "pore_diameter": {"diameter": -0.1979930644041863, "atom": 10}, "pore_volume": -0.004063951857486556, "pore_diameter_opt": {"diameter": -0.1979930644041863, "atom_1": 10, "centre_of_mass": [6.40523919132662, 8.092302958704472, 9.31108587563843]}, "pore_volume_opt": -0.004063951857486556, "windows": {"diameters": null, "centre_of_mass": null}}