{"no_of_atoms": 90, "centre_of_mass": [5.226148743552685, 4.6518014308244275, 18.622369004462037], "maximum_diameter": {"diameter": 20.477412929922586, "atom_1": 42, "atom_2": 66}, "pore_diameter": {"diameter": -0.09512860405288137, "atom": 59}, "pore_volume": -0.0004507461166199203, "pore_diameter_opt": {"diameter": -0.09512860405288137, "atom_1": 59, "centre_of_mass": [5.226148743552685, 4.6518014308244275, 18.622369004462037]}, "pore_volume_opt": -0.0004507461166199203, "windows": {"diameters": null, "centre_of_mass": null}}