{"no_of_atoms": 24, "centre_of_mass": [5.6408749999999985, 5.9525, 12.025291666666666], "maximum_diameter": {"diameter": 13.629697307349813, "atom_1": 21, "atom_2": 22}, "pore_diameter": {"diameter": -1.8646940361029622, "atom": 1}, "pore_volume": -3.3948560801586196, "pore_diameter_opt": {"diameter": -1.8646940361029622, "atom_1": 1, "centre_of_mass": [5.6408749999999985, 5.9525, 12.025291666666666]}, "pore_volume_opt": -3.3948560801586196, "windows": {"diameters": null, "centre_of_mass": null}}