{"no_of_atoms": 36, "centre_of_mass": [8.072833333333332, 9.351805555555554, 6.318305555555553], "maximum_diameter": {"diameter": 11.211124182856143, "atom_1": 25, "atom_2": 35}, "pore_diameter": {"diameter": -1.3163273950326997, "atom": 1}, "pore_volume": -1.1942366131064746, "pore_diameter_opt": {"diameter": -1.3163273950326997, "atom_1": 1, "centre_of_mass": [8.072833333333332, 9.351805555555554, 6.318305555555553]}, "pore_volume_opt": -1.1942366131064746, "windows": {"diameters": null, "centre_of_mass": null}}