{"no_of_atoms": 172, "centre_of_mass": [0.0005321936159736015, 7.559563746669754, 13.32435885832791], "maximum_diameter": {"diameter": 31.89389261674523, "atom_1": 70, "atom_2": 171}, "pore_diameter": {"diameter": 3.2764901136416573, "atom": 17}, "pore_volume": 18.417268004777192, "pore_diameter_opt": {"diameter": 3.289578230151824, "atom_1": 17, "centre_of_mass": [-0.04456579208199111, 7.620053324879555, 13.155057170138907]}, "pore_volume_opt": 18.638857113652726, "windows": {"diameters": [3.3498713120219743, 3.3298366196572196], "centre_of_mass": [[-0.47744227428075553, 8.058710624411491, 12.906118959588692], [0.38797456003885017, 7.152214457970673, 12.894476665788712]]}}