{"no_of_atoms": 168, "centre_of_mass": [0.0002874765070777669, 15.087977510017602, 0.000601227466146129], "maximum_diameter": {"diameter": 27.780441448889338, "atom_1": 148, "atom_2": 167}, "pore_diameter": {"diameter": 0.46176899946285044, "atom": 35}, "pore_volume": 0.05155525542047683, "pore_diameter_opt": {"diameter": 0.4622741550268952, "atom_1": 67, "centre_of_mass": [9.665136797834366e-05, 15.087786684878502, 0.0006017421015827156]}, "pore_volume_opt": 0.051724638325855166, "windows": {"diameters": null, "centre_of_mass": null}}