{"no_of_atoms": 168, "centre_of_mass": [0.0005798185432656284, 7.556142623501618, 13.394909282333513], "maximum_diameter": {"diameter": 27.775121202898585, "atom_1": 90, "atom_2": 166}, "pore_diameter": {"diameter": 0.5093630192372354, "atom": 104}, "pore_volume": 0.06919597860323803, "pore_diameter_opt": {"diameter": 0.5105135729561439, "atom_1": 104, "centre_of_mass": [0.001015267760176004, 7.55570717141044, 13.39490923732245]}, "pore_volume_opt": 0.06966594003555455, "windows": {"diameters": [], "centre_of_mass": []}}