{"no_of_atoms": 168, "centre_of_mass": [7.330309966489484, 7.543976566303412, 0.0006012274661461058], "maximum_diameter": {"diameter": 27.780441448889334, "atom_1": 87, "atom_2": 167}, "pore_diameter": {"diameter": 0.46169011842248864, "atom": 107}, "pore_volume": 0.05152883937132132, "pore_diameter_opt": {"diameter": 0.46227415221966695, "atom_1": 15, "centre_of_mass": [7.330089344868527, 7.54419718794069, 0.0006018225843676035]}, "pore_volume_opt": 0.0517246373835386, "windows": {"diameters": [], "centre_of_mass": []}}