{"no_of_atoms": 402, "centre_of_mass": [13.575746983878485, 6.512307885000003, 0.0001768021052044193], "maximum_diameter": {"diameter": 39.63340348928349, "atom_1": 154, "atom_2": 390}, "pore_diameter": {"diameter": 1.9341594002192322, "atom": 30}, "pore_volume": 3.7885708268289826, "pore_diameter_opt": {"diameter": 1.9346763425290137, "atom_1": 163, "centre_of_mass": [13.5756410777617, 6.512139470890913, 8.387468967806765e-06]}, "pore_volume_opt": 3.7916093499841317, "windows": {"diameters": [5.487141540092134, 4.9404456727453105, 5.077975180980421, 1.888436950497162e+44], "centre_of_mass": [[16.886271924935745, 5.006139627797726, 0.2673250827599404], [12.243221485801012, 8.902918443559775, -1.4984980901985205], [12.386567075743395, 4.521431346896712, 2.2162145908918687], [8.847510539058992e+43, -3.2896601031666416e+43, -2.3355206475048066e+42]]}}