{"no_of_atoms": 266, "centre_of_mass": [7.682411907444524, 3.9515320721464704, 8.8005], "maximum_diameter": {"diameter": 26.694542739334327, "atom_1": 126, "atom_2": 221}, "pore_diameter": {"diameter": -0.6428793200170309, "atom": 2}, "pore_volume": -0.13911917367807347, "pore_diameter_opt": {"diameter": -0.6428793200170309, "atom_1": 2, "centre_of_mass": [7.682411907444524, 3.9515320721464704, 8.8005]}, "pore_volume_opt": -0.13911917367807347, "windows": {"diameters": null, "centre_of_mass": null}}