{"no_of_atoms": 90, "centre_of_mass": [4.721540160218427, 3.798221884511997, 18.080489128670564], "maximum_diameter": {"diameter": 11.424647911088876, "atom_1": 9, "atom_2": 71}, "pore_diameter": {"diameter": -1.3934815755682197, "atom": 41}, "pore_volume": -1.416779665676469, "pore_diameter_opt": {"diameter": -1.3934815755682197, "atom_1": 41, "centre_of_mass": [4.721540160218427, 3.798221884511997, 18.080489128670564]}, "pore_volume_opt": -1.416779665676469, "windows": {"diameters": null, "centre_of_mass": null}}