{"no_of_atoms": 472, "centre_of_mass": [4.4797091197365453e-05, 8.972254138022467e-05, 27.86134809681557], "maximum_diameter": {"diameter": 30.882043921400285, "atom_1": 65, "atom_2": 355}, "pore_diameter": {"diameter": 10.203388078428594, "atom": 400}, "pore_volume": 556.2010923135375, "pore_diameter_opt": {"diameter": 10.20462444696983, "atom_1": 400, "centre_of_mass": [0.00021277989469455622, -0.00012382088274232706, 27.862247646897263]}, "pore_volume_opt": 556.4033053993535, "windows": {"diameters": [2.099671100677536, 2.1317762919359313, 2.0565127758962496, 2.0983807705484243], "centre_of_mass": [[-4.16685919478788, -0.7554784065237194, 33.080141379413995], [-3.136269090000015, 5.4859781972535115, 25.760317471389687], [3.602658130125099, 0.9719730988189674, 22.055392190890682], [-0.7239667606851978, -6.6486381451256, 28.70891062449962]]}}