{"no_of_atoms": 90, "centre_of_mass": [11.300421928535384, 15.736778115488002, 7.803628800629671], "maximum_diameter": {"diameter": 11.424647911088881, "atom_1": 10, "atom_2": 79}, "pore_diameter": {"diameter": -1.3932687129893444, "atom": 34}, "pore_volume": -1.416130500349289, "pore_diameter_opt": {"diameter": -1.3932687129893444, "atom_1": 34, "centre_of_mass": [11.300421928535384, 15.736778115488002, 7.803628800629671]}, "pore_volume_opt": -1.416130500349289, "windows": {"diameters": null, "centre_of_mass": null}}