{"no_of_atoms": 285, "centre_of_mass": [7.710600284014183, 8.276010662536223, 9.224808518200177], "maximum_diameter": {"diameter": 23.892997513010496, "atom_1": 66, "atom_2": 258}, "pore_diameter": {"diameter": 0.8725266166888548, "atom": 119}, "pore_volume": 0.3478040818992334, "pore_diameter_opt": {"diameter": 0.9096390254224098, "atom_1": 118, "centre_of_mass": [7.707603260973452, 8.231894873180503, 9.215369658456638]}, "pore_volume_opt": 0.394099491934247, "windows": {"diameters": [], "centre_of_mass": []}}