{"no_of_atoms": 285, "centre_of_mass": [10.930239476974712, 0.5318995286355166, 17.572178415701018], "maximum_diameter": {"diameter": 23.83769567613323, "atom_1": 43, "atom_2": 236}, "pore_diameter": {"diameter": 0.9633706773770956, "atom": 83}, "pore_volume": 0.4681433863340181, "pore_diameter_opt": {"diameter": 0.9634699566550302, "atom_1": 83, "centre_of_mass": [10.930270004811664, 0.5319300586503907, 17.572208945549875]}, "pore_volume_opt": 0.46828813350639675, "windows": {"diameters": [0.3788734373180578], "centre_of_mass": [[11.75981506384126, -0.3660303655549798, 17.7953136344361]]}}