{"no_of_atoms": 24, "centre_of_mass": [19.17872291329503, 5.064881019858373, 9.626516265155173], "maximum_diameter": {"diameter": 10.641230554623231, "atom_1": 11, "atom_2": 23}, "pore_diameter": {"diameter": -1.7181941475565576, "atom": 8}, "pore_volume": -2.655922074664379, "pore_diameter_opt": {"diameter": -1.7181941475565576, "atom_1": 8, "centre_of_mass": [19.17872291329503, 5.064881019858373, 9.626516265155173]}, "pore_volume_opt": -2.655922074664379, "windows": {"diameters": null, "centre_of_mass": null}}