{"no_of_atoms": 24, "centre_of_mass": [16.7203171061156, 17.642441161535938, 20.829348673398684], "maximum_diameter": {"diameter": 10.64123055462324, "atom_1": 13, "atom_2": 23}, "pore_diameter": {"diameter": -1.7194571024143321, "atom": 5}, "pore_volume": -2.6617830698370617, "pore_diameter_opt": {"diameter": -1.7194571024143321, "atom_1": 5, "centre_of_mass": [16.7203171061156, 17.642441161535938, 20.829348673398684]}, "pore_volume_opt": -2.6617830698370617, "windows": {"diameters": null, "centre_of_mass": null}}