{"no_of_atoms": 368, "centre_of_mass": [-0.055540385792145174, 9.690000000000003, 12.385859329288653], "maximum_diameter": {"diameter": 21.479328097112603, "atom_1": 72, "atom_2": 360}, "pore_diameter": {"diameter": 4.051519277141782, "atom": 31}, "pore_volume": 34.82189095425931, "pore_diameter_opt": {"diameter": 4.052203289335814, "atom_1": 196, "centre_of_mass": [-0.05576042766658615, 9.69025776208491, 12.38581335958955]}, "pore_volume_opt": 34.83953072187867, "windows": {"diameters": [1.1044251931511115, 1.1892007364133454, 2.3393349560347967, 1.1217229629587138, 2.435106545856423, 1.1343561675937432], "centre_of_mass": [[-1.2598905155021454, 8.582011625913257, 14.720018935257448], [2.275867731704064, 8.922042473731237, 13.906595504018497], [-1.2285136309756932, 14.273792771408637, 13.8729406503404], [0.02750600677757209, 6.813784682453781, 11.82648874297458], [-4.011306856723924, 10.143363586369196, 9.21533747613832], [2.2253583566803865, 10.60726797943771, 10.890662364213773]]}}