{"no_of_atoms": 20, "centre_of_mass": [-1.2188460594999992, -4.757595974, 19.84009999999999], "maximum_diameter": {"diameter": 12.203527287124814, "atom_1": 7, "atom_2": 19}, "pore_diameter": {"diameter": -0.4353774574501581, "atom": 6}, "pore_volume": -0.0432112111093741, "pore_diameter_opt": {"diameter": -0.4353774574501581, "atom_1": 6, "centre_of_mass": [-1.2188460594999992, -4.757595974, 19.84009999999999]}, "pore_volume_opt": -0.0432112111093741, "windows": {"diameters": null, "centre_of_mass": null}}