{"no_of_atoms": 374, "centre_of_mass": [3.5109763303633104, 4.777610431605179, 7.529244076681951], "maximum_diameter": {"diameter": 22.988287698155737, "atom_1": 243, "atom_2": 267}, "pore_diameter": {"diameter": 4.8200980446870005, "atom": 179}, "pore_volume": 58.636256909773074, "pore_diameter_opt": {"diameter": 4.8201989242080785, "atom_1": 61, "centre_of_mass": [3.510892222905787, 4.777600948323915, 7.529287907189461]}, "pore_volume_opt": 58.63993857014161, "windows": {"diameters": [1.7378378411981688, 1.7232496559355943, 1.731940327221532, 1.7274393881079568, 1.7221341351818107, 1.710187446157342], "centre_of_mass": [[1.4912820686875738, 5.2492719857497985, 10.043336547889192], [6.017418913991353, 3.494461287684686, 8.980200881811216], [2.4649999963978892, 1.7669192638632913, 8.074969899042376], [4.54621254176069, 7.75743939677312, 6.984769512787359], [0.6701407352642552, 4.9159733307912115, 6.002340483378476], [4.460552346526018, 4.544164668853312, 4.534516871827512]]}}