{"no_of_atoms": 162, "centre_of_mass": [7.429651944013271, 9.274355198767797, 9.04183519685081], "maximum_diameter": {"diameter": 25.233808151234282, "atom_1": 97, "atom_2": 106}, "pore_diameter": {"diameter": 8.021226770680785, "atom": 2}, "pore_volume": 270.22218795514607, "pore_diameter_opt": {"diameter": 8.02149078330765, "atom_1": 157, "centre_of_mass": [7.429575379641229, 9.274294310309642, 9.041923832796805]}, "pore_volume_opt": 270.2488713116631, "windows": {"diameters": [8.14516960529497, 8.18952765977304], "centre_of_mass": [[7.410853105615553, 8.6169359629991, 8.571385334877235], [6.704903447660112, 9.34377383879704, 8.463693512613599]]}}