{"no_of_atoms": 32, "centre_of_mass": [13.363002258013935, 9.274374509979614, 9.04173993414126], "maximum_diameter": {"diameter": 12.316669714935422, "atom_1": 2, "atom_2": 26}, "pore_diameter": {"diameter": -2.1568691274433935, "atom": 12}, "pore_volume": -5.2537572803232635, "pore_diameter_opt": {"diameter": -2.1568691274433935, "atom_1": 12, "centre_of_mass": [13.363002258013935, 9.274374509979614, 9.04173993414126]}, "pore_volume_opt": -5.2537572803232635, "windows": {"diameters": null, "centre_of_mass": null}}