{"no_of_atoms": 24, "centre_of_mass": [8.787066313547596, 17.110096037212905, 0.0002640553159102873], "maximum_diameter": {"diameter": 11.931595131975474, "atom_1": 4, "atom_2": 23}, "pore_diameter": {"diameter": -1.9660167970627278, "atom": 5}, "pore_volume": -3.9788749880254257, "pore_diameter_opt": {"diameter": -1.9660167970627278, "atom_1": 5, "centre_of_mass": [8.787066313547596, 17.110096037212905, 0.0002640553159102873]}, "pore_volume_opt": -3.9788749880254257, "windows": {"diameters": null, "centre_of_mass": null}}