{"no_of_atoms": 298, "centre_of_mass": [5.265108244901264, 27.06688459679595, 7.397644923869465], "maximum_diameter": {"diameter": 22.501626509706348, "atom_1": 216, "atom_2": 220}, "pore_diameter": {"diameter": 8.677350201436855, "atom": 59}, "pore_volume": 342.10545374665105, "pore_diameter_opt": {"diameter": 8.68829501105818, "atom_1": 119, "centre_of_mass": [5.285420000636813, 27.066996504546047, 7.39749642343369]}, "pore_volume_opt": 343.40158804410606, "windows": {"diameters": [2.139320037771744, 1.8519057284375644, 1.8245349208968444, 1.770644085135006, 1.837229471737181, 1.8720136575526873], "centre_of_mass": [[2.8254009723256224, 32.450103728739435, 12.554283972669886], [11.906457301317875, 25.984116015634214, 5.290510473209252], [-1.4484203991280413, 29.624833651635857, 7.72768245590658], [-1.2072167946863885, 24.567063265747556, 7.087977755976999], [7.743213919376118, 20.590660331081942, 4.641403519443175], [3.0906854431779474, 22.395292922166586, 2.760285650612772]]}}