{"no_of_atoms": 298, "centre_of_mass": [16.740835295922896, 12.392418257322747, 7.397644923869468], "maximum_diameter": {"diameter": 22.501701848024446, "atom_1": 225, "atom_2": 227}, "pore_diameter": {"diameter": 8.676486471959828, "atom": 67}, "pore_volume": 342.00330603570956, "pore_diameter_opt": {"diameter": 8.676810243707337, "atom_1": 67, "centre_of_mass": [16.740892915326793, 12.392540266485694, 7.397554018368302]}, "pore_volume_opt": 342.04159404796985, "windows": {"diameters": [2.139250932008425, 1.8512685244048828, 1.8240385206206313, 1.7703933024181473, 1.8373078060068768, 1.8722658207893628], "centre_of_mass": [[14.301254696293078, 17.775318293809118, 12.553986901793275], [23.382355499962156, 11.309208096893267, 5.290181849011709], [10.027621861491024, 14.949959572542184, 7.727409496182759], [10.267874793788314, 9.892778523641724, 7.08819229253791], [19.21904447181221, 5.916592801129186, 4.6414027050541495], [14.566569902845195, 7.721276846650047, 2.7603533234420095]]}}