{"no_of_atoms": 330, "centre_of_mass": [24.935218349840177, 8.311738253008649, 24.93521834984018], "maximum_diameter": {"diameter": 24.77169574460576, "atom_1": 0, "atom_2": 318}, "pore_diameter": {"diameter": 8.564002517400347, "atom": 125}, "pore_volume": 328.8735764010343, "pore_diameter_opt": {"diameter": 8.564747890159573, "atom_1": 133, "centre_of_mass": [24.934999993667343, 8.31199999515752, 24.935000032476236]}, "pore_volume_opt": 328.95945496325663, "windows": {"diameters": [2.9102284453303597, 2.826656376727333, 2.836414443248882, 2.860262825433192], "centre_of_mass": [[26.720567837413014, 7.113092565339971, 32.147963685372204], [31.68237816391946, 9.461364416237036, 26.57138990588914], [18.37594956201313, 7.1814229077909175, 26.510760042878886], [26.66333097188322, 9.491358193425254, 17.902647050775254]]}}