{"no_of_atoms": 80, "centre_of_mass": [4.34433252494703, 0.00013770066630138498, 5.30507318974024e-05], "maximum_diameter": {"diameter": 19.271668836291425, "atom_1": 24, "atom_2": 77}, "pore_diameter": {"diameter": -0.1555030212064641, "atom": 8}, "pore_volume": -0.0019688612696066006, "pore_diameter_opt": {"diameter": -0.1555030212064641, "atom_1": 8, "centre_of_mass": [4.34433252494703, 0.00013770066630138498, 5.30507318974024e-05]}, "pore_volume_opt": -0.0019688612696066006, "windows": {"diameters": null, "centre_of_mass": null}}