{"no_of_atoms": 267, "centre_of_mass": [21.194983717874276, 0.005466375163206693, 17.897355604494866], "maximum_diameter": {"diameter": 23.247946577680516, "atom_1": 192, "atom_2": 266}, "pore_diameter": {"diameter": 3.381214888054482, "atom": 51}, "pore_volume": 20.24029975562105, "pore_diameter_opt": {"diameter": 3.4915636052562973, "atom_1": 26, "centre_of_mass": [21.230628901839346, 0.01205753712281194, 17.843273353619054]}, "pore_volume_opt": 22.28735322308476, "windows": {"diameters": [1.5147504315672111, 1.3653298881466491, 4.080335406147693, 2.223015418741809], "centre_of_mass": [[21.611176498844753, 0.7664518917832494, 20.464817449572877], [24.33073780549416, 0.3760444067776353, 18.840922913055135], [23.810596401778007, -6.803630596358835, 20.25966013204807], [18.852856946208135, 0.4705938838362449, 16.892311807127843]]}}