{"no_of_atoms": 159, "centre_of_mass": [13.391455364377967, 2.7156229466694146, 1.9019667591364966], "maximum_diameter": {"diameter": 19.152410311922793, "atom_1": 27, "atom_2": 156}, "pore_diameter": {"diameter": 1.5307032110287517, "atom": 33}, "pore_volume": 1.8778962817332008, "pore_diameter_opt": {"diameter": 2.0717428614047, "atom_1": 34, "centre_of_mass": [13.608134069346047, 2.9122592551181032, 1.7484724417494317]}, "pore_volume_opt": 4.655927140521824, "windows": {"diameters": [1.5791330976295974, 1.649256427537774, 1.5609549489276908], "centre_of_mass": [[12.699521835465271, 3.2804179005613037, 2.376825389318484], [14.454011142588664, 2.4048700562256005, 2.2177184125309823], [13.45277191185337, 2.7269601180621894, 0.5006838480262281]]}}