{"no_of_atoms": 285, "centre_of_mass": [1.5802354937966496, 12.591974104097678, 22.39310640065577], "maximum_diameter": {"diameter": 23.955719161488094, "atom_1": 4, "atom_2": 272}, "pore_diameter": {"diameter": 0.5465428830088404, "atom": 54}, "pore_volume": 0.08548134607915718, "pore_diameter_opt": {"diameter": 0.8894434775639408, "atom_1": 104, "centre_of_mass": [1.4049720930300293, 12.547726801383426, 22.441531412762384]}, "pore_volume_opt": 0.3684288974620618, "windows": {"diameters": [], "centre_of_mass": []}}