{"no_of_atoms": 285, "centre_of_mass": [11.676936481966623, 12.386199517654427, 7.139062005091196], "maximum_diameter": {"diameter": 23.955305279145914, "atom_1": 5, "atom_2": 273}, "pore_diameter": {"diameter": 0.5468638717075915, "atom": 54}, "pore_volume": 0.08563204604204681, "pore_diameter_opt": {"diameter": 0.889002483231923, "atom_1": 68, "centre_of_mass": [11.853812902307398, 12.432737016182534, 7.0858850203606245]}, "pore_volume_opt": 0.3678811577249059, "windows": {"diameters": [], "centre_of_mass": []}}