{"no_of_atoms": 76, "centre_of_mass": [0.0002719537813491779, 1.2287966276886555e-05, 7.696712180877613], "maximum_diameter": {"diameter": 21.45158115561143, "atom_1": 53, "atom_2": 73}, "pore_diameter": {"diameter": 2.1304197593092313, "atom": 19}, "pore_volume": 5.0628395806016195, "pore_diameter_opt": {"diameter": 2.1306565854054194, "atom_1": 23, "centre_of_mass": [0.0001913318423670933, 5.013916197793101e-05, 7.696631557877908]}, "pore_volume_opt": 5.064528185610505, "windows": {"diameters": [2.2215596335519168, 2.3161657030922695], "centre_of_mass": [[-0.0220711757329294, 0.4584943643865212, 7.858385544899145], [0.14235489177918262, -0.6160382985329302, 7.3985432205019706]]}}