{"no_of_atoms": 25, "centre_of_mass": [17.318874782848262, 17.120703602231593, 8.873404395839868], "maximum_diameter": {"diameter": 15.041539109630904, "atom_1": 15, "atom_2": 22}, "pore_diameter": {"diameter": -0.9946603694798783, "atom": 2}, "pore_volume": -0.5152560098788006, "pore_diameter_opt": {"diameter": -0.9946603694798783, "atom_1": 2, "centre_of_mass": [17.318874782848262, 17.120703602231593, 8.873404395839868]}, "pore_volume_opt": -0.5152560098788006, "windows": {"diameters": null, "centre_of_mass": null}}