{"no_of_atoms": 269, "centre_of_mass": [17.145788025049324, 24.9056760540387, 22.577897213910344], "maximum_diameter": {"diameter": 27.374295352928055, "atom_1": 44, "atom_2": 204}, "pore_diameter": {"diameter": 4.138385829520965, "atom": 59}, "pore_volume": 37.11005151686754, "pore_diameter_opt": {"diameter": 4.202581626091961, "atom_1": 113, "centre_of_mass": [17.168203006527474, 24.850784460616413, 22.5775406125354]}, "pore_volume_opt": 38.86396394839528, "windows": {"diameters": [3.683426707491566, 2.2810287463536896, 2.886047044865681, 2.4433386626853086, 3.5839678426269397, 2.149632412825943], "centre_of_mass": [[14.437098940448296, 20.140573271519592, 28.21986761909558], [13.17575857382507, 28.64685855857597, 26.95939277028665], [17.30454167663932, 31.87669460916487, 21.169229823392556], [17.02490549499351, 13.23850882057155, 21.982200866996223], [23.015629255816567, 22.216426683150736, 18.393707400434714], [21.05366437860489, 28.24184681185336, 18.3332483956996]]}}