{"no_of_atoms": 42, "centre_of_mass": [9.09795311153756, 14.547064169342839, 7.5307409434479515], "maximum_diameter": {"diameter": 13.746896947755703, "atom_1": 10, "atom_2": 40}, "pore_diameter": {"diameter": -0.6538085317330049, "atom": 12}, "pore_volume": -0.14633572813111984, "pore_diameter_opt": {"diameter": -0.6538085317330049, "atom_1": 12, "centre_of_mass": [9.09795311153756, 14.547064169342839, 7.5307409434479515]}, "pore_volume_opt": -0.14633572813111984, "windows": {"diameters": null, "centre_of_mass": null}}