{"no_of_atoms": 269, "centre_of_mass": [-1.0161730350652693, 1.4784854437767165, 7.487923708738266], "maximum_diameter": {"diameter": 27.374295352928055, "atom_1": 52, "atom_2": 196}, "pore_diameter": {"diameter": 4.13860781917807, "atom": 56}, "pore_volume": 37.11602376536785, "pore_diameter_opt": {"diameter": 4.203246983983432, "atom_1": 42, "centre_of_mass": [-1.0335782317551838, 1.5365464152685753, 7.478247458452807]}, "pore_volume_opt": 38.88242584270083, "windows": {"diameters": [3.905393742561167, 2.158042692377847, 2.8808631140068877, 2.1514975346780605, 3.8777469815368826, 2.2792911817238646], "centre_of_mass": [[-2.3145403091470484, 2.098008672626514, 8.918575977850862], [-4.895921800632053, -2.0094806371243745, 11.889744265357084], [-1.1162470961142141, -6.22308458713195, 8.877097196947325], [-0.8791103406877261, 8.694319306074156, 7.415369821320039], [0.40614229441208005, 2.4149366870380846, 5.8793857304247705], [2.9505292907684737, -2.2598189619637035, 3.1092466616386654]]}}