{"no_of_atoms": 524, "centre_of_mass": [0.000462900977599176, 0.0007528792555752818, 17.658796477505526], "maximum_diameter": {"diameter": 22.940920555161075, "atom_1": 244, "atom_2": 457}, "pore_diameter": {"diameter": 5.786215553376221, "atom": 145}, "pore_volume": 101.43374199533577, "pore_diameter_opt": {"diameter": 5.80019465320501, "atom_1": 145, "centre_of_mass": [0.0008335464166620932, -0.1877951918644612, 17.513517391871986]}, "pore_volume_opt": 102.1706904342857, "windows": {"diameters": [], "centre_of_mass": []}}