{"no_of_atoms": 192, "centre_of_mass": [7.320293055238108e-05, 3.6640588939059686, 5.496115654662717], "maximum_diameter": {"diameter": 21.46616783806222, "atom_1": 147, "atom_2": 188}, "pore_diameter": {"diameter": 2.1703467954217035, "atom": 11}, "pore_volume": 5.352861735058416, "pore_diameter_opt": {"diameter": 2.17053702992385, "atom_1": 141, "centre_of_mass": [1.7388936724437414e-05, 3.6640721663772666, 5.4960382012963995]}, "pore_volume_opt": 5.354269420107988, "windows": {"diameters": [], "centre_of_mass": []}}