{"no_of_atoms": 40, "centre_of_mass": [22.73309294479286, 5.938224004856168, 20.35454885636543], "maximum_diameter": {"diameter": 13.854707919258628, "atom_1": 8, "atom_2": 29}, "pore_diameter": {"diameter": -2.0227271298672194, "atom": 11}, "pore_volume": -4.333217822884187, "pore_diameter_opt": {"diameter": -2.0227271298672194, "atom_1": 11, "centre_of_mass": [22.73309294479286, 5.938224004856168, 20.35454885636543]}, "pore_volume_opt": -4.333217822884187, "windows": {"diameters": null, "centre_of_mass": null}}