{"no_of_atoms": 40, "centre_of_mass": [21.009907055207147, 20.519224004856174, 2.483871551538551], "maximum_diameter": {"diameter": 13.855016231252101, "atom_1": 12, "atom_2": 39}, "pore_diameter": {"diameter": -2.023417729082973, "atom": 23}, "pore_volume": -4.337657678275843, "pore_diameter_opt": {"diameter": -2.023417729082973, "atom_1": 23, "centre_of_mass": [21.009907055207147, 20.519224004856174, 2.483871551538551]}, "pore_volume_opt": -4.337657678275843, "windows": {"diameters": null, "centre_of_mass": null}}