{"no_of_atoms": 385, "centre_of_mass": [49.17218776258222, 22.11350683652826, 24.436456069720663], "maximum_diameter": {"diameter": 29.408955276013497, "atom_1": 288, "atom_2": 383}, "pore_diameter": {"diameter": -2.6736236413721635, "atom": 34}, "pore_volume": -10.00689725410243, "pore_diameter_opt": {"diameter": -2.6736236413721635, "atom_1": 34, "centre_of_mass": [49.17218776258222, 22.11350683652826, 24.436456069720663]}, "pore_volume_opt": -10.00689725410243, "windows": {"diameters": null, "centre_of_mass": null}}