{"no_of_atoms": 30, "centre_of_mass": [16.18508230463707, 8.672463362442747, 23.167135888933274], "maximum_diameter": {"diameter": 10.403735473202167, "atom_1": 12, "atom_2": 27}, "pore_diameter": {"diameter": -0.8555014141904977, "atom": 6}, "pore_volume": -0.3278391519875149, "pore_diameter_opt": {"diameter": -0.8555014141904977, "atom_1": 6, "centre_of_mass": [16.18508230463707, 8.672463362442747, 23.167135888933274]}, "pore_volume_opt": -0.3278391519875149, "windows": {"diameters": null, "centre_of_mass": null}}