{"no_of_atoms": 24, "centre_of_mass": [6.218954480830454, 10.852788488748606, 6.273736415335637], "maximum_diameter": {"diameter": 8.379314036954394, "atom_1": 10, "atom_2": 20}, "pore_diameter": {"diameter": -2.3255335447339713, "atom": 3}, "pore_volume": -6.5851617584386455, "pore_diameter_opt": {"diameter": -2.3255335447339713, "atom_1": 3, "centre_of_mass": [6.218954480830454, 10.852788488748606, 6.273736415335637]}, "pore_volume_opt": -6.5851617584386455, "windows": {"diameters": null, "centre_of_mass": null}}