{"no_of_atoms": 168, "centre_of_mass": [-0.26984787266175464, 9.092504529984913, 4.0920216746900155e-06], "maximum_diameter": {"diameter": 14.935161514311268, "atom_1": 63, "atom_2": 126}, "pore_diameter": {"diameter": -0.5544943689653339, "atom": 90}, "pore_volume": -0.08926681563617268, "pore_diameter_opt": {"diameter": -0.5544943689653339, "atom_1": 90, "centre_of_mass": [-0.26984787266175464, 9.092504529984913, 4.0920216746900155e-06]}, "pore_volume_opt": -0.08926681563617268, "windows": {"diameters": null, "centre_of_mass": null}}