{"no_of_atoms": 486, "centre_of_mass": [-1.027818959272599e-15, 14.970972259902812, 8.360986259682272e-06], "maximum_diameter": {"diameter": 33.4680002735208, "atom_1": 37, "atom_2": 473}, "pore_diameter": {"diameter": 4.243016896735691, "atom": 76}, "pore_volume": 39.99658446298349, "pore_diameter_opt": {"diameter": 4.383381613136301, "atom_1": 258, "centre_of_mass": [-1.027818959272599e-15, 12.849463811534967, 0.00020712141680298278]}, "pore_volume_opt": 44.098769056733786, "windows": {"diameters": [4.355057946123381, 4.573231928419741, 4.606695247428609, 4.413526238651244], "centre_of_mass": [[1.6567990966762265, 10.794336601451965, -0.00027853602899123174], [3.2111335344168013, 15.220232734685466, 0.00012567106604332854], [-3.361328187116757, 15.222666279147141, -0.00019261861948691452], [3.925143749641727e-05, 18.19801042991525, 0.0002549376130114827]]}}