{"no_of_atoms": 486, "centre_of_mass": [-1.027818959272599e-15, -7.485515035791701, 12.965329528152644], "maximum_diameter": {"diameter": 33.46810445578409, "atom_1": 147, "atom_2": 262}, "pore_diameter": {"diameter": 4.243469759192604, "atom": 76}, "pore_volume": 40.00939248513057, "pore_diameter_opt": {"diameter": 4.243994495827433, "atom_1": 281, "centre_of_mass": [-1.027818959272599e-15, -7.4857339849092295, 12.965184953644068]}, "pore_volume_opt": 40.024236698512, "windows": {"diameters": [4.597100036021203, 4.417430677229813, 4.474584670407266, 4.3485403504448055], "centre_of_mass": [[-1.1796605132890672, -7.660073179620937, 13.26784732256181], [-4.411419992593335, -8.072095635063707, 13.981731070792964], [4.328670310889717, -7.6581793814062245, 13.264818115976285], [1.6504340467810306, -5.4131680706998555, 9.375692508265853]]}}