{"no_of_atoms": 137, "centre_of_mass": [11.680965912168151, 9.253019184321015, 5.3423078529632795], "maximum_diameter": {"diameter": 17.544468612594315, "atom_1": 72, "atom_2": 133}, "pore_diameter": {"diameter": -2.727931214588662, "atom": 45}, "pore_volume": -10.629158131775524, "pore_diameter_opt": {"diameter": -2.727931214588662, "atom_1": 45, "centre_of_mass": [11.680965912168151, 9.253019184321015, 5.3423078529632795]}, "pore_volume_opt": -10.629158131775524, "windows": {"diameters": null, "centre_of_mass": null}}