{"no_of_atoms": 22, "centre_of_mass": [9.08401145892748, 0.7894948874199547, 20.88332445343025], "maximum_diameter": {"diameter": 6.84501503445159, "atom_1": 1, "atom_2": 15}, "pore_diameter": {"diameter": -2.715888685603214, "atom": 2}, "pore_volume": -10.489010490736124, "pore_diameter_opt": {"diameter": -2.715888685603214, "atom_1": 2, "centre_of_mass": [9.08401145892748, 0.7894948874199547, 20.88332445343025]}, "pore_volume_opt": -10.489010490736124, "windows": {"diameters": null, "centre_of_mass": null}}