{"no_of_atoms": 106, "centre_of_mass": [13.616361250729218, 1.1158416432869918, 15.901944603038181], "maximum_diameter": {"diameter": 20.095425588023303, "atom_1": 41, "atom_2": 105}, "pore_diameter": {"diameter": 0.8053822335835492, "atom": 50}, "pore_volume": 0.2735298689119349, "pore_diameter_opt": {"diameter": 1.069556996982914, "atom_1": 40, "centre_of_mass": [13.733376141232728, 1.050770814780984, 15.611344292115831]}, "pore_volume_opt": 0.6406346459456645, "windows": {"diameters": [1.1895991532430226], "centre_of_mass": [[15.074563687551429, 1.273446289006738, 13.123099578920302]]}}