{"no_of_atoms": 106, "centre_of_mass": [7.813216967061585, 9.180913553258724, 5.768647122121129], "maximum_diameter": {"diameter": 20.095425588023296, "atom_1": 58, "atom_2": 104}, "pore_diameter": {"diameter": 0.8053618214538818, "atom": 61}, "pore_volume": 0.2735090718838417, "pore_diameter_opt": {"diameter": 1.188621258388967, "atom_1": 61, "centre_of_mass": [8.01260811491581, 9.496856045599737, 6.17132803284807]}, "pore_volume_opt": 0.8792838617322687, "windows": {"diameters": [1.4408521370506402], "centre_of_mass": [[7.357663918059551, 8.809954371437216, 7.251459159403851]]}}