{"no_of_atoms": 106, "centre_of_mass": [6.586607438950843, 12.569882825757189, 5.935160429058754], "maximum_diameter": {"diameter": 18.00120785956484, "atom_1": 54, "atom_2": 103}, "pore_diameter": {"diameter": -1.4069145215875984, "atom": 38}, "pore_volume": -1.4581485123752953, "pore_diameter_opt": {"diameter": -1.4069145215875984, "atom_1": 38, "centre_of_mass": [6.586607438950843, 12.569882825757189, 5.935160429058754]}, "pore_volume_opt": -1.4581485123752953, "windows": {"diameters": null, "centre_of_mass": null}}