{"no_of_atoms": 22, "centre_of_mass": [12.345359409694709, 8.854598266542727, 0.7871927950721271], "maximum_diameter": {"diameter": 6.845966767635906, "atom_1": 1, "atom_2": 11}, "pore_diameter": {"diameter": -2.716651265024063, "atom": 3}, "pore_volume": -10.497848426226437, "pore_diameter_opt": {"diameter": -2.716651265024063, "atom_1": 3, "centre_of_mass": [12.345359409694709, 8.854598266542727, 0.7871927950721271]}, "pore_volume_opt": -10.497848426226437, "windows": {"diameters": null, "centre_of_mass": null}}