{"no_of_atoms": 126, "centre_of_mass": [9.765717361555986, 14.777999999999999, 5.301871373407362], "maximum_diameter": {"diameter": 18.646040552420395, "atom_1": 68, "atom_2": 119}, "pore_diameter": {"diameter": 0.08008889120256146, "atom": 6}, "pore_volume": 0.00026897719826080013, "pore_diameter_opt": {"diameter": 0.1526465303958222, "atom_1": 6, "centre_of_mass": [9.779619713880356, 14.774702199316067, 5.261826927806082]}, "pore_volume_opt": 0.0018623419860839072, "windows": {"diameters": [], "centre_of_mass": []}}