{"no_of_atoms": 126, "centre_of_mass": [9.765717361555987, 14.778000000000002, 16.12928173179586], "maximum_diameter": {"diameter": 18.646040552420395, "atom_1": 8, "atom_2": 120}, "pore_diameter": {"diameter": 0.0811523766758282, "atom": 52}, "pore_volume": 0.0002798352061822733, "pore_diameter_opt": {"diameter": 0.1546819061403677, "atom_1": 44, "centre_of_mass": [9.779834940968732, 14.781349909921447, 16.088705543457944]}, "pore_volume_opt": 0.0019378366616645039, "windows": {"diameters": null, "centre_of_mass": null}}