{"no_of_atoms": 126, "centre_of_mass": [8.36822280598562, 5.014239733376656, 20.173528216103666], "maximum_diameter": {"diameter": 22.997774756426306, "atom_1": 52, "atom_2": 122}, "pore_diameter": {"diameter": 0.6371941940082775, "atom": 66}, "pore_volume": 0.13546092975672228, "pore_diameter_opt": {"diameter": 0.9135620781474363, "atom_1": 41, "centre_of_mass": [8.36761968067384, 5.332836830380795, 20.192002188891337]}, "pore_volume_opt": 0.3992204810296621, "windows": {"diameters": [0.8751169572295523, 0.9651683229098293], "centre_of_mass": [[7.0777435331098015, 7.030944192048315, 21.425830504999375], [9.07255106998826, 6.390640170152533, 18.90074693731768]]}}