{"no_of_atoms": 106, "centre_of_mass": [6.865249580036441, 14.893828846462581, 5.011649342747949], "maximum_diameter": {"diameter": 20.07338877909939, "atom_1": 38, "atom_2": 104}, "pore_diameter": {"diameter": 0.7970346967020867, "atom": 52}, "pore_volume": 0.26511256107537806, "pore_diameter_opt": {"diameter": 1.0649151219684376, "atom_1": 52, "centre_of_mass": [6.965959736620125, 14.956600103013502, 4.733181486691153]}, "pore_volume_opt": 0.6323297348901271, "windows": {"diameters": [1.5236273395856128], "centre_of_mass": [[7.601500021586612, 15.410977128520265, 3.5009270898512304]]}}