{"no_of_atoms": 584, "centre_of_mass": [9.943315230526144, 5.740684819242357, 40.19671108990663], "maximum_diameter": {"diameter": 28.64380970866365, "atom_1": 414, "atom_2": 582}, "pore_diameter": {"diameter": 4.366042078251255, "atom": 55}, "pore_volume": 43.57750618342309, "pore_diameter_opt": {"diameter": 4.3667031063908635, "atom_1": 385, "centre_of_mass": [9.943000860123439, 5.740669164028292, 40.19714521094339]}, "pore_volume_opt": 43.59730236414842, "windows": {"diameters": [], "centre_of_mass": []}}