{"no_of_atoms": 340, "centre_of_mass": [4.804393841149188, 4.007266879951384, 5.801506292663471], "maximum_diameter": {"diameter": 23.857437939870852, "atom_1": 7, "atom_2": 338}, "pore_diameter": {"diameter": 4.081104115036247, "atom": 291}, "pore_volume": 35.5902997334355, "pore_diameter_opt": {"diameter": 4.425143889223117, "atom_1": 291, "centre_of_mass": [4.935719362860516, 4.069329693742337, 5.9306379579680994]}, "pore_volume_opt": 45.37125716362204, "windows": {"diameters": [], "centre_of_mass": []}}