{"no_of_atoms": 340, "centre_of_mass": [11.691868718791957, 28.178388508514356, 21.281131281208054], "maximum_diameter": {"diameter": 23.8077650486591, "atom_1": 159, "atom_2": 336}, "pore_diameter": {"diameter": 4.096049257865079, "atom": 91}, "pore_volume": 35.982732015880906, "pore_diameter_opt": {"diameter": 4.326617867606529, "atom_1": 57, "centre_of_mass": [11.60197242588585, 28.089367005921925, 21.370547838540514]}, "pore_volume_opt": 42.407653296865895, "windows": {"diameters": [1.4353908253418033, 1.2936302270782631, 1.3067197532802481], "centre_of_mass": [[14.627732842479958, 25.404635618613774, 24.084552869544677], [8.635201602961448, 31.304912914397494, 24.270497004431064], [8.454453459124814, 24.85790586491434, 17.94825011407341]]}}