{"no_of_atoms": 340, "centre_of_mass": [4.794611491485627, 4.79461149148563, 4.794611491485627], "maximum_diameter": {"diameter": 23.80767463228537, "atom_1": 152, "atom_2": 334}, "pore_diameter": {"diameter": 4.097051442216866, "atom": 249}, "pore_volume": 36.00915026861949, "pore_diameter_opt": {"diameter": 4.3277533552985314, "atom_1": 249, "centre_of_mass": [4.884265306414201, 4.884265338940966, 4.884265606444485]}, "pore_volume_opt": 42.441050750785145, "windows": {"diameters": [1.2813682221039397, 1.2761084227158346, 1.2755067220539473, 0.893997240216641], "centre_of_mass": [[1.6303775266185774, 7.828815417619778, 7.898918615958496], [7.9945507115225976, 1.5560056681227508, 7.918520953040211], [7.911147053889978, 7.986642025108586, 1.5620186760699117], [1.8413505559425367, 1.84138763513961, 1.8413307626825257]]}}