{"no_of_atoms": 340, "centre_of_mass": [28.178388508514356, 21.281131281208054, 11.691868718791957], "maximum_diameter": {"diameter": 23.807765048659107, "atom_1": 115, "atom_2": 337}, "pore_diameter": {"diameter": 4.096049257865152, "atom": 91}, "pore_volume": 35.982732015882824, "pore_diameter_opt": {"diameter": 4.3194903778662805, "atom_1": 91, "centre_of_mass": [28.09235287820242, 21.368875431308894, 11.60486544349456]}, "pore_volume_opt": 42.198416568035505, "windows": {"diameters": [1.3026780626560086, 0.890261576907617, 1.3119496493378717, 1.3096470273323773], "centre_of_mass": [[25.21237828481828, 24.3131545456517, 14.800085831762757], [31.103777016804486, 18.355901990254978, 14.617482814974188], [24.84607177888768, 17.939129164918196, 8.443318865935801], [31.515777032253016, 24.52481604407464, 8.364325989822927]]}}