{"no_of_atoms": 165, "centre_of_mass": [7.175545919225019, 9.869685545353454, 9.942086742562351], "maximum_diameter": {"diameter": 24.788511387718764, "atom_1": 64, "atom_2": 162}, "pore_diameter": {"diameter": 2.338143102093151, "atom": 117}, "pore_volume": 6.692862240713228, "pore_diameter_opt": {"diameter": 2.5025054730125365, "atom_1": 117, "centre_of_mass": [7.108550121648386, 9.943870703545143, 9.938982386461507]}, "pore_volume_opt": 8.205852952012183, "windows": {"diameters": [2.4502405111379955, 3.031538690699707], "centre_of_mass": [[6.914965414633807, 9.605281338822046, 10.093568223056332], [7.396318266835623, 10.642729311675476, 9.480982628707]]}}