{"no_of_atoms": 54, "centre_of_mass": [10.851839309346015, 18.78789518707196, 9.836229512194397], "maximum_diameter": {"diameter": 11.431172754241626, "atom_1": 24, "atom_2": 53}, "pore_diameter": {"diameter": -3.0088080972074547, "atom": 18}, "pore_volume": -14.262054438891715, "pore_diameter_opt": {"diameter": -3.0088080972074547, "atom_1": 18, "centre_of_mass": [10.851839309346015, 18.78789518707196, 9.836229512194397]}, "pore_volume_opt": -14.262054438891715, "windows": {"diameters": null, "centre_of_mass": null}}