{"no_of_atoms": 54, "centre_of_mass": [3.788208616223709, 4.403016102075471, 27.425034384005283], "maximum_diameter": {"diameter": 12.735068312944474, "atom_1": 0, "atom_2": 53}, "pore_diameter": {"diameter": -2.7519072151760935, "atom": 21}, "pore_volume": -10.91189009250422, "pore_diameter_opt": {"diameter": -2.7519072151760935, "atom_1": 21, "centre_of_mass": [3.788208616223709, 4.403016102075471, 27.425034384005283]}, "pore_volume_opt": -10.91189009250422, "windows": {"diameters": null, "centre_of_mass": null}}