{"no_of_atoms": 286, "centre_of_mass": [15.408130134037608, 5.265635927533924, 23.24931126942767], "maximum_diameter": {"diameter": 27.278966612193422, "atom_1": 134, "atom_2": 267}, "pore_diameter": {"diameter": 2.3074118732128546, "atom": 201}, "pore_volume": 6.432414043547053, "pore_diameter_opt": {"diameter": 2.4232070247503885, "atom_1": 169, "centre_of_mass": [15.369752163075036, 5.296274566650596, 23.212714724082335]}, "pore_volume_opt": 7.450238577242595, "windows": {"diameters": [1.9299791715537418, 2.014372849083433], "centre_of_mass": [[15.468419749302745, 6.685518287381596, 23.464605731002973], [15.165561691777068, 3.7360514122554194, 23.108732245384065]]}}