{"no_of_atoms": 286, "centre_of_mass": [-3.138626206652376, 16.389251245106454, 19.624688730572363], "maximum_diameter": {"diameter": 27.278092397630537, "atom_1": 128, "atom_2": 281}, "pore_diameter": {"diameter": 2.3079232286314206, "atom": 193}, "pore_volume": 6.436691535761236, "pore_diameter_opt": {"diameter": 2.4229236861935974, "atom_1": 193, "centre_of_mass": [-3.1006620096626336, 16.35891386743596, 19.66105834713529]}, "pore_volume_opt": 7.447625478557804, "windows": {"diameters": [1.990804034590481, 1.9272910312252196], "centre_of_mass": [[-2.9040702571412957, 17.829220226743086, 19.755440195845136], [-3.196703601152022, 15.040761745569263, 19.424818749231434]]}}