{"no_of_atoms": 20, "centre_of_mass": [8.961387317061687, 5.07262573734591, 10.954228226955363], "maximum_diameter": {"diameter": 7.216870457791066, "atom_1": 3, "atom_2": 19}, "pore_diameter": {"diameter": -1.863754372879423, "atom": 13}, "pore_volume": -3.389726422280483, "pore_diameter_opt": {"diameter": -1.863754372879423, "atom_1": 13, "centre_of_mass": [8.961387317061687, 5.07262573734591, 10.954228226955363]}, "pore_volume_opt": -3.389726422280483, "windows": {"diameters": null, "centre_of_mass": null}}