{"no_of_atoms": 424, "centre_of_mass": [25.79111032265647, 21.591815929066946, 28.212438500285497], "maximum_diameter": {"diameter": 32.89337538147227, "atom_1": 378, "atom_2": 389}, "pore_diameter": {"diameter": 7.774426662969143, "atom": 220}, "pore_volume": 246.03887683695035, "pore_diameter_opt": {"diameter": 8.66884942202436, "atom_1": 201, "centre_of_mass": [26.04466366633484, 21.2413481750086, 27.1813868121979]}, "pore_volume_opt": 341.10100600350205, "windows": {"diameters": [6.381435262659112, 5.415764875320999, 6.493343522998245, 5.610035637618964], "centre_of_mass": [[27.93615982992007, 19.743282719209894, 30.73110711935339], [21.5398635430789, 25.414503886332668, 30.435532563654963], [28.150237754774427, 24.460662668613118, 25.401677281511212], [23.20911254039335, 18.04608343786104, 25.20625015539263]]}}