{"no_of_atoms": 217, "centre_of_mass": [22.61427874515317, 13.05633329277825, 6.42566417935863], "maximum_diameter": {"diameter": 21.208420086807, "atom_1": 38, "atom_2": 203}, "pore_diameter": {"diameter": 3.9028085152938172, "atom": 65}, "pore_volume": 31.12650462232037, "pore_diameter_opt": {"diameter": 3.9033801348761217, "atom_1": 65, "centre_of_mass": [22.614031175740674, 13.056502194220457, 6.425485114361836]}, "pore_volume_opt": 31.140183330039953, "windows": {"diameters": [], "centre_of_mass": []}}