{"no_of_atoms": 476, "centre_of_mass": [17.119500000000006, 17.119500000000002, 5.782170551753533], "maximum_diameter": {"diameter": 29.54914719168283, "atom_1": 369, "atom_2": 401}, "pore_diameter": {"diameter": 1.0366500506495107, "atom": 232}, "pore_volume": 0.5833042517419946, "pore_diameter_opt": {"diameter": 1.0371171161772117, "atom_1": 232, "centre_of_mass": [17.119499931401332, 17.119499933193296, 5.78249994971986]}, "pore_volume_opt": 0.584093035022121, "windows": {"diameters": [], "centre_of_mass": []}}