{"no_of_atoms": 460, "centre_of_mass": [14.726269224495368, 20.8684070725133, 6.9561929296486085], "maximum_diameter": {"diameter": 29.147596881274488, "atom_1": 352, "atom_2": 383}, "pore_diameter": {"diameter": 1.1958235087722962, "atom": 63}, "pore_volume": 0.895364524924204, "pore_diameter_opt": {"diameter": 1.1967159579506417, "atom_1": 63, "centre_of_mass": [14.726761688170944, 20.868606273099775, 6.956087205074885]}, "pore_volume_opt": 0.8973706666962091, "windows": {"diameters": [0.27774232864138115, 0.2740929726984258], "centre_of_mass": [[16.302617467332524, 20.837894701008807, 6.99650708890123], [13.158845522113673, 20.893175700584365, 6.974643335826006]]}}