{"no_of_atoms": 102, "centre_of_mass": [7.064735949403614, 6.922884965097188, 4.239202253862003], "maximum_diameter": {"diameter": 16.76383198207655, "atom_1": 41, "atom_2": 101}, "pore_diameter": {"diameter": 0.7562970813522893, "atom": 54}, "pore_volume": 0.22650401020812883, "pore_diameter_opt": {"diameter": 1.6448425162582057, "atom_1": 54, "centre_of_mass": [6.686587408727469, 6.544736424421043, 4.125089221570579]}, "pore_volume_opt": 2.3300840761995745, "windows": {"diameters": [3.3421507940162343, 1.0273026347500238], "centre_of_mass": [[5.15880346223698, 6.732642280252733, 3.0038470855976587], [7.991873377927769, 6.601334274566382, 3.8112177120797766]]}}