{"no_of_atoms": 186, "centre_of_mass": [13.300014958431904, 2.5585506028230065, 8.624667864472185], "maximum_diameter": {"diameter": 21.844113837139982, "atom_1": 65, "atom_2": 184}, "pore_diameter": {"diameter": 1.5763186810602634, "atom": 48}, "pore_volume": 2.050834853766081, "pore_diameter_opt": {"diameter": 2.028958710607896, "atom_1": 48, "centre_of_mass": [13.44387309363209, 2.4143898020119794, 8.503543723321751]}, "pore_volume_opt": 4.373390426715369, "windows": {"diameters": [0.7593033562013094, 0.9437598263475611], "centre_of_mass": [[13.030375501137781, 3.6548083631415325, 10.837251772303663], [15.289979062049927, 1.4667237007656464, 10.621303195053693]]}}