{"no_of_atoms": 284, "centre_of_mass": [11.130817622851955, 25.224403094998735, 7.514683850280198], "maximum_diameter": {"diameter": 24.30128377429131, "atom_1": 62, "atom_2": 268}, "pore_diameter": {"diameter": 2.440114829493496, "atom": 113}, "pore_volume": 7.607280239457287, "pore_diameter_opt": {"diameter": 3.1785093514135103, "atom_1": 84, "centre_of_mass": [11.20505492372226, 24.99443837505489, 7.970631775361486]}, "pore_volume_opt": 16.813924880760705, "windows": {"diameters": [], "centre_of_mass": []}}