{"no_of_atoms": 186, "centre_of_mass": [4.706062138608633, 15.433413756288072, 15.647442277392534], "maximum_diameter": {"diameter": 21.84411383713998, "atom_1": 69, "atom_2": 185}, "pore_diameter": {"diameter": 1.576231733751396, "atom": 55}, "pore_volume": 2.050495509815712, "pore_diameter_opt": {"diameter": 2.028989756897136, "atom_1": 80, "centre_of_mass": [4.562173551680746, 15.577604648914205, 15.76861663238417]}, "pore_volume_opt": 4.373591189236153, "windows": {"diameters": [0.859440802305246, 0.7740672675216587], "centre_of_mass": [[3.323819981306697, 16.458442071300688, 14.497862163959981], [4.969698332198126, 14.456473219478962, 13.746573920154457]]}}