{"no_of_atoms": 292, "centre_of_mass": [9.359349481668156, 9.776429089999507, 21.09167519047723], "maximum_diameter": {"diameter": 24.25920596048608, "atom_1": 66, "atom_2": 276}, "pore_diameter": {"diameter": 3.6669806164643615, "atom": 69}, "pore_volume": 25.818111093741972, "pore_diameter_opt": {"diameter": 3.955884775095552, "atom_1": 108, "centre_of_mass": [9.264312704102968, 9.666949582720735, 21.06336884592137]}, "pore_volume_opt": 32.41376819332305, "windows": {"diameters": [], "centre_of_mass": []}}