{"no_of_atoms": 292, "centre_of_mass": [19.524349481668125, 21.538018555309634, 8.7494891577878], "maximum_diameter": {"diameter": 24.25974064323952, "atom_1": 172, "atom_2": 209}, "pore_diameter": {"diameter": 3.6676753832878357, "atom": 203}, "pore_volume": 25.832788809014893, "pore_diameter_opt": {"diameter": 3.9543241009705814, "atom_1": 225, "centre_of_mass": [19.428295145548176, 21.5042621682659, 8.637969095091044]}, "pore_volume_opt": 32.37541972481241, "windows": {"diameters": [], "centre_of_mass": []}}