{"no_of_atoms": 29, "centre_of_mass": [19.178025798106614, 12.676332427626663, 22.55807869032288], "maximum_diameter": {"diameter": 7.621698739067012, "atom_1": 1, "atom_2": 11}, "pore_diameter": {"diameter": -3.1755880649297548, "atom": 0}, "pore_volume": -16.76760773344284, "pore_diameter_opt": {"diameter": -3.1755880649297548, "atom_1": 0, "centre_of_mass": [19.178025798106614, 12.676332427626663, 22.55807869032288]}, "pore_volume_opt": -16.76760773344284, "windows": {"diameters": null, "centre_of_mass": null}}