{"no_of_atoms": 27, "centre_of_mass": [19.155782601011488, 25.476845093672736, 31.73639866252286], "maximum_diameter": {"diameter": 7.6210017679811894, "atom_1": 3, "atom_2": 19}, "pore_diameter": {"diameter": -3.0325517258105084, "atom": 0}, "pore_volume": -14.602367500639716, "pore_diameter_opt": {"diameter": -3.0325517258105084, "atom_1": 0, "centre_of_mass": [19.155782601011488, 25.476845093672736, 31.73639866252286]}, "pore_volume_opt": -14.602367500639716, "windows": {"diameters": null, "centre_of_mass": null}}