{"no_of_atoms": 27, "centre_of_mass": [19.039894914305677, 12.8075739111912, 22.700716545210142], "maximum_diameter": {"diameter": 7.643349591400684, "atom_1": 2, "atom_2": 26}, "pore_diameter": {"diameter": -2.99132823149098, "atom": 0}, "pore_volume": -14.01492673024194, "pore_diameter_opt": {"diameter": -2.99132823149098, "atom_1": 0, "centre_of_mass": [19.039894914305677, 12.8075739111912, 22.700716545210142]}, "pore_volume_opt": -14.01492673024194, "windows": {"diameters": null, "centre_of_mass": null}}