{"no_of_atoms": 29, "centre_of_mass": [6.451389222163706, 25.578379449296044, 4.615135160923011], "maximum_diameter": {"diameter": 7.642738768926993, "atom_1": 2, "atom_2": 28}, "pore_diameter": {"diameter": -3.2198452183726074, "atom": 0}, "pore_volume": -17.47847782243331, "pore_diameter_opt": {"diameter": -3.2198452183726074, "atom_1": 0, "centre_of_mass": [6.451389222163706, 25.578379449296044, 4.615135160923011]}, "pore_volume_opt": -17.47847782243331, "windows": {"diameters": null, "centre_of_mass": null}}