{"no_of_atoms": 29, "centre_of_mass": [19.2020503926877, 0.130685507564936, 31.680723129894762], "maximum_diameter": {"diameter": 7.621750347292792, "atom_1": 1, "atom_2": 6}, "pore_diameter": {"diameter": -3.176562012243617, "atom": 0}, "pore_volume": -16.783040253632, "pore_diameter_opt": {"diameter": -3.176562012243617, "atom_1": 0, "centre_of_mass": [19.2020503926877, 0.130685507564936, 31.680723129894762]}, "pore_volume_opt": -16.783040253632, "windows": {"diameters": null, "centre_of_mass": null}}