{"no_of_atoms": 316, "centre_of_mass": [-6.410006427543617, -3.7021071250220365, 18.31935216110378], "maximum_diameter": {"diameter": 25.460666712353103, "atom_1": 59, "atom_2": 294}, "pore_diameter": {"diameter": 5.752481171447263, "atom": 83}, "pore_volume": 99.66994987443476, "pore_diameter_opt": {"diameter": 5.760048165160853, "atom_1": 46, "centre_of_mass": [-6.40901380027739, -3.705538621615122, 18.320601266177754]}, "pore_volume_opt": 100.06379440728664, "windows": {"diameters": [2.1585398184796962, 2.161739858297119, 2.125824491645988, 2.127664737645031], "centre_of_mass": [[-3.5349148506297947, -5.361467158581645, 19.492116578111222], [-9.325375334024633, -5.383023473408649, 19.51026574760089], [-6.402903630296823, -0.3573827407681889, 19.513235197770854], [-6.417146067705954, -3.712580104767809, 14.747280701950103]]}}