{"no_of_atoms": 316, "centre_of_mass": [32.0972426647862, 18.5313611472797, 13.103621636025174], "maximum_diameter": {"diameter": 25.42175648569516, "atom_1": 65, "atom_2": 301}, "pore_diameter": {"diameter": 5.7932392943189726, "atom": 286}, "pore_volume": 101.80357413595672, "pore_diameter_opt": {"diameter": 5.793636814927794, "atom_1": 286, "centre_of_mass": [32.097496329723455, 18.53151258806261, 13.103323286156826]}, "pore_volume_opt": 101.82453225300422, "windows": {"diameters": [2.1363119331383396, 2.1374782119231983, 2.1371814094827264, 2.1340523528869837], "centre_of_mass": [[32.097189320763164, 18.531137527063056, 16.73332029983375], [32.09703845304822, 21.9598839057757, 11.891382223038596], [35.064139622722436, 16.818645293957704, 11.892128169058555], [29.157866666993833, 16.834508980336523, 11.90363724212944]]}}