{"no_of_atoms": 29, "centre_of_mass": [6.377274468297529, 12.676332427626663, 13.601123271311385], "maximum_diameter": {"diameter": 7.621974247748202, "atom_1": 1, "atom_2": 13}, "pore_diameter": {"diameter": -3.175689436111199, "atom": 0}, "pore_volume": -16.76921355236325, "pore_diameter_opt": {"diameter": -3.175689436111199, "atom_1": 0, "centre_of_mass": [6.377274468297529, 12.676332427626663, 13.601123271311385]}, "pore_volume_opt": -16.76921355236325, "windows": {"diameters": null, "centre_of_mass": null}}