{"no_of_atoms": 27, "centre_of_mass": [6.494499764088706, 25.614376828490006, 4.621080247305596], "maximum_diameter": {"diameter": 7.642738768926993, "atom_1": 1, "atom_2": 26}, "pore_diameter": {"diameter": -2.990754337688074, "atom": 0}, "pore_volume": -14.006861881462303, "pore_diameter_opt": {"diameter": -2.990754337688074, "atom_1": 0, "centre_of_mass": [6.494499764088706, 25.614376828490006, 4.621080247305596]}, "pore_volume_opt": -14.006861881462303, "windows": {"diameters": null, "centre_of_mass": null}}