{"no_of_atoms": 25, "centre_of_mass": [25.579530152326008, 12.807180710643845, 18.079638578712313], "maximum_diameter": {"diameter": 7.199923797378976, "atom_1": 7, "atom_2": 21}, "pore_diameter": {"diameter": -3.2587605832695603, "atom": 1}, "pore_volume": -18.1199079094712, "pore_diameter_opt": {"diameter": -3.2587605832695603, "atom_1": 1, "centre_of_mass": [25.579530152326008, 12.807180710643845, 18.079638578712313]}, "pore_volume_opt": -18.1199079094712, "windows": {"diameters": null, "centre_of_mass": null}}