{"no_of_atoms": 323, "centre_of_mass": [7.924925481104069, 11.885015055043349, 8.604176044027774], "maximum_diameter": {"diameter": 25.306901219143043, "atom_1": 70, "atom_2": 248}, "pore_diameter": {"diameter": 4.533171619459793, "atom": 302}, "pore_volume": 48.775879123210885, "pore_diameter_opt": {"diameter": 5.021515496816249, "atom_1": 31, "centre_of_mass": [7.997298632570964, 12.143117045375368, 8.381304364225326]}, "pore_volume_opt": 66.29839948747198, "windows": {"diameters": [1.9260526961174613, 1.919254514363684, 1.9416809165029831, 2.1373902371014597], "centre_of_mass": [[8.162074033168855, 11.073662217401683, 11.199974754275663], [5.832639283665584, 15.065670355932282, 8.382095531369336], [10.994047702701504, 12.840661523478385, 7.142417847289936], [6.485763975376187, 9.595889622964336, 6.483550823499765]]}}