{"no_of_atoms": 102, "centre_of_mass": [2.7706285172826592, 5.794023884710683, 5.7940238847106755], "maximum_diameter": {"diameter": 21.655474833749242, "atom_1": 54, "atom_2": 101}, "pore_diameter": {"diameter": 4.412813926083663, "atom": 12}, "pore_volume": 44.99305344529883, "pore_diameter_opt": {"diameter": 4.41287944197814, "atom_1": 74, "centre_of_mass": [2.7706316324250206, 5.793999985982785, 5.793999996779871]}, "pore_volume_opt": 44.99505747535034, "windows": {"diameters": [4.401461820965261, 4.532888142978585], "centre_of_mass": [[2.466927447507636, 5.794068196144296, 5.79401423445463], [3.2693119373652526, 5.794034699001107, 5.794026355348076]]}}