{"no_of_atoms": 261, "centre_of_mass": [-1.1293603011417526e-05, 11.28175975920372, 15.088964800108227], "maximum_diameter": {"diameter": 20.237063566714436, "atom_1": 85, "atom_2": 201}, "pore_diameter": {"diameter": 6.03379674543104, "atom": 16}, "pore_volume": 115.01928184068677, "pore_diameter_opt": {"diameter": 6.034659578234557, "atom_1": 16, "centre_of_mass": [-0.00014860067471302913, 11.282439600040442, 15.088997922561957]}, "pore_volume_opt": 115.06863216152236, "windows": {"diameters": [5.414928547935341, 3.524050503203249, 3.507297022883766, 3.5108674963600772, 5.410639575547508], "centre_of_mass": [[-0.00019473971279420683, 11.282323470419126, 16.830850934348753], [-1.4327295781587088, 7.564921250824746, 15.089015513942714], [3.7154387991405313, 11.870335425485255, 15.089009536746584], [-2.4244493382699277, 14.280183433201811, 15.088968591596993], [-0.0002617456953596785, 11.282351471654646, 13.405664679352796]]}}