{"no_of_atoms": 86, "centre_of_mass": [7.189618073584664, 0.12139040170393867, 21.070670232927707], "maximum_diameter": {"diameter": 19.72009261663119, "atom_1": 47, "atom_2": 52}, "pore_diameter": {"diameter": 4.135266991353131, "atom": 66}, "pore_volume": 37.02621227686176, "pore_diameter_opt": {"diameter": 4.330239598246319, "atom_1": 66, "centre_of_mass": [7.66472958843305, -0.037213553344126536, 20.99579091417617]}, "pore_volume_opt": 42.51423842023647, "windows": {"diameters": [4.147799830088598, 4.3301999540284815], "centre_of_mass": [[6.525450965311498, 0.0981699257169518, 21.209614485812743], [7.6647417028889295, -0.037220807912829716, 20.99581070605803]]}}