{"no_of_atoms": 86, "centre_of_mass": [2.6820355346774747, 4.623886700108955, 35.11832976707229], "maximum_diameter": {"diameter": 19.719584829750108, "atom_1": 10, "atom_2": 79}, "pore_diameter": {"diameter": 4.134942763116802, "atom": 63}, "pore_volume": 37.01750376858484, "pore_diameter_opt": {"diameter": 4.185956374262684, "atom_1": 19, "centre_of_mass": [2.6892665686434847, 4.624170323971086, 35.09387104411755]}, "pore_volume_opt": 38.404553107428676, "windows": {"diameters": [4.146318305516957, 4.306288085666138], "centre_of_mass": [[1.911445958748366, 4.767127532956375, 34.97414177933066], [2.300829038810902, 3.911301115054395, 34.99935855259395]]}}