{"no_of_atoms": 20, "centre_of_mass": [1.8008985473859342, 15.852345363793432, 31.603373814551734], "maximum_diameter": {"diameter": 6.399333596671344, "atom_1": 10, "atom_2": 12}, "pore_diameter": {"diameter": -2.5751686402812375, "atom": 1}, "pore_volume": -8.941608427997066, "pore_diameter_opt": {"diameter": -2.5751686402812375, "atom_1": 1, "centre_of_mass": [1.8008985473859342, 15.852345363793432, 31.603373814551734]}, "pore_volume_opt": -8.941608427997066, "windows": {"diameters": null, "centre_of_mass": null}}