{"no_of_atoms": 170, "centre_of_mass": [11.503690395511786, 10.221822582241957, 7.130507022266024e-05], "maximum_diameter": {"diameter": 22.857528379441995, "atom_1": 50, "atom_2": 109}, "pore_diameter": {"diameter": 6.5396760229307525, "atom": 9}, "pore_volume": 146.44256385896531, "pore_diameter_opt": {"diameter": 6.539791004965922, "atom_1": 158, "centre_of_mass": [11.50368482609814, 10.221836506366621, 1.579796755306181e-05]}, "pore_volume_opt": 146.4502883517497, "windows": {"diameters": [4.764132081950896, 4.561523071549832, 4.439590232824429, 4.774223893790259], "centre_of_mass": [[10.900937666122504, 12.938706726566343, 2.4699687780027157], [8.285154387559228, 7.770339399956838, 1.8945930467395171], [14.285914519886301, 12.108509672322038, -1.5233050518699054], [12.105756746728492, 7.459950074917545, -2.5303910775974074]]}}