{"no_of_atoms": 170, "centre_of_mass": [10.415941466836864, -0.7849048851538932, 11.350523687297052], "maximum_diameter": {"diameter": 22.829173553091056, "atom_1": 55, "atom_2": 85}, "pore_diameter": {"diameter": 6.6570629163237065, "atom": 163}, "pore_volume": 154.4708750866266, "pore_diameter_opt": {"diameter": 6.657507667290682, "atom_1": 163, "centre_of_mass": [10.415765201304128, -0.7847819874576787, 11.350580936523196]}, "pore_volume_opt": 154.50183723699482, "windows": {"diameters": [4.695908437759677, 4.671411654421554, 4.748516118230713, 4.728912664382211], "centre_of_mass": [[10.88950637392924, 1.4910536281021722, 13.681768035490196], [7.763859805826335, -2.4345972728942007, 13.593504223114], [13.621033948205655, 1.0904943815599792, 8.842370901370801], [9.866921593051389, -3.47119572520905, 8.653693075692603]]}}