{"no_of_atoms": 20, "centre_of_mass": [12.515101452614065, 8.227161086580917, 14.475373814551736], "maximum_diameter": {"diameter": 6.400325698331811, "atom_1": 9, "atom_2": 12}, "pore_diameter": {"diameter": -2.574609006772305, "atom": 1}, "pore_volume": -8.935780146038782, "pore_diameter_opt": {"diameter": -2.574609006772305, "atom_1": 1, "centre_of_mass": [12.515101452614065, 8.227161086580917, 14.475373814551736]}, "pore_volume_opt": -8.935780146038782, "windows": {"diameters": null, "centre_of_mass": null}}