{"no_of_atoms": 20, "centre_of_mass": [12.515101452614065, 7.82583891341908, 19.78062618544826], "maximum_diameter": {"diameter": 6.400325698331825, "atom_1": 11, "atom_2": 13}, "pore_diameter": {"diameter": -2.5746090067721945, "atom": 8}, "pore_volume": -8.93578014603763, "pore_diameter_opt": {"diameter": -2.5746090067721945, "atom_1": 8, "centre_of_mass": [12.515101452614065, 7.82583891341908, 19.78062618544826]}, "pore_volume_opt": -8.93578014603763, "windows": {"diameters": null, "centre_of_mass": null}}