{"no_of_atoms": 118, "centre_of_mass": [3.149087537292778, 4.430264017675484, 8.125637765079057], "maximum_diameter": {"diameter": 21.21372632985985, "atom_1": 61, "atom_2": 71}, "pore_diameter": {"diameter": 3.364797815839411, "atom": 100}, "pore_volume": 19.946906071189296, "pore_diameter_opt": {"diameter": 3.3649154943564494, "atom_1": 100, "centre_of_mass": [3.149142410446004, 4.430275671802978, 8.125655655974484]}, "pore_volume_opt": 19.948998979485108, "windows": {"diameters": [3.5276781029487982, 4.413001990562453], "centre_of_mass": [[3.2325735112883183, 3.201110798356294, 8.121089501567354], [3.6183401902895937, 5.202965148124057, 4.32475670924468]]}}