{"no_of_atoms": 20, "centre_of_mass": [3.1491688559798203, 4.430174874509901, 8.125656269510273], "maximum_diameter": {"diameter": 10.895634538342527, "atom_1": 10, "atom_2": 18}, "pore_diameter": {"diameter": -1.9955845495103477, "atom": 0}, "pore_volume": -4.16110831519968, "pore_diameter_opt": {"diameter": -1.9955845495103477, "atom_1": 0, "centre_of_mass": [3.1491688559798203, 4.430174874509901, 8.125656269510273]}, "pore_volume_opt": -4.16110831519968, "windows": {"diameters": null, "centre_of_mass": null}}