{"no_of_atoms": 285, "centre_of_mass": [2.0858883772780187e-05, 15.908418776124222, 25.752792427448917], "maximum_diameter": {"diameter": 30.169672929704582, "atom_1": 128, "atom_2": 262}, "pore_diameter": {"diameter": 9.119724348062865, "atom": 83}, "pore_volume": 397.1401148415881, "pore_diameter_opt": {"diameter": 9.120305286188634, "atom_1": 83, "centre_of_mass": [-0.0002542041083854135, 15.90833630814984, 25.752721526870875]}, "pore_volume_opt": 397.21601467877286, "windows": {"diameters": [6.811809779624587, 6.897736274702234, 6.950784228373301, 6.876266480615172], "centre_of_mass": [[-9.541624769351329e-05, 15.908636828210229, 30.419400466850625], [0.4117946199572687, 20.532730302528822, 24.073712057651935], [2.6921578660949437, 13.805856989879725, 24.362889258534675], [-4.066291721230193, 14.056971295961835, 24.115819655149952]]}}