{"no_of_atoms": 270, "centre_of_mass": [7.709236012703751, 21.286763987296254, 22.70999964318483], "maximum_diameter": {"diameter": 30.428141991996572, "atom_1": 164, "atom_2": 227}, "pore_diameter": {"diameter": 8.03498318562207, "atom": 201}, "pore_volume": 271.6148679465262, "pore_diameter_opt": {"diameter": 8.313970328160165, "atom_1": 162, "centre_of_mass": [7.948197429106541, 21.06867241847903, 22.73419870652695]}, "pore_volume_opt": 300.90127845330244, "windows": {"diameters": [6.758481197405143, 6.5587005490216725, 6.556185893933945, 6.763705949106216], "centre_of_mass": [[10.886592547469167, 20.497366912016048, 25.913562252805644], [3.552120761004371, 20.9657302933503, 24.665466544482353], [8.000865715801128, 25.19787088416373, 20.867344917166317], [8.505257284159741, 18.041622660833305, 19.439060123558736]]}}