{"no_of_atoms": 138, "centre_of_mass": [22.560567483165816, 22.560567483165798, -1.2406696677958187e-16], "maximum_diameter": {"diameter": 13.814037906075443, "atom_1": 67, "atom_2": 105}, "pore_diameter": {"diameter": 0.2159634341776311, "atom": 43}, "pore_volume": 0.0052739899379711085, "pore_diameter_opt": {"diameter": 0.2159634341776311, "atom_1": 43, "centre_of_mass": [22.560567483165816, 22.560567483165798, -1.2406696677958187e-16]}, "pore_volume_opt": 0.0052739899379711085, "windows": {"diameters": null, "centre_of_mass": null}}