{"no_of_atoms": 485, "centre_of_mass": [12.644240469210152, 16.431302556856547, 9.291522035553713], "maximum_diameter": {"diameter": 37.169978152259, "atom_1": 310, "atom_2": 335}, "pore_diameter": {"diameter": 4.310172296368165, "atom": 231}, "pore_volume": 41.92591174150444, "pore_diameter_opt": {"diameter": 4.31266245510195, "atom_1": 66, "centre_of_mass": [12.643343642594422, 16.43072056964678, 9.29088389585658]}, "pore_volume_opt": 41.998620554773915, "windows": {"diameters": [4.503111324932311, 4.321888399539494], "centre_of_mass": [[12.081723239743795, 15.677981140098435, 10.401042419534646], [12.69528275952519, 16.863284905517776, 8.903992288990487]]}}