{"no_of_atoms": 26, "centre_of_mass": [3.5104972194100434, 2.590764884130529, 3.195731066331979], "maximum_diameter": {"diameter": 6.312571354495891, "atom_1": 2, "atom_2": 25}, "pore_diameter": {"diameter": -1.1256018465949666, "atom": 6}, "pore_volume": -0.7467117976846052, "pore_diameter_opt": {"diameter": -1.1256018465949666, "atom_1": 6, "centre_of_mass": [3.5104972194100434, 2.590764884130529, 3.195731066331979]}, "pore_volume_opt": -0.7467117976846052, "windows": {"diameters": null, "centre_of_mass": null}}