{"no_of_atoms": 274, "centre_of_mass": [7.360544673523317, 0.1466706994855784, 9.391713492291496], "maximum_diameter": {"diameter": 26.373842776984947, "atom_1": 118, "atom_2": 172}, "pore_diameter": {"diameter": -0.6757721219852506, "atom": 3}, "pore_volume": -0.16158440267531735, "pore_diameter_opt": {"diameter": -0.6757721219852506, "atom_1": 3, "centre_of_mass": [7.360544673523317, 0.1466706994855784, 9.391713492291496]}, "pore_volume_opt": -0.16158440267531735, "windows": {"diameters": null, "centre_of_mass": null}}