{"no_of_atoms": 316, "centre_of_mass": [6.648298510359554, 19.94480743587491, 8.384145697956683], "maximum_diameter": {"diameter": 26.739411413956976, "atom_1": 181, "atom_2": 264}, "pore_diameter": {"diameter": 6.253520874276415, "atom": 36}, "pore_volume": 128.04789218942074, "pore_diameter_opt": {"diameter": 6.253974477707528, "atom_1": 36, "centre_of_mass": [6.6481347870766845, 19.944929324852584, 8.38396399584935]}, "pore_volume_opt": 128.075758335997, "windows": {"diameters": [1.422011626797031, 1.4148499938100403, 1.4127716855053136, 1.4192076639336642], "centre_of_mass": [[10.848215060585982, 20.001775672874842, 11.331471651719195], [2.507870480792306, 19.88916164906082, 11.287095208337066], [6.70335249265966, 24.054212588064253, 5.503691403659959], [6.591628231279354, 15.768826478745147, 5.454709190579987]]}}