{"no_of_atoms": 11331, "centre_of_mass": [2.9087800047056884, 6.002831386974399, 11.463607131725926], "maximum_diameter": {"diameter": 118.0305022948613, "atom_1": 11057, "atom_2": 11250}, "pore_diameter": {"diameter": -0.6901187072019526, "atom": 0}, "pore_volume": -0.1720957013556498, "pore_diameter_opt": {"diameter": -0.6901187072019526, "atom_1": 0, "centre_of_mass": [2.9087800047056884, 6.002831386974399, 11.463607131725926]}, "pore_volume_opt": -0.1720957013556498, "windows": {"diameters": null, "centre_of_mass": null}}