{"no_of_atoms": 28, "centre_of_mass": [19.944711118020003, 6.6483999761272905, 0.00022218829460032318], "maximum_diameter": {"diameter": 13.173986234448911, "atom_1": 0, "atom_2": 27}, "pore_diameter": {"diameter": -1.5428079721136823, "atom": 8}, "pore_volume": -1.9228005835809192, "pore_diameter_opt": {"diameter": -1.5428079721136823, "atom_1": 8, "centre_of_mass": [19.944711118020003, 6.6483999761272905, 0.00022218829460032318]}, "pore_volume_opt": -1.9228005835809192, "windows": {"diameters": null, "centre_of_mass": null}}