{"no_of_atoms": 28, "centre_of_mass": [6.6483999761272905, 19.944711118020003, 16.7680666825818], "maximum_diameter": {"diameter": 13.173986234448904, "atom_1": 3, "atom_2": 27}, "pore_diameter": {"diameter": -1.542682655660465, "atom": 7}, "pore_volume": -1.9223320761928726, "pore_diameter_opt": {"diameter": -1.542682655660465, "atom_1": 7, "centre_of_mass": [6.6483999761272905, 19.944711118020003, 16.7680666825818]}, "pore_volume_opt": -1.9223320761928726, "windows": {"diameters": null, "centre_of_mass": null}}