{"no_of_atoms": 140, "centre_of_mass": [0.00019909534398927025, 13.586499999999988, 9.592749551380894], "maximum_diameter": {"diameter": 20.82028698813406, "atom_1": 27, "atom_2": 122}, "pore_diameter": {"diameter": 2.9425386018430104, "atom": 70}, "pore_volume": 13.34028564583749, "pore_diameter_opt": {"diameter": 2.942612501025598, "atom_1": 50, "centre_of_mass": [0.00017255397940160513, 13.586479600895066, 9.592733896081748]}, "pore_volume_opt": 13.341290758527615, "windows": {"diameters": [2.834641895104396, 2.8251652440422625], "centre_of_mass": [[-0.999772977134434, 14.74814642680347, 9.637701059525899], [0.9755829928635805, 12.457641970294315, 9.546514855127054]]}}