{"no_of_atoms": 263, "centre_of_mass": [9.185425535788138, 22.484044016567587, 11.213887583281004], "maximum_diameter": {"diameter": 29.95668889554693, "atom_1": 186, "atom_2": 227}, "pore_diameter": {"diameter": 1.4516696792458812, "atom": 95}, "pore_volume": 1.601776950877274, "pore_diameter_opt": {"diameter": 1.5631861071805075, "atom_1": 98, "centre_of_mass": [9.136293164184156, 22.47812833017619, 11.269675286263828]}, "pore_volume_opt": 2.000003161189167, "windows": {"diameters": [3.0508796679416945, 1.5340898280165152], "centre_of_mass": [[10.492031467518022, 25.08169201767221, 11.423478455866796], [8.979699159086932, 22.174910916972944, 10.98307293324247]]}}