{"no_of_atoms": 348, "centre_of_mass": [15.292767778497435, -5.1140873942601645e-05, 14.261542035768295], "maximum_diameter": {"diameter": 27.06855718307396, "atom_1": 200, "atom_2": 252}, "pore_diameter": {"diameter": 10.048881828850174, "atom": 49}, "pore_volume": 531.3147096038588, "pore_diameter_opt": {"diameter": 10.049494151037159, "atom_1": 286, "centre_of_mass": [15.293003601187863, -3.4168410151020456e-05, 14.261278746457805]}, "pore_volume_opt": 531.4118414882914, "windows": {"diameters": [7.600871827015849, 7.610389189000497, 7.613928514651743], "centre_of_mass": [[15.292481104252037, -2.293859229655535, 19.292823151922796], [15.292504729081406, 5.671377924644641, 13.723436380062129], [15.292520416851959, -3.323602352306838, 9.5846334165512]]}}