{"no_of_atoms": 384, "centre_of_mass": [15.044574777911592, 12.367968925787961, 7.140688847666991], "maximum_diameter": {"diameter": 27.13418936258638, "atom_1": 73, "atom_2": 290}, "pore_diameter": {"diameter": 8.990476432324336, "atom": 351}, "pore_volume": 380.4930627815256, "pore_diameter_opt": {"diameter": 8.99097713923645, "atom_1": 351, "centre_of_mass": [15.044500008935952, 12.367726711310628, 7.140663310191403]}, "pore_volume_opt": 380.55663876169683, "windows": {"diameters": [4.873884473426422, 5.6918710994609665, 4.862035392918026], "centre_of_mass": [[15.044495409110318, 7.852471807604928, 8.305473068017722], [15.044475823254666, 18.938330780822145, 11.813285367651961], [15.044476936338238, 13.627001212936534, 2.5083200428345727]]}}