{"no_of_atoms": 105, "centre_of_mass": [9.759074044165006, 10.94029677366635, 22.91999927705515], "maximum_diameter": {"diameter": 16.06136354973819, "atom_1": 58, "atom_2": 64}, "pore_diameter": {"diameter": 1.8828732701565882, "atom": 10}, "pore_volume": 3.49511840171267, "pore_diameter_opt": {"diameter": 2.3881463202532447, "atom_1": 56, "centre_of_mass": [9.794385722007682, 10.940499999032975, 21.978562641976858]}, "pore_volume_opt": 7.131508743319422, "windows": {"diameters": [1.9188786067279238, 3.1671577440897862], "centre_of_mass": [[9.780362152891058, 10.940009267623815, 23.385497472308217], [9.857627237505175, 10.94050130666623, 21.2221346685337]]}}