{"no_of_atoms": 608, "centre_of_mass": [14.091037479504976, 17.168852302455903, 10.174854299586801], "maximum_diameter": {"diameter": 32.80063748097797, "atom_1": 344, "atom_2": 429}, "pore_diameter": {"diameter": 5.508703799277251, "atom": 374}, "pore_volume": 87.5279759733184, "pore_diameter_opt": {"diameter": 5.508728147799939, "atom_1": 401, "centre_of_mass": [14.091028036840138, 17.168859878751704, 10.174855594136254]}, "pore_volume_opt": 87.52913660188347, "windows": {"diameters": [2.2428706162409138, 2.5085065815302534, 3.5020158836015356, 3.7260941846433986, 2.501939976987663, 2.213055644953396], "centre_of_mass": [[12.537621977232806, 16.868123033057103, 15.336891779784128], [20.415456580815622, 16.963103406018984, 12.193448889945858], [14.723065323780176, 12.755069087832691, 9.723707167562612], [14.022901616772975, 20.116784512095233, 10.532768469941997], [7.772142769134234, 17.37241227249877, 8.15635485125779], [15.678780687320161, 17.477171650024882, 4.964928260229623]]}}