{"no_of_atoms": 608, "centre_of_mass": [12.717509566740926, 16.313666952815307, 9.325191125366725], "maximum_diameter": {"diameter": 32.51916442488158, "atom_1": 310, "atom_2": 488}, "pore_diameter": {"diameter": 3.971202914808958, "atom": 3}, "pore_volume": 32.7917699145518, "pore_diameter_opt": {"diameter": 3.971621419599552, "atom_1": 3, "centre_of_mass": [12.717514645588027, 16.31364825519227, 9.324981441480741]}, "pore_volume_opt": 32.80213827854436, "windows": {"diameters": [2.2344890802394617, 3.50213110009525, 3.5003679407464783, 2.230151588089646], "centre_of_mass": [[12.66249596462421, 14.109682825673133, 11.514466566604515], [11.69225678245076, 19.84453055423881, 10.075582693097383], [13.738321683406332, 12.77892007572846, 8.558369955562464], [12.777171203182924, 18.519761076471802, 7.131849750371564]]}}