{"no_of_atoms": 159, "centre_of_mass": [10.634549322037605, 2.9626230868330348, 3.723105243470172], "maximum_diameter": {"diameter": 18.911535285203207, "atom_1": 48, "atom_2": 85}, "pore_diameter": {"diameter": -2.1351590081788316, "atom": 22}, "pore_volume": -5.096702586910851, "pore_diameter_opt": {"diameter": -2.1351590081788316, "atom_1": 22, "centre_of_mass": [10.634549322037605, 2.9626230868330348, 3.723105243470172]}, "pore_volume_opt": -5.096702586910851, "windows": {"diameters": null, "centre_of_mass": null}}