{"no_of_atoms": 106, "centre_of_mass": [0.9781916587587776, 4.575216394951604, 10.74662837065857], "maximum_diameter": {"diameter": 26.392772125471303, "atom_1": 59, "atom_2": 103}, "pore_diameter": {"diameter": 2.747779922653129, "atom": 69}, "pore_volume": 10.862866945538398, "pore_diameter_opt": {"diameter": 4.8975780981123584, "atom_1": 87, "centre_of_mass": [0.8093882246460579, 3.2013264336250398, 9.527731602023492]}, "pore_volume_opt": 61.50957589666075, "windows": {"diameters": [2.5724778886298973, 5.193923005281139], "centre_of_mass": [[1.0340924888819294, 3.6937774000014247, 13.08033956284602], [0.7741320417167451, 2.795123337538676, 9.152893087157615]]}}