{"no_of_atoms": 106, "centre_of_mass": [12.223992661795412, 7.303934946858988, 25.08210845701273], "maximum_diameter": {"diameter": 26.392772125471296, "atom_1": 64, "atom_2": 103}, "pore_diameter": {"diameter": 2.747327476064475, "atom": 69}, "pore_volume": 10.857501823878353, "pore_diameter_opt": {"diameter": 4.897521908909431, "atom_1": 7, "centre_of_mass": [12.39261868686453, 8.677598679012295, 26.30119312259009]}, "pore_volume_opt": 61.507458849630076, "windows": {"diameters": [5.258496605785654, 2.4988652706160353], "centre_of_mass": [[12.501433977887835, 9.182059412554699, 26.725227555304127], [11.790536652280283, 5.129170091743168, 26.142973985778536]]}}