{"no_of_atoms": 90, "centre_of_mass": [6.422433665734334, 13.075662934912586, 6.478572150078899], "maximum_diameter": {"diameter": 14.46447280284196, "atom_1": 51, "atom_2": 65}, "pore_diameter": {"diameter": -0.8321727472584941, "atom": 27}, "pore_volume": -0.3017443100253315, "pore_diameter_opt": {"diameter": -0.8321727472584941, "atom_1": 27, "centre_of_mass": [6.422433665734334, 13.075662934912586, 6.478572150078899]}, "pore_volume_opt": -0.3017443100253315, "windows": {"diameters": null, "centre_of_mass": null}}