{"no_of_atoms": 90, "centre_of_mass": [-0.27943366573433365, 2.7562527883813925, 16.775872820887045], "maximum_diameter": {"diameter": 14.46496386009189, "atom_1": 51, "atom_2": 57}, "pore_diameter": {"diameter": -0.8317292346837801, "atom": 30}, "pore_volume": -0.3012621165697185, "pore_diameter_opt": {"diameter": -0.8317292346837801, "atom_1": 30, "centre_of_mass": [-0.27943366573433365, 2.7562527883813925, 16.775872820887045]}, "pore_volume_opt": -0.3012621165697185, "windows": {"diameters": null, "centre_of_mass": null}}