{"no_of_atoms": 455, "centre_of_mass": [27.577251059873912, 5.894475687059353, 57.66860862234564], "maximum_diameter": {"diameter": 34.02286083253198, "atom_1": 56, "atom_2": 334}, "pore_diameter": {"diameter": -2.5673155886159003, "atom": 61}, "pore_volume": -8.860054550421241, "pore_diameter_opt": {"diameter": -2.5673155886159003, "atom_1": 61, "centre_of_mass": [27.577251059873912, 5.894475687059353, 57.66860862234564]}, "pore_volume_opt": -8.860054550421241, "windows": {"diameters": null, "centre_of_mass": null}}