{"no_of_atoms": 455, "centre_of_mass": [7.552618758749674, 7.210906457658459, 19.030082504948265], "maximum_diameter": {"diameter": 36.75534030201294, "atom_1": 85, "atom_2": 446}, "pore_diameter": {"diameter": -2.533113587078536, "atom": 90}, "pore_volume": -8.510647744524391, "pore_diameter_opt": {"diameter": -2.533113587078536, "atom_1": 90, "centre_of_mass": [7.552618758749674, 7.210906457658459, 19.030082504948265]}, "pore_volume_opt": -8.510647744524391, "windows": {"diameters": null, "centre_of_mass": null}}