{"no_of_atoms": 455, "centre_of_mass": [27.577251059873902, 17.511521005550232, 33.32138807026391], "maximum_diameter": {"diameter": 34.022860832532, "atom_1": 58, "atom_2": 351}, "pore_diameter": {"diameter": -2.567312359222214, "atom": 59}, "pore_volume": -8.86002111561288, "pore_diameter_opt": {"diameter": -2.567312359222214, "atom_1": 59, "centre_of_mass": [27.577251059873902, 17.511521005550232, 33.32138807026391]}, "pore_volume_opt": -8.86002111561288, "windows": {"diameters": null, "centre_of_mass": null}}