{"no_of_atoms": 455, "centre_of_mass": [7.275748940126081, 29.300478994449758, 27.33860862234566], "maximum_diameter": {"diameter": 34.02286083253198, "atom_1": 61, "atom_2": 348}, "pore_diameter": {"diameter": -2.5673096970394713, "atom": 56}, "pore_volume": -8.859993553359962, "pore_diameter_opt": {"diameter": -2.5673096970394713, "atom_1": 56, "centre_of_mass": [7.275748940126081, 29.300478994449758, 27.33860862234566]}, "pore_volume_opt": -8.859993553359962, "windows": {"diameters": null, "centre_of_mass": null}}