{"no_of_atoms": 455, "centre_of_mass": [24.702282674627245, 40.91752100555021, 27.338608622345642], "maximum_diameter": {"diameter": 34.022860832532, "atom_1": 127, "atom_2": 435}, "pore_diameter": {"diameter": -2.5671118698051245, "atom": 58}, "pore_volume": -8.85794555778743, "pore_diameter_opt": {"diameter": -2.5671118698051245, "atom_1": 58, "centre_of_mass": [24.702282674627245, 40.91752100555021, 27.338608622345642]}, "pore_volume_opt": -8.85794555778743, "windows": {"diameters": null, "centre_of_mass": null}}