{"no_of_atoms": 455, "centre_of_mass": [9.799962111365796, 40.61712676742036, 57.67316268252466], "maximum_diameter": {"diameter": 34.47807020550917, "atom_1": 448, "atom_2": 449}, "pore_diameter": {"diameter": -2.5211600892817594, "atom": 58}, "pore_volume": -8.39073282795405, "pore_diameter_opt": {"diameter": -2.5211600892817594, "atom_1": 58, "centre_of_mass": [9.799962111365796, 40.61712676742036, 57.67316268252466]}, "pore_volume_opt": -8.39073282795405, "windows": {"diameters": null, "centre_of_mass": null}}