{"no_of_atoms": 455, "centre_of_mass": [25.053037888634236, 6.194873232579685, 2.986837317475337], "maximum_diameter": {"diameter": 34.478070205509184, "atom_1": 440, "atom_2": 451}, "pore_diameter": {"diameter": -2.5211600892814516, "atom": 61}, "pore_volume": -8.390732827950979, "pore_diameter_opt": {"diameter": -2.5211600892814516, "atom_1": 61, "centre_of_mass": [25.053037888634236, 6.194873232579685, 2.986837317475337]}, "pore_volume_opt": -8.390732827950979, "windows": {"diameters": null, "centre_of_mass": null}}