{"no_of_atoms": 455, "centre_of_mass": [27.22637920025645, 40.61712676742037, 33.31683731747535], "maximum_diameter": {"diameter": 34.47829757123431, "atom_1": 4, "atom_2": 451}, "pore_diameter": {"diameter": -2.520156181778264, "atom": 59}, "pore_volume": -8.380713433379018, "pore_diameter_opt": {"diameter": -2.520156181778264, "atom_1": 59, "centre_of_mass": [27.22637920025645, 40.61712676742037, 33.31683731747535]}, "pore_volume_opt": -8.380713433379018, "windows": {"diameters": null, "centre_of_mass": null}}