{"no_of_atoms": 205, "centre_of_mass": [2.235953548004034, 3.400036821021641, 7.288282382618838], "maximum_diameter": {"diameter": 21.283308849516096, "atom_1": 144, "atom_2": 155}, "pore_diameter": {"diameter": 0.6450365136922995, "atom": 157}, "pore_volume": 0.14052432920218363, "pore_diameter_opt": {"diameter": 1.1071856361413097, "atom_1": 157, "centre_of_mass": [2.5584718048501838, 3.077518564175491, 7.500506127382357]}, "pore_volume_opt": 0.7106568573756457, "windows": {"diameters": null, "centre_of_mass": null}}