{"no_of_atoms": 216, "centre_of_mass": [11.763177156401097, 18.67689091434439, 4.792671524489489], "maximum_diameter": {"diameter": 21.55927106574183, "atom_1": 148, "atom_2": 191}, "pore_diameter": {"diameter": 1.1780377608249122, "atom": 86}, "pore_volume": 0.8560049123392245, "pore_diameter_opt": {"diameter": 1.4490607906351962, "atom_1": 53, "centre_of_mass": [11.174158275988642, 18.123216026483792, 4.2423184841304105]}, "pore_volume_opt": 1.5931564938069347, "windows": {"diameters": [1.4589062990708999], "centre_of_mass": [[11.131644406066675, 18.568976841318683, 1.448807701995491]]}}