{"no_of_atoms": 221, "centre_of_mass": [16.5021428701996, 21.525491747620404, 4.89151632818517], "maximum_diameter": {"diameter": 21.31617278872659, "atom_1": 4, "atom_2": 220}, "pore_diameter": {"diameter": 1.2002924433852442, "atom": 165}, "pore_volume": 0.9054403368075501, "pore_diameter_opt": {"diameter": 1.4389183260799232, "atom_1": 149, "centre_of_mass": [16.415591919432867, 21.54346257859342, 4.804993754615647]}, "pore_volume_opt": 1.5599369803906458, "windows": {"diameters": [0.7497477825142838, 1.2597273861915208], "centre_of_mass": [[16.065090478802343, 21.665804728314214, 8.309299341964511], [16.90980696114188, 21.21885915505364, 1.1154914939580736]]}}