{"no_of_atoms": 196, "centre_of_mass": [-0.3022548413003275, 13.672615531411004, 22.098315860466432], "maximum_diameter": {"diameter": 21.578161207963912, "atom_1": 63, "atom_2": 195}, "pore_diameter": {"diameter": 1.5716170642058849, "atom": 149}, "pore_volume": 2.032538726969534, "pore_diameter_opt": {"diameter": 1.8187389436991914, "atom_1": 54, "centre_of_mass": [-0.2930000110165234, 13.470406137989713, 22.09741310165559]}, "pore_volume_opt": 3.149993959389888, "windows": {"diameters": [1.209628981418709, 1.2051865397480586, 1.2380519220919224], "centre_of_mass": [[-1.391203479354203, 13.851458435182748, 23.35871356112614], [0.7501543559073824, 13.28001612528342, 23.419344397577138], [-0.5843380315033039, 12.556174715664223, 20.790481905032678]]}}