{"no_of_atoms": 192, "centre_of_mass": [10.58440036702527, 16.229437277147667, 5.409830205590818], "maximum_diameter": {"diameter": 21.794514549180157, "atom_1": 119, "atom_2": 185}, "pore_diameter": {"diameter": 1.440940181138087, "atom": 97}, "pore_volume": 1.5665219272887407, "pore_diameter_opt": {"diameter": 1.4413723845398612, "atom_1": 180, "centre_of_mass": [10.584233270138567, 16.229500083925522, 5.4099989347689466]}, "pore_volume_opt": 1.567931963350555, "windows": {"diameters": [1.1005631326548655, 1.0974439807902994, 1.0962763147095962, 1.096128929998894], "centre_of_mass": [[11.491113279020878, 15.701013835459875, 6.355810975357633], [9.630812413953297, 17.191170846966735, 5.947517063301786], [9.58068286811691, 15.251035318282149, 4.863108042443126], [11.588084406918428, 16.77641817092453, 4.431032065892506]]}}