{"no_of_atoms": 192, "centre_of_mass": [21.1688713025038, 16.229437277147667, 5.409830205590815], "maximum_diameter": {"diameter": 21.79451454918016, "atom_1": 119, "atom_2": 185}, "pore_diameter": {"diameter": 1.4419079963855355, "atom": 180}, "pore_volume": 1.569680536550601, "pore_diameter_opt": {"diameter": 1.442101757001506, "atom_1": 109, "centre_of_mass": [21.168702695613778, 16.229428946892536, 5.410049314954622]}, "pore_volume_opt": 1.5703134128649874, "windows": {"diameters": [1.1002217798671898, 1.0964696631169528], "centre_of_mass": [[22.078945083485053, 16.75839396827469, 6.356846926666464], [22.14293562813576, 15.688190263398866, 4.4411198492166655]]}}