{"no_of_atoms": 192, "centre_of_mass": [10.584400367025262, 5.409830205590816, 16.229437277147664], "maximum_diameter": {"diameter": 21.794514549180153, "atom_1": 71, "atom_2": 191}, "pore_diameter": {"diameter": 1.4410753614996312, "atom": 155}, "pore_volume": 1.5669628537134985, "pore_diameter_opt": {"diameter": 1.4413492886520123, "atom_1": 145, "centre_of_mass": [10.584219654839814, 5.4099801526746925, 16.229530736034313]}, "pore_volume_opt": 1.5678565930973545, "windows": {"diameters": [1.0961249251406486, 1.1023919984140949], "centre_of_mass": [[11.580770338941893, 4.433458052517952, 15.6839198519166], [9.686428426657564, 5.93693113744438, 15.286753809054039]]}}