{"no_of_atoms": 316, "centre_of_mass": [-1.7508947848801681, 45.16607453360067, 22.76499999999999], "maximum_diameter": {"diameter": 34.615018356137945, "atom_1": 8, "atom_2": 298}, "pore_diameter": {"diameter": 9.041409814606524, "atom": 59}, "pore_volume": 386.9965437785072, "pore_diameter_opt": {"diameter": 9.041523425010938, "atom_1": 157, "centre_of_mass": [-1.750949554662411, 45.16606531643802, 22.7649880692408]}, "pore_volume_opt": 387.01113245014716, "windows": {"diameters": [9.029217918248328, 8.718531758359827, 8.8404145608953, 9.781808689310097e+43], "centre_of_mass": [[-1.590442199276728, 48.32519978748014, 27.64388977209859], [2.8369001406523817, 36.73194994771006, 27.965330042053573], [-6.693056606445628, 53.73626288034716, 17.505267934397075], [4.8870610961156235e+43, -1.7509658760739038e+42, -8.318855935181728e+41]]}}