{"no_of_atoms": 492, "centre_of_mass": [13.423446217403962, 20.838119518083637, 12.096369156697175], "maximum_diameter": {"diameter": 41.206103063953, "atom_1": 146, "atom_2": 377}, "pore_diameter": {"diameter": 5.7710774631348265, "atom": 3}, "pore_volume": 100.63969999930531, "pore_diameter_opt": {"diameter": 5.771231822809499, "atom_1": 3, "centre_of_mass": [13.423439428168242, 20.838128440179013, 12.096445517876978]}, "pore_volume_opt": 100.64777568030041, "windows": {"diameters": [6.53383979041411, 6.681648060072575], "centre_of_mass": [[13.310468290880445, 22.603520287066946, 11.880310381163953], [13.799682260798228, 18.935025537289, 12.352070341746211]]}}