{"no_of_atoms": 130, "centre_of_mass": [-0.7649867421465116, 8.406747839068666, 8.72988174654577], "maximum_diameter": {"diameter": 23.44593322664209, "atom_1": 72, "atom_2": 97}, "pore_diameter": {"diameter": 2.79732486936013, "atom": 20}, "pore_volume": 11.461127437665445, "pore_diameter_opt": {"diameter": 2.7975673983883174, "atom_1": 124, "centre_of_mass": [-0.7650922094226419, 8.406688254385694, 8.729896040884917]}, "pore_volume_opt": 11.464108747202221, "windows": {"diameters": [2.919296048298444, 4.036591468546481], "centre_of_mass": [[-0.5797213079203634, 7.928086064930403, 8.52149529663053], [-0.5014337815353012, 10.186661453227911, 6.26126125901297]]}}