{"no_of_atoms": 174, "centre_of_mass": [-0.9331503142458423, 12.973781731760987, 11.72009546686896], "maximum_diameter": {"diameter": 18.504520509772732, "atom_1": 152, "atom_2": 168}, "pore_diameter": {"diameter": -0.278780771949521, "atom": 17}, "pore_volume": -0.011344544716154769, "pore_diameter_opt": {"diameter": -0.278780771949521, "atom_1": 17, "centre_of_mass": [-0.9331503142458423, 12.973781731760987, 11.72009546686896]}, "pore_volume_opt": -0.011344544716154769, "windows": {"diameters": null, "centre_of_mass": null}}