{"no_of_atoms": 174, "centre_of_mass": [9.029732387182706, 5.29002530629669, 21.543904533131048], "maximum_diameter": {"diameter": 18.50495739657534, "atom_1": 129, "atom_2": 163}, "pore_diameter": {"diameter": -0.27829927136089694, "atom": 38}, "pore_volume": -0.011285864457755052, "pore_diameter_opt": {"diameter": -0.27829927136089694, "atom_1": 38, "centre_of_mass": [9.029732387182706, 5.29002530629669, 21.543904533131048]}, "pore_volume_opt": -0.011285864457755052, "windows": {"diameters": null, "centre_of_mass": null}}