{"no_of_atoms": 22, "centre_of_mass": [9.49837197138367, 1.5832274981992012, 4.8350330037325655], "maximum_diameter": {"diameter": 7.682000000000001, "atom_1": 13, "atom_2": 21}, "pore_diameter": {"diameter": -1.7163373465339036, "atom": 7}, "pore_volume": -2.647320849815257, "pore_diameter_opt": {"diameter": -1.7163373465339036, "atom_1": 7, "centre_of_mass": [9.49837197138367, 1.5832274981992012, 4.8350330037325655]}, "pore_volume_opt": -2.647320849815257, "windows": {"diameters": null, "centre_of_mass": null}}