{"no_of_atoms": 22, "centre_of_mass": [-2.241421476982516, 15.17990382096785, 14.506008250933146], "maximum_diameter": {"diameter": 7.682000000000005, "atom_1": 13, "atom_2": 21}, "pore_diameter": {"diameter": -1.716168791060506, "atom": 2}, "pore_volume": -2.64654097411133, "pore_diameter_opt": {"diameter": -1.716168791060506, "atom_1": 2, "centre_of_mass": [-2.241421476982516, 15.17990382096785, 14.506008250933146]}, "pore_volume_opt": -2.64654097411133, "windows": {"diameters": null, "centre_of_mass": null}}