{"no_of_atoms": 718, "centre_of_mass": [14.803153196247095, 10.881909817426918, 18.37778639581846], "maximum_diameter": {"diameter": 70.61306275568761, "atom_1": 673, "atom_2": 684}, "pore_diameter": {"diameter": 0.411740786866718, "atom": 24}, "pore_volume": 0.036548561867277465, "pore_diameter_opt": {"diameter": 0.6602403307544584, "atom_1": 24, "centre_of_mass": [14.829204645989456, 10.766775464758425, 18.58365678925182]}, "pore_volume_opt": 0.15069705712302467, "windows": {"diameters": [1.0466055857291123, 0.8091048185205252], "centre_of_mass": [[13.91379025315027, 10.948656152018199, 20.312997439424592], [15.100940319226488, 10.435600128708867, 18.326756354314035]]}}