{"no_of_atoms": 120, "centre_of_mass": [4.951507181662195, 9.449993152965186, 28.953498318882197], "maximum_diameter": {"diameter": 20.250929859860555, "atom_1": 10, "atom_2": 113}, "pore_diameter": {"diameter": 0.7930027154848118, "atom": 42}, "pore_volume": 0.26110948353189106, "pore_diameter_opt": {"diameter": 1.1270594463678179, "atom_1": 47, "centre_of_mass": [4.8557852679616005, 9.449999973105928, 28.55699696113979]}, "pore_volume_opt": 0.7496164224217245, "windows": {"diameters": [0.5798722537114713, 1.0417298346560383e+44], "centre_of_mass": [[5.111166856544475, 9.449994987235554, 29.66186717358248], [1.2897013331299084e+43, 2.4070179126927593e+42, -5.040710200885895e+43]]}}