{"no_of_atoms": 30, "centre_of_mass": [10.56073146030995, 14.570328917974187, 6.681403234425783], "maximum_diameter": {"diameter": 11.144623416518954, "atom_1": 12, "atom_2": 25}, "pore_diameter": {"diameter": -0.52509549051278, "atom": 9}, "pore_volume": -0.07580772928332753, "pore_diameter_opt": {"diameter": -0.52509549051278, "atom_1": 9, "centre_of_mass": [10.56073146030995, 14.570328917974187, 6.681403234425783]}, "pore_volume_opt": -0.07580772928332753, "windows": {"diameters": null, "centre_of_mass": null}}