{"no_of_atoms": 376, "centre_of_mass": [10.575841526052471, 15.20050000000002, 5.669388239964883e-16], "maximum_diameter": {"diameter": 37.738950171735866, "atom_1": 29, "atom_2": 375}, "pore_diameter": {"diameter": 4.9712295024975575, "atom": 122}, "pore_volume": 64.32652075235035, "pore_diameter_opt": {"diameter": 4.97172516356089, "atom_1": 225, "centre_of_mass": [10.575661911410595, 15.200640108956948, -9.761356317759412e-05]}, "pore_volume_opt": 64.34576387770109, "windows": {"diameters": [4.784102747577045, 5.362829853811819, 4.182550823082908], "centre_of_mass": [[12.88764348091175, 18.119034636753028, 0.6272408485600018], [5.133705441732216, 11.730361317658573, 1.3214385190923488], [11.504429349606841, 12.33151042196273, -2.857338433305762]]}}