{"no_of_atoms": 221, "centre_of_mass": [8.755716646975797, 17.122644832529005, 16.456313015310663], "maximum_diameter": {"diameter": 25.130865896379216, "atom_1": 186, "atom_2": 193}, "pore_diameter": {"diameter": 1.202372633552193, "atom": 70}, "pore_volume": 0.9101560730362123, "pore_diameter_opt": {"diameter": 2.14007326698454, "atom_1": 112, "centre_of_mass": [9.062488056081362, 17.561802592008238, 16.727965964123673]}, "pore_volume_opt": 5.131975191648735, "windows": {"diameters": [], "centre_of_mass": []}}