{"no_of_atoms": 215, "centre_of_mass": [9.284997337435886, 5.614549231582455, 4.1608012529951734], "maximum_diameter": {"diameter": 30.53043962164903, "atom_1": 205, "atom_2": 210}, "pore_diameter": {"diameter": 1.378179263686412, "atom": 55}, "pore_volume": 1.370615869059163, "pore_diameter_opt": {"diameter": 1.7685593411684013, "atom_1": 55, "centre_of_mass": [9.417471597260642, 5.482081910169767, 4.098100666827299]}, "pore_volume_opt": 2.896393283110845, "windows": {"diameters": [0.7058728842564297, 0.9519888903869345, 0.8525329722071842], "centre_of_mass": [[10.091519424380406, 7.380036888341225, 5.487216311268353], [7.835354729455831, 5.220509988507494, 3.9768539802299454], [8.70362621700143, 3.847849182490774, 2.7980561480762267]]}}