{"no_of_atoms": 24, "centre_of_mass": [9.897938784089588, 6.674156224005154, 25.513535283673665], "maximum_diameter": {"diameter": 7.4853260170981875, "atom_1": 5, "atom_2": 22}, "pore_diameter": {"diameter": -2.4949188014016817, "atom": 11}, "pore_volume": -8.131447638769044, "pore_diameter_opt": {"diameter": -2.4949188014016817, "atom_1": 11, "centre_of_mass": [9.897938784089588, 6.674156224005154, 25.513535283673665]}, "pore_volume_opt": -8.131447638769044, "windows": {"diameters": null, "centre_of_mass": null}}