{"no_of_atoms": 24, "centre_of_mass": [2.235609507070599, 17.29241785404424, 39.38029696737954], "maximum_diameter": {"diameter": 7.486340956822547, "atom_1": 11, "atom_2": 22}, "pore_diameter": {"diameter": -2.4965104294392755, "atom": 14}, "pore_volume": -8.147019886976699, "pore_diameter_opt": {"diameter": -2.4965104294392755, "atom_1": 14, "centre_of_mass": [2.235609507070599, 17.29241785404424, 39.38029696737954]}, "pore_volume_opt": -8.147019886976699, "windows": {"diameters": null, "centre_of_mass": null}}