{"no_of_atoms": 24, "centre_of_mass": [5.85324960197136, 3.944125557910931, 3.8821930327099046], "maximum_diameter": {"diameter": 7.486124331021108, "atom_1": 11, "atom_2": 17}, "pore_diameter": {"diameter": -2.4956392941601946, "atom": 4}, "pore_volume": -8.138494370531172, "pore_diameter_opt": {"diameter": -2.4956392941601946, "atom_1": 4, "centre_of_mass": [5.85324960197136, 3.944125557910931, 3.8821930327099046]}, "pore_volume_opt": -8.138494370531172, "windows": {"diameters": null, "centre_of_mass": null}}