{"no_of_atoms": 434, "centre_of_mass": [3.8865741903357485, 23.60637536107148, 25.486717392383657], "maximum_diameter": {"diameter": 29.59302332731057, "atom_1": 0, "atom_2": 415}, "pore_diameter": {"diameter": 6.206487328666302, "atom": 256}, "pore_volume": 125.18037305834524, "pore_diameter_opt": {"diameter": 6.611601831249796, "atom_1": 215, "centre_of_mass": [3.8596168607055223, 23.614004847235332, 25.263666429388948]}, "pore_volume_opt": 151.3277922674762, "windows": {"diameters": [1.9007403400968585], "centre_of_mass": [[6.101018388641618, 17.508987639299157, 22.94892310612299]]}}