{"no_of_atoms": 24, "centre_of_mass": [15.55806365551848, 9.721886457749738, 24.473341503665996], "maximum_diameter": {"diameter": 10.080447335235773, "atom_1": 8, "atom_2": 23}, "pore_diameter": {"diameter": -1.8427474074808368, "atom": 7}, "pore_volume": -3.27639344915742, "pore_diameter_opt": {"diameter": -1.8427474074808368, "atom_1": 7, "centre_of_mass": [15.55806365551848, 9.721886457749738, 24.473341503665996]}, "pore_volume_opt": -3.27639344915742, "windows": {"diameters": null, "centre_of_mass": null}}