{"no_of_atoms": 434, "centre_of_mass": [4.780011145887169, 18.322474812105867, 8.886900489689191], "maximum_diameter": {"diameter": 29.592721764776055, "atom_1": 109, "atom_2": 409}, "pore_diameter": {"diameter": 6.206265782310828, "atom": 195}, "pore_volume": 125.16696824624776, "pore_diameter_opt": {"diameter": 6.611626019908304, "atom_1": 170, "centre_of_mass": [4.808212535654062, 18.315472464365754, 8.663321420706085]}, "pore_volume_opt": 151.32945317951007, "windows": {"diameters": [1.6559398650477877], "centre_of_mass": [[4.554985959064449, 12.180837109017496, 11.298379584485915]]}}