{"no_of_atoms": 27, "centre_of_mass": [25.39112184280913, 13.584330040003435, 36.461537995461605], "maximum_diameter": {"diameter": 8.871830691223462, "atom_1": 2, "atom_2": 24}, "pore_diameter": {"diameter": -2.874861286286143, "atom": 5}, "pore_volume": -12.440828579131253, "pore_diameter_opt": {"diameter": -2.874861286286143, "atom_1": 5, "centre_of_mass": [25.39112184280913, 13.584330040003435, 36.461537995461605]}, "pore_volume_opt": -12.440828579131253, "windows": {"diameters": null, "centre_of_mass": null}}