{"no_of_atoms": 27, "centre_of_mass": [15.702452933541881, 11.348156471097203, 14.999778322073945], "maximum_diameter": {"diameter": 10.108863914570351, "atom_1": 7, "atom_2": 16}, "pore_diameter": {"diameter": -1.8741313170964768, "atom": 4}, "pore_volume": -3.446661840524162, "pore_diameter_opt": {"diameter": -1.8741313170964768, "atom_1": 4, "centre_of_mass": [15.702452933541881, 11.348156471097203, 14.999778322073945]}, "pore_volume_opt": -3.446661840524162, "windows": {"diameters": null, "centre_of_mass": null}}