{"no_of_atoms": 27, "centre_of_mass": [8.792868794302636, 3.7877255882059293, 19.918684768211918], "maximum_diameter": {"diameter": 10.171467266065735, "atom_1": 3, "atom_2": 15}, "pore_diameter": {"diameter": -1.9190455789694352, "atom": 8}, "pore_volume": -3.7004495826880413, "pore_diameter_opt": {"diameter": -1.9190455789694352, "atom_1": 8, "centre_of_mass": [8.792868794302636, 3.7877255882059293, 19.918684768211918]}, "pore_volume_opt": -3.7004495826880413, "windows": {"diameters": null, "centre_of_mass": null}}