{"no_of_atoms": 27, "centre_of_mass": [22.36564672368464, 17.709885140936464, 7.4333029252221365], "maximum_diameter": {"diameter": 10.145837545786332, "atom_1": 5, "atom_2": 26}, "pore_diameter": {"diameter": -1.8800768189262527, "atom": 16}, "pore_volume": -3.479568625925268, "pore_diameter_opt": {"diameter": -1.8800768189262527, "atom_1": 16, "centre_of_mass": [22.36564672368464, 17.709885140936464, 7.4333029252221365]}, "pore_volume_opt": -3.479568625925268, "windows": {"diameters": null, "centre_of_mass": null}}