{"no_of_atoms": 27, "centre_of_mass": [17.228217289592088, 15.197056542861374, 36.4615379954616], "maximum_diameter": {"diameter": 8.871322888637172, "atom_1": 2, "atom_2": 21}, "pore_diameter": {"diameter": -2.8751964428400694, "atom": 7}, "pore_volume": -12.445180209635142, "pore_diameter_opt": {"diameter": -2.8751964428400694, "atom_1": 7, "centre_of_mass": [17.228217289592088, 15.197056542861374, 36.4615379954616]}, "pore_volume_opt": -12.445180209635142, "windows": {"diameters": null, "centre_of_mass": null}}