{"no_of_atoms": 27, "centre_of_mass": [4.9367909015275036, 7.392536410529466, 24.77984286997903], "maximum_diameter": {"diameter": 10.246855503494746, "atom_1": 3, "atom_2": 17}, "pore_diameter": {"diameter": -1.9711236955005698, "atom": 8}, "pore_volume": -4.0099620139291074, "pore_diameter_opt": {"diameter": -1.9711236955005698, "atom_1": 8, "centre_of_mass": [4.9367909015275036, 7.392536410529466, 24.77984286997903]}, "pore_volume_opt": -4.0099620139291074, "windows": {"diameters": null, "centre_of_mass": null}}