{"no_of_atoms": 280, "centre_of_mass": [21.89355242889396, 17.740081576669347, 7.438135102428673], "maximum_diameter": {"diameter": 24.21610711990663, "atom_1": 152, "atom_2": 163}, "pore_diameter": {"diameter": 5.159693985952867, "atom": 94}, "pore_volume": 71.92344106011446, "pore_diameter_opt": {"diameter": 5.55008359853297, "atom_1": 201, "centre_of_mass": [21.994885926684717, 17.730539540605523, 7.271577301439746]}, "pore_volume_opt": 89.5152845640729, "windows": {"diameters": [2.2098162732173976, 1.8766081116478541, 3.335248889602515, 2.002475839404331], "centre_of_mass": [[24.68603954806917, 19.868867112671595, 11.45286882393733], [17.267523883562916, 18.633503484647207, 8.325581120105369], [23.36315060759006, 12.218176784969486, 6.872646130641669], [22.55815689605092, 20.795120940368477, 2.9419583153656443]]}}