{"no_of_atoms": 27, "centre_of_mass": [21.77535485304783, 16.747152254774285, 18.05502447773298], "maximum_diameter": {"diameter": 8.87173804030016, "atom_1": 2, "atom_2": 24}, "pore_diameter": {"diameter": -2.8756988376625143, "atom": 5}, "pore_volume": -12.451705141196554, "pore_diameter_opt": {"diameter": -2.8756988376625143, "atom_1": 5, "centre_of_mass": [21.77535485304783, 16.747152254774285, 18.05502447773298]}, "pore_volume_opt": -12.451705141196554, "windows": {"diameters": null, "centre_of_mass": null}}