{"no_of_atoms": 280, "centre_of_mass": [11.673932247542993, 2.3241066292212453, 10.67851714121971], "maximum_diameter": {"diameter": 24.216382053322636, "atom_1": 108, "atom_2": 236}, "pore_diameter": {"diameter": 5.159632771277149, "atom": 79}, "pore_volume": 71.9208811885996, "pore_diameter_opt": {"diameter": 5.550102928171837, "atom_1": 79, "centre_of_mass": [11.572609979164552, 2.3146642543418836, 10.845134593398345]}, "pore_volume_opt": 89.5162198495254, "windows": {"diameters": [1.959301599419002, 3.43521340994761, 2.0190138729219567, 2.349229210946708], "centre_of_mass": [[11.02990304429484, 5.3166933655071755, 15.026608896668073], [10.231772504049548, -4.396474680098599, 11.336868579667433], [15.936557541123308, 3.245985590761466, 10.02824498063174], [9.587822679735698, 4.159957312848362, 7.38748962536168]]}}