{"no_of_atoms": 27, "centre_of_mass": [16.29687815719087, 1.549989348456554, 9.203287946724474], "maximum_diameter": {"diameter": 8.872068002901617, "atom_1": 7, "atom_2": 21}, "pore_diameter": {"diameter": -2.876818244172487, "atom": 1}, "pore_volume": -12.466251810078914, "pore_diameter_opt": {"diameter": -2.876818244172487, "atom_1": 1, "centre_of_mass": [16.29687815719087, 1.549989348456554, 9.203287946724474]}, "pore_volume_opt": -12.466251810078914, "windows": {"diameters": null, "centre_of_mass": null}}