{"no_of_atoms": 21, "centre_of_mass": [24.543883879803094, 16.776289035061414, 14.164490876308008], "maximum_diameter": {"diameter": 7.455775014156677, "atom_1": 14, "atom_2": 20}, "pore_diameter": {"diameter": -3.9726641659907362, "atom": 1}, "pore_volume": -32.82798159702976, "pore_diameter_opt": {"diameter": -3.9726641659907362, "atom_1": 1, "centre_of_mass": [24.543883879803094, 16.776289035061414, 14.164490876308008]}, "pore_volume_opt": -32.82798159702976, "windows": {"diameters": null, "centre_of_mass": null}}