{"no_of_atoms": 277, "centre_of_mass": [30.806803299756684, 17.786288619360494, 21.28514493903338], "maximum_diameter": {"diameter": 24.375820719333564, "atom_1": 112, "atom_2": 231}, "pore_diameter": {"diameter": 5.591409603013176, "atom": 41}, "pore_volume": 91.52980693750771, "pore_diameter_opt": {"diameter": 6.433658341320781, "atom_1": 257, "centre_of_mass": [30.806836837772344, 17.786361274248584, 21.90715253067579]}, "pore_volume_opt": 139.4352579268134, "windows": {"diameters": [2.087080032057178, 2.3778329743912328, 2.1814354065022346, 2.211367445230517], "centre_of_mass": [[30.80659196686548, 17.7860120846729, 26.690614570435677], [28.12576024582767, 12.754604885554873, 19.24736471993022], [28.084382185915715, 21.179534266052624, 19.926751549145646], [35.04308046603551, 18.462952759468457, 19.948602009227834]]}}