{"no_of_atoms": 31, "centre_of_mass": [20.53782811266435, 11.857541633771636, 50.20145380345988], "maximum_diameter": {"diameter": 7.53567092501333, "atom_1": 13, "atom_2": 25}, "pore_diameter": {"diameter": -3.981067061025317, "atom": 4}, "pore_volume": -33.036733675462955, "pore_diameter_opt": {"diameter": -3.981067061025317, "atom_1": 4, "centre_of_mass": [20.53782811266435, 11.857541633771636, 50.20145380345988]}, "pore_volume_opt": -33.036733675462955, "windows": {"diameters": null, "centre_of_mass": null}}