{"no_of_atoms": 277, "centre_of_mass": [20.537763847176183, 11.85745816086919, 7.042576969483569], "maximum_diameter": {"diameter": 24.376389185569227, "atom_1": 7, "atom_2": 224}, "pore_diameter": {"diameter": 5.59196754247872, "atom": 82}, "pore_volume": 91.55720960938936, "pore_diameter_opt": {"diameter": 6.433780861881443, "atom_1": 92, "centre_of_mass": [20.537679016640062, 11.857188487685656, 6.4208633831424775]}, "pore_volume_opt": 139.44322416176527, "windows": {"diameters": [2.1247691499061054, 2.3407897273735787, 2.105572111078519, 2.088191755272415], "centre_of_mass": [[25.812052818325494, 11.493162342710166, 8.829631782657536], [17.52746689408997, 7.068378347441048, 9.054149509533097], [18.81033975326121, 16.066263941734437, 8.473137490117074], [20.538055492177474, 11.857427528245152, 1.6377401419593882]]}}