{"no_of_atoms": 21, "centre_of_mass": [18.280767759606185, 17.786143007460748, 42.491032581970465], "maximum_diameter": {"diameter": 7.455936409776038, "atom_1": 15, "atom_2": 17}, "pore_diameter": {"diameter": -3.972385664510424, "atom": 2}, "pore_volume": -32.821077917158924, "pore_diameter_opt": {"diameter": -3.972385664510424, "atom_1": 2, "centre_of_mass": [18.280767759606185, 17.786143007460748, 42.491032581970465]}, "pore_volume_opt": -32.821077917158924, "windows": {"diameters": null, "centre_of_mass": null}}