{"no_of_atoms": 224, "centre_of_mass": [-3.7585420857919227, 17.462997154283503, 11.6565842257015], "maximum_diameter": {"diameter": 25.647831635641193, "atom_1": 123, "atom_2": 221}, "pore_diameter": {"diameter": 0.07297005902911202, "atom": 110}, "pore_volume": 0.00020343829857903163, "pore_diameter_opt": {"diameter": 0.07306664572228838, "atom_1": 49, "centre_of_mass": [-3.758510223511789, 17.462965288815727, 11.656552360264525]}, "pore_volume_opt": 0.00020424721061227245, "windows": {"diameters": [0.21098473539448603, 0.22234986303827453], "centre_of_mass": [[-3.5447877375506844, 17.823084687166258, 11.92002714964491], [-3.5611126272591695, 17.926759163918078, 11.76653671948548]]}}