{"no_of_atoms": 44, "centre_of_mass": [-1.911138228810865, 7.921651388673047, 9.659328541372403], "maximum_diameter": {"diameter": 12.60460656331931, "atom_1": 23, "atom_2": 30}, "pore_diameter": {"diameter": -1.588407554109452, "atom": 28}, "pore_volume": -2.0983815241637163, "pore_diameter_opt": {"diameter": -1.588407554109452, "atom_1": 28, "centre_of_mass": [-1.911138228810865, 7.921651388673047, 9.659328541372403]}, "pore_volume_opt": -2.0983815241637163, "windows": {"diameters": null, "centre_of_mass": null}}