{"no_of_atoms": 90, "centre_of_mass": [3.267562872367226, 3.6415668909205374, 13.111348768872771], "maximum_diameter": {"diameter": 17.104166304748592, "atom_1": 38, "atom_2": 50}, "pore_diameter": {"diameter": -0.07061372121445286, "atom": 0}, "pore_volume": -0.0001843596683498567, "pore_diameter_opt": {"diameter": -0.07061372121445286, "atom_1": 0, "centre_of_mass": [3.267562872367226, 3.6415668909205374, 13.111348768872771]}, "pore_volume_opt": -0.0001843596683498567, "windows": {"diameters": null, "centre_of_mass": null}}