{"no_of_atoms": 44, "centre_of_mass": [3.3224577900583308, 1.902730220834836, 6.133520554705184], "maximum_diameter": {"diameter": 12.604606563319308, "atom_1": 23, "atom_2": 30}, "pore_diameter": {"diameter": -1.586644757926023, "atom": 28}, "pore_volume": -2.0914029965374863, "pore_diameter_opt": {"diameter": -1.586644757926023, "atom_1": 28, "centre_of_mass": [3.3224577900583308, 1.902730220834836, 6.133520554705184]}, "pore_volume_opt": -2.0914029965374863, "windows": {"diameters": null, "centre_of_mass": null}}