{"no_of_atoms": 90, "centre_of_mass": [0.0004053939508203356, 0.00025327672769674876, 10.051901330324773], "maximum_diameter": {"diameter": 17.244757622272257, "atom_1": 81, "atom_2": 83}, "pore_diameter": {"diameter": -0.17879976404481823, "atom": 2}, "pore_volume": -0.0029929498946739837, "pore_diameter_opt": {"diameter": -0.17879976404481823, "atom_1": 2, "centre_of_mass": [0.0004053939508203356, 0.00025327672769674876, 10.051901330324773]}, "pore_volume_opt": -0.0029929498946739837, "windows": {"diameters": null, "centre_of_mass": null}}