{"no_of_atoms": 344, "centre_of_mass": [3.48688267825673, 8.506390184021262, 7.3342118624272725], "maximum_diameter": {"diameter": 45.41424036620097, "atom_1": 275, "atom_2": 341}, "pore_diameter": {"diameter": 3.95125230960841, "atom": 168}, "pore_volume": 32.30002886372354, "pore_diameter_opt": {"diameter": 4.405608066781991, "atom_1": 293, "centre_of_mass": [3.6258080043563705, 8.200887557898364, 7.3071248595434914]}, "pore_volume_opt": 44.77300033294854, "windows": {"diameters": [3.465649931107579, 1.5515738472588745, 1.4747088444766319, 1.7396678523970115, 3.1640160024203445, 2.136131880861799], "centre_of_mass": [[5.548449870761004, 7.87896702466567, 9.111113244124962], [-0.9798415564906628, 10.333660101776836, 10.945384628900381], [4.4973550329226475, 5.070708036169433, 9.93424583469556], [1.5474607096928699, 3.1651696911424176, 8.201934929118156], [0.9412406031912424, 7.788148933455887, 7.683620764860275], [4.177604755878375, 11.81092132442279, 6.520970285023323]]}}