{"no_of_atoms": 102, "centre_of_mass": [-0.43050169801594906, 10.07393505594356, 13.892173403982925], "maximum_diameter": {"diameter": 22.01848427135826, "atom_1": 16, "atom_2": 87}, "pore_diameter": {"diameter": 0.4613236227361739, "atom": 75}, "pore_volume": 0.05140622394600289, "pore_diameter_opt": {"diameter": 0.46144287514100935, "atom_1": 75, "centre_of_mass": [-0.43046018830289257, 10.073976565656617, 13.892131894269866]}, "pore_volume_opt": 0.05144609986186771, "windows": {"diameters": [0.713328955605697, 0.7018648511054772], "centre_of_mass": [[-0.40052408718839483, 9.465573425626577, 13.41978422629114], [-0.4595009559996291, 10.7548030373389, 14.343153310834499]]}}