{"no_of_atoms": 102, "centre_of_mass": [7.861978076586983, 0.000246784432133686, 8.642456721559837e-05], "maximum_diameter": {"diameter": 21.42133506508885, "atom_1": 4, "atom_2": 100}, "pore_diameter": {"diameter": 0.4818714757419369, "atom": 57}, "pore_volume": 0.05858578853030568, "pore_diameter_opt": {"diameter": 0.4822147928736302, "atom_1": 57, "centre_of_mass": [7.862096763709347, 0.00036547205933095225, -3.2263362054905255e-05]}, "pore_volume_opt": 0.05871109894699236, "windows": {"diameters": [0.7176749715821535, 0.699586585662447], "centre_of_mass": [[7.872136241030595, -0.5630231499779471, -0.4323209858089597], [7.853883241166161, 0.650433140337349, 0.403387750938346]]}}