{"no_of_atoms": 124, "centre_of_mass": [-3.5182219244395005, 9.025656225161894, 3.736205972155545], "maximum_diameter": {"diameter": 28.276543224330922, "atom_1": 120, "atom_2": 122}, "pore_diameter": {"diameter": -1.1846615177221669, "atom": 7}, "pore_volume": -0.8705254368949183, "pore_diameter_opt": {"diameter": -1.1846615177221669, "atom_1": 7, "centre_of_mass": [-3.5182219244395005, 9.025656225161894, 3.736205972155545]}, "pore_volume_opt": -0.8705254368949183, "windows": {"diameters": null, "centre_of_mass": null}}