{"no_of_atoms": 21, "centre_of_mass": [-4.265915121261284, 0.5677908398851866, 20.787073655310127], "maximum_diameter": {"diameter": 8.767264200689201, "atom_1": 5, "atom_2": 7}, "pore_diameter": {"diameter": -0.7097423212923082, "atom": 8}, "pore_volume": -0.18719779551303395, "pore_diameter_opt": {"diameter": -0.7097423212923082, "atom_1": 8, "centre_of_mass": [-4.265915121261284, 0.5677908398851866, 20.787073655310127]}, "pore_volume_opt": -0.18719779551303395, "windows": {"diameters": null, "centre_of_mass": null}}