{"no_of_atoms": 24, "centre_of_mass": [10.790142228905117, 5.25253815771857, 6.912691118160193], "maximum_diameter": {"diameter": 9.830772327112935, "atom_1": 4, "atom_2": 17}, "pore_diameter": {"diameter": -1.6437657247486663, "atom": 5}, "pore_volume": -2.3255109224222705, "pore_diameter_opt": {"diameter": -1.6437657247486663, "atom_1": 5, "centre_of_mass": [10.790142228905117, 5.25253815771857, 6.912691118160193]}, "pore_volume_opt": -2.3255109224222705, "windows": {"diameters": null, "centre_of_mass": null}}