{"no_of_atoms": 432, "centre_of_mass": [11.902822299672053, 14.991429052898175, 6.6813470727618025], "maximum_diameter": {"diameter": 30.505229380325385, "atom_1": 405, "atom_2": 409}, "pore_diameter": {"diameter": 7.451064676207228, "atom": 270}, "pore_volume": 216.5975908303221, "pore_diameter_opt": {"diameter": 7.709780010541817, "atom_1": 261, "centre_of_mass": [11.840477033660946, 14.916508872685075, 6.570100835415076]}, "pore_volume_opt": 239.95211416332128, "windows": {"diameters": [2.1219477574220726, 2.0999493131306832, 1.9896624283214615], "centre_of_mass": [[19.023037958709644, 15.228475310008756, 5.721477647369636], [14.99035345221304, 17.76591316652387, 0.7890710341312692], [11.011343346300945, 14.45811967108251, -0.25485939963657867]]}}