{"no_of_atoms": 168, "centre_of_mass": [5.021250589381153, 12.23755750274712, 13.749000000000008], "maximum_diameter": {"diameter": 25.75078221018556, "atom_1": 91, "atom_2": 130}, "pore_diameter": {"diameter": 0.38348686902098583, "atom": 122}, "pore_volume": 0.029529093562262132, "pore_diameter_opt": {"diameter": 0.38397491725339394, "atom_1": 122, "centre_of_mass": [5.021416300241854, 12.237391791882594, 13.748834289134756]}, "pore_volume_opt": 0.029641978554833075, "windows": {"diameters": [0.5871056196950808, 0.7969764889157513], "centre_of_mass": [[5.227220463989432, 12.813081969071076, 13.893989887435334], [4.694813103844629, 11.57352743095571, 12.872353816868076]]}}