{"no_of_atoms": 418, "centre_of_mass": [40.00393303269198, 23.096286635577176, 16.331523237761452], "maximum_diameter": {"diameter": 25.603616347024076, "atom_1": 232, "atom_2": 416}, "pore_diameter": {"diameter": 5.707070370196355, "atom": 161}, "pore_volume": 97.3281133867889, "pore_diameter_opt": {"diameter": 5.7075250596633005, "atom_1": 141, "centre_of_mass": [40.00380438577457, 23.09631501409744, 16.33200855873773]}, "pore_volume_opt": 97.35137799945072, "windows": {"diameters": [1.6189268301605968, 1.2982113313788575], "centre_of_mass": [[42.927299413508194, 25.836394680562407, 22.0877929739427], [40.00382172055152, 16.076877077161104, 18.813201923264646]]}}