{"no_of_atoms": 632, "centre_of_mass": [9.08151640814897, 0.0003383768890213257, 22.951732918543005], "maximum_diameter": {"diameter": 30.589488799623837, "atom_1": 323, "atom_2": 463}, "pore_diameter": {"diameter": 4.549237205518017, "atom": 243}, "pore_volume": 49.29630514692406, "pore_diameter_opt": {"diameter": 4.550353440295773, "atom_1": 609, "centre_of_mass": [9.080943235754368, -0.0005342089523630723, 22.95156810667446]}, "pore_volume_opt": 49.33260117886672, "windows": {"diameters": [2.3465924315249773, 2.665703072557546], "centre_of_mass": [[12.86629458124974, 4.287967332478148, 23.230067114507815], [7.473284301987178, -2.882639175426231, 24.10386486997197]]}}