{"no_of_atoms": 632, "centre_of_mass": [1.4630268501593742, 16.487302045394188, 7.650229380822291], "maximum_diameter": {"diameter": 30.58948879962384, "atom_1": 311, "atom_2": 498}, "pore_diameter": {"diameter": 4.549334001957897, "atom": 243}, "pore_volume": 49.29945192174762, "pore_diameter_opt": {"diameter": 4.550111976745297, "atom_1": 602, "centre_of_mass": [1.4632098212107927, 16.487763011530937, 7.650468874560583]}, "pore_volume_opt": 49.324748123213006, "windows": {"diameters": [2.3547737039101277, 2.630867452909412], "centre_of_mass": [[4.763536749139311, 21.1266048561079, 6.764096255500024], [-1.281030166893518, 14.220321620002036, 7.8500418277642]]}}