{"no_of_atoms": 262, "centre_of_mass": [9.75754660855123, 33.82804013888839, 9.757546608551234], "maximum_diameter": {"diameter": 25.518442835802052, "atom_1": 184, "atom_2": 242}, "pore_diameter": {"diameter": 7.100772763168615, "atom": 122}, "pore_volume": 187.46295839064695, "pore_diameter_opt": {"diameter": 7.100866853977396, "atom_1": 65, "centre_of_mass": [9.75750036797774, 33.82803964270992, 9.757500423331024]}, "pore_volume_opt": 187.47041058311336, "windows": {"diameters": [4.400181141505557, 4.789387126781714, 4.87419800434999, 4.790268442153776], "centre_of_mass": [[14.462361373124168, 37.56362207154291, 11.942172293601192], [8.17327517701353, 36.3848141855842, 12.238060954019446], [7.418432377259892, 36.2941249622763, 8.162622911150718], [11.341854178120295, 36.38378269163935, 7.278551105801577]]}}