{"no_of_atoms": 262, "centre_of_mass": [29.27254660855122, 29.27254660855122, 5.201959861111597], "maximum_diameter": {"diameter": 25.51844283580206, "atom_1": 231, "atom_2": 237}, "pore_diameter": {"diameter": 7.100772763168661, "atom": 122}, "pore_volume": 187.4629583906506, "pore_diameter_opt": {"diameter": 7.100867684649079, "atom_1": 65, "centre_of_mass": [29.27249999880731, 29.272500000026564, 5.201960368835294]}, "pore_volume_opt": 187.4704763749594, "windows": {"diameters": [4.505658067634634, 4.461605492500583, 4.877488081465149, 4.839589109226303], "centre_of_mass": [[33.33461468660587, 25.888347398184397, 3.6287066217583828], [25.787527919914496, 25.24745166721977, 3.9601994784747525], [26.938510440740167, 30.86782091358802, 2.7391898776491495], [30.863308085457845, 31.66665131431438, 2.700600961691402]]}}