{"no_of_atoms": 288, "centre_of_mass": [6.184216566883868, 1.6363827862253228, 15.34227617113138], "maximum_diameter": {"diameter": 23.602043436609872, "atom_1": 241, "atom_2": 265}, "pore_diameter": {"diameter": -0.07522690250900865, "atom": 81}, "pore_volume": -0.00022290415413203508, "pore_diameter_opt": {"diameter": -0.07522690250900865, "atom_1": 81, "centre_of_mass": [6.184216566883868, 1.6363827862253228, 15.34227617113138]}, "pore_volume_opt": -0.00022290415413203508, "windows": {"diameters": null, "centre_of_mass": null}}