{"no_of_atoms": 292, "centre_of_mass": [3.7939031703534036, 11.323135858727174, 18.79743343535389], "maximum_diameter": {"diameter": 25.255255425400534, "atom_1": 74, "atom_2": 285}, "pore_diameter": {"diameter": 1.1334556054003277, "atom": 219}, "pore_volume": 0.7624513997070695, "pore_diameter_opt": {"diameter": 1.89683188224635, "atom_1": 101, "centre_of_mass": [4.360630973053567, 10.9291861808222, 19.364161238054056]}, "pore_volume_opt": 3.573428892140799, "windows": {"diameters": [1.950928474183288, 2.002699193177008, 2.022866881049097], "centre_of_mass": [[4.321756639373852, 9.075050391544886, 20.99292895887119], [5.095490491117515, 10.879178204434469, 17.97177830121514], [2.152363239399813, 12.86102666322981, 15.697796685918158]]}}