{"no_of_atoms": 272, "centre_of_mass": [21.224841044510715, 9.07747751020457, 12.588840286117762], "maximum_diameter": {"diameter": 23.24145204636523, "atom_1": 93, "atom_2": 268}, "pore_diameter": {"diameter": -0.6553221487149117, "atom": 88}, "pore_volume": -0.1473544182012826, "pore_diameter_opt": {"diameter": -0.6553221487149117, "atom_1": 88, "centre_of_mass": [21.224841044510715, 9.07747751020457, 12.588840286117762]}, "pore_volume_opt": -0.1473544182012826, "windows": {"diameters": null, "centre_of_mass": null}}