{"no_of_atoms": 89, "centre_of_mass": [-0.1762247249143039, 4.955381207387477, 13.833435599760826], "maximum_diameter": {"diameter": 27.14656600335737, "atom_1": 51, "atom_2": 80}, "pore_diameter": {"diameter": 4.888481388440354, "atom": 55}, "pore_volume": 61.16747040350892, "pore_diameter_opt": {"diameter": 4.894300373946166, "atom_1": 18, "centre_of_mass": [-0.17546876431030578, 4.954062305099616, 13.830954835033706]}, "pore_volume_opt": 61.386161923367915, "windows": {"diameters": [4.839081549307153, 4.781828541214196], "centre_of_mass": [[-1.5195734430673111, 4.143867857282347, 14.258492498392132], [0.5298896747119946, 5.806962031851651, 13.314802146555367]]}}