{"no_of_atoms": 90, "centre_of_mass": [7.99751814920196, 3.9509818507980428, 9.008614193502542], "maximum_diameter": {"diameter": 27.895034630701034, "atom_1": 48, "atom_2": 83}, "pore_diameter": {"diameter": 4.220340769875243, "atom": 61}, "pore_volume": 39.3587394085874, "pore_diameter_opt": {"diameter": 4.220354189046455, "atom_1": 15, "centre_of_mass": [7.9975124044167885, 3.9509783733827506, 9.008614159336924]}, "pore_volume_opt": 39.35911484984037, "windows": {"diameters": [4.250114038872388, 4.212374940740855], "centre_of_mass": [[6.627353047742567, 5.037530328674978, 10.293101388252447], [9.324710109747707, 2.886525976292921, 7.792244331622878]]}}