{"no_of_atoms": 90, "centre_of_mass": [4.033712439829206, -0.8591019056707014, 7.432315370481552], "maximum_diameter": {"diameter": 27.536905171365827, "atom_1": 53, "atom_2": 82}, "pore_diameter": {"diameter": 4.3499010639066125, "atom": 0}, "pore_volume": 43.09597991642427, "pore_diameter_opt": {"diameter": 4.35062647229779, "atom_1": 83, "centre_of_mass": [4.0336110909890746, -0.8594389931468466, 7.432402908417741]}, "pore_volume_opt": 43.11754413044131, "windows": {"diameters": [4.4549088332814755, 4.377122337750896], "centre_of_mass": [[4.5227570245556725, -1.0900715878918634, 7.094324717504324], [3.8723979958313137, -0.8820563843285985, 7.156146957807504]]}}