{"no_of_atoms": 426, "centre_of_mass": [28.813136842572654, 13.26023097708379, 1.31920292027194], "maximum_diameter": {"diameter": 30.26113099387998, "atom_1": 12, "atom_2": 424}, "pore_diameter": {"diameter": 5.144177948199744, "atom": 99}, "pore_volume": 71.27653391778625, "pore_diameter_opt": {"diameter": 6.584039917530493, "atom_1": 257, "centre_of_mass": [28.668915985396588, 12.48347042374582, 1.1948059182922812]}, "pore_volume_opt": 149.44314135673736, "windows": {"diameters": [4.258572899182463, 5.972776954444379, 4.5780788626847375, 4.885518995487871], "centre_of_mass": [[25.73913023839495, 15.64269749321912, 4.909957039556934], [34.052392772824945, 11.825158664747123, 5.532875499647825], [26.462930713365342, 7.908519331242251, -1.5443103291591027], [30.8928668073789, 17.590364476110047, -4.3419121307099715]]}}