{"no_of_atoms": 480, "centre_of_mass": [9.187850295772681e-05, 9.187850295819192e-05, 20.378423080059775], "maximum_diameter": {"diameter": 31.38172110944006, "atom_1": 206, "atom_2": 321}, "pore_diameter": {"diameter": 5.712846163977331, "atom": 90}, "pore_volume": 97.62391290413008, "pore_diameter_opt": {"diameter": 6.049000000722784, "atom_1": 90, "centre_of_mass": [9.57468166106615e-05, 9.574681661112661e-05, 20.546499998344128]}, "pore_volume_opt": 115.89091078399768, "windows": {"diameters": [1.8727329033701108, 1.8295201252380155, 1.9882523118093371, 1.8386459468262593, 1.9123986582149333, 2.0789595649104284, 1.8926854209331032, 2.095816799795229], "centre_of_mass": [[-5.702804488676923, 1.407038724114876, 21.141726482883264], [-1.545054180108609, -6.012062152605495, 21.244096205835046], [6.98484250878208, -1.7398593749976197, 21.6034619754577], [1.4868756260622247, 5.883890880326181, 21.203291065989884], [2.6946953623267786, -5.619729189206433, 18.95482637862908], [-3.193016039569108, 6.745194098192826, 18.994069964933907], [6.227559275299284, 2.9418923487139526, 18.94178997527672], [-5.198907033708474, -2.5211557469431085, 18.95041541685626]]}}