{"no_of_atoms": 98, "centre_of_mass": [6.914773808916407, 15.133830912401262, 26.378392651823166], "maximum_diameter": {"diameter": 19.921391554767812, "atom_1": 0, "atom_2": 89}, "pore_diameter": {"diameter": 0.9469876026510038, "atom": 63}, "pore_volume": 0.4446635213752182, "pore_diameter_opt": {"diameter": 0.9473019119156625, "atom_1": 31, "centre_of_mass": [6.9148568896177816, 15.133713077675349, 26.37827109159614]}, "pore_volume_opt": 0.445106425559168, "windows": {"diameters": [1.3727592303421874, 1.7914200503752848], "centre_of_mass": [[6.601888735329663, 14.204183077182279, 26.547638532819278], [6.611573085742284, 16.484363202212506, 26.004311058498047]]}}