{"no_of_atoms": 98, "centre_of_mass": [3.4572840524357416, 19.090873978199156, 13.18932986264227], "maximum_diameter": {"diameter": 19.921634089883483, "atom_1": 18, "atom_2": 76}, "pore_diameter": {"diameter": 0.9460597582601524, "atom": 15}, "pore_volume": 0.44335777741409815, "pore_diameter_opt": {"diameter": 0.9467050231594838, "atom_1": 80, "centre_of_mass": [3.45745456748966, 19.09063188190359, 13.189080321275771]}, "pore_volume_opt": 0.4442655796263528, "windows": {"diameters": [1.3726841624808506, 1.7910283703250336], "centre_of_mass": [[3.144106467666668, 18.160647595740812, 13.358536604267536], [3.1546437821848685, 20.44163881084175, 12.815128620359072]]}}