{"no_of_atoms": 270, "centre_of_mass": [14.004004258773117, 8.08518186596737, 8.309253449213314], "maximum_diameter": {"diameter": 30.829091088246987, "atom_1": 52, "atom_2": 268}, "pore_diameter": {"diameter": 8.302105655506635, "atom": 70}, "pore_volume": 299.6148884422558, "pore_diameter_opt": {"diameter": 8.538906933792681, "atom_1": 51, "centre_of_mass": [14.004034642308646, 8.085200363644752, 8.940809871474587]}, "pore_volume_opt": 325.9908893978492, "windows": {"diameters": [6.597464487301874, 6.612298580594409, 6.603505272910551, 6.272015939288517], "centre_of_mass": [[17.36631455232662, 10.623122002326546, 10.104947853594165], [14.547187609514395, 3.6931277603550345, 10.170475539750555], [10.001594175397031, 9.78011921954929, 10.146568852526835], [14.003878976489258, 8.08537880407655, 3.769433970081292]]}}