{"no_of_atoms": 270, "centre_of_mass": [-4.258773122098791e-06, 16.170404716224702, 26.064746550786698], "maximum_diameter": {"diameter": 30.829562474844188, "atom_1": 163, "atom_2": 227}, "pore_diameter": {"diameter": 8.301877004385206, "atom": 204}, "pore_volume": 299.5901337367691, "pore_diameter_opt": {"diameter": 8.516199884396192, "atom_1": 34, "centre_of_mass": [0.00504656765117772, 16.186242203868385, 25.42433516393862]}, "pore_volume_opt": 323.39712971935774, "windows": {"diameters": [6.271259033196417, 6.6036077179141675, 6.6106240557663885, 6.596930535273014], "centre_of_mass": [[-8.555809868088671e-05, 16.17004237632341, 30.602034589271796], [-3.4599702813282605, 13.558926227780184, 24.231918224457914], [-0.541867335835251, 20.549961100574876, 24.20687198892245], [3.868665432332617, 14.531818870249408, 24.273125780864227]]}}