{"no_of_atoms": 270, "centre_of_mass": [4.2587731219065345e-06, 16.17040471622471, 8.877746550786693], "maximum_diameter": {"diameter": 30.829562474844185, "atom_1": 25, "atom_2": 268}, "pore_diameter": {"diameter": 8.301877004385217, "atom": 218}, "pore_volume": 299.5901337367702, "pore_diameter_opt": {"diameter": 8.303022807818115, "atom_1": 218, "centre_of_mass": [0.00026535254671359367, 16.17007816859822, 8.877286413179107]}, "pore_volume_opt": 299.7141968070088, "windows": {"diameters": [6.27864168397813, 6.582032939668025, 6.6638513735314095, 6.599820260306595], "centre_of_mass": [[0.00013816855920454398, 16.169990437835196, 13.513369370576154], [-3.996456121180228, 14.485435420359298, 7.430573512301849], [0.5788412714585944, 20.84689275816387, 6.927895327514536], [3.413307188800137, 13.594260011688055, 7.062924484846177]]}}