{"no_of_atoms": 20, "centre_of_mass": [3.8483372322402483, 5.952151071039014, 6.703011696720743], "maximum_diameter": {"diameter": 9.852709951509963, "atom_1": 14, "atom_2": 17}, "pore_diameter": {"diameter": -1.9439810400177395, "atom": 3}, "pore_volume": -3.8465793596705598, "pore_diameter_opt": {"diameter": -1.9439810400177395, "atom_1": 3, "centre_of_mass": [3.8483372322402483, 5.952151071039014, 6.703011696720743]}, "pore_volume_opt": -3.8465793596705598, "windows": {"diameters": null, "centre_of_mass": null}}