{"no_of_atoms": 140, "centre_of_mass": [9.078152729915566, -0.7123870195026342, 6.729634691318871], "maximum_diameter": {"diameter": 21.58747335313844, "atom_1": 70, "atom_2": 111}, "pore_diameter": {"diameter": 4.554838313560712, "atom": 123}, "pore_volume": 49.47861309111069, "pore_diameter_opt": {"diameter": 4.5550695558448915, "atom_1": 5, "centre_of_mass": [9.078159670830443, -0.7123802934683073, 6.729519437585582]}, "pore_volume_opt": 49.48614933780147, "windows": {"diameters": [4.182540699593288, 4.280636460958306], "centre_of_mass": [[10.897256190344565, -2.5591067329904504, 6.544404342119925], [7.060111132706741, 1.4436077623480958, 6.993435116929991]]}}