{"no_of_atoms": 28, "centre_of_mass": [2.932374696388441, 1.7480566363244268, 9.226670981544952], "maximum_diameter": {"diameter": 6.759788313885261, "atom_1": 13, "atom_2": 19}, "pore_diameter": {"diameter": -0.8020891963505319, "atom": 11}, "pore_volume": -0.270188352026874, "pore_diameter_opt": {"diameter": -0.8020891963505319, "atom_1": 11, "centre_of_mass": [2.932374696388441, 1.7480566363244268, 9.226670981544952]}, "pore_volume_opt": -0.270188352026874, "windows": {"diameters": null, "centre_of_mass": null}}