{"no_of_atoms": 178, "centre_of_mass": [1.1637804977476836, 3.160437323805851, 16.782081077337594], "maximum_diameter": {"diameter": 25.983417002579497, "atom_1": 58, "atom_2": 153}, "pore_diameter": {"diameter": -0.3053444779349661, "atom": 107}, "pore_volume": -0.014906264845875688, "pore_diameter_opt": {"diameter": -0.3053444779349661, "atom_1": 107, "centre_of_mass": [1.1637804977476836, 3.160437323805851, 16.782081077337594]}, "pore_volume_opt": -0.014906264845875688, "windows": {"diameters": null, "centre_of_mass": null}}