{"no_of_atoms": 32, "centre_of_mass": [3.3941255802573176, 8.000093130025217, 9.159398136380009], "maximum_diameter": {"diameter": 13.525230960328757, "atom_1": 7, "atom_2": 28}, "pore_diameter": {"diameter": -2.1539844871571336, "atom": 8}, "pore_volume": -5.232706016880759, "pore_diameter_opt": {"diameter": -2.1539844871571336, "atom_1": 8, "centre_of_mass": [3.3941255802573176, 8.000093130025217, 9.159398136380009]}, "pore_volume_opt": -5.232706016880759, "windows": {"diameters": null, "centre_of_mass": null}}