{"no_of_atoms": 30, "centre_of_mass": [2.540406020775069, 18.390507750699157, 9.27246210547343], "maximum_diameter": {"diameter": 10.717566456549553, "atom_1": 7, "atom_2": 27}, "pore_diameter": {"diameter": -0.9431541742786091, "atom": 8}, "pore_volume": -0.4392853257328544, "pore_diameter_opt": {"diameter": -0.9431541742786091, "atom_1": 8, "centre_of_mass": [2.540406020775069, 18.390507750699157, 9.27246210547343]}, "pore_volume_opt": -0.4392853257328544, "windows": {"diameters": null, "centre_of_mass": null}}