{"no_of_atoms": 52, "centre_of_mass": [12.904337042070471, 7.851848963246886, 28.179697347587723], "maximum_diameter": {"diameter": 11.77229566483718, "atom_1": 5, "atom_2": 51}, "pore_diameter": {"diameter": -2.9212750300949546, "atom": 20}, "pore_volume": -13.05316903176058, "pore_diameter_opt": {"diameter": -2.9212750300949546, "atom_1": 20, "centre_of_mass": [12.904337042070471, 7.851848963246886, 28.179697347587723]}, "pore_volume_opt": -13.05316903176058, "windows": {"diameters": null, "centre_of_mass": null}}