{"no_of_atoms": 273, "centre_of_mass": [1.173026346632811, 20.884781462984993, 9.309473790988605], "maximum_diameter": {"diameter": 27.720423508626475, "atom_1": 8, "atom_2": 267}, "pore_diameter": {"diameter": 6.642857313109229, "atom": 141}, "pore_volume": 153.48410084770924, "pore_diameter_opt": {"diameter": 7.137260919926092, "atom_1": 141, "centre_of_mass": [1.244611453176265, 20.655253553973395, 9.252017220251565]}, "pore_volume_opt": 190.36773536608666, "windows": {"diameters": [7.540064197546929, 7.102901905577529, 7.149375741629012], "centre_of_mass": [[7.783919673890029, 20.059961830446362, 11.882599585707828], [-2.9384467570707873, 18.07546410347494, 12.78855414796843], [0.8104613040636683, 18.398453691257494, 2.817284852182814]]}}