{"no_of_atoms": 52, "centre_of_mass": [4.094744943230922, 9.138101216197494, 9.72658170821816], "maximum_diameter": {"diameter": 11.911335352108956, "atom_1": 34, "atom_2": 42}, "pore_diameter": {"diameter": -2.66788007770631, "atom": 16}, "pore_volume": -9.942544288898468, "pore_diameter_opt": {"diameter": -2.66788007770631, "atom_1": 16, "centre_of_mass": [4.094744943230922, 9.138101216197494, 9.72658170821816]}, "pore_volume_opt": -9.942544288898468, "windows": {"diameters": null, "centre_of_mass": null}}