{"no_of_atoms": 102, "centre_of_mass": [2.5564055020359513, 9.301162208667174, 5.229454327927994], "maximum_diameter": {"diameter": 15.716704990506368, "atom_1": 15, "atom_2": 88}, "pore_diameter": {"diameter": 0.7422637605033673, "atom": 68}, "pore_volume": 0.214127967610723, "pore_diameter_opt": {"diameter": 0.8373152541195963, "atom_1": 12, "centre_of_mass": [2.5116030994088505, 9.326821359654328, 5.223646587864672]}, "pore_volume_opt": 0.30737294057236664, "windows": {"diameters": [], "centre_of_mass": []}}