{"no_of_atoms": 304, "centre_of_mass": [0.00019181061557807223, 0.0001918106155776043, 0.00019181061557752062], "maximum_diameter": {"diameter": 23.655633490109057, "atom_1": 67, "atom_2": 220}, "pore_diameter": {"diameter": 7.3364346139271905, "atom": 39}, "pore_volume": 206.75393124229453, "pore_diameter_opt": {"diameter": 7.336857465058804, "atom_1": 213, "centre_of_mass": [-4.5195632293761745e-05, -4.519561051180649e-05, -4.5195610511890164e-05]}, "pore_volume_opt": 206.78968342062709, "windows": {"diameters": [3.8791653561137136, 3.878713512339275, 3.879319134441276, 3.8966059407738807], "centre_of_mass": [[2.3554858905860345, -2.354501923298757, 2.3555294216192486], [-2.3502611894936907, 2.351205795191881, 2.3512172703297245], [2.3570170507077823, 2.3569840487906104, -2.356036328251879], [-2.4501000173196634, -2.4501455431046733, -2.4500839685026383]]}}