{"no_of_atoms": 412, "centre_of_mass": [18.6691328026898, 16.67090165161702, 8.931354540946177], "maximum_diameter": {"diameter": 28.261284262027242, "atom_1": 153, "atom_2": 347}, "pore_diameter": {"diameter": 9.525714244047217, "atom": 238}, "pore_volume": 452.57573983340916, "pore_diameter_opt": {"diameter": 10.183851863582548, "atom_1": 32, "centre_of_mass": [19.040685805352283, 16.58978769801018, 8.950874041009527]}, "pore_volume_opt": 553.0123655282927, "windows": {"diameters": [4.8184368553838315, 4.515142398186974, 4.503996889140788, 4.816299520139868], "centre_of_mass": [[15.158407546893777, 19.082757240894882, 13.773784938280944], [22.31650863232186, 12.095273989941756, 10.958496824997484], [22.287273841849693, 21.207783888867176, 6.918132742698447], [15.162408219210064, 14.260647382592365, 4.093713380541545]]}}