{"no_of_atoms": 364, "centre_of_mass": [0.00034996404347755264, 0.0002721831980074343, 6.570218095617778e-05], "maximum_diameter": {"diameter": 27.668996992867783, "atom_1": 136, "atom_2": 295}, "pore_diameter": {"diameter": 10.355211042476135, "atom": 188}, "pore_volume": 581.4006131512052, "pore_diameter_opt": {"diameter": 10.355595246646056, "atom_1": 159, "centre_of_mass": [0.000349970665024453, 0.00010437537454554954, -2.7808713435111476e-05]}, "pore_volume_opt": 581.4653297929947, "windows": {"diameters": [6.788008009102997, 6.791888002526612, 6.863795359701921, 6.852613876484396], "centre_of_mass": [[0.0004769852881029532, -4.684192011698257, 1.6563489533396691], [-4.099478291427931, 2.3668366899518714, 1.6738436818941294], [4.767478066486149, 2.7526267552902204, 1.9457979768111409], [0.0004889972717687271, 0.00022492669208699673, -5.749041397642983]]}}