{"no_of_atoms": 424, "centre_of_mass": [23.745738214921804, 24.68603558942677, 5.382227831233017], "maximum_diameter": {"diameter": 32.18090182696417, "atom_1": 260, "atom_2": 374}, "pore_diameter": {"diameter": 12.802893237840172, "atom": 400}, "pore_volume": 1098.810989340641, "pore_diameter_opt": {"diameter": 13.30280958126792, "atom_1": 400, "centre_of_mass": [23.81111948012889, 24.647115214022932, 5.10259342974905]}, "pore_volume_opt": 1232.6186826395876, "windows": {"diameters": [8.519295745358818, 9.883960100025888, 9.170447916062853, 9.883169041183525], "centre_of_mass": [[23.851691657211518, 24.60253264095468, 11.207774251768157], [18.449442986891462, 27.430122077670223, 3.3425912458491576], [23.73841444997576, 18.96342626292488, 3.6017723997815856], [28.923034600140134, 27.569740338311803, 3.0487214612956746]]}}