{"no_of_atoms": 973, "centre_of_mass": [8.941249066761621, 24.244014749294063, 19.057292018485825], "maximum_diameter": {"diameter": 53.45866812051635, "atom_1": 838, "atom_2": 953}, "pore_diameter": {"diameter": -0.13964610780395015, "atom": 175}, "pore_volume": -0.0014258870644725703, "pore_diameter_opt": {"diameter": -0.13964610780395015, "atom_1": 175, "centre_of_mass": [8.941249066761621, 24.244014749294063, 19.057292018485825]}, "pore_volume_opt": -0.0014258870644725703, "windows": {"diameters": null, "centre_of_mass": null}}