{"no_of_atoms": 131, "centre_of_mass": [1.0773060771325755, 1.8658923355121126, 13.023645222033421], "maximum_diameter": {"diameter": 20.332679637144174, "atom_1": 60, "atom_2": 78}, "pore_diameter": {"diameter": 5.474397713504722, "atom": 73}, "pore_volume": 85.90286709674602, "pore_diameter_opt": {"diameter": 5.633604664896552, "atom_1": 73, "centre_of_mass": [0.959514256487584, 1.6615000501677284, 13.024183460456685]}, "pore_volume_opt": 93.6176476539679, "windows": {"diameters": [4.5972743866224, 5.106351289744062, 4.683249806282717], "centre_of_mass": [[-0.36039330176387163, 1.2311777942140099, 15.120749736180652], [1.3291827487124905, 3.339945729587769, 13.221541739271482], [1.3984351948978233, -0.3895021712722637, 10.157581986036046]]}}