{"no_of_atoms": 290, "centre_of_mass": [29.17222070676047, 29.172220706760452, 29.172220706760452], "maximum_diameter": {"diameter": 24.29354216311806, "atom_1": 148, "atom_2": 237}, "pore_diameter": {"diameter": 5.338165004153808, "atom": 37}, "pore_volume": 79.64795027134612, "pore_diameter_opt": {"diameter": 5.338165004153808, "atom_1": 27, "centre_of_mass": [29.172220706760427, 29.17222070676041, 29.17222070676041]}, "pore_volume_opt": 79.64795027134612, "windows": {"diameters": [4.803845284752974, 4.727072282996172, 4.768953704041623], "centre_of_mass": [[30.66992332369848, 25.884796158106358, 31.179169139549483], [27.49248790399738, 30.05959371405104, 30.138637915239556], [31.09921409477132, 30.623067215848344, 26.00958980752023]]}}