{"no_of_atoms": 290, "centre_of_mass": [14.564881164239996, 7.303619852755339, 36.43351730866073], "maximum_diameter": {"diameter": 24.294209685177538, "atom_1": 30, "atom_2": 270}, "pore_diameter": {"diameter": 5.337176431864444, "atom": 137}, "pore_volume": 79.60370856508192, "pore_diameter_opt": {"diameter": 5.448908891853138, "atom_1": 146, "centre_of_mass": [14.513415305567856, 7.356283392525295, 36.3814099516609]}, "pore_volume_opt": 84.70855266443375, "windows": {"diameters": [4.738958491840002, 4.718904333078708, 4.768004484067623], "centre_of_mass": [[13.619531058527691, 8.302951233028505, 38.227083573202336], [16.20176857587184, 8.170275814807294, 35.487402415322116], [13.115510762153404, 4.145433238681538, 34.50976086071981]]}}