{"no_of_atoms": 290, "centre_of_mass": [40.10643811965596, 40.106438119655955, 40.106438119655955], "maximum_diameter": {"diameter": 24.29420968517756, "atom_1": 98, "atom_2": 246}, "pore_diameter": {"diameter": 5.3386216042508075, "atom": 44}, "pore_volume": 79.6683900887112, "pore_diameter_opt": {"diameter": 5.3386216042508075, "atom_1": 44, "centre_of_mass": [40.10643811965596, 40.106438119655955, 40.106438119655955]}, "pore_volume_opt": 79.6683900887112, "windows": {"diameters": [4.741860218270467, 4.738478132635555, 4.761579578752265], "centre_of_mass": [[38.145224089511444, 41.16921246243258, 41.15882790201776], [41.04905430037887, 38.31757490841973, 41.10468303908765], [41.54519682197891, 42.01211204350574, 36.97651446932908]]}}