{"no_of_atoms": 319, "centre_of_mass": [9.200149122375132, 5.587721623628123, 12.296262160759714], "maximum_diameter": {"diameter": 25.54135913214134, "atom_1": 90, "atom_2": 244}, "pore_diameter": {"diameter": 0.5842515862624369, "atom": 165}, "pore_volume": 0.10442351860000103, "pore_diameter_opt": {"diameter": 0.8783178480251257, "atom_1": 165, "centre_of_mass": [9.22078378089998, 5.589959100687666, 12.141605209295863]}, "pore_volume_opt": 0.3547756025491317, "windows": {"diameters": [0.9497210028466911, 0.9833765524439215], "centre_of_mass": [[9.021717229893696, 4.887324935265862, 12.058767025309828], [9.755441684445351, 6.070246965512308, 12.231674063535598]]}}