{"no_of_atoms": 24, "centre_of_mass": [22.88020546763356, 30.992224973919278, 29.904884256401996], "maximum_diameter": {"diameter": 7.668177591574082, "atom_1": 12, "atom_2": 23}, "pore_diameter": {"diameter": -2.8637873085490435, "atom": 2}, "pore_volume": -12.297615285074777, "pore_diameter_opt": {"diameter": -2.8637873085490435, "atom_1": 2, "centre_of_mass": [22.88020546763356, 30.992224973919278, 29.904884256401996]}, "pore_volume_opt": -12.297615285074777, "windows": {"diameters": null, "centre_of_mass": null}}