{"no_of_atoms": 24, "centre_of_mass": [8.883473334434395, 1.1407750260807148, 8.587145886441085], "maximum_diameter": {"diameter": 7.666774145023522, "atom_1": 1, "atom_2": 23}, "pore_diameter": {"diameter": -2.8644939593120817, "atom": 3}, "pore_volume": -12.306720986147143, "pore_diameter_opt": {"diameter": -2.8644939593120817, "atom_1": 3, "centre_of_mass": [8.883473334434395, 1.1407750260807148, 8.587145886441085]}, "pore_volume_opt": -12.306720986147143, "windows": {"diameters": null, "centre_of_mass": null}}