{"no_of_atoms": 24, "centre_of_mass": [8.88332151322439, 14.925697851539788, 12.73066167118362], "maximum_diameter": {"diameter": 7.66696615177219, "atom_1": 9, "atom_2": 22}, "pore_diameter": {"diameter": -2.863137693989785, "atom": 2}, "pore_volume": -12.289248499692047, "pore_diameter_opt": {"diameter": -2.863137693989785, "atom_1": 2, "centre_of_mass": [8.88332151322439, 14.925697851539788, 12.73066167118362]}, "pore_volume_opt": -12.289248499692047, "windows": {"diameters": null, "centre_of_mass": null}}