{"no_of_atoms": 22, "centre_of_mass": [31.557662871937794, 18.50162948030003, 23.605447560602034], "maximum_diameter": {"diameter": 8.514169164144562, "atom_1": 16, "atom_2": 19}, "pore_diameter": {"diameter": -2.019896893991073, "atom": 7}, "pore_volume": -4.315053914885828, "pore_diameter_opt": {"diameter": -2.019896893991073, "atom_1": 7, "centre_of_mass": [31.557662871937794, 18.50162948030003, 23.605447560602034]}, "pore_volume_opt": -4.315053914885828, "windows": {"diameters": null, "centre_of_mass": null}}