{"no_of_atoms": 22, "centre_of_mass": [31.578520767246754, 28.362468313025616, 9.684725860484422], "maximum_diameter": {"diameter": 8.513430271188016, "atom_1": 2, "atom_2": 19}, "pore_diameter": {"diameter": -2.0203206823877684, "atom": 5}, "pore_volume": -4.317770469597315, "pore_diameter_opt": {"diameter": -2.0203206823877684, "atom_1": 5, "centre_of_mass": [31.578520767246754, 28.362468313025616, 9.684725860484422]}, "pore_volume_opt": -4.317770469597315, "windows": {"diameters": null, "centre_of_mass": null}}