{"no_of_atoms": 672, "centre_of_mass": [6.879719067817387, 2.8584969857696835e-16, 21.38963886241823], "maximum_diameter": {"diameter": 34.52952889919728, "atom_1": 167, "atom_2": 543}, "pore_diameter": {"diameter": 12.255557995335133, "atom": 18}, "pore_volume": 963.8243424362774, "pore_diameter_opt": {"diameter": 12.255557995335133, "atom_1": 18, "centre_of_mass": [6.879719067817387, 2.8584969857696835e-16, 21.38963886241823]}, "pore_volume_opt": 963.8243424362774, "windows": {"diameters": [3.345388959675009, 10.759171312646025, 10.744865596249536, 2.8223712776016137, 3.4263838342554593, 3.324456903467111, 3.2215647961556555, 3.4194962131012354], "centre_of_mass": [[6.8794855653751, 2.2090585216359795, 27.765234117725942], [14.807486892828926, 4.2013530989906645e-05, 21.390042872488014], [-0.8235564186145439, 3.546273144748032e-05, 21.390050614480206], [5.294973379464858, -8.599863914510365, 26.35457498911521], [6.879496998157979, 9.74783551072842, 27.017537566012212], [6.8795009166485634, 6.681237372021678, 20.073634081134646], [6.879521120909727, -5.851295145915816, 18.011118170729425], [6.879524687618312, 5.557425731201331e-06, 10.204117702472198]]}}