{"no_of_atoms": 278, "centre_of_mass": [25.74967707423812, 4.796701968625878, 5.943557067001484], "maximum_diameter": {"diameter": 29.452846828499013, "atom_1": 224, "atom_2": 251}, "pore_diameter": {"diameter": 7.955965114435449, "atom": 108}, "pore_volume": 263.68002594887406, "pore_diameter_opt": {"diameter": 8.419904340567465, "atom_1": 105, "centre_of_mass": [25.60147017800027, 4.5704333132681345, 5.975666746379919]}, "pore_volume_opt": 312.55042565570045, "windows": {"diameters": [4.637466719443461, 4.860138948416235, 4.297064078486418, 4.629972786114694, 4.665196934208836], "centre_of_mass": [[31.282769736603463, 4.708552218840553, 9.936313954136095], [26.560676332801098, 8.770589154562984, 5.656144026930954], [24.803821501178497, -0.035271384837772146, 4.695873613233131], [21.131770487947346, 5.541550397661885, 5.341687476146949], [30.760767010905653, 3.539136699647254, 5.120774483408251]]}}