{"no_of_atoms": 278, "centre_of_mass": [24.82235461415123, 23.82677191870707, 9.20162351847846], "maximum_diameter": {"diameter": 30.195028681049035, "atom_1": 1, "atom_2": 270}, "pore_diameter": {"diameter": 8.137648525463149, "atom": 211}, "pore_volume": 282.15997424698435, "pore_diameter_opt": {"diameter": 8.208384946824284, "atom_1": 211, "centre_of_mass": [24.8209663321071, 23.775251085043493, 9.124301180417728]}, "pore_volume_opt": 289.5821365849654, "windows": {"diameters": [4.541254760552524, 4.605866060059482, 4.608690408321259, 4.672206172840763], "centre_of_mass": [[23.508472109680426, 28.141571627416546, 8.369243526514786], [20.35274012965504, 22.498035817321586, 8.894923020486642], [26.140308522891875, 19.417600540466278, 8.049436328347058], [29.21327035110954, 25.343548383281227, 8.0272036637516]]}}