{"no_of_atoms": 278, "centre_of_mass": [8.324677074238126, 5.021097794834892, 18.32334716246942], "maximum_diameter": {"diameter": 29.452846828499013, "atom_1": 268, "atom_2": 272}, "pore_diameter": {"diameter": 7.955763452361699, "atom": 161}, "pore_volume": 263.6599757429231, "pore_diameter_opt": {"diameter": 8.419896472284941, "atom_1": 164, "centre_of_mass": [8.176429192713947, 5.2475117400630715, 18.29119054889628]}, "pore_volume_opt": 312.5495494345508, "windows": {"diameters": [4.662957658227171, 4.217149348866279, 4.468838589468554, 5.661202250522013], "centre_of_mass": [[3.76827569374539, 4.3638119118138405, 19.426196361755483], [7.15416963382169, 9.979176472692785, 18.660480530313848], [11.537228368289547, 5.808268500537121, 21.688957812572404], [9.146880798254422, -1.6037498825678211, 19.56383907637171]]}}