{"no_of_atoms": 278, "centre_of_mass": [26.52532292576187, -3.7825646438934166, 42.59027105041917], "maximum_diameter": {"diameter": 29.45284682849903, "atom_1": 243, "atom_2": 258}, "pore_diameter": {"diameter": 7.956052821319345, "atom": 114}, "pore_volume": 263.6887465030889, "pore_diameter_opt": {"diameter": 8.419867340196094, "atom_1": 135, "centre_of_mass": [26.673154913412347, -3.5557569004664806, 42.5582357617612]}, "pore_volume_opt": 312.54630526530116, "windows": {"diameters": [4.276886335530282, 5.158285100078487, 5.33400025791299, 4.76369326384204], "centre_of_mass": [[27.46694777544588, 1.1270853471212137, 43.85847437590574], [33.30871844465926, -4.154494774154888, 44.62908002354458], [25.594316366971405, -9.793846443942245, 43.539138078183036], [20.186041195850557, -2.705131163042936, 45.183232040410466]]}}