{"no_of_atoms": 278, "centre_of_mass": [10.027645830356715, -4.191187135431151, 39.33227269685391], "maximum_diameter": {"diameter": 30.19502868104903, "atom_1": 2, "atom_2": 273}, "pore_diameter": {"diameter": 8.138249686108646, "atom": 205}, "pore_volume": 282.22251172428895, "pore_diameter_opt": {"diameter": 8.207771094549106, "atom_1": 205, "centre_of_mass": [10.029532756598398, -4.139973652983257, 39.40936248867456]}, "pore_volume_opt": 289.5171734912625, "windows": {"diameters": [5.205037010974667, 5.091356617877226, 4.6116335011443805, 4.801376601883044], "centre_of_mass": [[3.8949047854242025, -6.798080391438174, 41.225944872133894], [13.000310601293236, -10.514421609917756, 40.91200685301987], [8.684439888493365, 0.2926896842295603, 40.501869651514006], [15.79138468324338, -2.149173332395463, 39.82774086999937]]}}