{"no_of_atoms": 36, "centre_of_mass": [26.510727428154297, 9.394, 11.10316666666667], "maximum_diameter": {"diameter": 13.486675594532638, "atom_1": 30, "atom_2": 33}, "pore_diameter": {"diameter": -1.0594548325725581, "atom": 14}, "pore_volume": -0.6226528226159933, "pore_diameter_opt": {"diameter": -1.0594548325725581, "atom_1": 14, "centre_of_mass": [26.510727428154297, 9.394, 11.10316666666667]}, "pore_volume_opt": -0.6226528226159933, "windows": {"diameters": null, "centre_of_mass": null}}