{"no_of_atoms": 53, "centre_of_mass": [6.196372662557269, 2.5171035838433458, 36.87965350110062], "maximum_diameter": {"diameter": 9.490831417786666, "atom_1": 34, "atom_2": 49}, "pore_diameter": {"diameter": -1.4822529341915192, "atom": 25}, "pore_volume": -1.7051617360477729, "pore_diameter_opt": {"diameter": -1.4822529341915192, "atom_1": 25, "centre_of_mass": [6.196372662557269, 2.5171035838433458, 36.87965350110062]}, "pore_volume_opt": -1.7051617360477729, "windows": {"diameters": null, "centre_of_mass": null}}