{"no_of_atoms": 26, "centre_of_mass": [10.522502185427397, 3.2913120433250236, 8.259928644638263], "maximum_diameter": {"diameter": 7.709514682790907, "atom_1": 0, "atom_2": 25}, "pore_diameter": {"diameter": -0.9220440590983934, "atom": 1}, "pore_volume": -0.41044374742869155, "pore_diameter_opt": {"diameter": -0.9220440590983934, "atom_1": 1, "centre_of_mass": [10.522502185427397, 3.2913120433250236, 8.259928644638263]}, "pore_volume_opt": -0.41044374742869155, "windows": {"diameters": null, "centre_of_mass": null}}