{"no_of_atoms": 26, "centre_of_mass": [31.351294599580765, 3.034967817019222, 7.153784274180213], "maximum_diameter": {"diameter": 7.768121169573269, "atom_1": 20, "atom_2": 22}, "pore_diameter": {"diameter": -0.9899717022749313, "atom": 13}, "pore_volume": -0.5080038042011574, "pore_diameter_opt": {"diameter": -0.9899717022749313, "atom_1": 13, "centre_of_mass": [31.351294599580765, 3.034967817019222, 7.153784274180213]}, "pore_volume_opt": -0.5080038042011574, "windows": {"diameters": null, "centre_of_mass": null}}