{"no_of_atoms": 26, "centre_of_mass": [28.422502185427394, 3.2913120433250236, 36.15307135536174], "maximum_diameter": {"diameter": 7.709514682790834, "atom_1": 7, "atom_2": 18}, "pore_diameter": {"diameter": -0.9220440590986683, "atom": 3}, "pore_volume": -0.41044374742905865, "pore_diameter_opt": {"diameter": -0.9220440590986683, "atom_1": 3, "centre_of_mass": [28.422502185427394, 3.2913120433250236, 36.15307135536174]}, "pore_volume_opt": -0.41044374742905865, "windows": {"diameters": null, "centre_of_mass": null}}