{"no_of_atoms": 383, "centre_of_mass": [20.002335423847338, 17.63908641534172, 27.645563888156342], "maximum_diameter": {"diameter": 28.033876992305963, "atom_1": 229, "atom_2": 269}, "pore_diameter": {"diameter": 7.386602933970604, "atom": 81}, "pore_volume": 211.0245024152642, "pore_diameter_opt": {"diameter": 8.30209355815928, "atom_1": 81, "centre_of_mass": [19.846291566565792, 18.178296970175243, 28.312137652809646]}, "pore_volume_opt": 299.6135786997951, "windows": {"diameters": [6.340380614076945, 6.412504812684167, 6.357219400175193, 6.502642055839235], "centre_of_mass": [[22.646981217996697, 20.262399752347847, 29.9380425547807], [15.526932653678962, 19.399181449786887, 29.905488541510845], [20.617680715589614, 13.752480385974767, 28.277768478230104], [19.89307389155929, 19.208240370820793, 23.461365339950127]]}}