{"no_of_atoms": 36, "centre_of_mass": [27.55431920752011, 18.787999999999997, 22.206416698683473], "maximum_diameter": {"diameter": 13.299742847746082, "atom_1": 32, "atom_2": 35}, "pore_diameter": {"diameter": -0.7766382826623355, "atom": 14}, "pore_volume": -0.2452759719026659, "pore_diameter_opt": {"diameter": -0.7766382826623355, "atom_1": 14, "centre_of_mass": [27.55431920752011, 18.787999999999997, 22.206416698683473]}, "pore_volume_opt": -0.2452759719026659, "windows": {"diameters": null, "centre_of_mass": null}}