{"no_of_atoms": 36, "centre_of_mass": [27.554319207520116, -7.251341408724322e-17, -9.464066912121818e-18], "maximum_diameter": {"diameter": 13.299744061802853, "atom_1": 6, "atom_2": 35}, "pore_diameter": {"diameter": -0.776638415040316, "atom": 14}, "pore_volume": -0.2452760973245416, "pore_diameter_opt": {"diameter": -0.776638415040316, "atom_1": 14, "centre_of_mass": [27.554319207520116, -7.251341408724322e-17, -9.464066912121818e-18]}, "pore_volume_opt": -0.2452760973245416, "windows": {"diameters": null, "centre_of_mass": null}}