{"no_of_atoms": 383, "centre_of_mass": [29.211244143711454, 11.279830016044823, 7.935992056011819], "maximum_diameter": {"diameter": 28.03275881860401, "atom_1": 249, "atom_2": 273}, "pore_diameter": {"diameter": 7.38570031566082, "atom": 82}, "pore_volume": 210.94715239104463, "pore_diameter_opt": {"diameter": 8.303035922467238, "atom_1": 320, "centre_of_mass": [29.380233668268463, 10.727794002369325, 7.271856247368557]}, "pore_volume_opt": 299.71561700763726, "windows": {"diameters": [6.519067835746901, 6.458382276754028, 6.391460530440316, 6.426206511228333], "centre_of_mass": [[29.31993794856285, 9.823417778012999, 11.781456000810206], [28.695851669418857, 14.663010563475012, 6.630640390872908], [33.51154101924783, 9.566208196448862, 5.735066732955817], [26.134005058114433, 8.31901356595662, 5.405547693267616]]}}