{"no_of_atoms": 36, "centre_of_mass": [8.610727428154298, 28.182000000000006, 11.103166666666668], "maximum_diameter": {"diameter": 13.486675594532638, "atom_1": 9, "atom_2": 33}, "pore_diameter": {"diameter": -1.0594548325727526, "atom": 7}, "pore_volume": -0.6226528226163363, "pore_diameter_opt": {"diameter": -1.0594548325727526, "atom_1": 7, "centre_of_mass": [8.610727428154298, 28.182000000000006, 11.103166666666668]}, "pore_volume_opt": -0.6226528226163363, "windows": {"diameters": null, "centre_of_mass": null}}