{"no_of_atoms": 26, "centre_of_mass": [13.451294599580766, 3.034967817019222, 37.25921572581977], "maximum_diameter": {"diameter": 7.768121169573291, "atom_1": 10, "atom_2": 15}, "pore_diameter": {"diameter": -0.9899717022749313, "atom": 4}, "pore_volume": -0.5080038042011574, "pore_diameter_opt": {"diameter": -0.9899717022749313, "atom_1": 4, "centre_of_mass": [13.451294599580766, 3.034967817019222, 37.25921572581977]}, "pore_volume_opt": -0.5080038042011574, "windows": {"diameters": null, "centre_of_mass": null}}