{"no_of_atoms": 331, "centre_of_mass": [10.129902669703535, 17.963028900578646, 31.532333556158015], "maximum_diameter": {"diameter": 27.984448802483644, "atom_1": 28, "atom_2": 322}, "pore_diameter": {"diameter": 7.827850106427135, "atom": 272}, "pore_volume": 251.14591867387605, "pore_diameter_opt": {"diameter": 8.285864498853915, "atom_1": 272, "centre_of_mass": [10.160435775966807, 18.115033828489445, 31.26728451152629]}, "pore_volume_opt": 297.8599436031989, "windows": {"diameters": [6.683969168231538, 6.71885155282985, 6.6857776702957015, 6.632900291354778], "centre_of_mass": [[10.116162651805068, 17.55022647767139, 35.815114172266846], [10.6023858106578, 22.43078708440565, 30.400476850966122], [5.81477859216896, 16.45019903417303, 29.496176045024477], [13.78911553723575, 15.636018339218886, 29.3570407888112]]}}