{"no_of_atoms": 26, "centre_of_mass": [13.451294599580763, 15.753032182980775, 29.36063819770017], "maximum_diameter": {"diameter": 7.7681211695733134, "atom_1": 7, "atom_2": 20}, "pore_diameter": {"diameter": -0.9900877675279536, "atom": 1}, "pore_volume": -0.5081825017424715, "pore_diameter_opt": {"diameter": -0.9900877675279536, "atom_1": 1, "centre_of_mass": [13.451294599580763, 15.753032182980775, 29.36063819770017]}, "pore_volume_opt": -0.5081825017424715, "windows": {"diameters": null, "centre_of_mass": null}}