{"no_of_atoms": 53, "centre_of_mass": [24.09637266255728, 35.058896416156664, 36.879653501100634], "maximum_diameter": {"diameter": 9.490831417786683, "atom_1": 0, "atom_2": 49}, "pore_diameter": {"diameter": -1.4822529341910449, "atom": 11}, "pore_volume": -1.7051617360461362, "pore_diameter_opt": {"diameter": -1.4822529341910449, "atom_1": 11, "centre_of_mass": [24.09637266255728, 35.058896416156664, 36.879653501100634]}, "pore_volume_opt": -1.7051617360461362, "windows": {"diameters": null, "centre_of_mass": null}}