{"no_of_atoms": 25, "centre_of_mass": [10.844215256048233, 19.13080953471215, 16.75949248263756], "maximum_diameter": {"diameter": 7.596278150169169, "atom_1": 16, "atom_2": 20}, "pore_diameter": {"diameter": -1.431887719591607, "atom": 12}, "pore_volume": -1.537182797270563, "pore_diameter_opt": {"diameter": -1.431887719591607, "atom_1": 12, "centre_of_mass": [10.844215256048233, 19.13080953471215, 16.75949248263756]}, "pore_volume_opt": -1.537182797270563, "windows": {"diameters": null, "centre_of_mass": null}}