{"no_of_atoms": 258, "centre_of_mass": [7.150300872012094, 8.404042670445413, 25.593854442427116], "maximum_diameter": {"diameter": 29.404331026723177, "atom_1": 248, "atom_2": 251}, "pore_diameter": {"diameter": 4.885252541408514, "atom": 170}, "pore_volume": 61.04634690784285, "pore_diameter_opt": {"diameter": 4.987497891809078, "atom_1": 13, "centre_of_mass": [7.222990195163348, 8.405753566602655, 25.596160587173735]}, "pore_volume_opt": 64.96011688463622, "windows": {"diameters": [5.42731221384029, 4.051215523961838, 4.491523983098842, 4.527667959841917], "centre_of_mass": [[7.565698105763931, 8.069295068627266, 28.492590869090506], [1.991211522050115, 9.13927549100158, 26.784938266873013], [9.225649303768595, 7.466517589806639, 22.345111307162757], [7.4814357704568755, 9.592256400719185, 21.84859763834209]]}}