{"no_of_atoms": 288, "centre_of_mass": [5.516261738186072, 5.516261738186072, 27.986516842904805], "maximum_diameter": {"diameter": 20.31673382944129, "atom_1": 59, "atom_2": 286}, "pore_diameter": {"diameter": 6.284331873476617, "atom": 235}, "pore_volume": 129.94990252452467, "pore_diameter_opt": {"diameter": 7.5068679971363, "atom_1": 115, "centre_of_mass": [5.51606958696344, 5.5162346650980645, 30.12141621714246]}, "pore_volume_opt": 221.5006269642985, "windows": {"diameters": [7.001902735835941, 4.237613893189776], "centre_of_mass": [[5.516563852386558, 5.516023130516776, 32.49208618451239], [5.516537904725243, 5.516504024981954, 25.060649974078096]]}}