{"no_of_atoms": 258, "centre_of_mass": [3.458262880187282, 18.820051905842572, 18.782145557572875], "maximum_diameter": {"diameter": 29.40348735134124, "atom_1": 248, "atom_2": 251}, "pore_diameter": {"diameter": 4.88571325715056, "atom": 172}, "pore_volume": 61.063619913849166, "pore_diameter_opt": {"diameter": 4.988450646629249, "atom_1": 178, "centre_of_mass": [3.3853848444911665, 18.818541551979543, 18.779821539246278]}, "pore_volume_opt": 64.99735172034387, "windows": {"diameters": [4.383551091979282, 4.852216123462389, 4.4492990801806815, 5.500754403514941, 3.997469222651381], "centre_of_mass": [[3.1108585069914425, 17.41796337400013, 22.63306537246657], [10.638368871977237, 19.778236459926678, 21.841056108698623], [1.2819988720460538, 19.768613218010188, 22.06983191961546], [3.0420350023009193, 19.074849461170604, 15.932307481617212], [5.1511825185196125, 17.224717084925068, 14.974759141764]]}}