{"no_of_atoms": 24, "centre_of_mass": [0.07455107279104906, 12.7429542911642, 12.247724191566173], "maximum_diameter": {"diameter": 8.337863671761504, "atom_1": 14, "atom_2": 23}, "pore_diameter": {"diameter": -2.134938655176689, "atom": 8}, "pore_volume": -5.095124777747061, "pore_diameter_opt": {"diameter": -2.134938655176689, "atom_1": 8, "centre_of_mass": [0.07455107279104906, 12.7429542911642, 12.247724191566173]}, "pore_volume_opt": -5.095124777747061, "windows": {"diameters": null, "centre_of_mass": null}}