{"no_of_atoms": 258, "centre_of_mass": [8.191600513921797, 9.708794069004085, 32.04276294434088], "maximum_diameter": {"diameter": 30.886904988173146, "atom_1": 232, "atom_2": 256}, "pore_diameter": {"diameter": 4.062885109630462, "atom": 124}, "pore_volume": 35.115774123956925, "pore_diameter_opt": {"diameter": 5.028642294725198, "atom_1": 121, "centre_of_mass": [7.705310043063529, 9.593666313689601, 32.132520214864655]}, "pore_volume_opt": 66.58108279440962, "windows": {"diameters": [6.271024552853479, 3.654506741069573, 5.868698429661282, 5.811114310194967, 3.6278308992659833], "centre_of_mass": [[7.88523976765781, 10.335323140700885, 34.7089936868706], [11.143109410572281, 5.868467059501641, 33.687469544535276], [7.992132636457379, 9.297490920993269, 29.266643515919807], [7.618322585762951, 9.420296962347148, 29.161447526264233], [11.276462464280533, 5.324295652422784, 30.359181331645466]]}}