{"no_of_atoms": 24, "centre_of_mass": [12.7429542911642, 10.95786559387562, 12.247724191566173], "maximum_diameter": {"diameter": 8.337863671761507, "atom_1": 14, "atom_2": 23}, "pore_diameter": {"diameter": -2.134542613505186, "atom": 8}, "pore_volume": -5.092289791236254, "pore_diameter_opt": {"diameter": -2.134542613505186, "atom_1": 8, "centre_of_mass": [12.7429542911642, 10.95786559387562, 12.247724191566173]}, "pore_volume_opt": -5.092289791236254, "windows": {"diameters": null, "centre_of_mass": null}}