{"no_of_atoms": 25, "centre_of_mass": [13.966534483197233, 10.844215256048233, 16.75949248263756], "maximum_diameter": {"diameter": 7.59627815016918, "atom_1": 20, "atom_2": 22}, "pore_diameter": {"diameter": -1.4317832905844283, "atom": 1}, "pore_volume": -1.5368464969501474, "pore_diameter_opt": {"diameter": -1.4317832905844283, "atom_1": 1, "centre_of_mass": [13.966534483197233, 10.844215256048233, 16.75949248263756]}, "pore_volume_opt": -1.5368464969501474, "windows": {"diameters": null, "centre_of_mass": null}}