{"no_of_atoms": 24, "centre_of_mass": [11.107134406124379, 1.7104607432726526, 21.24327580843383], "maximum_diameter": {"diameter": 8.33879663570733, "atom_1": 2, "atom_2": 23}, "pore_diameter": {"diameter": -2.133790105179138, "atom": 15}, "pore_volume": -5.086906005955341, "pore_diameter_opt": {"diameter": -2.133790105179138, "atom_1": 15, "centre_of_mass": [11.107134406124379, 1.7104607432726526, 21.24327580843383]}, "pore_volume_opt": -5.086906005955341, "windows": {"diameters": null, "centre_of_mass": null}}