{"no_of_atoms": 30, "centre_of_mass": [-2.4720323814453224, 3.083172423209409, 13.41043049313748], "maximum_diameter": {"diameter": 10.559240513332023, "atom_1": 6, "atom_2": 25}, "pore_diameter": {"diameter": -1.6800841901255579, "atom": 11}, "pore_volume": -2.4830859780547927, "pore_diameter_opt": {"diameter": -1.6800841901255579, "atom_1": 11, "centre_of_mass": [-2.4720323814453224, 3.083172423209409, 13.41043049313748]}, "pore_volume_opt": -2.4830859780547927, "windows": {"diameters": null, "centre_of_mass": null}}