{"no_of_atoms": 410, "centre_of_mass": [-2.1564639750531986, -4.580223849888096, 10.057846511871867], "maximum_diameter": {"diameter": 32.90311382934934, "atom_1": 114, "atom_2": 405}, "pore_diameter": {"diameter": 0.8692272103234058, "atom": 231}, "pore_volume": 0.3438733831548763, "pore_diameter_opt": {"diameter": 0.9702329943374832, "atom_1": 231, "centre_of_mass": [-2.120613353946267, -4.565325329326093, 10.021998587171264]}, "pore_volume_opt": 0.4782189048813795, "windows": {"diameters": [], "centre_of_mass": []}}