{"no_of_atoms": 410, "centre_of_mass": [5.363205848225946, 16.34876366409034, 9.768518772815547], "maximum_diameter": {"diameter": 32.903113829349344, "atom_1": 237, "atom_2": 398}, "pore_diameter": {"diameter": 0.8691583390358812, "atom": 209}, "pore_volume": 0.34379165149964913, "pore_diameter_opt": {"diameter": 0.9700488003605625, "atom_1": 209, "centre_of_mass": [5.327398322457607, 16.33384635696821, 9.804325805515015]}, "pore_volume_opt": 0.47794659404165035, "windows": {"diameters": [], "centre_of_mass": []}}