{"no_of_atoms": 30, "centre_of_mass": [15.653435867291698, 3.161416801985935, 35.43421998684896], "maximum_diameter": {"diameter": 10.259574499084833, "atom_1": 12, "atom_2": 29}, "pore_diameter": {"diameter": -1.279920281284151, "atom": 5}, "pore_volume": -1.0978610687155845, "pore_diameter_opt": {"diameter": -1.279920281284151, "atom_1": 5, "centre_of_mass": [15.653435867291698, 3.161416801985935, 35.43421998684896]}, "pore_volume_opt": -1.0978610687155845, "windows": {"diameters": null, "centre_of_mass": null}}