{"no_of_atoms": 398, "centre_of_mass": [-0.22130623668659682, 9.456111233335582, 7.9129399759274754], "maximum_diameter": {"diameter": 37.205976631208635, "atom_1": 91, "atom_2": 359}, "pore_diameter": {"diameter": 0.7377550760067009, "atom": 24}, "pore_volume": 0.21024963045819597, "pore_diameter_opt": {"diameter": 1.134771334890695, "atom_1": 147, "centre_of_mass": [-0.09862263235923807, 9.188174700130372, 7.878308692822571]}, "pore_volume_opt": 0.765109672535036, "windows": {"diameters": [1.396847893800515], "centre_of_mass": [[0.8170157785926315, 10.136731769005397, 8.542470056196347]]}}