{"no_of_atoms": 328, "centre_of_mass": [9.381000000000006, -5.815642369951406, 13.421695857101417], "maximum_diameter": {"diameter": 23.956452649593782, "atom_1": 2, "atom_2": 308}, "pore_diameter": {"diameter": 1.2617563010672845, "atom": 79}, "pore_volume": 1.0517803892232302, "pore_diameter_opt": {"diameter": 1.261856279162537, "atom_1": 27, "centre_of_mass": [9.380964805878206, -5.81566460330788, 13.421660666824303]}, "pore_volume_opt": 1.052030429581092, "windows": {"diameters": [1.4684405806823988, 1.4696060154010762], "centre_of_mass": [[8.023523731655802, -6.299729148219747, 15.731549423249575], [10.741792128005299, -5.330411233491742, 11.108621058578887]]}}