{"no_of_atoms": 328, "centre_of_mass": [-5.645316370591391e-17, -5.757167535477563, 13.389771863507608], "maximum_diameter": {"diameter": 23.853492196690407, "atom_1": 248, "atom_2": 302}, "pore_diameter": {"diameter": 1.2865052601080893, "atom": 49}, "pore_volume": 1.1148933397337946, "pore_diameter_opt": {"diameter": 1.2865555542400684, "atom_1": 49, "centre_of_mass": [1.763946005187407e-05, -5.757156385379808, 13.389789505769976]}, "pore_volume_opt": 1.1150241004542172, "windows": {"diameters": [1.4808523527119584, 1.4610711925859259], "centre_of_mass": [[-1.362016526401278, -6.244140421518053, 15.672225436992637], [1.4383124281236086, -4.946370505124875, 11.208251348835102]]}}