{"no_of_atoms": 352, "centre_of_mass": [14.757770854683871, 12.289651629438223, 13.770676075529037], "maximum_diameter": {"diameter": 24.88855666923814, "atom_1": 17, "atom_2": 327}, "pore_diameter": {"diameter": 1.4576533091703214, "atom": 82}, "pore_volume": 1.6216657746985301, "pore_diameter_opt": {"diameter": 1.4582078997705508, "atom_1": 38, "centre_of_mass": [14.757561730376047, 12.289766632985827, 13.770488889480706]}, "pore_volume_opt": 1.6235174553645504, "windows": {"diameters": [1.6412068554288042, 1.6471740261044059], "centre_of_mass": [[14.508134412998213, 12.00376402627319, 14.301210112846725], [14.929166673085962, 12.090082746127468, 13.161922918658027]]}}