{"no_of_atoms": 344, "centre_of_mass": [-4.969030159164649, 19.327953293221096, 22.607935491590208], "maximum_diameter": {"diameter": 24.280689242645806, "atom_1": 170, "atom_2": 304}, "pore_diameter": {"diameter": 1.4417508609887677, "atom": 43}, "pore_volume": 1.5691674133222793, "pore_diameter_opt": {"diameter": 1.575449698593237, "atom_1": 207, "centre_of_mass": [-5.319256629401308, 19.104436181979118, 23.067438418744622]}, "pore_volume_opt": 2.047445011432913, "windows": {"diameters": [2.309575303818201, 1.6545050886854944], "centre_of_mass": [[-8.44955308977213, 16.87442259646577, 23.60227135672351], [-4.294364836109084, 19.517554271304157, 22.55137402874249]]}}