{"no_of_atoms": 328, "centre_of_mass": [9.313000000000002, 12.341927413787209, 0.00045554398802523865], "maximum_diameter": {"diameter": 23.85461471444451, "atom_1": 11, "atom_2": 284}, "pore_diameter": {"diameter": 1.2860118719090603, "atom": 26}, "pore_volume": 1.1136111118997611, "pore_diameter_opt": {"diameter": 1.2862224225054235, "atom_1": 26, "centre_of_mass": [9.313073866057985, 12.34188078528659, 0.0003816779313145398]}, "pore_volume_opt": 1.114158174985598, "windows": {"diameters": [1.4543362548191623, 1.483201221898022], "centre_of_mass": [[9.591132876297316, 12.608888338946162, 0.4768785486684279], [7.92137958946539, 12.835455667806821, -2.3277061398276606]]}}