{"no_of_atoms": 346, "centre_of_mass": [10.010938483018355, 38.65596990433072, 22.60795777060279], "maximum_diameter": {"diameter": 24.115233210522284, "atom_1": 2, "atom_2": 311}, "pore_diameter": {"diameter": 1.3734034431198814, "atom": 36}, "pore_volume": 1.3564163555279916, "pore_diameter_opt": {"diameter": 1.3734599581384823, "atom_1": 102, "centre_of_mass": [10.010953226884059, 38.65598945743419, 22.60793821254963]}, "pore_volume_opt": 1.3565838104381274, "windows": {"diameters": [0.8150784877009727, 2.041248265821158, 1.5471540782323037], "centre_of_mass": [[9.648705403688531, 40.35198311011409, 24.05952023747712], [6.800052458096044, 40.848180123230726, 23.42636087000236], [10.364353339454134, 38.382313844034805, 22.164832570063457]]}}