{"no_of_atoms": 328, "centre_of_mass": [4.798083713354176, 12.528505827433845, 13.530011203676846], "maximum_diameter": {"diameter": 24.39879992258808, "atom_1": 250, "atom_2": 300}, "pore_diameter": {"diameter": 1.3567568434524602, "atom": 44}, "pore_volume": 1.3076896450827131, "pore_diameter_opt": {"diameter": 1.3575264944273742, "atom_1": 44, "centre_of_mass": [4.798360370831488, 12.52833910291585, 13.529734545015005]}, "pore_volume_opt": 1.3099163572518826, "windows": {"diameters": [1.61979935664144, 1.6711391058726766], "centre_of_mass": [[5.190630495738241, 13.023922495470513, 14.142012736182274], [3.252351406635027, 13.096953662237896, 11.015490377488822]]}}