{"no_of_atoms": 328, "centre_of_mass": [-1.3731635735227228e-15, 0.00023559119082117483, 0.00011206675207136217], "maximum_diameter": {"diameter": 24.87304298708099, "atom_1": 199, "atom_2": 313}, "pore_diameter": {"diameter": 1.4251045215378197, "atom": 112}, "pore_volume": 1.5154401048964588, "pore_diameter_opt": {"diameter": 1.4251323252973624, "atom_1": 112, "centre_of_mass": [1.0217124975980064e-05, 0.0002414722449131596, 0.00012183670281250922]}, "pore_volume_opt": 1.5155288052416576, "windows": {"diameters": [1.6678934588607892, 1.666495719637664], "centre_of_mass": [[-0.29347592496025315, 0.24054573194731366, 0.6483205406448246], [0.29413178189177624, -0.26177492520089773, -0.6366858062848475]]}}