{"no_of_atoms": 336, "centre_of_mass": [5.005425317491094, 9.663981423116233, 11.303969931868712], "maximum_diameter": {"diameter": 24.480560889807233, "atom_1": 12, "atom_2": 297}, "pore_diameter": {"diameter": 1.3926766165812636, "atom": 98}, "pore_volume": 1.414325831598911, "pore_diameter_opt": {"diameter": 1.3927262339831477, "atom_1": 34, "centre_of_mass": [5.0054379890929965, 9.6639990476521, 11.30395215381897]}, "pore_volume_opt": 1.414477003103908, "windows": {"diameters": [1.882157470690283, 1.5798355779567186, 1.054935279369226], "centre_of_mass": [[2.92140985544014, 11.02871763500245, 11.474461183475654], [5.6425302003015805, 9.516276837247787, 11.342081905054675], [5.398820721251362, 8.052260209360185, 9.992872999290311]]}}