{"no_of_atoms": 336, "centre_of_mass": [19.985198523689608, 28.991919131085396, 11.303969931868705], "maximum_diameter": {"diameter": 24.480560889807222, "atom_1": 201, "atom_2": 297}, "pore_diameter": {"diameter": 1.3926984512846592, "atom": 99}, "pore_volume": 1.4143923550161301, "pore_diameter_opt": {"diameter": 1.3927262746628544, "atom_1": 99, "centre_of_mass": [19.985191690043578, 28.991929283069144, 11.303979321118462]}, "pore_volume_opt": 1.4144771270489662, "windows": {"diameters": [1.6213456292466568, 1.5730439176727118, 1.0298890712291318], "centre_of_mass": [[19.409797072416694, 28.724398785529157, 11.655584707336583], [20.381109773643665, 29.244536416652398, 10.864750869225833], [20.3554840093802, 30.619764172151594, 9.926760867998254]]}}