{"no_of_atoms": 508, "centre_of_mass": [0.007019131701369765, 14.004687076877936, 8.088218820601602], "maximum_diameter": {"diameter": 27.915046336280838, "atom_1": 260, "atom_2": 442}, "pore_diameter": {"diameter": 4.50388334057574, "atom": 241}, "pore_volume": 47.83656878017718, "pore_diameter_opt": {"diameter": 4.504011882590444, "atom_1": 241, "centre_of_mass": [0.0069960126010462555, 14.004731148046165, 8.088259490940327]}, "pore_volume_opt": 47.84066470182425, "windows": {"diameters": [1.122877413914117, 1.1447743926447056, 1.1240616903932574, 1.1015877558728482], "centre_of_mass": [[-1.7718114740633961, 11.465541607503162, 12.523709994997489], [-1.7020750065033912, 18.805875990116146, 8.072361827421856], [5.449888684526361, 13.975656469768413, 8.100521786842968], [-1.8119371388691456, 11.454553897299078, 3.6423132049506286]]}}