{"no_of_atoms": 40, "centre_of_mass": [5.2553079623609636e-05, 15.794839447332786, 0.00017316538532893721], "maximum_diameter": {"diameter": 16.311006261238912, "atom_1": 18, "atom_2": 35}, "pore_diameter": {"diameter": 1.608683924048044, "atom": 13}, "pore_volume": 2.1797705856370047, "pore_diameter_opt": {"diameter": 1.609195864825192, "atom_1": 23, "centre_of_mass": [0.00023473234346628398, 15.794855516823608, -9.014675170607552e-06]}, "pore_volume_opt": 2.1818522909220177, "windows": {"diameters": [1.6472622509306452, 1.696887449587679], "centre_of_mass": [[0.19230436095171755, 15.979523056299412, 0.15678271327447296], [-0.2975206844794992, 15.52222168292663, -0.24246833769145337]]}}