{"no_of_atoms": 26, "centre_of_mass": [3.671691616042912, 3.353308109119857, 32.70622517935498], "maximum_diameter": {"diameter": 9.178159279509043, "atom_1": 0, "atom_2": 14}, "pore_diameter": {"diameter": -3.4405301035084315, "atom": 2}, "pore_volume": -21.324296315491676, "pore_diameter_opt": {"diameter": -3.4405301035084315, "atom_1": 2, "centre_of_mass": [3.671691616042912, 3.353308109119857, 32.70622517935498]}, "pore_volume_opt": -21.324296315491676, "windows": {"diameters": null, "centre_of_mass": null}}