{"no_of_atoms": 150, "centre_of_mass": [16.558802737277595, 13.922993647026999, 41.80048659450618], "maximum_diameter": {"diameter": 27.585665781848938, "atom_1": 4, "atom_2": 147}, "pore_diameter": {"diameter": 7.845132602587828, "atom": 28}, "pore_volume": 252.81305010582344, "pore_diameter_opt": {"diameter": 8.193703456537667, "atom_1": 30, "centre_of_mass": [16.696389556427203, 13.76524705371612, 41.958956837375496]}, "pore_volume_opt": 288.0310771478958, "windows": {"diameters": [6.677167340473684, 6.342955777401995, 6.53528894385898, 6.623815592932154], "centre_of_mass": [[16.43544381903581, 12.389470985539905, 46.28430064548457], [16.72868645481083, 18.442577796639938, 41.821443772130095], [20.492600946381874, 11.988784387268716, 39.96979644158232], [13.007745342568798, 12.100287298302858, 39.552269961062386]]}}