{"no_of_atoms": 150, "centre_of_mass": [0.029584744894243776, 31.79531643510549, 4.218634132472927], "maximum_diameter": {"diameter": 27.586152682842695, "atom_1": 4, "atom_2": 147}, "pore_diameter": {"diameter": 7.844877450516837, "atom": 27}, "pore_volume": 252.7883837252901, "pore_diameter_opt": {"diameter": 8.193484886383132, "atom_1": 30, "centre_of_mass": [-0.10839757033055351, 31.953642190364196, 4.060350582655602]}, "pore_volume_opt": 288.0080277473249, "windows": {"diameters": [6.623590334822042, 6.502148566294512, 6.349880256469357, 6.666912094313876], "centre_of_mass": [[3.440779618326543, 33.56115436260115, 6.379420495940218], [-3.7561809958898955, 33.37709023214154, 5.977217569683937], [-0.14892344049680287, 27.075443356454123, 4.202253147506937], [0.13506714071142334, 33.25991286473954, -0.0401263085504997]]}}