{"no_of_atoms": 150, "centre_of_mass": [0.042725756839669525, 32.113678370547056, 4.20348380112946], "maximum_diameter": {"diameter": 27.633835501606864, "atom_1": 4, "atom_2": 147}, "pore_diameter": {"diameter": 7.701568598387862, "atom": 27}, "pore_volume": 239.18623709397772, "pore_diameter_opt": {"diameter": 8.084512451277307, "atom_1": 128, "centre_of_mass": [-0.08392388876510602, 32.38686544936017, 4.073361531551101]}, "pore_volume_opt": 276.6687609068529, "windows": {"diameters": [6.510736040665339, 6.471892011492992, 6.284195266316161, 6.524165062996101], "centre_of_mass": [[3.6162779130051854, 33.945629393176006, 6.430026175976305], [-3.6173323153266645, 33.90993176476871, 5.901540344822535], [0.16292610558115872, 27.31850874870538, 4.415707421837176], [0.10796879946745433, 33.73322041375053, -0.21346520238203137]]}}