{"no_of_atoms": 270, "centre_of_mass": [21.405997406718303, 7.649002593281685, 23.075201402694244], "maximum_diameter": {"diameter": 30.251813532438547, "atom_1": 41, "atom_2": 268}, "pore_diameter": {"diameter": 8.472788960233943, "atom": 184}, "pore_volume": 318.47679186272546, "pore_diameter_opt": {"diameter": 8.610393092401484, "atom_1": 155, "centre_of_mass": [21.309259957584842, 7.7520692407336105, 23.076399000265404]}, "pore_volume_opt": 334.2470314805187, "windows": {"diameters": [6.78533122592831, 6.657130145401661, 6.660179767292, 6.739344729854524], "centre_of_mass": [[17.975149605705408, 8.497083533090912, 26.631213358692513], [25.450357475125344, 8.003115319490188, 24.98685958497573], [21.03820868674747, 3.4921660586412218, 21.112897143368045], [20.59637309992085, 10.716683728607329, 19.88037599916564]]}}