{"no_of_atoms": 270, "centre_of_mass": [7.649002593281684, 21.405997406718303, 7.691798597305762], "maximum_diameter": {"diameter": 30.25181353243855, "atom_1": 41, "atom_2": 268}, "pore_diameter": {"diameter": 8.472788960233943, "atom": 201}, "pore_volume": 318.47679186272546, "pore_diameter_opt": {"diameter": 8.602019401086661, "atom_1": 13, "centre_of_mass": [7.760576479493638, 21.30258086766351, 7.701603236702377]}, "pore_volume_opt": 333.27280404025953, "windows": {"diameters": [6.747163901521027, 6.661884077562762, 6.657282210200302, 6.761927873629498], "centre_of_mass": [[10.881170461319279, 20.578762335910977, 11.050220698020015], [3.46365638212359, 21.03475389538514, 9.667035829126453], [8.000947190605729, 25.432197828571177, 5.78843530285565], [8.485943108399937, 18.078952933925212, 4.2392002999105625]]}}