{"no_of_atoms": 29, "centre_of_mass": [9.399748970436429, 35.99341249845808, 10.127278576205011], "maximum_diameter": {"diameter": 10.664203328652066, "atom_1": 0, "atom_2": 27}, "pore_diameter": {"diameter": -3.1464151131829814, "atom": 4}, "pore_volume": -16.30972658693755, "pore_diameter_opt": {"diameter": -3.1464151131829814, "atom_1": 4, "centre_of_mass": [9.399748970436429, 35.99341249845808, 10.127278576205011]}, "pore_volume_opt": -16.30972658693755, "windows": {"diameters": null, "centre_of_mass": null}}