{"no_of_atoms": 150, "centre_of_mass": [7.47423624977459, 14.71115991696585, 10.401348713093654], "maximum_diameter": {"diameter": 27.64038648619283, "atom_1": 85, "atom_2": 93}, "pore_diameter": {"diameter": 7.995553762786987, "atom": 127}, "pore_volume": 267.63583696794046, "pore_diameter_opt": {"diameter": 8.210396358470796, "atom_1": 127, "centre_of_mass": [7.342860600022326, 14.850010872715751, 10.468903348443165]}, "pore_volume_opt": 289.7950694436754, "windows": {"diameters": [6.5369424042296185, 6.61223627156237, 6.623531805818267, 6.630414882247594], "centre_of_mass": [[11.548166546104653, 12.862968087937325, 12.952483753658855], [3.379592493593809, 13.623168443101692, 12.694590580608505], [7.590319943461173, 19.283340615965386, 9.941955658620445], [7.248152750834025, 12.876709763350032, 5.793781446642655]]}}