{"no_of_atoms": 29, "centre_of_mass": [7.087080153390362, 10.325096182769984, 35.929487590053], "maximum_diameter": {"diameter": 10.663890211174724, "atom_1": 0, "atom_2": 27}, "pore_diameter": {"diameter": -3.1464883087941438, "atom": 2}, "pore_volume": -16.310864861578008, "pore_diameter_opt": {"diameter": -3.1464883087941438, "atom_1": 2, "centre_of_mass": [7.087080153390362, 10.325096182769984, 35.929487590053]}, "pore_volume_opt": -16.310864861578008, "windows": {"diameters": null, "centre_of_mass": null}}