{"no_of_atoms": 150, "centre_of_mass": [9.01057194831063, 31.113266240839987, 35.65116352972999], "maximum_diameter": {"diameter": 27.573090865671276, "atom_1": 85, "atom_2": 93}, "pore_diameter": {"diameter": 8.114772208774577, "atom": 22}, "pore_volume": 279.78705813178647, "pore_diameter_opt": {"diameter": 8.321967677075182, "atom_1": 22, "centre_of_mass": [9.152065030019536, 31.014064224047264, 35.627923408695196]}, "pore_volume_opt": 301.7704400916757, "windows": {"diameters": [6.7033726598429695, 6.706859704543104, 6.614243840296295, 6.548798960582403], "centre_of_mass": [[9.213485384178094, 33.07934157029961, 40.32135723844366], [8.87816546692349, 26.44976502947948, 36.084087896104464], [12.978784903576901, 32.134556211540975, 33.248843225791205], [5.393155151770545, 32.582725787614, 33.061572491325016]]}}