{"no_of_atoms": 150, "centre_of_mass": [12.934778518090456, 37.870424203675455, 12.62714404006623], "maximum_diameter": {"diameter": 27.640386486192828, "atom_1": 4, "atom_2": 146}, "pore_diameter": {"diameter": 7.996031062760945, "atom": 27}, "pore_volume": 267.6837699345503, "pore_diameter_opt": {"diameter": 8.253070660978416, "atom_1": 29, "centre_of_mass": [13.119477363150196, 38.04430993919185, 12.615402524627134]}, "pore_volume_opt": 294.33730743947433, "windows": {"diameters": [6.600384136797851, 6.6188968505902075, 6.612877910455934, 6.498520024032837], "centre_of_mass": [[13.147569135832581, 36.25490061625271, 16.760686543482493], [12.825635725412106, 42.375667222367724, 13.082642373536682], [17.027641161407193, 36.782698904143736, 10.333565993587392], [9.238074514677137, 36.34390098195326, 9.979172038635646]]}}