{"no_of_atoms": 32, "centre_of_mass": [10.88024457036169, 20.192694151361206, 19.08669125960662], "maximum_diameter": {"diameter": 13.762245853028666, "atom_1": 30, "atom_2": 31}, "pore_diameter": {"diameter": -3.2096853369589686, "atom": 9}, "pore_volume": -17.313544876855584, "pore_diameter_opt": {"diameter": -3.2096853369589686, "atom_1": 9, "centre_of_mass": [10.88024457036169, 20.192694151361206, 19.08669125960662]}, "pore_volume_opt": -17.313544876855584, "windows": {"diameters": null, "centre_of_mass": null}}