{"no_of_atoms": 218, "centre_of_mass": [9.633458598326358, 6.8847355431155215, 34.56263019306995], "maximum_diameter": {"diameter": 26.812727570528242, "atom_1": 125, "atom_2": 217}, "pore_diameter": {"diameter": 5.517956479310232, "atom": 161}, "pore_volume": 87.96976560662944, "pore_diameter_opt": {"diameter": 9.807756489144396, "atom_1": 30, "centre_of_mass": [9.51500206507126, 9.643713782770638, 37.28263479809158]}, "pore_volume_opt": 493.9780435482336, "windows": {"diameters": [10.30460568606261, 3.417594437564977], "centre_of_mass": [[9.268070312939445, 10.08344203699718, 37.55965220121498], [9.322597024178183, 4.10879052716578, 32.14420302947174]]}}