{"no_of_atoms": 32, "centre_of_mass": [-3.0882364942903044, 17.864255008466852, 20.719469363032438], "maximum_diameter": {"diameter": 13.774261899750243, "atom_1": 27, "atom_2": 30}, "pore_diameter": {"diameter": -2.971559350526572, "atom": 9}, "pore_volume": -13.738896398977282, "pore_diameter_opt": {"diameter": -2.971559350526572, "atom_1": 9, "centre_of_mass": [-3.0882364942903044, 17.864255008466852, 20.719469363032438]}, "pore_volume_opt": -13.738896398977282, "windows": {"diameters": null, "centre_of_mass": null}}