{"no_of_atoms": 222, "centre_of_mass": [2.4484804828638773, 5.971637472138078, 18.905088917145235], "maximum_diameter": {"diameter": 27.430706544570192, "atom_1": 117, "atom_2": 219}, "pore_diameter": {"diameter": 5.657755519335007, "atom": 36}, "pore_volume": 94.82681266235411, "pore_diameter_opt": {"diameter": 8.997624046930982, "atom_1": 159, "centre_of_mass": [0.7844243828411925, 3.142759712470575, 18.5270477868051]}, "pore_volume_opt": 381.40128400397765, "windows": {"diameters": [9.005616123710006, 3.7935404108788275], "centre_of_mass": [[0.9238571871359494, 3.1266249409379125, 18.51484049783059], [4.219886081856611, 9.805607724577388, 18.98231499091057]]}}