{"no_of_atoms": 26, "centre_of_mass": [-0.4571336699029126, 16.578564882108186, 1.5976484993065192], "maximum_diameter": {"diameter": 11.454545271871815, "atom_1": 21, "atom_2": 22}, "pore_diameter": {"diameter": -0.3726372254468169, "atom": 13}, "pore_volume": -0.027093014848203114, "pore_diameter_opt": {"diameter": -0.3726372254468169, "atom_1": 13, "centre_of_mass": [-0.4571336699029126, 16.578564882108186, 1.5976484993065192]}, "pore_volume_opt": -0.027093014848203114, "windows": {"diameters": null, "centre_of_mass": null}}