{"no_of_atoms": 26, "centre_of_mass": [16.18669471289875, 8.46974080443828, 34.91035150069349], "maximum_diameter": {"diameter": 11.455283877057354, "atom_1": 21, "atom_2": 24}, "pore_diameter": {"diameter": -0.3721119097943473, "atom": 9}, "pore_volume": -0.026978595277411005, "pore_diameter_opt": {"diameter": -0.3721119097943473, "atom_1": 9, "centre_of_mass": [16.18669471289875, 8.46974080443828, 34.91035150069349]}, "pore_volume_opt": -0.026978595277411005, "windows": {"diameters": null, "centre_of_mass": null}}