{"no_of_atoms": 180, "centre_of_mass": [12.236103638558818, 16.2096071914949, 7.845440911432359], "maximum_diameter": {"diameter": 20.54574594183422, "atom_1": 7, "atom_2": 166}, "pore_diameter": {"diameter": 0.7600707131604607, "atom": 102}, "pore_volume": 0.2299114595685051, "pore_diameter_opt": {"diameter": 1.263954600486846, "atom_1": 44, "centre_of_mass": [11.856068281978589, 16.189907698608742, 7.830575002111126]}, "pore_volume_opt": 1.057287377070886, "windows": {"diameters": [0.8410823580079412, 0.6959877057553516, 0.8605240435440753], "centre_of_mass": [[12.147129961277638, 17.56149181853193, 7.884879049832622], [10.346858769634979, 16.44863327344048, 8.129569923149894], [12.176507838379015, 14.80085330021053, 7.801118957878875]]}}