{"no_of_atoms": 102, "centre_of_mass": [2.1106938784885925, 10.324010487250616, 4.094056659304913], "maximum_diameter": {"diameter": 16.424394573261363, "atom_1": 16, "atom_2": 84}, "pore_diameter": {"diameter": 2.2667173485393444, "atom": 44}, "pore_volume": 6.098046447401024, "pore_diameter_opt": {"diameter": 3.6496856010210466, "atom_1": 62, "centre_of_mass": [0.9773352042189203, 11.457369161520289, 4.09399999940089]}, "pore_volume_opt": 25.454524270875318, "windows": {"diameters": [3.696306599584824, 1.7928268156593603], "centre_of_mass": [[0.9444354498118408, 11.422283373175956, 4.094054268189793], [2.935130415403974, 9.47471726802205, 3.4481413404514654]]}}