{"no_of_atoms": 94, "centre_of_mass": [4.023385950666221e-05, -2.9068821294580904, 13.771250009999992], "maximum_diameter": {"diameter": 22.71590168419606, "atom_1": 54, "atom_2": 93}, "pore_diameter": {"diameter": 1.6536336109947092, "atom": 18}, "pore_volume": 2.3676445069901035, "pore_diameter_opt": {"diameter": 1.6536858594587325, "atom_1": 61, "centre_of_mass": [1.4505922000966432e-05, -2.906884880946103, 13.771245099686938]}, "pore_volume_opt": 2.3678689394702297, "windows": {"diameters": [2.0424466861860844, 2.402971342693895], "centre_of_mass": [[-0.05724889497801275, -2.059519271971063, 14.0207811157995], [-0.0048262586068001725, -2.524955014539538, 12.43345970895308]]}}