{"no_of_atoms": 20, "centre_of_mass": [5.786331899916809, 6.489698444999038, 12.28239116913035], "maximum_diameter": {"diameter": 9.331, "atom_1": 0, "atom_2": 12}, "pore_diameter": {"diameter": -1.0825231197770324, "atom": 4}, "pore_volume": -0.6642172707165479, "pore_diameter_opt": {"diameter": -1.0825231197770324, "atom_1": 4, "centre_of_mass": [5.786331899916809, 6.489698444999038, 12.28239116913035]}, "pore_volume_opt": -0.6642172707165479, "windows": {"diameters": null, "centre_of_mass": null}}