{"no_of_atoms": 654, "centre_of_mass": [0.0007744492367556799, 4.0777208554394416e-05, 1.8510597479565444e-15], "maximum_diameter": {"diameter": 39.79332043123968, "atom_1": 262, "atom_2": 283}, "pore_diameter": {"diameter": 13.047160543394213, "atom": 191}, "pore_volume": 1162.9114359679402, "pore_diameter_opt": {"diameter": 13.047201604813399, "atom_1": 481, "centre_of_mass": [0.0007807473170723337, 4.784238536424561e-05, -1.822075561217092e-05]}, "pore_volume_opt": 1162.9224155854747, "windows": {"diameters": [5.3689341193870295, 8.446566004959852, 8.420410533276222, 8.21750564623023, 5.370227188348391, 5.319509642349804, 5.339552516528251, 5.315571309041678, 5.304307578241838, 8.21658160551836, 8.45486360839007, 8.452036446176887, 5.416620502372162, 5.388116855174667], "centre_of_mass": [[0.8470839699393248, 0.950327364667981, 10.976152220338081], [-4.569840170037394, 1.0767984347299966, 3.4257546019620455], [1.861941301314698, -4.197650477495636, 3.665942935588175], [3.684648348035812, 4.132538397179352, 3.0700494124362585], [-6.30897279384206, -7.077280918264106, 4.498037339083488], [10.395508320862627, -1.4895590984084404, 3.0829545733262105], [-2.7055153155389036, 10.275509492333521, 3.119724501110764], [-10.360205794996551, 1.4830779796322942, -3.072888994405673], [2.600665429472828, -9.946391325499661, -3.019164677217523], [-3.676670304219927, -4.125064715737824, -3.0648658661412784], [4.685385724019034, -1.1059346490319684, -3.5173918701661804], [-1.6238623402256542, 4.502237743809473, -3.4957664137968356], [6.557841145781868, 7.354909944293469, -4.709222482264781], [-0.8516901081411358, -0.9569471174917992, -11.109280881013696]]}}