{"no_of_atoms": 720, "centre_of_mass": [2.269168506721049e-17, 39.939999733129994, 20.32699999999999], "maximum_diameter": {"diameter": 37.30780744652304, "atom_1": 242, "atom_2": 576}, "pore_diameter": {"diameter": 8.56503879355527, "atom": 181}, "pore_volume": 328.9929756251865, "pore_diameter_opt": {"diameter": 8.565039249170301, "atom_1": 181, "centre_of_mass": [-1.2072739305286294e-07, 39.93999992634514, 20.326999999999103]}, "pore_volume_opt": 328.9930281272788, "windows": {"diameters": [4.677567052402811, 3.763709749516859, 3.7622953750470516, 3.693097283499328, 3.7910925647847162, 5.491126854941405, 4.926699150765176, 5.488206109718418, 4.926920864759957, 3.7557076748056226, 3.772085667710049, 3.760291373600762, 3.685442622139834, 4.671303681055025], "centre_of_mass": [[0.0638049455443538, 40.284646197186326, 24.832599424988125], [5.912782733852914, 43.93715234161009, 25.620126241904355], [-5.903952366283286, 35.94842783495531, 25.612572664057808], [-2.306956247501398, 43.26888251867659, 23.185723129499387], [4.082573769047556, 33.713742597706016, 25.43429486962795], [4.013311511294816, 39.11786804395462, 20.222199611370332], [-0.9280285879948773, 35.600762619868306, 20.477030742327017], [-3.943806365690858, 40.7472434052571, 20.224441023761415], [0.9285524356475751, 44.28176232585696, 20.176926265059162], [-5.847624733868426, 35.984642886117015, 15.090131894535343], [5.957104537628902, 43.965673319535576, 14.995636568583102], [3.9150685484145704, 33.94566379622847, 15.4022650395693], [-2.2672556077838557, 43.213586893402265, 17.5152929547914], [-0.0626299138595005, 39.60151309820545, 15.933348683937183]]}}