{"no_of_atoms": 720, "centre_of_mass": [14.467500000000005, 39.93999973313, -1.875297289233199e-15], "maximum_diameter": {"diameter": 37.3083936011882, "atom_1": 242, "atom_2": 574}, "pore_diameter": {"diameter": 8.565556358913746, "atom": 181}, "pore_volume": 329.0526200684941, "pore_diameter_opt": {"diameter": 8.565556808952653, "atom_1": 181, "centre_of_mass": [14.467500116469743, 39.93999992566193, -1.875297289233199e-15]}, "pore_volume_opt": 329.05267193429825, "windows": {"diameters": [4.680193054886497, 3.756846147212913, 3.765236342730002, 3.6828481422500863, 3.699348440735636, 5.488955235448105, 4.935033214871089, 5.489340756653108, 4.923919648690222, 3.7740971369672836, 3.778260442756014, 3.7609721827795872, 3.762057108658626, 4.673386677853889], "centre_of_mass": [[14.531452025964017, 39.59456943046649, 4.524780610284657], [20.327042457075635, 35.977140931962325, 5.246684593147219], [8.546082628427827, 43.94260872856588, 5.300158882505692], [16.711706551027614, 43.180879048052624, 2.783995095937197], [12.137223326477827, 36.579471607669696, 2.8856933532253413], [18.440955015029378, 40.75358676477317, 0.10356047157227308], [15.41043752911538, 35.52544603717239, 0.15143679792185333], [10.481164321171866, 39.12356832564023, 0.10405917399742476], [13.546881087006899, 44.24544047471223, -0.1494019367092242], [18.495197355959167, 46.09096105874062, -5.048044778826947], [10.424320293495363, 33.7675110782003, -5.064990847779977], [20.362365390666902, 35.954594286291645, -5.277165476204821], [8.565807298995528, 43.92988084648803, -5.283064674544567], [14.404598584487319, 40.27989328330019, -4.426207843008218]]}}