{"no_of_atoms": 30, "centre_of_mass": [9.07681307878266, -6.290545941555128, 11.043397960484382], "maximum_diameter": {"diameter": 13.93017525112978, "atom_1": 0, "atom_2": 29}, "pore_diameter": {"diameter": 2.5448425288547454, "atom": 20}, "pore_volume": 8.629415178962116, "pore_diameter_opt": {"diameter": 2.544951500987421, "atom_1": 18, "centre_of_mass": [9.076698236356204, -6.290619578274578, 11.043309301417038]}, "pore_volume_opt": 8.6305237812032, "windows": {"diameters": [2.3882684403086523, 2.4900578137985945], "centre_of_mass": [[8.603349803550326, -5.963231639955112, 12.012920812346188], [9.715795509263652, -6.733176837013157, 9.258592011994217]]}}