{"no_of_atoms": 416, "centre_of_mass": [18.65383687238979, 23.736954940699, 4.48998468692884], "maximum_diameter": {"diameter": 32.14685317146263, "atom_1": 247, "atom_2": 349}, "pore_diameter": {"diameter": 1.5147991329926271, "atom": 238}, "pore_volume": 1.819968058544465, "pore_diameter_opt": {"diameter": 1.730394919320522, "atom_1": 139, "centre_of_mass": [18.619589705699205, 23.6332563096732, 4.476681929477791]}, "pore_volume_opt": 2.712903314503671, "windows": {"diameters": [], "centre_of_mass": []}}