{"no_of_atoms": 806, "centre_of_mass": [14.146324267792501, 8.167362465385457, 10.041368277562063], "maximum_diameter": {"diameter": 39.33372865819285, "atom_1": 523, "atom_2": 537}, "pore_diameter": {"diameter": 11.183814568614435, "atom": 696}, "pore_volume": 732.4339985806492, "pore_diameter_opt": {"diameter": 11.18843168106047, "atom_1": 685, "centre_of_mass": [14.14636948187847, 8.167654645496228, 10.04421802787886]}, "pore_volume_opt": 733.3415046229246, "windows": {"diameters": [4.824496383422103, 4.508709974735776, 4.521101650436533, 4.596521953493957, 4.591090004536957, 4.61775917443085, 4.4571679243055655, 4.396398307990211, 4.4770100980942225, 4.935091049967809, 4.827401932512519, 4.423063899812824], "centre_of_mass": [[18.862856632174385, 10.410804508850173, 18.064266949214463], [11.312492451203887, 11.793192871520183, 16.1230472314071], [13.14683204386623, 4.258460627065524, 16.333079457350287], [7.067183489066841, 10.614274740907547, 10.62612816270067], [19.76276124762594, 13.040382025223167, 10.61329701771543], [15.572225506685403, 1.515450925005986, 9.958650407882493], [8.239494007968016, 3.71008186104672, 10.07344977868376], [12.407634931513538, 15.373622005239021, 9.977383128990363], [22.307768604718913, 4.875957514668375, 10.379927191269408], [8.623039939831742, 5.758354132679173, 2.5645444533242063], [15.792988825684299, 12.97323001950404, 2.868983414672357], [16.492640683011363, 4.989813478688289, 3.8164301824780527]]}}