{"no_of_atoms": 184, "centre_of_mass": [7.49166542990012, 20.57574319835203, 20.75823252651332], "maximum_diameter": {"diameter": 24.33329918553851, "atom_1": 22, "atom_2": 155}, "pore_diameter": {"diameter": 3.79153365022364, "atom": 124}, "pore_volume": 28.539303274446887, "pore_diameter_opt": {"diameter": 3.955013443434994, "atom_1": 17, "centre_of_mass": [7.850654045711661, 20.574463500190568, 20.746780044383865]}, "pore_volume_opt": 32.39235433248143, "windows": {"diameters": [3.9115421738864735, 3.675062237624218, 3.840626390571892], "centre_of_mass": [[9.229030543703589, 20.29523374837636, 22.157982077734786], [6.038904832720226, 20.4542202689819, 21.071198177175315], [9.489585891747847, 20.909650237853644, 19.755523196609538]]}}