{"no_of_atoms": 718, "centre_of_mass": [17.70908985910965, 7.854582722419549, 25.19872335048645], "maximum_diameter": {"diameter": 35.346424709335196, "atom_1": 205, "atom_2": 636}, "pore_diameter": {"diameter": 1.5337888725764857, "atom": 372}, "pore_volume": 1.8892758380273063, "pore_diameter_opt": {"diameter": 3.873149860917921, "atom_1": 372, "centre_of_mass": [16.942195422821406, 8.621477158707792, 25.965617786774693]}, "pore_volume_opt": 30.422263648921533, "windows": {"diameters": [], "centre_of_mass": []}}