{"no_of_atoms": 336, "centre_of_mass": [2.6023898266512426, -3.504708404683184, 27.65004319046879], "maximum_diameter": {"diameter": 25.905565072985524, "atom_1": 104, "atom_2": 257}, "pore_diameter": {"diameter": 0.7725576105060772, "atom": 100}, "pore_volume": 0.24143000742331705, "pore_diameter_opt": {"diameter": 0.7726324270477174, "atom_1": 100, "centre_of_mass": [2.6023677368782137, -3.504730492672633, 27.650065274924884]}, "pore_volume_opt": 0.24150015639581887, "windows": {"diameters": [1.1091716134260579, 1.1088394634640295], "centre_of_mass": [[2.323568914299843, -2.7312076963023206, 28.04100403347063], [2.880249936555337, -4.277968377039927, 27.258443768282294]]}}