{"no_of_atoms": 812, "centre_of_mass": [14.708276705942785, 29.60850000000003, 20.320286766474275], "maximum_diameter": {"diameter": 37.35484627679396, "atom_1": 10, "atom_2": 807}, "pore_diameter": {"diameter": 7.845847998841176, "atom": 407}, "pore_volume": 252.88221834474413, "pore_diameter_opt": {"diameter": 7.84650297611468, "atom_1": 417, "centre_of_mass": [14.707964874975497, 29.60850959585232, 20.32038640425798]}, "pore_volume_opt": 252.94555602349755, "windows": {"diameters": [3.5679513941501706, 3.8616124495105812, 3.797905254934547, 3.8623423680184694, 3.7985414760560503, 4.074246725238449], "centre_of_mass": [[16.606840740161022, 30.221173961367253, 24.447446828366232], [11.51936405712318, 26.37152058294801, 22.23900388702405], [12.325465783142437, 33.21759850845744, 21.35073343341033], [17.89725551002815, 32.845866024822605, 18.40223463415086], [17.089002274897055, 26.002967522787536, 19.292508400797846], [11.750663084018441, 29.202934842780273, 13.588307342540354]]}}