{"no_of_atoms": 376, "centre_of_mass": [25.52626877504645, 12.761459279264741, 32.87919813653223], "maximum_diameter": {"diameter": 27.681991098735796, "atom_1": 2, "atom_2": 374}, "pore_diameter": {"diameter": 2.073973528227611, "atom": 61}, "pore_volume": 4.670982593007051, "pore_diameter_opt": {"diameter": 2.2638821360861976, "atom_1": 178, "centre_of_mass": [25.53532516556459, 12.991965103029369, 32.58355026065924]}, "pore_volume_opt": 6.075192727901543, "windows": {"diameters": [2.4776654055555167], "centre_of_mass": [[26.111861098530362, 15.080550243047526, 24.24986303368783]]}}