{"no_of_atoms": 36, "centre_of_mass": [4.135499999999999, 12.406499999999998, 1.6063541113519924], "maximum_diameter": {"diameter": 10.567510205714939, "atom_1": 22, "atom_2": 34}, "pore_diameter": {"diameter": -1.192809508636274, "atom": 3}, "pore_volume": -0.8886114394592456, "pore_diameter_opt": {"diameter": -1.192809508636274, "atom_1": 3, "centre_of_mass": [4.135499999999999, 12.406499999999998, 1.6063541113519924]}, "pore_volume_opt": -0.8886114394592456, "windows": {"diameters": null, "centre_of_mass": null}}