{"no_of_atoms": 36, "centre_of_mass": [12.406500000000001, 4.135499999999999, 23.107354111352], "maximum_diameter": {"diameter": 10.56751020571494, "atom_1": 13, "atom_2": 31}, "pore_diameter": {"diameter": -1.19280950863648, "atom": 10}, "pore_volume": -0.8886114394597061, "pore_diameter_opt": {"diameter": -1.19280950863648, "atom_1": 10, "centre_of_mass": [12.406500000000001, 4.135499999999999, 23.107354111352]}, "pore_volume_opt": -0.8886114394597061, "windows": {"diameters": null, "centre_of_mass": null}}