{"no_of_atoms": 202, "centre_of_mass": [4.135557377190598, 4.135557377190598, 36.10806249056472], "maximum_diameter": {"diameter": 24.14222725499397, "atom_1": 2, "atom_2": 200}, "pore_diameter": {"diameter": 5.53872181803817, "atom": 64}, "pore_volume": 88.96665910454722, "pore_diameter_opt": {"diameter": 5.538882100089226, "atom_1": 113, "centre_of_mass": [4.135500001702866, 4.1354999980694895, 36.10806105209013]}, "pore_volume_opt": 88.97438300099374, "windows": {"diameters": [2.4508436740034574e+40, 4.761739227474806, 4.775584564519971, 4.828662530336658], "centre_of_mass": [[-7.473300260144013e+39, -3.6983526780499857e+39, 8.979857379188217e+39], [4.692949856689315, 6.03758462866019, 33.25844777128975], [9.771334394970062, 2.3636683809863683, 33.0471115401168], [3.609603236722967, 2.341067721475676, 33.29738428155815]]}}