{"no_of_atoms": 49, "centre_of_mass": [12.424201338441447, 12.418509381553351, 32.21803071154148], "maximum_diameter": {"diameter": 6.1995521164725, "atom_1": 18, "atom_2": 28}, "pore_diameter": {"diameter": -3.4228789915478997, "atom": 0}, "pore_volume": -20.99777413756245, "pore_diameter_opt": {"diameter": -3.4228789915478997, "atom_1": 0, "centre_of_mass": [12.424201338441447, 12.418509381553351, 32.21803071154148]}, "pore_volume_opt": -20.99777413756245, "windows": {"diameters": null, "centre_of_mass": null}}