{"no_of_atoms": 44, "centre_of_mass": [4.048388795795704, 4.1417863300009055, 10.718589785254768], "maximum_diameter": {"diameter": 6.48459052642192, "atom_1": 7, "atom_2": 30}, "pore_diameter": {"diameter": -3.1918459872704026, "atom": 0}, "pore_volume": -17.026461676873623, "pore_diameter_opt": {"diameter": -3.1918459872704026, "atom_1": 0, "centre_of_mass": [4.048388795795704, 4.1417863300009055, 10.718589785254768]}, "pore_volume_opt": -17.026461676873623, "windows": {"diameters": null, "centre_of_mass": null}}