{"no_of_atoms": 44, "centre_of_mass": [4.141786330000906, 4.222634156271709, 10.718589785254762], "maximum_diameter": {"diameter": 6.48459052642192, "atom_1": 1, "atom_2": 25}, "pore_diameter": {"diameter": -3.191877385018902, "atom": 0}, "pore_volume": -17.026964142677823, "pore_diameter_opt": {"diameter": -3.191877385018902, "atom_1": 0, "centre_of_mass": [4.141786330000906, 4.222634156271709, 10.718589785254762]}, "pore_volume_opt": -17.026964142677823, "windows": {"diameters": null, "centre_of_mass": null}}