{"no_of_atoms": 44, "centre_of_mass": [4.048388795795704, 4.129236622066506, 10.782410214745235], "maximum_diameter": {"diameter": 6.48459052642192, "atom_1": 34, "atom_2": 40}, "pore_diameter": {"diameter": -3.191844825669801, "atom": 0}, "pore_volume": -17.026443087686353, "pore_diameter_opt": {"diameter": -3.191844825669801, "atom_1": 0, "centre_of_mass": [4.048388795795704, 4.129236622066506, 10.782410214745235]}, "pore_volume_opt": -17.026443087686353, "windows": {"diameters": null, "centre_of_mass": null}}