{"no_of_atoms": 34, "centre_of_mass": [12.406499999999996, 12.406499999999996, 10.751547514287797], "maximum_diameter": {"diameter": 6.762808653333309, "atom_1": 2, "atom_2": 26}, "pore_diameter": {"diameter": -2.733714173001162, "atom": 1}, "pore_volume": -10.69689999147378, "pore_diameter_opt": {"diameter": -2.733714173001162, "atom_1": 1, "centre_of_mass": [12.406499999999996, 12.406499999999996, 10.751547514287797]}, "pore_volume_opt": -10.69689999147378, "windows": {"diameters": null, "centre_of_mass": null}}