{"no_of_atoms": 49, "centre_of_mass": [4.153201338441447, 4.123511207686012, 10.71703071154148], "maximum_diameter": {"diameter": 6.199552116472445, "atom_1": 15, "atom_2": 27}, "pore_diameter": {"diameter": -3.4228548037494164, "atom": 0}, "pore_volume": -20.997328997951882, "pore_diameter_opt": {"diameter": -3.4228548037494164, "atom_1": 0, "centre_of_mass": [4.153201338441447, 4.123511207686012, 10.71703071154148]}, "pore_volume_opt": -20.997328997951882, "windows": {"diameters": null, "centre_of_mass": null}}