{"no_of_atoms": 44, "centre_of_mass": [4.222634156271708, 4.141786330000904, 10.782410214745232], "maximum_diameter": {"diameter": 6.48459052642192, "atom_1": 26, "atom_2": 42}, "pore_diameter": {"diameter": -3.1918773850189726, "atom": 0}, "pore_volume": -17.026964142678953, "pore_diameter_opt": {"diameter": -3.1918773850189726, "atom_1": 0, "centre_of_mass": [4.222634156271708, 4.141786330000904, 10.782410214745232]}, "pore_volume_opt": -17.026964142678953, "windows": {"diameters": null, "centre_of_mass": null}}