{"no_of_atoms": 44, "centre_of_mass": [12.493634156271709, 12.412786330000904, 32.219589785254755], "maximum_diameter": {"diameter": 6.4845905264219486, "atom_1": 29, "atom_2": 30}, "pore_diameter": {"diameter": -3.1918773850191133, "atom": 0}, "pore_volume": -17.02696414268121, "pore_diameter_opt": {"diameter": -3.1918773850191133, "atom_1": 0, "centre_of_mass": [12.493634156271709, 12.412786330000904, 32.219589785254755]}, "pore_volume_opt": -17.02696414268121, "windows": {"diameters": null, "centre_of_mass": null}}