{"no_of_atoms": 44, "centre_of_mass": [4.129236622066506, 4.048388795795704, 10.718589785254766], "maximum_diameter": {"diameter": 6.48459052642192, "atom_1": 1, "atom_2": 34}, "pore_diameter": {"diameter": -3.1918448256698713, "atom": 0}, "pore_volume": -17.02644308768748, "pore_diameter_opt": {"diameter": -3.1918448256698713, "atom_1": 0, "centre_of_mass": [4.129236622066506, 4.048388795795704, 10.718589785254766]}, "pore_volume_opt": -17.02644308768748, "windows": {"diameters": null, "centre_of_mass": null}}