{"no_of_atoms": 38, "centre_of_mass": [4.1354999999999995, 12.4065, 28.24652186973994], "maximum_diameter": {"diameter": 8.843686975719862, "atom_1": 4, "atom_2": 18}, "pore_diameter": {"diameter": -2.1749205300565535, "atom": 19}, "pore_volume": -5.3867745632234145, "pore_diameter_opt": {"diameter": -2.1749205300565535, "atom_1": 19, "centre_of_mass": [4.1354999999999995, 12.4065, 28.24652186973994]}, "pore_volume_opt": -5.3867745632234145, "windows": {"diameters": null, "centre_of_mass": null}}