{"no_of_atoms": 720, "centre_of_mass": [-14.583547178823506, 14.583982928057035, 20.62452978370477], "maximum_diameter": {"diameter": 33.01690140568846, "atom_1": 93, "atom_2": 692}, "pore_diameter": {"diameter": 8.819485069454231, "atom": 146}, "pore_volume": 359.1933687595028, "pore_diameter_opt": {"diameter": 8.82000359252423, "atom_1": 146, "centre_of_mass": [-14.583670434739739, 14.583844601675022, 20.62471114065945]}, "pore_volume_opt": 359.2567265396521, "windows": {"diameters": [5.370540854365081, 3.7892669103916163, 3.830392380455577, 3.837495495302888, 3.7940204462877882, 5.368710296070032, 5.275823905536199, 5.276728784293641, 5.372478021768694, 3.7851903132754807, 3.793542185146341, 3.7994124167513434, 3.7902590995288183, 5.378751773448575], "centre_of_mass": [[-14.414718600477626, 14.377575329648124, 24.937218517711003], [-21.679139806158854, 14.37682558393706, 26.020652830629245], [-14.46265400122988, 18.609861036805498, 23.729711064751577], [-10.27767625164077, 14.461452574958546, 23.409205551403], [-14.417885430213138, 7.080019198839918, 25.51905981263424], [-17.631101501396632, 17.592382461501394, 20.88776726499547], [-17.642767363973924, 11.524682511710544, 20.62489281847007], [-11.51155062299739, 17.655921203476495, 20.624912682519078], [-11.488821768196804, 11.529836241062114, 20.357077833074456], [-21.98559285529622, 14.746976043512165, 15.796029472790948], [-14.749024140453942, 22.0839623325105, 15.732420716232351], [-14.792923876500508, 7.418152536537161, 15.175446983093927], [-7.478791756026508, 14.791422460358632, 15.221308888141714], [-14.755840516290538, 14.795738061805, 16.209639125396613]]}}