{"no_of_atoms": 402, "centre_of_mass": [6.116262065950772, 3.5311954481750507, 2.4969012099335304], "maximum_diameter": {"diameter": 29.965434959877864, "atom_1": 232, "atom_2": 341}, "pore_diameter": {"diameter": 7.256938405926375, "atom": 261}, "pore_volume": 200.10545744040323, "pore_diameter_opt": {"diameter": 7.25730177354129, "atom_1": 91, "centre_of_mass": [6.11617022665264, 3.53134520357243, 2.496445368791216]}, "pore_volume_opt": 200.1355178376138, "windows": {"diameters": [3.2493739220139215, 3.247197369452463, 3.2469223037094332, 3.2437570016040427], "centre_of_mass": [[6.1161844379093475, 3.5312099802589727, 8.737645284308414], [11.197518280397574, 0.5974198656619505, 0.42287336968790656], [1.0409232343354313, 0.6006712174352504, 0.42510383782253447], [6.116274981956352, 9.30413910301147, 0.4555420051498542]]}}