{"no_of_atoms": 132, "centre_of_mass": [5.741470852631989, -0.006989526810462451, 12.47362545255916], "maximum_diameter": {"diameter": 24.204149858734617, "atom_1": 59, "atom_2": 131}, "pore_diameter": {"diameter": 0.2981416995398072, "atom": 51}, "pore_volume": 0.013876079862917797, "pore_diameter_opt": {"diameter": 0.37663273565776345, "atom_1": 51, "centre_of_mass": [5.77234357619408, 0.0019943040982400855, 12.442710734282189]}, "pore_volume_opt": 0.02797388702074629, "windows": {"diameters": [0.9720568331577328, 0.9632663621363355], "centre_of_mass": [[5.482712041613524, -0.5599289819614326, 11.540498664420282], [6.071359611896768, 0.4898935506085995, 13.418075154435991]]}}