{"no_of_atoms": 132, "centre_of_mass": [8.777318401537528, 9.084767972197369, 0.0001801758149223164], "maximum_diameter": {"diameter": 24.020968368486052, "atom_1": 3, "atom_2": 130}, "pore_diameter": {"diameter": -0.08538084458410822, "atom": 58}, "pore_volume": -0.00032589669924261053, "pore_diameter_opt": {"diameter": -0.08538084458410822, "atom_1": 58, "centre_of_mass": [8.777318401537528, 9.084767972197369, 0.0001801758149223164]}, "pore_volume_opt": -0.00032589669924261053, "windows": {"diameters": null, "centre_of_mass": null}}