{"no_of_atoms": 27, "centre_of_mass": [-4.206399355748817e-18, 9.698196382748387, 5.291596393076257e-05], "maximum_diameter": {"diameter": 9.205559807849744, "atom_1": 3, "atom_2": 24}, "pore_diameter": {"diameter": -3.4395932259018798, "atom": 7}, "pore_volume": -21.30688084573797, "pore_diameter_opt": {"diameter": -3.4395932259018798, "atom_1": 7, "centre_of_mass": [-4.206399355748817e-18, 9.698196382748387, 5.291596393076257e-05]}, "pore_volume_opt": -21.30688084573797, "windows": {"diameters": null, "centre_of_mass": null}}