{"no_of_atoms": 460, "centre_of_mass": [11.661342823515394, 6.732654723542386, 5.55233134593478], "maximum_diameter": {"diameter": 25.88149550133915, "atom_1": 402, "atom_2": 441}, "pore_diameter": {"diameter": 5.408968844349642, "atom": 341}, "pore_volume": 82.85945301770414, "pore_diameter_opt": {"diameter": 5.439819860699393, "atom_1": 341, "centre_of_mass": [11.661328299109899, 6.732744444826302, 5.595384938543285]}, "pore_volume_opt": 84.28536603552442, "windows": {"diameters": [1.4148573715071895, 2.1454381379529655, 1.8779868988674564, 2.1392002706500546, 1.3520047183863482, 1.9645474429934722], "centre_of_mass": [[12.982148374865291, 1.892297954900834, 7.9617504746215495], [5.316061216519219, 7.514821240583761, 7.489774677327526], [14.339921408696751, 8.424102605825968, 8.015736674222884], [14.374372225848992, 3.5276394332491825, 0.5035127106857047], [8.169291732139078, 3.1298118151752283, 3.087608441245989], [11.489943378032885, 9.858497573658452, 3.1542533872711194]]}}