{"no_of_atoms": 22, "centre_of_mass": [3.406973115252518, 5.900951206294688, 25.781770086143794], "maximum_diameter": {"diameter": 9.885077720522968, "atom_1": 0, "atom_2": 18}, "pore_diameter": {"diameter": -1.5393128525427815, "atom": 11}, "pore_volume": -1.9097622697743628, "pore_diameter_opt": {"diameter": -1.5393128525427815, "atom_1": 11, "centre_of_mass": [3.406973115252518, 5.900951206294688, 25.781770086143794]}, "pore_volume_opt": -1.9097622697743628, "windows": {"diameters": null, "centre_of_mass": null}}