{"no_of_atoms": 24, "centre_of_mass": [-2.6857988747905457e-05, 13.46536910895251, 20.09631391713849], "maximum_diameter": {"diameter": 7.362689093608287, "atom_1": 1, "atom_2": 22}, "pore_diameter": {"diameter": -2.2879324842190814, "atom": 12}, "pore_volume": -6.270876326880492, "pore_diameter_opt": {"diameter": -2.2879324842190814, "atom_1": 12, "centre_of_mass": [-2.6857988747905457e-05, 13.46536910895251, 20.09631391713849]}, "pore_volume_opt": -6.270876326880492, "windows": {"diameters": null, "centre_of_mass": null}}