{"no_of_atoms": 402, "centre_of_mass": [6.1817940417303845, 6.1817940417303845, 6.181794041730384], "maximum_diameter": {"diameter": 23.885, "atom_1": 50, "atom_2": 360}, "pore_diameter": {"diameter": 7.478411931994586, "atom": 65}, "pore_volume": 218.9912553888317, "pore_diameter_opt": {"diameter": 7.4787745490604625, "atom_1": 358, "centre_of_mass": [6.181387206983894, 6.181387206158769, 6.181387206122634]}, "pore_volume_opt": 219.02311261376283, "windows": {"diameters": [], "centre_of_mass": []}}