{"no_of_atoms": 30, "centre_of_mass": [5.289133152864287, 1.7976167135360546, 10.079244973586691], "maximum_diameter": {"diameter": 11.105518976507753, "atom_1": 24, "atom_2": 25}, "pore_diameter": {"diameter": -0.6293109756710593, "atom": 11}, "pore_volume": -0.1304952011169832, "pore_diameter_opt": {"diameter": -0.6293109756710593, "atom_1": 11, "centre_of_mass": [5.289133152864287, 1.7976167135360546, 10.079244973586691]}, "pore_volume_opt": -0.1304952011169832, "windows": {"diameters": null, "centre_of_mass": null}}