{"no_of_atoms": 339, "centre_of_mass": [11.465223666583594, 0.21044854552674616, 31.44461809503938], "maximum_diameter": {"diameter": 30.351582285639942, "atom_1": 155, "atom_2": 189}, "pore_diameter": {"diameter": 10.326109347709425, "atom": 220}, "pore_volume": 576.5125705875773, "pore_diameter_opt": {"diameter": 10.452370192134332, "atom_1": 50, "centre_of_mass": [11.427379801589408, 0.13262862764641936, 31.505015848759204]}, "pore_volume_opt": 597.9198486638571, "windows": {"diameters": [8.778672979068611, 8.73482288839204, 9.09756685389989], "centre_of_mass": [[8.01516065054271, 0.5717553251418631, 32.552893874385894], [14.59814322433921, 2.274268593553694, 34.56656434021281], [12.33258144781998, 1.4280539587963275, 26.5086903853728]]}}