{"no_of_atoms": 174, "centre_of_mass": [7.682867917370421, 21.235132082629583, 22.820999999999998], "maximum_diameter": {"diameter": 30.08093094327857, "atom_1": 79, "atom_2": 145}, "pore_diameter": {"diameter": 8.067912329948767, "atom": 100}, "pore_volume": 274.9679863298213, "pore_diameter_opt": {"diameter": 8.067912329948767, "atom_1": 100, "centre_of_mass": [7.682867917370421, 21.235132082629583, 22.820999999999998]}, "pore_volume_opt": 274.9679863298213, "windows": {"diameters": [6.939258014174515, 6.558135754991147, 6.719226544347789, 6.9374711252982575], "centre_of_mass": [[10.924562436267397, 20.573685491285318, 26.154684644610207], [3.986868258775748, 20.93499687310179, 24.87955998146611], [8.112812126244053, 25.997190593231696, 20.30117629710049], [8.342604505490316, 18.065844111830913, 19.509786071320736]]}}