{"no_of_atoms": 164, "centre_of_mass": [17.328168399199832, 1.0322484303057204, 17.796277649027473], "maximum_diameter": {"diameter": 26.509756675720787, "atom_1": 13, "atom_2": 163}, "pore_diameter": {"diameter": 0.6085703219361052, "atom": 82}, "pore_volume": 0.11801329339754559, "pore_diameter_opt": {"diameter": 0.6095418624712843, "atom_1": 82, "centre_of_mass": [17.328518091889027, 1.0325167113218732, 17.796627341451234]}, "pore_volume_opt": 0.11857939642527296, "windows": {"diameters": [0.3760790287031872, 0.4407913416739202, 0.44175151619049213, 0.38318759377151235], "centre_of_mass": [[17.468915035372664, 0.8661013006887311, 19.29125672006139], [16.656934056093572, 2.3084993528051685, 17.251056397369], [17.60961215803971, 0.28349088999925653, 18.014011361455534], [17.38320161384938, 0.8020868003680851, 16.999968666564925]]}}