{"no_of_atoms": 23, "centre_of_mass": [7.210614451670345, 24.064487778466273, 6.416512221533721], "maximum_diameter": {"diameter": 10.868387825137638, "atom_1": 3, "atom_2": 22}, "pore_diameter": {"diameter": -0.5005372958670682, "atom": 8}, "pore_volume": -0.0656610693587219, "pore_diameter_opt": {"diameter": -0.5005372958670682, "atom_1": 8, "centre_of_mass": [7.210614451670345, 24.064487778466273, 6.416512221533721]}, "pore_volume_opt": -0.0656610693587219, "windows": {"diameters": null, "centre_of_mass": null}}