{"no_of_atoms": 270, "centre_of_mass": [14.421143513680752, 7.658291542772509, 7.658291542772512], "maximum_diameter": {"diameter": 30.365025208432936, "atom_1": 40, "atom_2": 268}, "pore_diameter": {"diameter": 8.175575849003918, "atom": 215}, "pore_volume": 286.12359856076597, "pore_diameter_opt": {"diameter": 8.287590512017694, "atom_1": 41, "centre_of_mass": [14.42135688911793, 7.740637243566581, 7.740925430361413]}, "pore_volume_opt": 298.0461223481471, "windows": {"diameters": [6.4909224464219015, 6.675561249283904, 6.393068418450936, 6.373189475697659], "centre_of_mass": [[17.673748476702038, 8.431466734481152, 10.900153224809896], [11.909344925448332, 10.154049416580813, 8.274650790328108], [12.681264359711122, 3.1489218032412634, 7.97097411142613], [16.021024184288812, 7.9344792843225544, 3.4895310600132943]]}}