{"no_of_atoms": 23, "centre_of_mass": [14.421289033406925, 8.823951649290407, 8.823951649290407], "maximum_diameter": {"diameter": 10.86669810687583, "atom_1": 21, "atom_2": 22}, "pore_diameter": {"diameter": -0.4992787146762838, "atom": 1}, "pore_volume": -0.06516700727441284, "pore_diameter_opt": {"diameter": -0.4992787146762838, "atom_1": 1, "centre_of_mass": [14.421289033406925, 8.823951649290407, 8.823951649290407]}, "pore_volume_opt": -0.06516700727441284, "windows": {"diameters": null, "centre_of_mass": null}}