{"no_of_atoms": 23, "centre_of_mass": [14.421006064142745, 6.380898281224618, 6.380898281224618], "maximum_diameter": {"diameter": 10.924289565196245, "atom_1": 8, "atom_2": 19}, "pore_diameter": {"diameter": -0.5435763081239933, "atom": 10}, "pore_volume": -0.08409693762088229, "pore_diameter_opt": {"diameter": -0.5435763081239933, "atom_1": 10, "centre_of_mass": [14.421006064142745, 6.380898281224618, 6.380898281224618]}, "pore_volume_opt": -0.08409693762088229, "windows": {"diameters": null, "centre_of_mass": null}}