{"no_of_atoms": 270, "centre_of_mass": [7.210678231301186, 22.89880109713584, 7.582198902864148], "maximum_diameter": {"diameter": 30.365840629649494, "atom_1": 13, "atom_2": 268}, "pore_diameter": {"diameter": 8.175068641207897, "atom": 48}, "pore_volume": 286.0703490578799, "pore_diameter_opt": {"diameter": 8.286677807015407, "atom_1": 227, "centre_of_mass": [7.210676009582095, 22.981301339580924, 7.49967036278753]}, "pore_volume_opt": 297.9476625258641, "windows": {"diameters": [6.3745374625891795, 6.437593429713422, 6.507904034486264, 6.461910604352397], "centre_of_mass": [[5.62566619449999, 23.17069849360154, 11.714076182984307], [9.046913141771245, 18.156861393352774, 7.245328010968732], [10.615563525754439, 26.281899909094236, 6.77622998902885], [3.7014315687628065, 23.75142339263276, 4.73813262155382]]}}