{"no_of_atoms": 270, "centre_of_mass": [14.039975084177224, 8.105958497550391, 25.85929031586637], "maximum_diameter": {"diameter": 30.714806430042586, "atom_1": 153, "atom_2": 234}, "pore_diameter": {"diameter": 8.098289582799337, "atom": 182}, "pore_volume": 278.0856186168628, "pore_diameter_opt": {"diameter": 8.098713611575823, "atom_1": 182, "centre_of_mass": [14.040072911421037, 8.106012046153944, 25.8590144815461]}, "pore_volume_opt": 278.1293028335066, "windows": {"diameters": [6.087028020260025, 6.489293706969608, 6.494331429551899, 6.494137112176517], "centre_of_mass": [[14.039771513118334, 8.105404139555604, 30.464761453606044], [14.547675753096208, 3.810829967246076, 24.092342855101414], [10.010189999395996, 9.83709396927105, 24.072658615152875], [17.54419356892234, 10.722188506909479, 24.077694313523526]]}}