{"no_of_atoms": 271, "centre_of_mass": [6.520265021429946, 22.487971067867637, 7.43844359680591], "maximum_diameter": {"diameter": 30.688265345334496, "atom_1": 214, "atom_2": 220}, "pore_diameter": {"diameter": 8.140968605737394, "atom": 48}, "pore_volume": 282.5054706209063, "pore_diameter_opt": {"diameter": 8.206228708246847, "atom_1": 50, "centre_of_mass": [6.472399990153212, 22.533515107126362, 7.436769409792287]}, "pore_volume_opt": 289.35398786805854, "windows": {"diameters": [6.517050363247918, 6.350781052188728, 6.39574129361819, 6.485368177999147], "centre_of_mass": [[5.7209846752443845, 25.502373741504044, 10.900171147330502], [6.4225745943972505, 18.262255380112073, 9.369419764621622], [11.129357608613837, 22.626571644834453, 5.329633947348773], [3.8628630517272002, 23.21023256866206, 4.353957257396763]]}}