{"no_of_atoms": 382, "centre_of_mass": [-2.872027452085032e-17, 6.555536223300548, 3.956314577002257], "maximum_diameter": {"diameter": 28.101073376694877, "atom_1": 226, "atom_2": 262}, "pore_diameter": {"diameter": 8.175128524572111, "atom": 325}, "pore_volume": 286.07663560340313, "pore_diameter_opt": {"diameter": 8.175776326083572, "atom_1": 328, "centre_of_mass": [-3.791474361672405e-06, 6.555498818787066, 3.957008618467368]}, "pore_volume_opt": 286.1446475845087, "windows": {"diameters": [6.602479330046869, 6.610118801385463, 6.601353806192446, 6.626105091498653], "centre_of_mass": [[-3.864613089313792, 7.075437906058301, 6.747619521444288], [3.910338939126146, 6.0285359470879705, 6.78049615472292], [-0.5175400303536952, 2.7011541108716712, 1.1726684095715028], [0.5382463680160905, 10.542305652507267, 1.0776333135117677]]}}