{"no_of_atoms": 224, "centre_of_mass": [13.111000000000002, 6.555499999999997, 11.868754780592077], "maximum_diameter": {"diameter": 12.891606648864581, "atom_1": 21, "atom_2": 216}, "pore_diameter": {"diameter": 0.3199244368177214, "atom": 85}, "pore_volume": 0.017145133245232504, "pore_diameter_opt": {"diameter": 0.3199358669256527, "atom_1": 85, "centre_of_mass": [13.11097335862795, 6.555470011302432, 11.868785339723543]}, "pore_volume_opt": 0.01714697097035663, "windows": {"diameters": null, "centre_of_mass": null}}