{"no_of_atoms": 382, "centre_of_mass": [13.156463776699455, 19.734829180690344, 19.81810166691174], "maximum_diameter": {"diameter": 28.031097810344534, "atom_1": 186, "atom_2": 287}, "pore_diameter": {"diameter": 8.171946976221836, "atom": 75}, "pore_volume": 285.7427647126965, "pore_diameter_opt": {"diameter": 8.172733335859528, "atom_1": 75, "centre_of_mass": [13.156477220881813, 19.735001660842254, 19.81758995930534]}, "pore_volume_opt": 285.8252609159003, "windows": {"diameters": [6.5977129086547635, 6.59518871442949, 6.592614446160486, 6.610360925487138], "centre_of_mass": [[16.90557582608199, 20.23861233905131, 22.511555315328998], [9.443192750231242, 19.236824998271643, 22.486468231865032], [13.646122997477432, 16.07549414887094, 17.18871891995116], [12.635050273864053, 23.596575734270203, 17.04387728644035]]}}