{"no_of_atoms": 224, "centre_of_mass": [-1.4080093709568812e-16, 6.555499999999993, 3.9562452194079234], "maximum_diameter": {"diameter": 12.891606648864586, "atom_1": 110, "atom_2": 203}, "pore_diameter": {"diameter": 0.31992443681776095, "atom": 65}, "pore_volume": 0.01714513324523886, "pore_diameter_opt": {"diameter": 0.3199355775303392, "atom_1": 210, "centre_of_mass": [-2.6693059580567852e-05, 6.555469678492851, 3.956214483662791]}, "pore_volume_opt": 0.01714692443995104, "windows": {"diameters": null, "centre_of_mass": null}}