{"no_of_atoms": 224, "centre_of_mass": [-1.4110636212192604e-16, 19.666500000000006, 27.693754780592077], "maximum_diameter": {"diameter": 12.891606648864576, "atom_1": 160, "atom_2": 166}, "pore_diameter": {"diameter": 0.3199244368176757, "atom": 36}, "pore_volume": 0.017145133245225153, "pore_diameter_opt": {"diameter": 0.31993593199339054, "atom_1": 186, "centre_of_mass": [-1.5785391399056427e-05, 19.666482231967624, 27.69378551659688]}, "pore_volume_opt": 0.017146981432279985, "windows": {"diameters": null, "centre_of_mass": null}}