{"no_of_atoms": 408, "centre_of_mass": [-5.704904847012627, -8.607216221147427, 19.02548030392171], "maximum_diameter": {"diameter": 29.372681379723257, "atom_1": 96, "atom_2": 289}, "pore_diameter": {"diameter": 12.770165115818571, "atom": 119}, "pore_volume": 1090.4058184504158, "pore_diameter_opt": {"diameter": 12.887012125263777, "atom_1": 321, "centre_of_mass": [-5.692773795145238, -8.588582930284554, 19.090357876801857]}, "pore_volume_opt": 1120.6121676315543, "windows": {"diameters": [3.90487771957832, 7.099079412927409, 7.107951460006029, 3.8474257841986197, 4.238742718251478, 6.488890995336252, 6.5232072956481035, 7.032541372161543, 3.910122044629252, 3.8939708341280475, 4.079645334060151, 4.074749272696822, 4.0798222850820665, 6.9093693009755315], "centre_of_mass": [[-7.728330157226288, -11.6618822974011, 27.821855733816395], [-0.29143017671557825, -10.927536592639289, 24.582794202001622], [-9.523891143179593, -4.919733220545803, 24.145116130582867], [-2.053900690868617, -3.098521399496681, 24.912662333791317], [-10.447479566682322, -15.761476853669874, 22.79626696797218], [-4.189286659133783, -16.842609282791084, 18.145036881309057], [-14.08765652893344, -9.909505868587832, 18.758227422900163], [-1.0768216522454965, -1.6244958253720831, 16.961796090440266], [-8.930345676784746, 0.17756061010568303, 18.088094549679322], [3.446322675339892, -8.163633153342571, 18.10210446469048], [-11.055545162770388, -4.685476517533172, 14.380916937924566], [0.7082017991109053, -12.512833810081075, 13.495914447033499], [-9.221925772365271, -13.912417754877753, 12.771388792595241], [-4.971965597688769, -7.500170044280939, 11.541704872823637]]}}