{"no_of_atoms": 184, "centre_of_mass": [16.38346533536602, 12.598347341580268, 18.66952354111757], "maximum_diameter": {"diameter": 30.423091125924145, "atom_1": 60, "atom_2": 134}, "pore_diameter": {"diameter": 8.75862949575655, "atom": 12}, "pore_volume": 351.80911584558913, "pore_diameter_opt": {"diameter": 9.119250274413883, "atom_1": 12, "centre_of_mass": [16.312488293333384, 12.562440947564152, 18.837615448129426]}, "pore_volume_opt": 397.0781840629947, "windows": {"diameters": [6.3622391408023535, 2.7680986793106945, 1.0703614725106156e+23, 5.6168538852014365, 3.187606499827465e+33], "centre_of_mass": [[21.512907377355685, 8.474016083280468, 19.567285693854995], [13.126913111385273, 5.616221502505313, 26.476887667108265], [1.8808010091174776e+22, -1.9038748828841833e+22, 4.634618651011402e+22], [11.959843791751185, 8.931123425742507, 18.21922021716627], [1.4748986682877786e+33, 5.477092122738104e+32, 2.547495564449815e+32]]}}