{"no_of_atoms": 184, "centre_of_mass": [5.447465335366014, 4.411652658419738, 1.1360540488345334], "maximum_diameter": {"diameter": 30.423091125924135, "atom_1": 70, "atom_2": 181}, "pore_diameter": {"diameter": 8.757789955658838, "atom": 125}, "pore_volume": 351.7079597630201, "pore_diameter_opt": {"diameter": 9.118417307417634, "atom_1": 30, "centre_of_mass": [5.376440566382495, 4.447174821579907, 1.3041086777913007]}, "pore_volume_opt": 396.96938472038113, "windows": {"diameters": [6.35074158590618, 2.8797314986663283, 3.801765169364882, 5.623295637159787, 4.1110838282318285e+41], "centre_of_mass": [[10.279055085402842, 8.388308436943635, 1.908940737751702], [2.221203010697769, 10.695392547796327, 7.884932289467474], [0.6491899213741643, 0.5644878457276863, 4.713765807754029], [1.0020115333963595, 8.09715669413908, 0.6725250458054], [1.2851131556656608e+41, -1.515070428512739e+41, -5.275398889833725e+40]]}}