{"no_of_atoms": 740, "centre_of_mass": [6.240718363462392, 36.547569831334755, 15.214902939642865], "maximum_diameter": {"diameter": 47.68766149886565, "atom_1": 121, "atom_2": 701}, "pore_diameter": {"diameter": 22.85304941264038, "atom": 499}, "pore_volume": 6249.296037903429, "pore_diameter_opt": {"diameter": 23.00774483188982, "atom_1": 499, "centre_of_mass": [6.240989705964713, 36.54537340398893, 15.430892871036466]}, "pore_volume_opt": 6377.064047804701, "windows": {"diameters": [6.3708804216174055, 11.008073706339458, 6.563186898606125, 11.33081843551987, 10.760051197134985, 10.84401704229978, 6.752939758019174, 6.753625391947982, 5.033792621748146, 5.5214429630558115, 11.723703945345946, 12.532721198258006, 6.535048872682925, 6.507426177063369], "centre_of_mass": [[13.191593931784364, 30.966292671437465, 25.955689694562757], [-1.5491393010438683, 28.938651016060746, 24.499894004787834], [0.36966806455091206, 41.853093721722836, 25.089981847223648], [13.221372572580586, 43.848849804106614, 23.36537230922856], [16.28579869874909, 23.74351199602337, 15.01793780651158], [-2.0442897288637987, 45.927510030161386, 14.387849247626948], [-6.920942699930595, 35.07445508048116, 15.290057255204358], [20.204365015116327, 38.154253655418316, 15.382807716878785], [3.533545076791241, 22.569242067244947, 14.430410815432406], [6.855092379534138, 50.338744520865156, 11.710740264321364], [-0.5021236070449566, 29.276492371802973, 3.8922130793721585], [17.005252247986142, 44.567160424770215, 2.874576622641939], [12.605760306349893, 30.493177548951923, 3.0651005377210954], [0.129021495671501, 42.430527649018245, 3.4935600764289774]]}}