{"no_of_atoms": 248, "centre_of_mass": [4.70345507903631, 0.9689028073222048, 23.910017479189204], "maximum_diameter": {"diameter": 24.807667511312875, "atom_1": 14, "atom_2": 238}, "pore_diameter": {"diameter": 3.8784203340481773, "atom": 95}, "pore_volume": 30.546626000209493, "pore_diameter_opt": {"diameter": 3.894823643841421, "atom_1": 37, "centre_of_mass": [4.703104298211441, 0.965595644264985, 23.902520348005073]}, "pore_volume_opt": 30.93584731516897, "windows": {"diameters": [3.929353388061673, 3.882478366578027], "centre_of_mass": [[4.499572737196544, 1.1274884610722868, 23.832292356215078], [8.508238353301861, 2.2683848308579018, 24.611639092143623]]}}