{"no_of_atoms": 248, "centre_of_mass": [11.872867103469408, 17.30526545130582, 23.81793394485018], "maximum_diameter": {"diameter": 24.808407272749974, "atom_1": 173, "atom_2": 193}, "pore_diameter": {"diameter": 3.878433145839225, "atom": 34}, "pore_volume": 30.54692872006599, "pore_diameter_opt": {"diameter": 3.8990126353105476, "atom_1": 102, "centre_of_mass": [11.854536104447616, 17.390428998707677, 23.78973052685701]}, "pore_volume_opt": 31.03577180981997, "windows": {"diameters": [3.9708368739505215, 3.8508576474755123], "centre_of_mass": [[11.477416309576018, 17.385028440464634, 23.791204614373793], [16.06455921243889, 18.44392132042658, 24.17104929408841]]}}