{"no_of_atoms": 208, "centre_of_mass": [15.942751210243843, 15.942751210243843, 15.942751210243845], "maximum_diameter": {"diameter": 19.854389968494317, "atom_1": 18, "atom_2": 206}, "pore_diameter": {"diameter": 5.30961329345242, "atom": 133}, "pore_volume": 78.37675853515974, "pore_diameter_opt": {"diameter": 5.310033136059319, "atom_1": 27, "centre_of_mass": [15.942109882926792, 15.942109882926792, 15.942109882926793]}, "pore_volume_opt": 78.39535226476735, "windows": {"diameters": [1.4527043842198855, 1.448579686098419], "centre_of_mass": [[11.847005286181254, 20.038492179601167, 20.03824328406291], [11.86663419153049, 11.866588288854265, 11.866613608890912]]}}