{"no_of_atoms": 134, "centre_of_mass": [5.317635244184708, 9.137176156578924, 15.687021141755931], "maximum_diameter": {"diameter": 39.89672609945856, "atom_1": 58, "atom_2": 86}, "pore_diameter": {"diameter": -0.25129188291646143, "atom": 133}, "pore_volume": -0.008308717706031978, "pore_diameter_opt": {"diameter": -0.25129188291646143, "atom_1": 133, "centre_of_mass": [5.317635244184708, 9.137176156578924, 15.687021141755931]}, "pore_volume_opt": -0.008308717706031978, "windows": {"diameters": null, "centre_of_mass": null}}