{"no_of_atoms": 21, "centre_of_mass": [9.704293322837458, 15.774600929713799, 2.9184707321264547], "maximum_diameter": {"diameter": 11.365447770860644, "atom_1": 12, "atom_2": 19}, "pore_diameter": {"diameter": -1.8295977066474713, "atom": 4}, "pore_volume": -3.2067525146837017, "pore_diameter_opt": {"diameter": -1.8295977066474713, "atom_1": 4, "centre_of_mass": [9.704293322837458, 15.774600929713799, 2.9184707321264547]}, "pore_volume_opt": -3.2067525146837017, "windows": {"diameters": null, "centre_of_mass": null}}