{"no_of_atoms": 21, "centre_of_mass": [0.9711797963414828, -0.3583004952713174, 20.605529267873536], "maximum_diameter": {"diameter": 11.36563399970948, "atom_1": 8, "atom_2": 19}, "pore_diameter": {"diameter": -1.82886724232981, "atom": 6}, "pore_volume": -3.2029131736149767, "pore_diameter_opt": {"diameter": -1.82886724232981, "atom_1": 6, "centre_of_mass": [0.9711797963414828, -0.3583004952713174, 20.605529267873536]}, "pore_volume_opt": -3.2029131736149767, "windows": {"diameters": null, "centre_of_mass": null}}