{"no_of_atoms": 28, "centre_of_mass": [1.937028007102572, 17.554915995785038, 18.867716508743936], "maximum_diameter": {"diameter": 12.293528254957913, "atom_1": 7, "atom_2": 18}, "pore_diameter": {"diameter": 0.16124647647557033, "atom": 9}, "pore_volume": 0.0021951758803202175, "pore_diameter_opt": {"diameter": 0.3507658756964789, "atom_1": 20, "centre_of_mass": [1.856404768864787, 17.541943577779982, 18.92199102809946]}, "pore_volume_opt": 0.02259699197479276, "windows": {"diameters": [0.7717596364780444], "centre_of_mass": [[2.055819066021554, 18.95077970826764, 19.130274066912314]]}}