{"no_of_atoms": 33, "centre_of_mass": [4.2840001383524795, 4.28400013835248, 14.007481241514187], "maximum_diameter": {"diameter": 14.272157673394727, "atom_1": 0, "atom_2": 19}, "pore_diameter": {"diameter": 0.36322401236826085, "atom": 8}, "pore_volume": 0.02509124880930782, "pore_diameter_opt": {"diameter": 0.3705050418798268, "atom_1": 6, "centre_of_mass": [4.2909735922929135, 4.290064823035694, 14.007093451449878]}, "pore_volume_opt": 0.026630602316155737, "windows": {"diameters": [0.3905035232836678, 0.5730923194897142, 0.3580238849588371], "centre_of_mass": [[4.161170094175457, 4.748835433217821, 14.139981709169314], [4.87022810605057, 5.8263870205280925, 14.602506587866031], [4.615399046757247, 4.19883581717527, 13.913601450705526]]}}