{"no_of_atoms": 195, "centre_of_mass": [12.743471233220264, -0.4382137263731168, 6.020733835292234], "maximum_diameter": {"diameter": 23.44335336614944, "atom_1": 119, "atom_2": 180}, "pore_diameter": {"diameter": 3.241577521092363, "atom": 61}, "pore_volume": 17.83478418755098, "pore_diameter_opt": {"diameter": 3.9284582318775585, "atom_1": 61, "centre_of_mass": [12.226294371633102, 0.6513213354965084, 4.401246313384195]}, "pore_volume_opt": 31.74424792203569, "windows": {"diameters": [2.8609988855662487, 2.315897381375978, 4.235869993889709], "centre_of_mass": [[11.342804504580588, 2.655945736312332, 8.607178672777994], [13.930233468763118, 3.7284752970271677, 4.972845205499824], [12.266401172124793, -0.08558669600781499, 0.5742309574736764]]}}