{"no_of_atoms": 33, "centre_of_mass": [16.42903066735139, 7.8611875567186535, 21.011272190917033], "maximum_diameter": {"diameter": 14.271612929584073, "atom_1": 11, "atom_2": 26}, "pore_diameter": {"diameter": 0.3636631669714321, "atom": 15}, "pore_volume": 0.02518236832353212, "pore_diameter_opt": {"diameter": 0.36386700765658064, "atom_1": 6, "centre_of_mass": [16.429097195604115, 7.861254083724766, 21.01120566096034]}, "pore_volume_opt": 0.025224737769844355, "windows": {"diameters": [0.40970842009439146, 0.3911998965805683], "centre_of_mass": [[16.946393959921924, 7.9996940014067395, 21.159410918444852], [16.30553677944754, 7.394014429421739, 20.87838120382475]]}}