{"no_of_atoms": 125, "centre_of_mass": [11.050573698409115, 0.00406943903135413, 0.002577603320373028], "maximum_diameter": {"diameter": 23.045345146944744, "atom_1": 27, "atom_2": 109}, "pore_diameter": {"diameter": 0.19325938735049464, "atom": 36}, "pore_volume": 0.003779378756974837, "pore_diameter_opt": {"diameter": 0.194318840844645, "atom_1": 44, "centre_of_mass": [11.050900992399615, 0.004396772885209775, 0.0022502917677387413]}, "pore_volume_opt": 0.0038418761081581054, "windows": {"diameters": [], "centre_of_mass": []}}