{"no_of_atoms": 252, "centre_of_mass": [27.05562132865938, 23.62673902815115, 20.970402521049007], "maximum_diameter": {"diameter": 22.120634368043554, "atom_1": 145, "atom_2": 243}, "pore_diameter": {"diameter": -2.4323768067195752, "atom": 38}, "pore_volume": -7.535137528347265, "pore_diameter_opt": {"diameter": -2.4323768067195752, "atom_1": 38, "centre_of_mass": [27.05562132865938, 23.62673902815115, 20.970402521049007]}, "pore_volume_opt": -7.535137528347265, "windows": {"diameters": null, "centre_of_mass": null}}