{"no_of_atoms": 252, "centre_of_mass": [13.773536470471578, 8.179732491804263, 25.194803728142], "maximum_diameter": {"diameter": 21.872134839538948, "atom_1": 223, "atom_2": 224}, "pore_diameter": {"diameter": -2.313745659155306, "atom": 19}, "pore_volume": -6.485530009842692, "pore_diameter_opt": {"diameter": -2.313745659155306, "atom_1": 19, "centre_of_mass": [13.773536470471578, 8.179732491804263, 25.194803728142]}, "pore_volume_opt": -6.485530009842692, "windows": {"diameters": null, "centre_of_mass": null}}