{"no_of_atoms": 192, "centre_of_mass": [13.608033674587741, 16.078583056637267, 6.391351085699506], "maximum_diameter": {"diameter": 28.233441908040053, "atom_1": 99, "atom_2": 131}, "pore_diameter": {"diameter": -2.742500643117324, "atom": 146}, "pore_volume": -10.800375041847007, "pore_diameter_opt": {"diameter": -2.742500643117324, "atom_1": 146, "centre_of_mass": [13.608033674587741, 16.078583056637267, 6.391351085699506]}, "pore_volume_opt": -10.800375041847007, "windows": {"diameters": null, "centre_of_mass": null}}