{"no_of_atoms": 86, "centre_of_mass": [13.307479739417637, 13.185283228131016, 13.087248334249844], "maximum_diameter": {"diameter": 13.461618456586802, "atom_1": 8, "atom_2": 83}, "pore_diameter": {"diameter": 1.616803147995236, "atom": 28}, "pore_volume": 2.212942148570965, "pore_diameter_opt": {"diameter": 2.666030395383627, "atom_1": 63, "centre_of_mass": [13.307500001856308, 13.156786826810515, 13.895649908247462]}, "pore_volume_opt": 9.921878666335092, "windows": {"diameters": [2.6660124458066403, 0.9879701674871417], "centre_of_mass": [[13.307504762186882, 13.156769376870924, 13.895649651307458], [13.307479059563555, 13.835195402775334, 11.444072572180662]]}}