{"no_of_atoms": 284, "centre_of_mass": [-8.124968831596745e-05, 6.014636723268625, 8.568342551679525], "maximum_diameter": {"diameter": 26.307081983526402, "atom_1": 94, "atom_2": 221}, "pore_diameter": {"diameter": 5.989159695474311, "atom": 137}, "pore_volume": 112.48543760955984, "pore_diameter_opt": {"diameter": 5.989218426592299, "atom_1": 137, "centre_of_mass": [-4.8751109456033e-05, 6.014614965915505, 8.568340040274418]}, "pore_volume_opt": 112.48874681851146, "windows": {"diameters": [4.322422203810147, 4.322116088704478, 4.322366694959786, 4.3262474762524485], "centre_of_mass": [[0.33786845611853344, 3.9889560069269527, 10.366808683126715], [-0.33780199038274417, 8.038417153686417, 10.36484103776962], [2.0063062237800557, 6.349208312952444, 6.786435620377773], [-2.076087620389756, 5.6683939358618725, 6.730469316053194]]}}