{"no_of_atoms": 52, "centre_of_mass": [21.77105736285032, 25.96178672617039, 31.95494018555765], "maximum_diameter": {"diameter": 7.451236951608259, "atom_1": 12, "atom_2": 50}, "pore_diameter": {"diameter": -0.4400438088711631, "atom": 6}, "pore_volume": -0.04461556197504903, "pore_diameter_opt": {"diameter": -0.4400438088711631, "atom_1": 6, "centre_of_mass": [21.77105736285032, 25.96178672617039, 31.95494018555765]}, "pore_volume_opt": -0.04461556197504903, "windows": {"diameters": null, "centre_of_mass": null}}