{"no_of_atoms": 351, "centre_of_mass": [21.984954335626814, 7.5940456643731835, 24.901485037248015], "maximum_diameter": {"diameter": 31.108730684217722, "atom_1": 267, "atom_2": 281}, "pore_diameter": {"diameter": 8.251087428347727, "atom": 61}, "pore_volume": 294.1251685470103, "pore_diameter_opt": {"diameter": 8.435529540576322, "atom_1": 70, "centre_of_mass": [22.085951476232, 7.4926561548767445, 24.901577261594213]}, "pore_volume_opt": 314.2936989130846, "windows": {"diameters": [6.6882564880850595, 6.779764254739856, 6.770344206844152, 6.678616627570692], "centre_of_mass": [[23.045980245469682, 4.366402579612503, 28.511146122896672], [22.725921989760508, 11.905146961117225, 26.40034161311386], [17.814846871884292, 6.873054532251715, 23.44901796485948], [25.130573444462076, 6.555048065543906, 21.382966114735673]]}}