{"no_of_atoms": 52, "centre_of_mass": [8.116745096815869, 9.954716081416347, 13.49422227645738], "maximum_diameter": {"diameter": 7.47962432630843, "atom_1": 9, "atom_2": 47}, "pore_diameter": {"diameter": -0.4538892326320174, "atom": 3}, "pore_volume": -0.048960772708102764, "pore_diameter_opt": {"diameter": -0.4538892326320174, "atom_1": 3, "centre_of_mass": [8.116745096815869, 9.954716081416347, 13.49422227645738]}, "pore_volume_opt": -0.048960772708102764, "windows": {"diameters": null, "centre_of_mass": null}}