{"no_of_atoms": 52, "centre_of_mass": [9.954716081416349, 8.116745096815867, 19.70777772354263], "maximum_diameter": {"diameter": 7.47962432630843, "atom_1": 37, "atom_2": 41}, "pore_diameter": {"diameter": -0.45388923263194014, "atom": 0}, "pore_volume": -0.048960772708077756, "pore_diameter_opt": {"diameter": -0.45388923263194014, "atom_1": 0, "centre_of_mass": [9.954716081416349, 8.116745096815867, 19.70777772354263]}, "pore_volume_opt": -0.048960772708077756, "windows": {"diameters": null, "centre_of_mass": null}}