{"no_of_atoms": 52, "centre_of_mass": [18.406805135131176, 6.981652923560245, 23.65444018555764], "maximum_diameter": {"diameter": 7.4515679830578065, "atom_1": 26, "atom_2": 37}, "pore_diameter": {"diameter": -0.44168831106714945, "atom": 0}, "pore_volume": -0.045117636481880975, "pore_diameter_opt": {"diameter": -0.44168831106714945, "atom_1": 0, "centre_of_mass": [18.406805135131176, 6.981652923560245, 23.65444018555764]}, "pore_volume_opt": -0.045117636481880975, "windows": {"diameters": null, "centre_of_mass": null}}