{"no_of_atoms": 52, "centre_of_mass": [6.981652923560243, 18.40680513513118, 9.547559814442375], "maximum_diameter": {"diameter": 7.451567983057796, "atom_1": 26, "atom_2": 39}, "pore_diameter": {"diameter": -0.4416883110671881, "atom": 6}, "pore_volume": -0.04511763648189282, "pore_diameter_opt": {"diameter": -0.4416883110671881, "atom_1": 6, "centre_of_mass": [6.981652923560243, 18.40680513513118, 9.547559814442375]}, "pore_volume_opt": -0.04511763648189282, "windows": {"diameters": null, "centre_of_mass": null}}