{"no_of_atoms": 52, "centre_of_mass": [21.46225490318415, 19.624283918583654, 30.095222276457378], "maximum_diameter": {"diameter": 7.47962432630842, "atom_1": 9, "atom_2": 48}, "pore_diameter": {"diameter": -0.45388923263186287, "atom": 22}, "pore_volume": -0.04896077270805275, "pore_diameter_opt": {"diameter": -0.45388923263186287, "atom_1": 22, "centre_of_mass": [21.46225490318415, 19.624283918583654, 30.095222276457378]}, "pore_volume_opt": -0.04896077270805275, "windows": {"diameters": null, "centre_of_mass": null}}