{"no_of_atoms": 126, "centre_of_mass": [13.089791702447865, 8.724480136249847, 30.16597776957046], "maximum_diameter": {"diameter": 21.658640979479703, "atom_1": 37, "atom_2": 103}, "pore_diameter": {"diameter": 3.8230042010342378, "atom": 76}, "pore_volume": 29.25586532229856, "pore_diameter_opt": {"diameter": 4.0875110445446, "atom_1": 19, "centre_of_mass": [12.46198151031884, 8.715864810910496, 30.17860918599876]}, "pore_volume_opt": 35.758182760987474, "windows": {"diameters": [4.906813205673457, 3.3722635656087756], "centre_of_mass": [[7.981619255647212, 8.354617000470226, 30.582724903557764], [15.22930169042124, 10.073552337169929, 27.747387282305983]]}}