{"no_of_atoms": 20, "centre_of_mass": [8.650884851719562, 14.03600689740116, 15.082904018009884], "maximum_diameter": {"diameter": 8.445375842621864, "atom_1": 0, "atom_2": 18}, "pore_diameter": {"diameter": -1.598063286669978, "atom": 6}, "pore_volume": -2.1368820215894733, "pore_diameter_opt": {"diameter": -1.598063286669978, "atom_1": 6, "centre_of_mass": [8.650884851719562, 14.03600689740116, 15.082904018009884]}, "pore_volume_opt": -2.1368820215894733, "windows": {"diameters": null, "centre_of_mass": null}}