{"no_of_atoms": 20, "centre_of_mass": [6.906115148280438, 1.1375137948023153, 15.082904018009877], "maximum_diameter": {"diameter": 8.445812889843676, "atom_1": 10, "atom_2": 12}, "pore_diameter": {"diameter": -1.5977488999019225, "atom": 1}, "pore_volume": -2.135621104173679, "pore_diameter_opt": {"diameter": -1.5977488999019225, "atom_1": 1, "centre_of_mass": [6.906115148280438, 1.1375137948023153, 15.082904018009877]}, "pore_volume_opt": -2.135621104173679, "windows": {"diameters": null, "centre_of_mass": null}}