{"no_of_atoms": 126, "centre_of_mass": [11.116078734918759, 6.078432571937909, 7.479564557064275], "maximum_diameter": {"diameter": 21.840031777845308, "atom_1": 65, "atom_2": 75}, "pore_diameter": {"diameter": 3.7931492859464133, "atom": 1}, "pore_volume": 28.575802042056733, "pore_diameter_opt": {"diameter": 3.7935277593957193, "atom_1": 98, "centre_of_mass": [11.115899946485687, 6.078388938831224, 7.479520489444022]}, "pore_volume_opt": 28.584356618245298, "windows": {"diameters": [3.9987354101064834, 4.077039150015555], "centre_of_mass": [[10.04611164907162, 6.56029997896086, 9.440061050682328], [10.607411446337085, 9.946224234392973, 6.615976842669272]]}}