{"no_of_atoms": 25, "centre_of_mass": [2.546597303422723, 17.606247738898496, 24.275477197955755], "maximum_diameter": {"diameter": 9.992763462957944, "atom_1": 12, "atom_2": 20}, "pore_diameter": {"diameter": -2.980293933886491, "atom": 10}, "pore_volume": -13.860404945443655, "pore_diameter_opt": {"diameter": -2.980293933886491, "atom_1": 10, "centre_of_mass": [2.546597303422723, 17.606247738898496, 24.275477197955755]}, "pore_volume_opt": -13.860404945443655, "windows": {"diameters": null, "centre_of_mass": null}}