{"no_of_atoms": 126, "centre_of_mass": [3.6778737426985115, 9.672412754825858, 48.94577017704958], "maximum_diameter": {"diameter": 21.641903760937677, "atom_1": 65, "atom_2": 75}, "pore_diameter": {"diameter": 4.011599190280995, "atom": 99}, "pore_volume": 33.802687250584526, "pore_diameter_opt": {"diameter": 4.011866312847751, "atom_1": 21, "centre_of_mass": [3.6778632850792348, 9.672324249306731, 48.94567069144646]}, "pore_volume_opt": 33.809440214738956, "windows": {"diameters": [4.171080555496678, 4.174028039049295], "centre_of_mass": [[2.9793885863613796, 9.951547898612214, 48.770652663699195], [4.357396874232836, 9.354119208954787, 49.15738653078104]]}}