{"no_of_atoms": 22, "centre_of_mass": [10.521285149284408, 0.9094062591780429, 28.837861967625194], "maximum_diameter": {"diameter": 6.856217168670536, "atom_1": 11, "atom_2": 16}, "pore_diameter": {"diameter": -2.558264981817147, "atom": 6}, "pore_volume": -8.76668093736849, "pore_diameter_opt": {"diameter": -2.558264981817147, "atom_1": 6, "centre_of_mass": [10.521285149284408, 0.9094062591780429, 28.837861967625194]}, "pore_volume_opt": -8.76668093736849, "windows": {"diameters": null, "centre_of_mass": null}}