{"no_of_atoms": 126, "centre_of_mass": [11.113605747238825, 15.627497956575095, 37.69146212295127], "maximum_diameter": {"diameter": 21.669761132451054, "atom_1": 53, "atom_2": 89}, "pore_diameter": {"diameter": 4.208985580975707, "atom": 14}, "pore_volume": 39.04189923069072, "pore_diameter_opt": {"diameter": 4.426111736766728, "atom_1": 8, "centre_of_mass": [11.253890047617904, 15.45644170822499, 37.838605526485956]}, "pore_volume_opt": 45.40103386643548, "windows": {"diameters": [4.542164183600027, 4.052006120710399], "centre_of_mass": [[12.062741048130183, 15.5124376231136, 37.64327093115844], [12.18016688425857, 18.930451072557364, 35.19914487399383]]}}