{"no_of_atoms": 126, "centre_of_mass": [10.953027606075295, 4.019002305678368, 5.060995189095076], "maximum_diameter": {"diameter": 21.669671341508046, "atom_1": 33, "atom_2": 109}, "pore_diameter": {"diameter": 4.2104278395860995, "atom": 77}, "pore_volume": 39.082047488195585, "pore_diameter_opt": {"diameter": 4.316674507837105, "atom_1": 77, "centre_of_mass": [10.936843422573618, 4.028847710599909, 5.110908589924078]}, "pore_volume_opt": 42.115943080949876, "windows": {"diameters": [4.875884031831193, 3.9901756495390877], "centre_of_mass": [[8.048363533684952, 2.505949750810558, 5.367700966132722], [9.941949356781029, 6.840012449224289, 2.9674409186105533]]}}