{"no_of_atoms": 25, "centre_of_mass": [4.808975942115802, -1.7468491270438353, 56.90597011454675], "maximum_diameter": {"diameter": 9.992616762235176, "atom_1": 0, "atom_2": 21}, "pore_diameter": {"diameter": -2.9808751546383894, "atom": 4}, "pore_volume": -13.868515748955899, "pore_diameter_opt": {"diameter": -2.9808751546383894, "atom_1": 4, "centre_of_mass": [4.808975942115802, -1.7468491270438353, 56.90597011454675]}, "pore_volume_opt": -13.868515748955899, "windows": {"diameters": null, "centre_of_mass": null}}