{"no_of_atoms": 25, "centre_of_mass": [12.16449480801568, 5.610787719418235, 40.98555112860509], "maximum_diameter": {"diameter": 9.992763462957896, "atom_1": 0, "atom_2": 17}, "pore_diameter": {"diameter": -2.981144352470502, "atom": 2}, "pore_volume": -13.872273415425111, "pore_diameter_opt": {"diameter": -2.981144352470502, "atom_1": 2, "centre_of_mass": [12.16449480801568, 5.610787719418235, 40.98555112860509]}, "pore_volume_opt": -13.872273415425111, "windows": {"diameters": null, "centre_of_mass": null}}