{"no_of_atoms": 126, "centre_of_mass": [8.834983633628752, 5.663174767185779, 7.754424526483753], "maximum_diameter": {"diameter": 21.87579549221132, "atom_1": 69, "atom_2": 72}, "pore_diameter": {"diameter": 3.689764034861159, "atom": 18}, "pore_volume": 26.302340906336045, "pore_diameter_opt": {"diameter": 3.9717688287607813, "atom_1": 102, "centre_of_mass": [8.966501450844163, 5.624034127576674, 7.721972714906935]}, "pore_volume_opt": 32.805790828458846, "windows": {"diameters": [4.113070647377569, 3.6429087254238595], "centre_of_mass": [[9.4366673127446, 6.150360590997232, 8.548254975105428], [9.800873014693451, 9.140270894692883, 6.912580146129801]]}}