{"no_of_atoms": 25, "centre_of_mass": [9.902175199696243, 24.96397659303003, 8.35503226270521], "maximum_diameter": {"diameter": 9.992616762235109, "atom_1": 0, "atom_2": 21}, "pore_diameter": {"diameter": -2.979946725623253, "atom": 4}, "pore_volume": -13.855561242170603, "pore_diameter_opt": {"diameter": -2.979946725623253, "atom_1": 4, "centre_of_mass": [9.902175199696243, 24.96397659303003, 8.35503226270521]}, "pore_volume_opt": -13.855561242170603, "windows": {"diameters": null, "centre_of_mass": null}}