{"no_of_atoms": 126, "centre_of_mass": [3.67787374269851, -1.936122760664212, 16.31524189006884], "maximum_diameter": {"diameter": 21.641903760937677, "atom_1": 45, "atom_2": 92}, "pore_diameter": {"diameter": 4.012001497990713, "atom": 85}, "pore_volume": 33.812858091356276, "pore_diameter_opt": {"diameter": 4.135653722169408, "atom_1": 85, "centre_of_mass": [3.3680611793675395, -1.5014953415810586, 15.896276465150557]}, "pore_volume_opt": 37.03660133989026, "windows": {"diameters": [4.183054080320382, 4.26200240145495], "centre_of_mass": [[4.327728917552452, -1.5539964235221637, 16.044261799936983], [0.5750683392800848, -1.3970981933878628, 16.062664918767695]]}}