{"no_of_atoms": 36, "centre_of_mass": [-1.4249358429620982, 24.430260441087707, 6.9692920936628715], "maximum_diameter": {"diameter": 9.480044489634711, "atom_1": 7, "atom_2": 27}, "pore_diameter": {"diameter": -1.1019633583512132, "atom": 5}, "pore_volume": -0.7006483185232818, "pore_diameter_opt": {"diameter": -1.1019633583512132, "atom_1": 5, "centre_of_mass": [-1.4249358429620982, 24.430260441087707, 6.9692920936628715]}, "pore_volume_opt": -0.7006483185232818, "windows": {"diameters": null, "centre_of_mass": null}}