{"no_of_atoms": 36, "centre_of_mass": [4.166107928000903, 10.678253546266294, 2.2067404490995397], "maximum_diameter": {"diameter": 9.261746326821042, "atom_1": 0, "atom_2": 29}, "pore_diameter": {"diameter": -0.7560288053585382, "atom": 12}, "pore_volume": -0.22626305713220196, "pore_diameter_opt": {"diameter": -0.7560288053585382, "atom_1": 12, "centre_of_mass": [4.166107928000903, 10.678253546266294, 2.2067404490995397]}, "pore_volume_opt": -0.22626305713220196, "windows": {"diameters": null, "centre_of_mass": null}}