{"no_of_atoms": 70, "centre_of_mass": [6.437257142857144, 20.124485714285722, 37.15275714285717], "maximum_diameter": {"diameter": 11.691603825557504, "atom_1": 32, "atom_2": 35}, "pore_diameter": {"diameter": 3.6972909087962162, "atom": 49}, "pore_volume": 26.463634581155535, "pore_diameter_opt": {"diameter": 3.7050179135621657, "atom_1": 9, "centre_of_mass": [6.434310831404723, 20.11989824476524, 37.144064647284104]}, "pore_volume_opt": 26.629901413611687, "windows": {"diameters": null, "centre_of_mass": null}}