{"no_of_atoms": 226, "centre_of_mass": [3.9347565965269413, 18.83903900674389, 17.425306080220725], "maximum_diameter": {"diameter": 25.801864556682172, "atom_1": 25, "atom_2": 216}, "pore_diameter": {"diameter": 6.274650761926981, "atom": 94}, "pore_volume": 129.35025766377106, "pore_diameter_opt": {"diameter": 10.422740328902417, "atom_1": 203, "centre_of_mass": [4.724219613226984, 16.659942998067002, 17.252042268407852]}, "pore_volume_opt": 592.849388311626, "windows": {"diameters": [9.50043451836767, 5.962747140122213], "centre_of_mass": [[4.454079992515826, 13.039061413355753, 17.16752561399769], [7.114891880884483, 21.42900258640767, 17.9167704029111]]}}