{"no_of_atoms": 140, "centre_of_mass": [6.326878571428571, 15.972521428571426, 2.231092857142858], "maximum_diameter": {"diameter": 11.766649508614547, "atom_1": 40, "atom_2": 106}, "pore_diameter": {"diameter": 3.505966627977212, "atom": 32}, "pore_volume": 22.564304716837377, "pore_diameter_opt": {"diameter": 3.508609817404128, "atom_1": 32, "centre_of_mass": [6.32799587830121, 15.972669444950661, 2.230402651855628]}, "pore_volume_opt": 22.6153776851984, "windows": {"diameters": null, "centre_of_mass": null}}