{"no_of_atoms": 270, "centre_of_mass": [21.437695361251613, 7.645352060507488, 23.079785611300785], "maximum_diameter": {"diameter": 30.353596894965325, "atom_1": 160, "atom_2": 219}, "pore_diameter": {"diameter": 8.392851692014652, "atom": 162}, "pore_volume": 309.547477232287, "pore_diameter_opt": {"diameter": 8.425882411215284, "atom_1": 162, "centre_of_mass": [21.4124626439408, 7.67007913318427, 23.080195887982452]}, "pore_volume_opt": 313.2166239931362, "windows": {"diameters": [6.786260283262594, 6.605120138466372, 6.5713423440705565, 6.851680344992486], "centre_of_mass": [[18.867569961986284, 8.11818396643216, 25.74516761171101], [26.04081797128411, 8.018636693166991, 25.019993472016246], [21.08712709424679, 3.279585802065851, 21.234372050854272], [20.759652096354227, 10.762667396924094, 19.768389516023753]]}}