{"no_of_atoms": 168, "centre_of_mass": [6.6512001564987715, 6.651200156498771, -2.8924612018024055e-17], "maximum_diameter": {"diameter": 16.883398858767315, "atom_1": 111, "atom_2": 164}, "pore_diameter": {"diameter": 0.921592905769367, "atom": 26}, "pore_volume": 0.409841555576675, "pore_diameter_opt": {"diameter": 0.921592905769367, "atom_1": 26, "centre_of_mass": [6.6512001564987715, 6.651200156498771, -2.8924612018024055e-17]}, "pore_volume_opt": 0.409841555576675, "windows": {"diameters": [0.6781992810048112], "centre_of_mass": [[4.2760892269760085, 5.038481631995605, -0.2748021483579958]]}}