{"no_of_atoms": 186, "centre_of_mass": [13.694074018940753, 14.157563865088205, 15.382161976259592], "maximum_diameter": {"diameter": 23.70409023600799, "atom_1": 44, "atom_2": 174}, "pore_diameter": {"diameter": 4.249920878172615, "atom": 48}, "pore_volume": 40.192142415098594, "pore_diameter_opt": {"diameter": 4.488171512832819, "atom_1": 48, "centre_of_mass": [13.823986276634638, 14.12526688806366, 15.45401730318648]}, "pore_volume_opt": 47.33767862742356, "windows": {"diameters": [4.658863648267609], "centre_of_mass": [[13.922050341008084, 13.65974607595729, 15.45514678776644]]}}