{"no_of_atoms": 80, "centre_of_mass": [1.960343015474713, 6.016875046361821, 6.034071275864557], "maximum_diameter": {"diameter": 22.085869707597553, "atom_1": 42, "atom_2": 79}, "pore_diameter": {"diameter": 3.1343669562474994, "atom": 33}, "pore_volume": 16.123084972120754, "pore_diameter_opt": {"diameter": 3.1729677467706634, "atom_1": 33, "centre_of_mass": [1.976586523698381, 6.012559880900074, 6.024546280995082]}, "pore_volume_opt": 16.7261348891882, "windows": {"diameters": [3.265634547656077, 3.285248527809364], "centre_of_mass": [[2.2298526038043582, 6.289998232837839, 6.382053481241487], [1.7119077412125303, 5.878836499132666, 5.580529184889606]]}}