{"no_of_atoms": 80, "centre_of_mass": [1.9770301863543127, 6.008587613324184, 6.02801876286515], "maximum_diameter": {"diameter": 22.09696646389396, "atom_1": 42, "atom_2": 79}, "pore_diameter": {"diameter": 3.1290396168113888, "atom": 33}, "pore_volume": 16.041013624051335, "pore_diameter_opt": {"diameter": 3.1727015725049577, "atom_1": 33, "centre_of_mass": [1.9953935486428858, 6.003665770680122, 6.01724491274403]}, "pore_volume_opt": 16.721925870790447, "windows": {"diameters": [3.209125990230484, 3.285157014495486], "centre_of_mass": [[2.157385739302067, 6.200644437038581, 6.238381465641756], [1.7343265910161048, 5.861105009405878, 5.581134340601888]]}}