{"no_of_atoms": 110, "centre_of_mass": [4.234521068220228, 12.068815551884313, 4.656370586750541], "maximum_diameter": {"diameter": 12.462107665351217, "atom_1": 2, "atom_2": 107}, "pore_diameter": {"diameter": -0.40895898964730515, "atom": 6}, "pore_volume": -0.035812768873935225, "pore_diameter_opt": {"diameter": -0.40895898964730515, "atom_1": 6, "centre_of_mass": [4.234521068220228, 12.068815551884313, 4.656370586750541]}, "pore_volume_opt": -0.035812768873935225, "windows": {"diameters": null, "centre_of_mass": null}}