{"no_of_atoms": 86, "centre_of_mass": [6.772326463242782, 2.614303042711117, 28.707643363543166], "maximum_diameter": {"diameter": 18.458643167780124, "atom_1": 2, "atom_2": 85}, "pore_diameter": {"diameter": 0.5165103247906937, "atom": 35}, "pore_volume": 0.07214988515601709, "pore_diameter_opt": {"diameter": 1.1779351423065578, "atom_1": 35, "centre_of_mass": [6.514071300847435, 2.872558205106464, 28.552477228923852]}, "pore_volume_opt": 0.8557812328263986, "windows": {"diameters": [1.8040509145253805, 2.677565592599771], "centre_of_mass": [[7.5413667135304845, 0.20408406108858435, 30.39977888536066], [6.256031845832094, 3.3595827366533784, 26.88156129352599]]}}