{"no_of_atoms": 86, "centre_of_mass": [7.092059325837622, 13.201498657241867, 16.30412036930237], "maximum_diameter": {"diameter": 18.423933944706867, "atom_1": 15, "atom_2": 85}, "pore_diameter": {"diameter": 0.39916353827957307, "atom": 42}, "pore_volume": 0.033300535186686554, "pore_diameter_opt": {"diameter": 0.8750931161986348, "atom_1": 34, "centre_of_mass": [6.892477556697835, 13.00191688810208, 16.413653519329756]}, "pore_volume_opt": 0.3508822707666955, "windows": {"diameters": [6.105484244020032e+21, 0.7420382259026748], "centre_of_mass": [[-3.031887725642504e+21, -2.4854856661351295e+20, 2.5517619917795472e+20], [6.885085567257119, 13.758228049971608, 16.025576249989818]]}}