{"no_of_atoms": 22, "centre_of_mass": [18.93500956500548, 13.535645558669426, 10.886885753015715], "maximum_diameter": {"diameter": 10.119869056728534, "atom_1": 16, "atom_2": 21}, "pore_diameter": {"diameter": -2.174272361495434, "atom": 11}, "pore_volume": -5.381959908030174, "pore_diameter_opt": {"diameter": -2.174272361495434, "atom_1": 11, "centre_of_mass": [18.93500956500548, 13.535645558669426, 10.886885753015715]}, "pore_volume_opt": -5.381959908030174, "windows": {"diameters": null, "centre_of_mass": null}}