{"no_of_atoms": 244, "centre_of_mass": [11.332634419581176, 14.6556044782444, 5.678853216895438], "maximum_diameter": {"diameter": 23.084961666991497, "atom_1": 20, "atom_2": 223}, "pore_diameter": {"diameter": 7.103150599665037, "atom": 125}, "pore_volume": 187.65134868259193, "pore_diameter_opt": {"diameter": 7.489608507164661, "atom_1": 132, "centre_of_mass": [11.153876319553687, 14.655165501038717, 5.600432376474718]}, "pore_volume_opt": 219.97634083306917, "windows": {"diameters": [4.4148396950860676, 1.469444496174455, 6.726330970097189, 5.025417264018028, 4.671024272157956], "centre_of_mass": [[13.247601428415637, 15.212823377417795, 9.046207142761883], [8.13489585369172, 13.13714787586318, 10.105788125789621], [8.851577080605221, 20.826191478379737, 5.030503357959003], [7.887267441935117, 12.665443120419866, 4.624150731838032], [13.665093797067424, 12.621887128796455, 3.910041205527275]]}}