{"no_of_atoms": 86, "centre_of_mass": [0.2733264632427796, 2.0434487056363237, 16.263777167344514], "maximum_diameter": {"diameter": 18.45941439364451, "atom_1": 36, "atom_2": 76}, "pore_diameter": {"diameter": 0.516895655512553, "atom": 9}, "pore_volume": 0.07231148297047742, "pore_diameter_opt": {"diameter": 1.178769600764857, "atom_1": 15, "centre_of_mass": [0.014878635486503089, 1.7850008778800472, 16.41890305845003]}, "pore_volume_opt": 0.8576012478658556, "windows": {"diameters": [4.198508722732125], "centre_of_mass": [[-0.7913346750847807, -1.7986265851408596, 15.70110862732903]]}}