{"no_of_atoms": 86, "centre_of_mass": [12.404940674162379, 4.256376306395967, 1.3135425100394924], "maximum_diameter": {"diameter": 18.422837000427435, "atom_1": 18, "atom_2": 84}, "pore_diameter": {"diameter": 0.39881834108574, "atom": 35}, "pore_volume": 0.033214214829583096, "pore_diameter_opt": {"diameter": 0.8741537201071625, "atom_1": 42, "centre_of_mass": [12.604349844705249, 4.056967135853097, 1.422911247018215]}, "pore_volume_opt": 0.3497534866998565, "windows": {"diameters": [9.127058132852063e+27, 2.493909265915962], "centre_of_mass": [[4.4541785808137706e+27, -9.629967027556499e+26, 2.4233873156558056e+26], [11.246345569553121, 6.8959130043536065, -0.3768105067646679]]}}