{"no_of_atoms": 122, "centre_of_mass": [9.030346957710277, 7.419135727780375, 0.00017741500000000701], "maximum_diameter": {"diameter": 24.27890749053581, "atom_1": 57, "atom_2": 117}, "pore_diameter": {"diameter": 3.271370016667466, "atom": 36}, "pore_volume": 18.331062113092646, "pore_diameter_opt": {"diameter": 3.271631814031777, "atom_1": 33, "centre_of_mass": [9.03033897007326, 7.419038779921252, 8.981660050678074e-05]}, "pore_volume_opt": 18.335463395536387, "windows": {"diameters": [3.6615901850040005, 3.472284129823207], "centre_of_mass": [[7.615363873359731, 7.330692875154657, 0.4150803092573003], [7.9433657554126285, 7.740419746045948, -0.11807719518216708]]}}