{"no_of_atoms": 28, "centre_of_mass": [5.842058104161359, 6.419700258922769, 11.704274934999995], "maximum_diameter": {"diameter": 10.001433516352488, "atom_1": 15, "atom_2": 24}, "pore_diameter": {"diameter": -0.9690947872901865, "atom": 17}, "pore_volume": -0.47653784321986953, "pore_diameter_opt": {"diameter": -0.9690947872901865, "atom_1": 17, "centre_of_mass": [5.842058104161359, 6.419700258922769, 11.704274934999995]}, "pore_volume_opt": -0.47653784321986953, "windows": {"diameters": null, "centre_of_mass": null}}