{"no_of_atoms": 39, "centre_of_mass": [13.999985800266348, 7.744231132746341, 10.86629737015632], "maximum_diameter": {"diameter": 9.033197478570493, "atom_1": 23, "atom_2": 35}, "pore_diameter": {"diameter": -2.2779028765394633, "atom": 8}, "pore_volume": -6.1887684118718544, "pore_diameter_opt": {"diameter": -2.2779028765394633, "atom_1": 8, "centre_of_mass": [13.999985800266348, 7.744231132746341, 10.86629737015632]}, "pore_volume_opt": -6.1887684118718544, "windows": {"diameters": null, "centre_of_mass": null}}