{"no_of_atoms": 288, "centre_of_mass": [12.614883828131957, 7.725880422188849, 19.997637986435503], "maximum_diameter": {"diameter": 28.522171774156174, "atom_1": 80, "atom_2": 270}, "pore_diameter": {"diameter": 5.215096286389306, "atom": 39}, "pore_volume": 74.265244632854, "pore_diameter_opt": {"diameter": 7.009140590938751, "atom_1": 151, "centre_of_mass": [12.085181255208836, 7.539250290872414, 17.39008984324085]}, "pore_volume_opt": 180.29884144164356, "windows": {"diameters": [7.065529412068567], "centre_of_mass": [[12.181224826890785, 7.570550295567855, 17.29953720754459]]}}