{"no_of_atoms": 298, "centre_of_mass": [1.9032266252395857, 4.931924192369897, 19.544178561299837], "maximum_diameter": {"diameter": 27.72403202315563, "atom_1": 121, "atom_2": 258}, "pore_diameter": {"diameter": 9.657918454458626, "atom": 20}, "pore_volume": 471.68191472326293, "pore_diameter_opt": {"diameter": 9.68457604335537, "atom_1": 107, "centre_of_mass": [1.8803554598527406, 4.9318364769645475, 19.544220190446648]}, "pore_volume_opt": 475.59848560525296, "windows": {"diameters": [8.390604081446773, 1.943894584999955, 8.383531541943901, 1.944697538298978], "centre_of_mass": [[1.6168482743007702, 1.597667528877174, 21.68076619468064], [-1.1957681719663467, 6.700964924094154, 25.067313775349202], [1.6137833342857304, 8.307172376615636, 17.38859551042717], [-1.1944431431083862, 3.164746332472828, 14.023356852265795]]}}