{"no_of_atoms": 298, "centre_of_mass": [22.217224123996143, 10.598022640096087, 6.514715867879882], "maximum_diameter": {"diameter": 27.72403202315563, "atom_1": 156, "atom_2": 220}, "pore_diameter": {"diameter": 9.658762003514276, "atom": 17}, "pore_volume": 471.8055194904226, "pore_diameter_opt": {"diameter": 9.685629493233536, "atom_1": 208, "centre_of_mass": [22.24013297840171, 10.59790389584167, 6.514629505703114]}, "pore_volume_opt": 475.75370365465426, "windows": {"diameters": [8.306157534041951, 1.8678134690963453, 8.30766017716409, 1.8660664667181233], "centre_of_mass": [[22.480317224624226, 6.219410716615647, 9.0799403900174], [25.664114320560763, 12.697218363059838, 12.542134958958343], [22.489014947207224, 14.908793235085572, 3.975370139560493], [25.658655088374985, 8.503185523903243, 0.4950155050853926]]}}