{"no_of_atoms": 236, "centre_of_mass": [8.225130004584726, 7.454538495000093, 0.00033256165529999075], "maximum_diameter": {"diameter": 25.451722803315963, "atom_1": 108, "atom_2": 198}, "pore_diameter": {"diameter": -0.3189118076870656, "atom": 119}, "pore_volume": -0.016982843991924592, "pore_diameter_opt": {"diameter": -0.3189118076870656, "atom_1": 119, "centre_of_mass": [8.225130004584726, 7.454538495000093, 0.00033256165529999075]}, "pore_volume_opt": -0.016982843991924592, "windows": {"diameters": null, "centre_of_mass": null}}