{"no_of_atoms": 87, "centre_of_mass": [5.795303594369868, 11.605941695937469, 3.1056484205744623], "maximum_diameter": {"diameter": 20.582240460504444, "atom_1": 46, "atom_2": 55}, "pore_diameter": {"diameter": 0.10399614275894464, "atom": 76}, "pore_volume": 0.0005889118820492176, "pore_diameter_opt": {"diameter": 0.28311062124054187, "atom_1": 76, "centre_of_mass": [5.84730166574934, 11.553943624557997, 3.1576464919539347]}, "pore_volume_opt": 0.011881386142431338, "windows": {"diameters": [1.6181241590589663, 0.669987533512383], "centre_of_mass": [[6.477453357462947, 10.197596577952561, 3.2435099301042056], [6.5164152535912265, 12.638133365002046, 3.256462514092764]]}}