{"no_of_atoms": 412, "centre_of_mass": [19.596987333401774, 23.664018466598236, 4.839683667751627e-16], "maximum_diameter": {"diameter": 32.94366255071071, "atom_1": 115, "atom_2": 346}, "pore_diameter": {"diameter": 6.42794058181704, "atom": 270}, "pore_volume": 139.0638289999715, "pore_diameter_opt": {"diameter": 6.427946973343474, "atom_1": 270, "centre_of_mass": [19.59698839001029, 23.664017818394235, 2.9455580695648177e-06]}, "pore_volume_opt": 139.06424382848996, "windows": {"diameters": [4.165200206773363, 4.442929326936596, 4.64447286294468, 4.448654819648482, 4.460162593607572, 4.637942892862133, 4.41318848751769, 4.160168089715075], "centre_of_mass": [[18.430877246109432, 25.490438605956026, 2.7525090167743054], [17.941586857100532, 21.629564123748345, 1.9178617664018567], [21.890158752930567, 24.76337842990359, 1.3219904693465143], [21.84999396875544, 21.279865490253197, 1.1363875531170986], [17.320500400675506, 26.076164911219585, -1.151764802120916], [17.40862890750512, 22.612026827163845, -1.2596407427806753], [21.060324928402416, 25.468835936529416, -1.7201573813805067], [20.754159303033497, 21.85555711344156, -2.7266722019979697]]}}