{"no_of_atoms": 752, "centre_of_mass": [15.915422414400092, 7.480763788827618, 13.115342324204759], "maximum_diameter": {"diameter": 37.985181301686445, "atom_1": 284, "atom_2": 628}, "pore_diameter": {"diameter": 8.408287463125358, "atom": 126}, "pore_volume": 311.2585394263001, "pore_diameter_opt": {"diameter": 8.408664653378565, "atom_1": 651, "centre_of_mass": [15.915488046162217, 7.4805995157158085, 13.115239402539999]}, "pore_volume_opt": 311.30042986637307, "windows": {"diameters": [6.491991113349153, 4.538805030167076, 4.2222386709882755, 6.425004397092669], "centre_of_mass": [[13.649727945606912, 9.025055892956985, 23.1197743862661], [19.999883891507906, 14.776093597494352, 10.368906841294528], [11.288861816466255, 4.389162592666995, 11.282884571992223], [18.12385315440745, 5.975949216482846, 3.2265931070020386]]}}