{"no_of_atoms": 680, "centre_of_mass": [16.590048383941078, 25.183786714948074, 39.57843472668904], "maximum_diameter": {"diameter": 33.46125894218456, "atom_1": 256, "atom_2": 576}, "pore_diameter": {"diameter": 7.44479975570769, "atom": 367}, "pore_volume": 216.05169861914857, "pore_diameter_opt": {"diameter": 7.4448103664471414, "atom_1": 358, "centre_of_mass": [16.590047180885996, 25.18378180912469, 39.57843635491946]}, "pore_volume_opt": 216.05262240687614, "windows": {"diameters": [3.5891752707281017, 3.7890502038847163, 4.797559367571996, 4.073168417210763, 3.6498625621798326, 3.586670058650498], "centre_of_mass": [[14.704215617094176, 23.95588573701734, 44.57096864472476], [17.782893174130052, 28.747388920630513, 41.32149776190185], [24.03627553232898, 21.57700625663288, 43.20217004751732], [14.806239288527717, 19.15184646428948, 37.5706926324548], [12.456885174579124, 27.452954974774038, 37.96117303809247], [18.4726042956692, 26.411477524657926, 34.59483023735149]]}}