{"no_of_atoms": 680, "centre_of_mass": [23.39076155098179, 11.014926920109373, 0.0002846438306141624], "maximum_diameter": {"diameter": 33.4020420836263, "atom_1": 66, "atom_2": 677}, "pore_diameter": {"diameter": 7.244897506576521, "atom": 371}, "pore_volume": 199.11104880914283, "pore_diameter_opt": {"diameter": 7.24544941963048, "atom_1": 371, "centre_of_mass": [23.390502249106223, 11.014891132862962, 0.0003720155371039643]}, "pore_volume_opt": 199.15655684786688, "windows": {"diameters": [3.578945619021351, 3.612331020595588, 3.9961631574367416, 4.156711726313947, 3.6166364844017136, 4.400190193707809], "centre_of_mass": [[21.996740417497126, 9.32731354035894, 4.948634435756443], [21.648484507314382, 15.127727296788628, 1.492911616308818], [26.83003290308816, 11.723560260069068, 1.5371932187556558], [16.993894830273682, 9.906961467589177, -2.0171748342876237], [25.14632897458027, 6.86792770192017, -1.5044435949564632], [25.043976809136012, 13.911365733830863, -6.723325121652056]]}}