{"no_of_atoms": 680, "centre_of_mass": [24.982957408761596, 12.591549356806645, 19.789185242562137], "maximum_diameter": {"diameter": 33.46074131154823, "atom_1": 187, "atom_2": 610}, "pore_diameter": {"diameter": 7.445944882061779, "atom": 112}, "pore_volume": 216.1514103208668, "pore_diameter_opt": {"diameter": 7.446125135362326, "atom_1": 112, "centre_of_mass": [24.98304229282057, 12.591561769404695, 19.789157612196714]}, "pore_volume_opt": 216.16710864349275, "windows": {"diameters": [3.5696461419943275, 3.5922502873944917, 3.853406176487478, 4.090992056627826, 3.5990236485987146, 4.251947636012892], "centre_of_mass": [[23.586838329220893, 10.853754398229366, 24.707461779376768], [23.201353270927495, 16.715448826782616, 21.337426836832023], [28.477122512027062, 13.432992157287451, 21.453800396129754], [18.742346230648547, 11.398705892804735, 17.75715096282835], [26.77870977767145, 8.432877819511818, 18.22891889617884], [26.67284728951113, 15.524503257102282, 13.1335560558957]]}}