{"no_of_atoms": 114, "centre_of_mass": [21.014892272525522, 4.526369227020488, 3.3830320945896935], "maximum_diameter": {"diameter": 16.535524685639324, "atom_1": 29, "atom_2": 105}, "pore_diameter": {"diameter": 2.567249656832383, "atom": 36}, "pore_volume": 8.859371957054805, "pore_diameter_opt": {"diameter": 2.6455780746863966, "atom_1": 66, "centre_of_mass": [21.044591030536267, 4.50691242267522, 3.464371745019616]}, "pore_volume_opt": 9.695280320331786, "windows": {"diameters": [2.828677037681715, 2.4384660791979207], "centre_of_mass": [[20.673836986193198, 4.656966479211804, 3.8230877725337757], [21.694976635179223, 4.236204657713593, 2.7836081987273875]]}}