{"no_of_atoms": 114, "centre_of_mass": [11.59247204341936, 15.54436435365546, 22.029963032045263], "maximum_diameter": {"diameter": 16.53530487311224, "atom_1": 8, "atom_2": 99}, "pore_diameter": {"diameter": 2.5678763011002688, "atom": 65}, "pore_volume": 8.865861037538657, "pore_diameter_opt": {"diameter": 3.9797216462663676, "atom_1": 90, "centre_of_mass": [12.876410191024414, 16.136370990217863, 20.746024881495128]}, "pore_volume_opt": 33.00325037410157, "windows": {"diameters": [2.4470693487035393, 4.070397393481645], "centre_of_mass": [[10.86018383655599, 15.230219703444325, 22.683185200343292], [12.650846431303046, 16.384706295892762, 20.311020601798386]]}}