{"no_of_atoms": 114, "centre_of_mass": [10.145806750770888, 6.491616235074109, 3.3830320945896935], "maximum_diameter": {"diameter": 16.535524685639324, "atom_1": 14, "atom_2": 100}, "pore_diameter": {"diameter": 2.567182987409874, "atom": 65}, "pore_volume": 8.858681762544066, "pore_diameter_opt": {"diameter": 2.6544050246082223, "atom_1": 45, "centre_of_mass": [10.169971429129593, 6.516417731623933, 3.457874863939995]}, "pore_volume_opt": 9.792649143133746, "windows": {"diameters": [2.846076315212852, 2.4438852916343765], "centre_of_mass": [[9.781711458965084, 6.350496865648414, 3.8461215775749924], [10.863679017190234, 6.798999142279738, 2.7449262084751176]]}}