{"no_of_atoms": 874, "centre_of_mass": [2.084409809260589, 23.114985886466055, 25.304027837977674], "maximum_diameter": {"diameter": 33.029492929382165, "atom_1": 384, "atom_2": 870}, "pore_diameter": {"diameter": 2.7073117274962617, "atom": 637}, "pore_volume": 10.38994900333717, "pore_diameter_opt": {"diameter": 2.968582096136919, "atom_1": 75, "centre_of_mass": [2.081999061680062, 22.96024692437419, 25.301368968235]}, "pore_volume_opt": 13.697642078369967, "windows": {"diameters": [1.0207508658730875, 2.6569604599376366, 0.7602161063397062, 2.5976351691412254], "centre_of_mass": [[1.4754669974566315, 23.78453192801595, 27.21425899230015], [5.399278662284879, 22.98030519162182, 26.70044173567935], [1.4315584461017539, 21.05959115613346, 26.135122479583494], [-0.935705232161355, 22.97031535542194, 24.033054595107213]]}}