{"no_of_atoms": 22, "centre_of_mass": [17.587024873347957, 1.1105256933695398, 35.46261857281678], "maximum_diameter": {"diameter": 6.7160668691112715, "atom_1": 14, "atom_2": 16}, "pore_diameter": {"diameter": -3.865912980820292, "atom": 0}, "pore_volume": -30.252052448019064, "pore_diameter_opt": {"diameter": -3.865912980820292, "atom_1": 0, "centre_of_mass": [17.587024873347957, 1.1105256933695398, 35.46261857281678]}, "pore_volume_opt": -30.252052448019064, "windows": {"diameters": null, "centre_of_mass": null}}