{"no_of_atoms": 874, "centre_of_mass": [14.97620681548496, 7.207019991646402, 8.474911948578422], "maximum_diameter": {"diameter": 33.10027616306168, "atom_1": 361, "atom_2": 727}, "pore_diameter": {"diameter": 2.3202850078492427, "atom": 320}, "pore_volume": 6.540675814317881, "pore_diameter_opt": {"diameter": 2.975079068782691, "atom_1": 622, "centre_of_mass": [14.976376141076132, 7.601447978115526, 8.47433088121694]}, "pore_volume_opt": 13.787774114786414, "windows": {"diameters": [1.113979718700953, 2.610670135305049, 2.607524018557831], "centre_of_mass": [[14.031447421680818, 7.084658777227698, 10.284775616834402], [18.09191550881897, 7.4992305778342985, 9.84275792973048], [11.888540286174162, 7.499789415600205, 7.119053524292079]]}}