{"no_of_atoms": 116, "centre_of_mass": [1.7480524992319846, 9.457074982204539, 5.733424305977028], "maximum_diameter": {"diameter": 24.303376908960193, "atom_1": 55, "atom_2": 111}, "pore_diameter": {"diameter": 1.4603988389352813, "atom": 93}, "pore_volume": 1.6308464001156349, "pore_diameter_opt": {"diameter": 1.4604782751109515, "atom_1": 93, "centre_of_mass": [1.7480821475984198, 9.457045324163998, 5.733416667927981]}, "pore_volume_opt": 1.6311125368264743, "windows": {"diameters": [2.4082550292533733e+42, 2.0540214918757695], "centre_of_mass": [[1.1208513373622194e+42, 3.482735215385225e+41, -2.6892546404073044e+41], [1.3987497804244675, 9.423770382523701, 4.546973631010138]]}}