{"no_of_atoms": 294, "centre_of_mass": [6.28834565324264, 16.04113169188152, 7.793420706835347], "maximum_diameter": {"diameter": 28.00329110416854, "atom_1": 23, "atom_2": 286}, "pore_diameter": {"diameter": 7.4184504205791715, "atom": 240}, "pore_volume": 213.76579677762345, "pore_diameter_opt": {"diameter": 8.122889743199606, "atom_1": 51, "centre_of_mass": [6.671161449089326, 15.866215196571348, 7.715544884050323]}, "pore_volume_opt": 280.62754523209645, "windows": {"diameters": [6.4796238221857525, 6.7441388369251225, 6.32596610282315, 6.281184396223365], "centre_of_mass": [[4.31655069269292, 17.803376404128024, 11.933817240185322], [9.828329046395941, 13.236975836040441, 8.876465975686738], [3.5299973114085446, 13.674957591801217, 5.157932487827529], [8.046105357056462, 19.328993417429896, 4.989995340625814]]}}