{"no_of_atoms": 294, "centre_of_mass": [10.640013189788606, 4.418909357554041, 23.4640658484767], "maximum_diameter": {"diameter": 27.649433176914577, "atom_1": 157, "atom_2": 216}, "pore_diameter": {"diameter": 7.751453308552598, "atom": 240}, "pore_volume": 243.86418830622898, "pore_diameter_opt": {"diameter": 8.26757630360142, "atom_1": 53, "centre_of_mass": [10.360657027398652, 4.543765889049808, 23.529338892149166]}, "pore_volume_opt": 295.89202345451804, "windows": {"diameters": [6.421803602748106, 6.39520009798747, 6.743798553800426, 6.461523899410295], "centre_of_mass": [[8.79353528320152, 1.1429185350417241, 26.242398604013424], [13.348895565749165, 6.717600398264465, 26.087901146836202], [6.956109521016736, 7.174637735483701, 22.168218526246818], [12.877610263061014, 2.77699155327982, 19.66285996834521]]}}