{"no_of_atoms": 294, "centre_of_mass": [-1.6553788083518428, 3.788457938753548, 23.007760077375877], "maximum_diameter": {"diameter": 27.890182359650836, "atom_1": 157, "atom_2": 210}, "pore_diameter": {"diameter": 7.447210449264059, "atom": 54}, "pore_volume": 216.2616450746246, "pore_diameter_opt": {"diameter": 8.004775234495932, "atom_1": 247, "centre_of_mass": [-2.1302319909551315, 3.9439684799412946, 23.48341839323118]}, "pore_volume_opt": 268.56291864416033, "windows": {"diameters": [6.0888134823548565, 6.145409350415013, 6.415394830863049, 6.532212592294373], "centre_of_mass": [[-2.877690349415629, 0.2657265965134732, 25.104574995782812], [0.919301259163487, 6.2561039794327495, 25.87824585691384], [-5.553374125317001, 6.437113097894766, 22.66295311504733], [0.034596320876596476, 2.4819121390116363, 18.96518716593511]]}}