{"no_of_atoms": 294, "centre_of_mass": [5.902659413564747, 16.237566639230618, 7.65238498885646], "maximum_diameter": {"diameter": 27.650393155042128, "atom_1": 157, "atom_2": 216}, "pore_diameter": {"diameter": 7.751644065410661, "atom": 240}, "pore_volume": 243.88219263753354, "pore_diameter_opt": {"diameter": 8.309440024512181, "atom_1": 239, "centre_of_mass": [6.210477522240418, 16.082548718820437, 7.519223586135478]}, "pore_volume_opt": 300.4096608108803, "windows": {"diameters": [6.466800681367927, 6.765374018884685, 6.395319538262857, 6.426307552202035], "centre_of_mass": [[4.024131054388286, 17.972481398404557, 11.454499319090392], [9.694378791465379, 13.393870061331008, 8.99375548090364], [3.1131099181888193, 13.879053061671708, 4.967651677740203], [7.573577461521834, 19.163037543526713, 5.12750504014051]]}}