{"no_of_atoms": 40, "centre_of_mass": [10.706605929196561, 4.165410109332702, 24.51851153446871], "maximum_diameter": {"diameter": 10.809237451826199, "atom_1": 16, "atom_2": 36}, "pore_diameter": {"diameter": 0.37712887221793245, "atom": 26}, "pore_volume": 0.028084582327037057, "pore_diameter_opt": {"diameter": 0.38460148066113664, "atom_1": 4, "centre_of_mass": [10.704280801201426, 4.167735238016839, 24.520836567187004]}, "pore_volume_opt": 0.029787323220435837, "windows": {"diameters": [4.175756138326889e+42], "centre_of_mass": [[-9.615137809751327e+41, -2.03825210655858e+41, -1.8420590012781003e+42]]}}