{"no_of_atoms": 294, "centre_of_mass": [21.241042513407116, 3.83518184951132, 7.691473851302253], "maximum_diameter": {"diameter": 27.887827394270428, "atom_1": 166, "atom_2": 215}, "pore_diameter": {"diameter": 7.487600376992482, "atom": 247}, "pore_volume": 219.79944666159383, "pore_diameter_opt": {"diameter": 7.855139262622613, "atom_1": 247, "centre_of_mass": [21.188378425458733, 3.9926113353500194, 7.573010448855835]}, "pore_volume_opt": 253.78169241647225, "windows": {"diameters": [6.326765503625731, 6.098761150044835, 6.194316164994634, 6.595505393324499], "centre_of_mass": [[19.25299295965485, 5.310808099733553, 12.02814313364719], [21.23821679317122, -0.5849405408469663, 6.660633459706827], [25.87936218838898, 4.9620875545374314, 6.848917884298125], [19.13763390990442, 5.603729048658786, 4.153842720020004]]}}