{"no_of_atoms": 34, "centre_of_mass": [22.11115792530893, 6.495569036432339, 31.4625013574395], "maximum_diameter": {"diameter": 18.172659827309303, "atom_1": 0, "atom_2": 31}, "pore_diameter": {"diameter": -2.017702602333148, "atom": 18}, "pore_volume": -4.301006359418295, "pore_diameter_opt": {"diameter": -2.017702602333148, "atom_1": 18, "centre_of_mass": [22.11115792530893, 6.495569036432339, 31.4625013574395]}, "pore_volume_opt": -4.301006359418295, "windows": {"diameters": null, "centre_of_mass": null}}