{"no_of_atoms": 276, "centre_of_mass": [26.275937496906142, 6.5689859898973175, 3.9667456960284437], "maximum_diameter": {"diameter": 12.348444423804462, "atom_1": 28, "atom_2": 267}, "pore_diameter": {"diameter": 0.8758101670558842, "atom": 43}, "pore_volume": 0.35174551598927667, "pore_diameter_opt": {"diameter": 0.8758820747785983, "atom_1": 127, "centre_of_mass": [26.27601759956284, 6.568992072384872, 3.9670126703857935]}, "pore_volume_opt": 0.35183216249117294, "windows": {"diameters": null, "centre_of_mass": null}}