{"no_of_atoms": 300, "centre_of_mass": [5.284834939801771e-17, 19.712222777735683, 12.05626947049578], "maximum_diameter": {"diameter": 12.860029868872084, "atom_1": 81, "atom_2": 299}, "pore_diameter": {"diameter": 0.8548147502110339, "atom": 106}, "pore_volume": 0.32705037001605003, "pore_diameter_opt": {"diameter": 0.8551549642000364, "atom_1": 24, "centre_of_mass": [4.646307299441463e-07, 19.71200004442265, 12.055999298299431]}, "pore_volume_opt": 0.32744102097585837, "windows": {"diameters": null, "centre_of_mass": null}}