{"no_of_atoms": 300, "centre_of_mass": [2.5216212427054165e-16, 6.57077722226432, 20.093730529504217], "maximum_diameter": {"diameter": 12.860029868872093, "atom_1": 284, "atom_2": 285}, "pore_diameter": {"diameter": 0.8548147502109762, "atom": 226}, "pore_volume": 0.3270503700159838, "pore_diameter_opt": {"diameter": 0.8551404845786501, "atom_1": 226, "centre_of_mass": [3.7483548096164653e-06, 6.570996488603618, 20.093741397602408]}, "pore_volume_opt": 0.3274243884054008, "windows": {"diameters": null, "centre_of_mass": null}}