{"no_of_atoms": 294, "centre_of_mass": [13.137959336384656, 19.7069546901643, 19.8336905975447], "maximum_diameter": {"diameter": 27.807636079045608, "atom_1": 126, "atom_2": 228}, "pore_diameter": {"diameter": 8.15857405190744, "atom": 53}, "pore_volume": 284.3422539461417, "pore_diameter_opt": {"diameter": 8.15878870749037, "atom_1": 237, "centre_of_mass": [13.137956434893978, 19.70699668227159, 19.833540951877886]}, "pore_volume_opt": 284.36469803665517, "windows": {"diameters": [6.609954099170231, 6.618048768655255, 6.606176195860677, 6.618400274742081], "centre_of_mass": [[9.257997883228235, 20.26353945798299, 22.615661289751387], [17.06263611137763, 19.143660295572648, 22.648135205956628], [12.58531815087056, 15.85077163348197, 17.0684852919893], [13.702405226102355, 23.637358994700236, 17.01532025581043]]}}