{"no_of_atoms": 294, "centre_of_mass": [26.275983331863387, 6.568979465493186, 3.9666905975447087], "maximum_diameter": {"diameter": 27.807636079045608, "atom_1": 23, "atom_2": 279}, "pore_diameter": {"diameter": 8.158614694950563, "atom": 52}, "pore_volume": 284.34650343581444, "pore_diameter_opt": {"diameter": 8.158809233988165, "atom_1": 237, "centre_of_mass": [26.275981775220206, 6.569001288885446, 3.966514604504898]}, "pore_volume_opt": 284.36684432070854, "windows": {"diameters": [6.6103999532156426, 6.618047829290708, 6.606177466240272, 6.618405587797145], "centre_of_mass": [[22.39612857624274, 7.125552190587833, 6.748860739409929], [30.200640772351292, 6.005644235360281, 6.781127582297008], [25.72331033981133, 2.712771875463971, 1.2014876967885164], [26.840247125964122, 10.499340435250954, 1.1482439745482447]]}}