{"no_of_atoms": 28, "centre_of_mass": [3.039327225915431, 4.292249999999999, 8.06485012532694], "maximum_diameter": {"diameter": 8.786149105189802, "atom_1": 22, "atom_2": 27}, "pore_diameter": {"diameter": -1.6512299394194898, "atom": 0}, "pore_volume": -2.357334898895279, "pore_diameter_opt": {"diameter": -1.6512299394194898, "atom_1": 0, "centre_of_mass": [3.039327225915431, 4.292249999999999, 8.06485012532694]}, "pore_volume_opt": -2.357334898895279, "windows": {"diameters": null, "centre_of_mass": null}}