{"no_of_atoms": 28, "centre_of_mass": [3.2409273512423704, 4.290886342996221, 8.132818271396395], "maximum_diameter": {"diameter": 8.375426135464776, "atom_1": 10, "atom_2": 27}, "pore_diameter": {"diameter": -2.2588130133397755, "atom": 0}, "pore_volume": -6.034474627800778, "pore_diameter_opt": {"diameter": -2.2588130133397755, "atom_1": 0, "centre_of_mass": [3.2409273512423704, 4.290886342996221, 8.132818271396395]}, "pore_volume_opt": -6.034474627800778, "windows": {"diameters": null, "centre_of_mass": null}}