{"no_of_atoms": 20, "centre_of_mass": [0.7881508286939269, 7.680601503807511, 3.840177218915978], "maximum_diameter": {"diameter": 6.656495727687004, "atom_1": 11, "atom_2": 15}, "pore_diameter": {"diameter": -2.825135795332434, "atom": 2}, "pore_volume": -11.806375880274507, "pore_diameter_opt": {"diameter": -2.825135795332434, "atom_1": 2, "centre_of_mass": [0.7881508286939269, 7.680601503807511, 3.840177218915978]}, "pore_volume_opt": -11.806375880274507, "windows": {"diameters": null, "centre_of_mass": null}}