{"no_of_atoms": 282, "centre_of_mass": [7.1645681337537335, 12.573878038624088, 21.604364918732493], "maximum_diameter": {"diameter": 26.935334689405305, "atom_1": 10, "atom_2": 257}, "pore_diameter": {"diameter": 6.589160240391344, "atom": 51}, "pore_volume": 149.79207258173372, "pore_diameter_opt": {"diameter": 6.979621311420157, "atom_1": 51, "centre_of_mass": [7.070816837957178, 12.719594572661308, 21.69432239892509]}, "pore_volume_opt": 178.03041427228825, "windows": {"diameters": [7.00685616346691, 7.212914760359848, 6.928815553774307], "centre_of_mass": [[7.727777494247608, 12.616973334241864, 22.383159455058948], [7.289161257610783, 11.665621958596212, 23.615659334392273], [7.8942077303686675, 13.286416527079318, 21.34483000760969]]}}