{"no_of_atoms": 33, "centre_of_mass": [16.545873098812336, 11.22110662891359, 20.838667541060005], "maximum_diameter": {"diameter": 12.240083800258432, "atom_1": 23, "atom_2": 28}, "pore_diameter": {"diameter": -1.1556285431213351, "atom": 10}, "pore_volume": -0.8080782218069918, "pore_diameter_opt": {"diameter": -1.1556285431213351, "atom_1": 10, "centre_of_mass": [16.545873098812336, 11.22110662891359, 20.838667541060005]}, "pore_volume_opt": -0.8080782218069918, "windows": {"diameters": null, "centre_of_mass": null}}