{"no_of_atoms": 249, "centre_of_mass": [6.449446232828495, 20.56964970826849, 20.866195818641792], "maximum_diameter": {"diameter": 28.69225056459749, "atom_1": 32, "atom_2": 248}, "pore_diameter": {"diameter": 3.079835994786332, "atom": 52}, "pore_volume": 15.296123923761252, "pore_diameter_opt": {"diameter": 3.346467989406064, "atom_1": 52, "centre_of_mass": [6.362168654040673, 20.661638199651197, 20.965919319921458]}, "pore_volume_opt": 19.622694733799417, "windows": {"diameters": [3.2416913523553323, 3.2301646544044256, 3.127588595308223], "centre_of_mass": [[5.749957493191955, 21.121415710022507, 20.961647216328256], [7.391148876872045, 21.76623302853752, 20.915579005417626], [7.153731979267754, 19.1407121231972, 20.892635707960757]]}}