{"no_of_atoms": 294, "centre_of_mass": [-1.0420192224142606, 0.23470401841227467, 17.832466478425662], "maximum_diameter": {"diameter": 33.07914160223099, "atom_1": 91, "atom_2": 188}, "pore_diameter": {"diameter": 3.3825277275794785, "atom": 75}, "pore_volume": 20.26388528780299, "pore_diameter_opt": {"diameter": 3.5872489803252905, "atom_1": 75, "centre_of_mass": [-0.9436531408133398, 0.21650424396628123, 17.85520882966378]}, "pore_volume_opt": 24.170363662039495, "windows": {"diameters": [3.3776873865912837e+44, 1.6609113563650254e+44, 5.605144048453592], "centre_of_mass": [[4.2000971323481184e+42, 4.248634671706423e+43, -1.6339889758061676e+44], [1.9534524491403963e+41, -6.01874637846304e+41, -8.304315698124306e+43], [-2.658614525453572, -6.145194190010998, 16.950595157274154]]}}