{"no_of_atoms": 25, "centre_of_mass": [7.076178187239951, 7.081712371078974, 5.508104307430699], "maximum_diameter": {"diameter": 6.121790376501886, "atom_1": 2, "atom_2": 22}, "pore_diameter": {"diameter": -3.4819593006075147, "atom": 0}, "pore_volume": -22.10394003862054, "pore_diameter_opt": {"diameter": -3.4819593006075147, "atom_1": 0, "centre_of_mass": [7.076178187239951, 7.081712371078974, 5.508104307430699]}, "pore_volume_opt": -22.10394003862054, "windows": {"diameters": null, "centre_of_mass": null}}