{"no_of_atoms": 25, "centre_of_mass": [7.081712371078974, 7.076178187239952, 12.187519951696972], "maximum_diameter": {"diameter": 6.12179037650189, "atom_1": 2, "atom_2": 22}, "pore_diameter": {"diameter": -3.481764678505422, "atom": 0}, "pore_volume": -22.100233784938446, "pore_diameter_opt": {"diameter": -3.481764678505422, "atom_1": 0, "centre_of_mass": [7.081712371078974, 7.076178187239952, 12.187519951696972]}, "pore_volume_opt": -22.100233784938446, "windows": {"diameters": null, "centre_of_mass": null}}