{"no_of_atoms": 34, "centre_of_mass": [7.850357789202146, 14.213337580270403, 9.213100444574547], "maximum_diameter": {"diameter": 11.748767214385609, "atom_1": 13, "atom_2": 14}, "pore_diameter": {"diameter": -1.1600979585970985, "atom": 29}, "pore_volume": -0.8174903034365231, "pore_diameter_opt": {"diameter": -1.1600979585970985, "atom_1": 29, "centre_of_mass": [7.850357789202146, 14.213337580270403, 9.213100444574547]}, "pore_volume_opt": -0.8174903034365231, "windows": {"diameters": null, "centre_of_mass": null}}