{"no_of_atoms": 27, "centre_of_mass": [9.405005194260342, 6.18122144030846, 17.089409157880542], "maximum_diameter": {"diameter": 11.884285355880007, "atom_1": 6, "atom_2": 26}, "pore_diameter": {"diameter": -1.82426455695987, "atom": 8}, "pore_volume": -3.178791797180139, "pore_diameter_opt": {"diameter": -1.82426455695987, "atom_1": 8, "centre_of_mass": [9.405005194260342, 6.18122144030846, 17.089409157880542]}, "pore_volume_opt": -3.178791797180139, "windows": {"diameters": null, "centre_of_mass": null}}