{"no_of_atoms": 42, "centre_of_mass": [18.45108106869247, 18.347172333406604, 11.772590364040239], "maximum_diameter": {"diameter": 18.444806446079664, "atom_1": 6, "atom_2": 41}, "pore_diameter": {"diameter": 0.5538352013843642, "atom": 7}, "pore_volume": 0.08894884016643095, "pore_diameter_opt": {"diameter": 0.5814431028498479, "atom_1": 21, "centre_of_mass": [18.465227593111596, 18.343873022668525, 11.780520029902679]}, "pore_volume_opt": 0.10292486167481033, "windows": {"diameters": [0.5982208607467072, 0.7413879413094091], "centre_of_mass": [[18.443745307957407, 18.343437014738573, 11.965330059013827], [18.527069668965026, 18.345114015785487, 11.227891134098078]]}}