{"no_of_atoms": 216, "centre_of_mass": [2.9036565359515385, 18.06761795253327, 35.76155952439532], "maximum_diameter": {"diameter": 28.970715985282855, "atom_1": 86, "atom_2": 113}, "pore_diameter": {"diameter": 10.057285198502276, "atom": 155}, "pore_volume": 532.6487591241472, "pore_diameter_opt": {"diameter": 10.097089351200806, "atom_1": 32, "centre_of_mass": [2.904874163158618, 18.065067250614113, 35.741859169218394]}, "pore_volume_opt": 538.998083053989, "windows": {"diameters": [10.322271152418644, 10.143985395938246, 10.008808431966541], "centre_of_mass": [[8.27090645790398, 18.325852392599643, 36.13006924617801], [4.082326330600085, 16.577602581518068, 35.9496490141829], [1.3733440281774547, 17.65121527047461, 35.55522048905704]]}}