{"no_of_atoms": 42, "centre_of_mass": [2.993608842151538, 17.96619315434227, 35.71104949149452], "maximum_diameter": {"diameter": 18.444856928532086, "atom_1": 6, "atom_2": 41}, "pore_diameter": {"diameter": 0.5522794641597932, "atom": 9}, "pore_volume": 0.08820136508974061, "pore_diameter_opt": {"diameter": 0.5806676513345064, "atom_1": 11, "centre_of_mass": [2.979865044549265, 17.969654258123235, 35.70341539696261]}, "pore_volume_opt": 0.10251360814410815, "windows": {"diameters": [0.6331769466998765, 0.7422511337585571], "centre_of_mass": [[2.9446843183352485, 17.969037499960656, 36.01532413909838], [3.0442564490187176, 17.970907033407983, 35.13209865454207]]}}