{"no_of_atoms": 162, "centre_of_mass": [9.115687053965614, 2.9179965103269465, 11.707087814203602], "maximum_diameter": {"diameter": 28.960812148907223, "atom_1": 71, "atom_2": 87}, "pore_diameter": {"diameter": 9.9810970843612, "atom": 115}, "pore_volume": 520.6351217894776, "pore_diameter_opt": {"diameter": 10.00044737916441, "atom_1": 115, "centre_of_mass": [9.11516138749992, 2.9196607589839343, 11.71660693789189]}, "pore_volume_opt": 523.6690528970788, "windows": {"diameters": [9.910049932133411, 10.330648976770759, 9.944045304623428], "centre_of_mass": [[8.731451664578023, 4.985056822753936, 11.640151496706284], [10.32650096668331, 0.6801226535079663, 11.945544759851067], [8.371851456087697, 3.2086387067298894, 11.56466244970703]]}}