{"no_of_atoms": 43, "centre_of_mass": [9.658116352138695, 2.9938841353534738, 8.426194158029585], "maximum_diameter": {"diameter": 16.680937899874703, "atom_1": 18, "atom_2": 36}, "pore_diameter": {"diameter": 0.5354113649351624, "atom": 9}, "pore_volume": 0.08036396926242115, "pore_diameter_opt": {"diameter": 0.581618103997156, "atom_1": 11, "centre_of_mass": [9.631962880747649, 2.9731022361333768, 8.402263222914526]}, "pore_volume_opt": 0.10301782377477206, "windows": {"diameters": [0.5969987931213319, 0.8217825341777139], "centre_of_mass": [[9.587229259913778, 2.985602076967607, 8.764647170802188], [9.708358776987485, 2.970644112554824, 7.865479643259656]]}}