{"no_of_atoms": 42, "centre_of_mass": [2.3393520187425945, 17.86478977663645, 38.992937471072125], "maximum_diameter": {"diameter": 18.505895405436917, "atom_1": 34, "atom_2": 37}, "pore_diameter": {"diameter": 0.4973304537444805, "atom": 23}, "pore_volume": 0.06440710574762083, "pore_diameter_opt": {"diameter": 0.6547637471048917, "atom_1": 11, "centre_of_mass": [2.344619130044233, 17.829951251664145, 39.241602697944366]}, "pore_volume_opt": 0.14697805589942395, "windows": {"diameters": [0.6546971647596966, 0.5881847717203863], "centre_of_mass": [[2.344658161874614, 17.82991520373483, 39.241600689699865], [2.4014551416546075, 17.831770116665698, 38.74545940604015]]}}