{"no_of_atoms": 258, "centre_of_mass": [8.169663320440975, 11.496734954514103, 1.0346194897514713], "maximum_diameter": {"diameter": 30.079091800345985, "atom_1": 62, "atom_2": 202}, "pore_diameter": {"diameter": -0.27890906611384025, "atom": 59}, "pore_volume": -0.011360214112206498, "pore_diameter_opt": {"diameter": -0.27890906611384025, "atom_1": 59, "centre_of_mass": [8.169663320440975, 11.496734954514103, 1.0346194897514713]}, "pore_volume_opt": -0.011360214112206498, "windows": {"diameters": null, "centre_of_mass": null}}