{"no_of_atoms": 376, "centre_of_mass": [10.256362035454726, 27.693643142745405, 28.934012755990302], "maximum_diameter": {"diameter": 27.788634286115297, "atom_1": 319, "atom_2": 366}, "pore_diameter": {"diameter": 6.663943789271087, "atom": 73}, "pore_volume": 154.95036288162584, "pore_diameter_opt": {"diameter": 7.305822552155794, "atom_1": 73, "centre_of_mass": [9.933277832068153, 27.34919585676234, 28.989676187860432]}, "pore_volume_opt": 204.17660639967107, "windows": {"diameters": [4.384357186665058, 3.669261418244632, 3.8003159955591284, 4.533674653830369], "centre_of_mass": [[12.474163655778462, 25.217926795065818, 31.962075078049814], [6.959059822978714, 30.291888163882888, 31.004206425974058], [13.186057151625132, 30.588758780005097, 26.612023474822927], [7.877603791977116, 24.711998674209646, 25.584284736801774]]}}