{"no_of_atoms": 29, "centre_of_mass": [7.919600683275113, 7.793645556792443, 18.17808740547387], "maximum_diameter": {"diameter": 8.691703540549126, "atom_1": 24, "atom_2": 28}, "pore_diameter": {"diameter": -3.0407999146959024, "atom": 5}, "pore_volume": -14.721842105983514, "pore_diameter_opt": {"diameter": -3.0407999146959024, "atom_1": 5, "centre_of_mass": [7.919600683275113, 7.793645556792443, 18.17808740547387]}, "pore_volume_opt": -14.721842105983514, "windows": {"diameters": null, "centre_of_mass": null}}