{"no_of_atoms": 233, "centre_of_mass": [0.29752311661522046, 17.678228387016237, 5.09382981334213], "maximum_diameter": {"diameter": 20.593606056392105, "atom_1": 14, "atom_2": 221}, "pore_diameter": {"diameter": 1.2713433736990551, "atom": 32}, "pore_volume": 1.07593791965093, "pore_diameter_opt": {"diameter": 1.3224709060455804, "atom_1": 32, "centre_of_mass": [0.3019478115543985, 17.693445711611435, 5.049792574480353]}, "pore_volume_opt": 1.211035855754877, "windows": {"diameters": [], "centre_of_mass": []}}