{"no_of_atoms": 233, "centre_of_mass": [8.023014272671377, 1.2278683155215977, 28.114370521244034], "maximum_diameter": {"diameter": 20.594751423790658, "atom_1": 211, "atom_2": 221}, "pore_diameter": {"diameter": 1.273128776179853, "atom": 61}, "pore_volume": 1.0804772469137034, "pore_diameter_opt": {"diameter": 1.323412847547464, "atom_1": 62, "centre_of_mass": [8.018529044070783, 1.217308212449424, 28.067060775134056]}, "pore_volume_opt": 1.2136254120433956, "windows": {"diameters": [], "centre_of_mass": []}}