{"no_of_atoms": 29, "centre_of_mass": [3.4645516793981033, 17.767607301063297, 34.28216714905377], "maximum_diameter": {"diameter": 8.694691778577443, "atom_1": 16, "atom_2": 28}, "pore_diameter": {"diameter": -2.7389401924047476, "atom": 6}, "pore_volume": -10.758364876902242, "pore_diameter_opt": {"diameter": -2.7389401924047476, "atom_1": 6, "centre_of_mass": [3.4645516793981033, 17.767607301063297, 34.28216714905377]}, "pore_volume_opt": -10.758364876902242, "windows": {"diameters": null, "centre_of_mass": null}}