{"no_of_atoms": 232, "centre_of_mass": [13.521276772708244, 17.810910103811214, 14.734023220600662], "maximum_diameter": {"diameter": 20.60697829270984, "atom_1": 187, "atom_2": 223}, "pore_diameter": {"diameter": 1.2137493835653506, "atom": 53}, "pore_volume": 0.9362367605949772, "pore_diameter_opt": {"diameter": 1.5434558798443878, "atom_1": 28, "centre_of_mass": [13.408224929027138, 17.659146048979167, 14.867091053917395]}, "pore_volume_opt": 1.925224062008954, "windows": {"diameters": [], "centre_of_mass": []}}