{"no_of_atoms": 386, "centre_of_mass": [9.319133412204708, 17.702102916473486, 8.398278965844286], "maximum_diameter": {"diameter": 30.69858172465584, "atom_1": 130, "atom_2": 371}, "pore_diameter": {"diameter": 8.039936894619832, "atom": 220}, "pore_volume": 272.11754381271317, "pore_diameter_opt": {"diameter": 8.209922885101566, "atom_1": 79, "centre_of_mass": [9.244304676649447, 17.67988324759981, 8.364652248844555]}, "pore_volume_opt": 289.7449370275898, "windows": {"diameters": [2.373227408024466, 1.7522675957512384, 2.446113305981402, 1.8894347914366336, 2.1813327670087346, 2.1100231172119552, 2.0970006928299374], "centre_of_mass": [[7.2489020479411765, 19.22177986632342, 13.798016707543967], [9.354241937943833, 15.510668216785891, 14.12141139883044], [10.569994290087713, 23.587214510371297, 10.542889556786939], [7.954532978489377, 11.09383603619203, 10.808922370042556], [8.488341967447237, 24.227598886603953, 6.115085417069974], [11.14010969072462, 19.82673647333391, 1.4616637902013183], [8.354699392408186, 15.254705765188064, 1.6821354222869758]]}}