{"no_of_atoms": 29, "centre_of_mass": [17.477344261916095, 2.292297013634913, 8.158635842854034], "maximum_diameter": {"diameter": 11.4447519124907, "atom_1": 2, "atom_2": 28}, "pore_diameter": {"diameter": -2.38095082415433, "atom": 9}, "pore_volume": -7.067240963795125, "pore_diameter_opt": {"diameter": -2.38095082415433, "atom_1": 9, "centre_of_mass": [17.477344261916095, 2.292297013634913, 8.158635842854034]}, "pore_volume_opt": -7.067240963795125, "windows": {"diameters": null, "centre_of_mass": null}}