{"no_of_atoms": 386, "centre_of_mass": [18.796573128394975, 26.31403178693198, 25.08453541832292], "maximum_diameter": {"diameter": 30.700187337606202, "atom_1": 373, "atom_2": 380}, "pore_diameter": {"diameter": 8.040847040465456, "atom": 89}, "pore_volume": 272.2099679298283, "pore_diameter_opt": {"diameter": 8.210778820817447, "atom_1": 89, "centre_of_mass": [18.721765688490887, 26.336243950724405, 25.1181459703682]}, "pore_volume_opt": 289.8355696316956, "windows": {"diameters": [2.1161386979774623, 2.1162998100495414, 2.1823786464333303, 2.30188963545058, 1.8944153326552553, 2.2208549434002403, 2.177230759338151], "centre_of_mass": [[17.86108704933226, 28.71001572324081, 31.537936715699267], [20.562051162345426, 24.481764012790862, 31.16965470447486], [17.96693219999868, 19.811937849373095, 27.36323039328881], [20.22432534715422, 19.28337302911846, 22.64793105550617], [17.530021540009603, 32.51438736715498, 22.754177635723487], [16.75235632703651, 24.707334036853503, 19.450314447826997], [19.419430499882083, 28.57623086639829, 17.568483024180676]]}}