{"no_of_atoms": 425, "centre_of_mass": [18.085039653393956, 5.052126748810172, 17.055931758367787], "maximum_diameter": {"diameter": 29.355187934795325, "atom_1": 138, "atom_2": 408}, "pore_diameter": {"diameter": 7.665523556738005, "atom": 158}, "pore_volume": 235.8435970987931, "pore_diameter_opt": {"diameter": 8.125719533278795, "atom_1": 158, "centre_of_mass": [18.239524166132526, 5.153835487808794, 17.19280759361177]}, "pore_volume_opt": 280.9209360384825, "windows": {"diameters": [1.785529429888458, 1.9968150549495687, 2.2610932256856393, 1.4968182691549585, 1.8203352344474406, 2.024222522071286, 2.4240741007450946], "centre_of_mass": [[20.495910442137262, 6.227465730106937, 21.86036381889705], [17.941025357593215, 0.7454456481584328, 22.79411677833301], [19.53998530206311, 10.535956306498056, 21.55008996562309], [18.329463387916476, -1.0183787738712091, 17.825164423025054], [19.919038949169146, 11.275183281589275, 14.90765697303517], [16.238640983865515, 8.966801614337179, 12.847540989752778], [17.872494905698023, 3.623977834377209, 11.602722965887658]]}}