{"no_of_atoms": 29, "centre_of_mass": [10.954970691177762, 17.453718373612343, 8.158635842854034], "maximum_diameter": {"diameter": 11.443758254617826, "atom_1": 13, "atom_2": 24}, "pore_diameter": {"diameter": -2.3796164152171184, "atom": 11}, "pore_volume": -7.055365071607742, "pore_diameter_opt": {"diameter": -2.3796164152171184, "atom_1": 11, "centre_of_mass": [10.954970691177762, 17.453718373612343, 8.158635842854034]}, "pore_volume_opt": -7.055365071607742, "windows": {"diameters": null, "centre_of_mass": null}}