{"no_of_atoms": 830, "centre_of_mass": [14.634201722540059, 29.90795172994048, 29.907951729940443], "maximum_diameter": {"diameter": 41.557731803647606, "atom_1": 283, "atom_2": 715}, "pore_diameter": {"diameter": 14.553084881716158, "atom": 71}, "pore_volume": 1613.8523891983107, "pore_diameter_opt": {"diameter": 14.84051752793903, "atom_1": 467, "centre_of_mass": [14.256521237951596, 29.93903402003767, 29.92439661273122]}, "pore_volume_opt": 1711.3772754660938, "windows": {"diameters": [4.510547595684004, 8.094236875651802, 4.773912965879271, 4.797533961143547, 4.838018167571793, 4.527574276941419, 5.08874671769348, 4.469766139807886, 4.794721165727417, 4.920555539286921, 4.7988408217825995, 4.511164316258268], "centre_of_mass": [[16.035146959233455, 32.880468179507005, 39.02896673563376], [4.586087361941425, 25.03044739367423, 39.560320262009604], [21.500371150293645, 25.98504774949474, 35.363013501505066], [7.423921019208336, 36.779630945994604, 32.03841135851569], [22.145131916913112, 35.87754371129201, 34.40784250324579], [16.10019170419739, 20.51259474204836, 32.95649595949588], [20.82984769068857, 24.83628005742472, 26.887425155590428], [12.989494044292314, 39.52638089372184, 26.831193805134262], [7.4721006707057365, 23.07961112891303, 27.801478466373275], [22.395094262521262, 34.18987129163053, 23.428931986268942], [7.406834638296918, 32.04684994233236, 23.020820449544473], [16.030071766090547, 26.941252419646286, 20.808011155256594]]}}