{"no_of_atoms": 830, "centre_of_mass": [12.808369000074705, 9.96934701317434, 9.969347013174353], "maximum_diameter": {"diameter": 41.55712003181543, "atom_1": 170, "atom_2": 760}, "pore_diameter": {"diameter": 14.55160092275579, "atom": 558}, "pore_volume": 1613.3587523087654, "pore_diameter_opt": {"diameter": 14.885444562839899, "atom_1": 558, "centre_of_mass": [13.175946778836707, 9.969422984759413, 9.969458775770647]}, "pore_volume_opt": 1726.967049218873, "windows": {"diameters": [4.572158482741539, 4.795358040349763, 4.77137219003739, 4.79512570859171, 4.769483415530885, 4.47685993494763, 4.889015800538273, 4.801056063370542, 4.472488024287944, 4.771188884834698, 4.797599929316545, 4.568692003235716], "centre_of_mass": [[11.230731130866602, 13.13198877584985, 19.906854999241276], [19.986364126032388, 7.854696362307134, 16.81052875951361], [5.905666538043645, 6.000823969484626, 15.44219403132928], [19.94218286371909, 16.77037444142928, 12.061838273565591], [5.860744229079152, 15.46279395763042, 13.995414440068563], [14.458711385915091, 0.26945438045680703, 13.076469377714455], [4.8644937722717785, 2.5235766434785134, 7.629409327812521], [20.065923985387943, 3.0550795356208313, 7.816273662834503], [14.455774644370416, 19.630422846021098, 6.876393176184662], [5.805188301722227, 14.06665339302711, 4.450969783920596], [20.026956074525085, 12.102925567274594, 3.0904855303710397], [11.23465959645931, 6.815373607178987, 0.06394620885145308]]}}