{"no_of_atoms": 54, "centre_of_mass": [12.215885090965385, 8.740592939099487, 2.2913485672467178], "maximum_diameter": {"diameter": 12.934776443335073, "atom_1": 10, "atom_2": 52}, "pore_diameter": {"diameter": -0.6700313460050129, "atom": 23}, "pore_volume": -0.15750124260266082, "pore_diameter_opt": {"diameter": -0.6700313460050129, "atom_1": 23, "centre_of_mass": [12.215885090965385, 8.740592939099487, 2.2913485672467178]}, "pore_volume_opt": -0.15750124260266082, "windows": {"diameters": null, "centre_of_mass": null}}