{"no_of_atoms": 23, "centre_of_mass": [4.544238129818455, 7.5466676548122384, 41.03388562380835], "maximum_diameter": {"diameter": 11.74591453606351, "atom_1": 1, "atom_2": 22}, "pore_diameter": {"diameter": -3.975549298859637, "atom": 10}, "pore_volume": -32.89955715926107, "pore_diameter_opt": {"diameter": -3.975549298859637, "atom_1": 10, "centre_of_mass": [4.544238129818455, 7.5466676548122384, 41.03388562380835]}, "pore_volume_opt": -32.89955715926107, "windows": {"diameters": null, "centre_of_mass": null}}