{"no_of_atoms": 174, "centre_of_mass": [6.701836195157384, 0.4751500880334568, 37.86404036892588], "maximum_diameter": {"diameter": 34.727739430323496, "atom_1": 54, "atom_2": 142}, "pore_diameter": {"diameter": 11.08779919367388, "atom": 166}, "pore_volume": 713.7311942099, "pore_diameter_opt": {"diameter": 11.557629711410128, "atom_1": 168, "centre_of_mass": [6.969343753786592, 0.23516274189862496, 37.881539568657715]}, "pore_volume_opt": 808.3602527218251, "windows": {"diameters": [9.787106375239027, 9.669968253000645, 9.853504694938536, 10.5580992855229], "centre_of_mass": [[7.0294563686762395, -2.822400277338739, 40.10701216531561], [6.906883899596609, 3.6012585474442274, 40.31023716295111], [10.263541722655216, 0.20289211213521025, 35.21436979025666], [0.6745662251708913, -0.16648272985073614, 33.26673518547418]]}}