{"no_of_atoms": 174, "centre_of_mass": [10.892630989741937, 13.128990889533336, 22.92001746484704], "maximum_diameter": {"diameter": 36.15175450544656, "atom_1": 67, "atom_2": 163}, "pore_diameter": {"diameter": 9.68312767770257, "atom": 86}, "pore_volume": 475.3851347592144, "pore_diameter_opt": {"diameter": 11.604347578903628, "atom_1": 86, "centre_of_mass": [10.108129426994333, 13.502255036491, 22.470161649926638]}, "pore_volume_opt": 818.2025107874055, "windows": {"diameters": [9.699708703994471, 9.506073668841111, 9.736594343829816, 10.82640756991638], "centre_of_mass": [[10.099976729329187, 13.473582798054776, 26.850337073844578], [9.507680771129014, 9.23179743904408, 21.237679936827764], [14.414797214364695, 15.101326652229252, 20.888313865582443], [8.079110127778476, 15.062501890673204, 21.036376311762332]]}}