{"no_of_atoms": 23, "centre_of_mass": [-2.700489689132057, 1.7963577451711845, 20.520516418801297], "maximum_diameter": {"diameter": 11.899755502545636, "atom_1": 1, "atom_2": 22}, "pore_diameter": {"diameter": -3.8763421902341983, "atom": 10}, "pore_volume": -30.49754962246423, "pore_diameter_opt": {"diameter": -3.8763421902341983, "atom_1": 10, "centre_of_mass": [-2.700489689132057, 1.7963577451711845, 20.520516418801297]}, "pore_volume_opt": -30.49754962246423, "windows": {"diameters": null, "centre_of_mass": null}}