{"no_of_atoms": 23, "centre_of_mass": [8.193722364254338, 15.403896715576563, 40.072274419298694], "maximum_diameter": {"diameter": 11.893088432293139, "atom_1": 0, "atom_2": 22}, "pore_diameter": {"diameter": -3.918838610672043, "atom": 10}, "pore_volume": -31.511621930879905, "pore_diameter_opt": {"diameter": -3.918838610672043, "atom_1": 10, "centre_of_mass": [8.193722364254338, 15.403896715576563, 40.072274419298694]}, "pore_volume_opt": -31.511621930879905, "windows": {"diameters": null, "centre_of_mass": null}}