{"no_of_atoms": 23, "centre_of_mass": [-4.363518086711434, 17.096198942220017, 25.87361761087624], "maximum_diameter": {"diameter": 11.902041508369848, "atom_1": 1, "atom_2": 22}, "pore_diameter": {"diameter": -3.793684288310319, "atom": 9}, "pore_volume": -28.58789511582889, "pore_diameter_opt": {"diameter": -3.793684288310319, "atom_1": 9, "centre_of_mass": [-4.363518086711434, 17.096198942220017, 25.87361761087624]}, "pore_volume_opt": -28.58789511582889, "windows": {"diameters": null, "centre_of_mass": null}}