{"no_of_atoms": 23, "centre_of_mass": [25.213240626071, 0.7069489259600434, 9.62406581115809], "maximum_diameter": {"diameter": 11.641652815141828, "atom_1": 2, "atom_2": 22}, "pore_diameter": {"diameter": -3.9071242895032925, "atom": 5}, "pore_volume": -31.22987907898573, "pore_diameter_opt": {"diameter": -3.9071242895032925, "atom_1": 5, "centre_of_mass": [25.213240626071, 0.7069489259600434, 9.62406581115809]}, "pore_volume_opt": -31.22987907898573, "windows": {"diameters": null, "centre_of_mass": null}}