{"no_of_atoms": 23, "centre_of_mass": [0.46179892232446335, 19.818269704053723, 14.445529337644034], "maximum_diameter": {"diameter": 11.893982581688412, "atom_1": 4, "atom_2": 21}, "pore_diameter": {"diameter": -3.9188735880822736, "atom": 7}, "pore_volume": -31.51246570492198, "pore_diameter_opt": {"diameter": -3.9188735880822736, "atom_1": 7, "centre_of_mass": [0.46179892232446335, 19.818269704053723, 14.445529337644034]}, "pore_volume_opt": -31.51246570492198, "windows": {"diameters": null, "centre_of_mass": null}}