{"no_of_atoms": 23, "centre_of_mass": [10.407507316587918, -4.02346309209981, 41.834763809997526], "maximum_diameter": {"diameter": 11.85472354701297, "atom_1": 1, "atom_2": 22}, "pore_diameter": {"diameter": -3.955652699647869, "atom": 10}, "pore_volume": -32.408063781624804, "pore_diameter_opt": {"diameter": -3.955652699647869, "atom_1": 10, "centre_of_mass": [10.407507316587918, -4.02346309209981, 41.834763809997526]}, "pore_volume_opt": -32.408063781624804, "windows": {"diameters": null, "centre_of_mass": null}}