{"no_of_atoms": 23, "centre_of_mass": [-4.5701090043936015, 20.523877579374943, 9.418785854265108], "maximum_diameter": {"diameter": 11.855089560278731, "atom_1": 2, "atom_2": 22}, "pore_diameter": {"diameter": -3.955707826989783, "atom": 9}, "pore_volume": -32.40941875041016, "pore_diameter_opt": {"diameter": -3.955707826989783, "atom_1": 9, "centre_of_mass": [-4.5701090043936015, 20.523877579374943, 9.418785854265108]}, "pore_volume_opt": -32.40941875041016, "windows": {"diameters": null, "centre_of_mass": null}}