{"no_of_atoms": 23, "centre_of_mass": [14.432605763279783, -6.984984089054796, 35.04563848130649], "maximum_diameter": {"diameter": 11.85477513264123, "atom_1": 13, "atom_2": 22}, "pore_diameter": {"diameter": -3.9558206228655486, "atom": 1}, "pore_volume": -32.4121912653468, "pore_diameter_opt": {"diameter": -3.9558206228655486, "atom_1": 1, "centre_of_mass": [14.432605763279783, -6.984984089054796, 35.04563848130649]}, "pore_volume_opt": -32.4121912653468, "windows": {"diameters": null, "centre_of_mass": null}}