{"no_of_atoms": 23, "centre_of_mass": [0.005109017224637302, 1.6218040648919843, 24.883983891237673], "maximum_diameter": {"diameter": 11.74141967637237, "atom_1": 21, "atom_2": 22}, "pore_diameter": {"diameter": -3.80585089988239, "atom": 1}, "pore_volume": -28.863828317658808, "pore_diameter_opt": {"diameter": -3.80585089988239, "atom_1": 1, "centre_of_mass": [0.005109017224637302, 1.6218040648919843, 24.883983891237673]}, "pore_volume_opt": -28.863828317658808, "windows": {"diameters": null, "centre_of_mass": null}}