{"no_of_atoms": 23, "centre_of_mass": [8.538015700903589, 14.70413241813811, 30.733021308132308], "maximum_diameter": {"diameter": 11.899884239658217, "atom_1": 1, "atom_2": 22}, "pore_diameter": {"diameter": -3.8758570243264727, "atom": 10}, "pore_volume": -30.486099766822836, "pore_diameter_opt": {"diameter": -3.8758570243264727, "atom_1": 10, "centre_of_mass": [8.538015700903589, 14.70413241813811, 30.733021308132308]}, "pore_volume_opt": -30.486099766822836, "windows": {"diameters": null, "centre_of_mass": null}}