{"no_of_atoms": 315, "centre_of_mass": [17.85145283894686, 0.8970723326666313, 43.15651741831787], "maximum_diameter": {"diameter": 35.10287715447202, "atom_1": 79, "atom_2": 312}, "pore_diameter": {"diameter": 10.368307326970768, "atom": 140}, "pore_volume": 583.6093044747146, "pore_diameter_opt": {"diameter": 15.464575638960293, "atom_1": 74, "centre_of_mass": [23.035606502432245, 6.081225996152016, 43.1564999954873]}, "pore_volume_opt": 1936.4783397274532, "windows": {"diameters": [1.6091828524385945e+45, 10.373932217358966], "centre_of_mass": [[3.723645119542181e+44, 4.23934168486452e+44, -5.735781151442238e+44], [17.017465922703096, -0.23161880760611542, 43.15652954861043]]}}