{"no_of_atoms": 850, "centre_of_mass": [26.600105967540514, 18.724011279481946, 26.866669742345557], "maximum_diameter": {"diameter": 37.460710016224674, "atom_1": 328, "atom_2": 513}, "pore_diameter": {"diameter": 11.71331365888464, "atom": 584}, "pore_volume": 841.4686515707873, "pore_diameter_opt": {"diameter": 11.71793431113609, "atom_1": 710, "centre_of_mass": [26.6029803447523, 18.721756913646804, 26.869401359147055]}, "pore_volume_opt": 842.4648687268163, "windows": {"diameters": [9.345960039568187, 4.070885676317067, 3.4160537043728207, 2.148274842698069, 3.864951321148109, 3.9679996153361947, 9.360746057775879], "centre_of_mass": [[28.677331585319028, 19.996266711762786, 33.85944358527326], [18.486180972171834, 15.621985564354054, 29.569904850136624], [26.642097130284704, 11.601995634897719, 27.621458068438656], [22.770794851712704, 25.60453571613823, 27.14636616685197], [34.88027871706992, 14.886432242576983, 25.429786225084243], [32.04390037117941, 25.12931854282427, 24.291385209082392], [24.657894283494212, 17.207568153520576, 19.78227939455325]]}}