{"no_of_atoms": 408, "centre_of_mass": [12.583884177104569, 18.694287479253454, 7.504979504831933], "maximum_diameter": {"diameter": 30.012856982014668, "atom_1": 162, "atom_2": 289}, "pore_diameter": {"diameter": 1.4294451393701277, "atom": 73}, "pore_volume": 1.5293296165487327, "pore_diameter_opt": {"diameter": 2.140272579954422, "atom_1": 331, "centre_of_mass": [13.298606746789632, 18.806132906563693, 7.557938460276895]}, "pore_volume_opt": 5.133409204912426, "windows": {"diameters": [1.3139005140245437, 2.3038439442540413, 2.48471864603169, 2.129693152284555, 1.3680667154414348], "centre_of_mass": [[10.931801694796004, 20.354464479882076, 8.967774940495616], [15.773903562332048, 16.342867872992507, 8.404746964897788], [13.351645197724887, 17.874871340829035, 7.116335431112932], [15.852172512613858, 22.985374840054945, 5.572431017897805], [10.745792159918988, 16.942103777809297, 5.925770331922489]]}}