{"no_of_atoms": 21, "centre_of_mass": [14.868932949685354, 6.756300077316813, 1.9009670767393838], "maximum_diameter": {"diameter": 6.315106770084661, "atom_1": 12, "atom_2": 15}, "pore_diameter": {"diameter": -1.6668334464936596, "atom": 7}, "pore_volume": -2.424796192647679, "pore_diameter_opt": {"diameter": -1.6668334464936596, "atom_1": 7, "centre_of_mass": [14.868932949685354, 6.756300077316813, 1.9009670767393838]}, "pore_volume_opt": -2.424796192647679, "windows": {"diameters": null, "centre_of_mass": null}}