{"no_of_atoms": 21, "centre_of_mass": [8.618684801863434, 2.0688174735997347, 14.58096707673939], "maximum_diameter": {"diameter": 6.315106770084661, "atom_1": 8, "atom_2": 15}, "pore_diameter": {"diameter": -1.6669295514477644, "atom": 3}, "pore_volume": -2.425215637728467, "pore_diameter_opt": {"diameter": -1.6669295514477644, "atom_1": 3, "centre_of_mass": [8.618684801863434, 2.0688174735997347, 14.58096707673939]}, "pore_volume_opt": -2.425215637728467, "windows": {"diameters": null, "centre_of_mass": null}}