{"no_of_atoms": 224, "centre_of_mass": [4.94954889984062, 8.825018885779164, 12.680000000000012], "maximum_diameter": {"diameter": 30.98225489331864, "atom_1": 23, "atom_2": 214}, "pore_diameter": {"diameter": 1.9550646641270255, "atom": 62}, "pore_volume": 3.9127491100187366, "pore_diameter_opt": {"diameter": 1.9551609553012481, "atom_1": 58, "centre_of_mass": [4.949513661887609, 8.824997580400384, 12.680028411860416]}, "pore_volume_opt": 3.913327272628698, "windows": {"diameters": [5.059846359433237, 5.135299201292732, 5.03314782708517, 9.343068264229709e+42], "centre_of_mass": [[3.694976808744243, 11.990476950363107, 12.314622778692769], [5.01287167737428, 11.868563001229898, 14.725516842574795], [5.929868753224296, 9.765864416338056, 15.76388346408017], [3.015776283260521e+42, -2.721206230071785e+42, 2.3072410386121235e+42]]}}