{"no_of_atoms": 21, "centre_of_mass": [1.2804722099885497, 15.581300077316818, 10.779032923260619], "maximum_diameter": {"diameter": 6.315106770084661, "atom_1": 7, "atom_2": 19}, "pore_diameter": {"diameter": -1.666928834156816, "atom": 12}, "pore_volume": -2.425212506970227, "pore_diameter_opt": {"diameter": -1.666928834156816, "atom_1": 12, "centre_of_mass": [1.2804722099885497, 15.581300077316818, 10.779032923260619]}, "pore_volume_opt": -2.425212506970227, "windows": {"diameters": null, "centre_of_mass": null}}