{"no_of_atoms": 56, "centre_of_mass": [0.0005700046428571369, 0.0008657678571428894, 0.0004818564285713104], "maximum_diameter": {"diameter": 10.367209638161464, "atom_1": 20, "atom_2": 34}, "pore_diameter": {"diameter": 2.075308016207546, "atom": 49}, "pore_volume": 4.680004957658238, "pore_diameter_opt": {"diameter": 2.075340433502009, "atom_1": 49, "centre_of_mass": [0.0005748127365944721, 0.0008792127530894923, 0.0004905171677378358]}, "pore_volume_opt": 4.680224272768274, "windows": {"diameters": null, "centre_of_mass": null}}