{"no_of_atoms": 334, "centre_of_mass": [11.904481930997406, 11.054210890107559, 0.0003970245064575747], "maximum_diameter": {"diameter": 27.80766727984631, "atom_1": 291, "atom_2": 297}, "pore_diameter": {"diameter": 6.791119399853431, "atom": 333}, "pore_volume": 163.99202207711753, "pore_diameter_opt": {"diameter": 6.791912120641585, "atom_1": 333, "centre_of_mass": [11.904725924219198, 11.054066166882746, 0.00012021348351234614]}, "pore_volume_opt": 164.04945667045376, "windows": {"diameters": [4.87089955225547, 5.270793106293859, 5.22602994400937, 4.919013765331773, 4.920222764031285, 6.8468924514789755, 5.25762727112783, 4.870685044662233], "centre_of_mass": [[12.498189725658383, 11.299871203725028, 3.036694950272267], [9.990320760927325, 9.319050102082473, 1.5354992668752687], [11.784718990581709, 13.922880427780523, 0.7033713986209125], [14.678826645112633, 10.034977610162473, 0.46052056846235595], [9.079902653865112, 12.091252705995423, -0.4672901113596495], [6.73661616568187, 7.503945094552712, 3.696137512756404], [13.738743996809086, 12.719278521619438, -1.4719093305752278], [11.314668682975496, 10.810225853261178, -3.0168804863125667]]}}