{"no_of_atoms": 114, "centre_of_mass": [5.269395004452164, 0.0001474639134932843, 10.434499999999998], "maximum_diameter": {"diameter": 20.857826595222594, "atom_1": 71, "atom_2": 113}, "pore_diameter": {"diameter": 2.2276231844910055, "atom": 57}, "pore_volume": 5.787937197020096, "pore_diameter_opt": {"diameter": 2.2276260987778724, "atom_1": 57, "centre_of_mass": [5.269395074953955, 0.00014849312541566093, 10.434501029211917]}, "pore_volume_opt": 5.787959913247254, "windows": {"diameters": [2.4344871700096005, 2.227657228511306], "centre_of_mass": [[5.851211492647467, 0.12332388143182954, 10.312391472470443], [5.130513427582663, 0.046039856583086125, 10.388967141054993]]}}