{"no_of_atoms": 126, "centre_of_mass": [3.9620898353766645, 7.224893689323011, 14.89057238637338], "maximum_diameter": {"diameter": 27.061619383188255, "atom_1": 57, "atom_2": 120}, "pore_diameter": {"diameter": 5.8099293567458155, "atom": 88}, "pore_volume": 102.68598603494699, "pore_diameter_opt": {"diameter": 9.913378525427206, "atom_1": 67, "centre_of_mass": [4.284354356240246, 10.129858367695919, 17.370420093745807]}, "pore_volume_opt": 510.1098271241412, "windows": {"diameters": [10.592584493023796, 3.7013217597004977], "centre_of_mass": [[3.6887069944277346, 10.86353895903776, 17.768288845573345], [3.700572649450054, 4.473372214839907, 12.777590307373465]]}}