{"no_of_atoms": 35, "centre_of_mass": [8.196397909467187, 16.48297103362861, 27.276522127830713], "maximum_diameter": {"diameter": 11.779710078517047, "atom_1": 10, "atom_2": 27}, "pore_diameter": {"diameter": -2.812640456339733, "atom": 9}, "pore_volume": -11.650411899509766, "pore_diameter_opt": {"diameter": -2.812640456339733, "atom_1": 9, "centre_of_mass": [8.196397909467187, 16.48297103362861, 27.276522127830713]}, "pore_volume_opt": -11.650411899509766, "windows": {"diameters": null, "centre_of_mass": null}}