{"no_of_atoms": 246, "centre_of_mass": [7.563175252214817, 17.947605981118045, 27.699178436134268], "maximum_diameter": {"diameter": 28.49722868521546, "atom_1": 162, "atom_2": 231}, "pore_diameter": {"diameter": 6.564316491977081, "atom": 70}, "pore_volume": 148.104126201684, "pore_diameter_opt": {"diameter": 7.936852877567997, "atom_1": 38, "centre_of_mass": [10.5770747420743, 19.145989794643643, 25.824374222966842]}, "pore_volume_opt": 261.78430925810034, "windows": {"diameters": [6.615657810254236, 8.28756538677657, 7.75828404750278], "centre_of_mass": [[7.604608728669302, 18.306708504724757, 31.028270634177463], [15.118432531935373, 18.336528268662402, 25.2184574550837], [5.357731838741168, 17.417963589357434, 25.621840848963192]]}}