{"no_of_atoms": 93, "centre_of_mass": [6.072501292522966, 5.554963192074659, 7.2355778015894785], "maximum_diameter": {"diameter": 19.640490628845455, "atom_1": 27, "atom_2": 86}, "pore_diameter": {"diameter": 0.15492955402688402, "atom": 22}, "pore_volume": 0.0019471590815415768, "pore_diameter_opt": {"diameter": 0.3438607274412888, "atom_1": 22, "centre_of_mass": [5.995036515509524, 5.477498415061217, 7.1581130245760365]}, "pore_volume_opt": 0.02128856339219723, "windows": {"diameters": [0.5478851160367539, 0.5307968709686035], "centre_of_mass": [[5.752539397017337, 5.555023600868247, 7.124753294574261], [6.440271788609294, 5.55500561304205, 7.008558057141151]]}}