{"no_of_atoms": 25, "centre_of_mass": [24.15520701464608, 21.669998707883376, 20.342311280930826], "maximum_diameter": {"diameter": 10.220280557780722, "atom_1": 5, "atom_2": 21}, "pore_diameter": {"diameter": -2.127084354103716, "atom": 2}, "pore_volume": -5.039097502503779, "pore_diameter_opt": {"diameter": -2.127084354103716, "atom_1": 2, "centre_of_mass": [24.15520701464608, 21.669998707883376, 20.342311280930826]}, "pore_volume_opt": -5.039097502503779, "windows": {"diameters": null, "centre_of_mass": null}}