{"no_of_atoms": 30, "centre_of_mass": [16.6176091363401, 12.873509302325578, 25.68893498188437], "maximum_diameter": {"diameter": 10.069855889146714, "atom_1": 16, "atom_2": 19}, "pore_diameter": {"diameter": -1.5749311604656036, "atom": 5}, "pore_volume": -2.0454240096108065, "pore_diameter_opt": {"diameter": -1.5749311604656036, "atom_1": 5, "centre_of_mass": [16.6176091363401, 12.873509302325578, 25.68893498188437]}, "pore_volume_opt": -2.0454240096108065, "windows": {"diameters": null, "centre_of_mass": null}}