{"no_of_atoms": 352, "centre_of_mass": [15.75926366431499, 23.01175745829748, 23.70113282918764], "maximum_diameter": {"diameter": 29.6207131863342, "atom_1": 259, "atom_2": 340}, "pore_diameter": {"diameter": 4.841751057081611, "atom": 230}, "pore_volume": 59.43003560445655, "pore_diameter_opt": {"diameter": 5.25562711455296, "atom_1": 102, "centre_of_mass": [15.811029016170977, 23.034385652141385, 23.452137958367913]}, "pore_volume_opt": 76.0102666345, "windows": {"diameters": [1.310095794018745, 2.8376126412821088, 1.5090685921446814, 2.3368849874013464, 1.8335775830637364], "centre_of_mass": [[18.915486580857827, 22.967830887569836, 28.599343166941438], [12.64689132720456, 24.498846189380263, 29.934024169238356], [17.31222341508605, 28.379957107142875, 22.194072971306962], [18.686608244258256, 22.343042483374628, 21.65789648890544], [11.972972321187122, 22.829161063348092, 18.220077093142528]]}}