{"no_of_atoms": 260, "centre_of_mass": [10.094401297931375, 24.528246122642983, 15.74125013149135], "maximum_diameter": {"diameter": 22.319032777930154, "atom_1": 28, "atom_2": 224}, "pore_diameter": {"diameter": 4.948476918438535, "atom": 61}, "pore_volume": 63.4473180522561, "pore_diameter_opt": {"diameter": 5.027991478129991, "atom_1": 78, "centre_of_mass": [10.01297906506106, 24.611528319597504, 15.740730319683005]}, "pore_volume_opt": 66.5552349830971, "windows": {"diameters": [1.2320692552306771, 1.6803877392939386, 1.8439006766718182], "centre_of_mass": [[9.249556238214453, 25.434641647232677, 21.079735443377967], [14.798482375535345, 21.413468084729647, 15.847968336983893], [7.361479761189507, 27.200155991402237, 15.747045225865799]]}}