{"no_of_atoms": 23, "centre_of_mass": [18.30750264674515, 5.7065716088883685, 20.56705206406983], "maximum_diameter": {"diameter": 8.238349658382827, "atom_1": 11, "atom_2": 21}, "pore_diameter": {"diameter": -2.3684280175966577, "atom": 7}, "pore_volume": -6.956314238951663, "pore_diameter_opt": {"diameter": -2.3684280175966577, "atom_1": 7, "centre_of_mass": [18.30750264674515, 5.7065716088883685, 20.56705206406983]}, "pore_volume_opt": -6.956314238951663, "windows": {"diameters": null, "centre_of_mass": null}}