{"no_of_atoms": 408, "centre_of_mass": [14.728514063874325, 8.503488456638925, 45.196705796000785], "maximum_diameter": {"diameter": 37.87240103329039, "atom_1": 65, "atom_2": 352}, "pore_diameter": {"diameter": 11.547280542839342, "atom": 228}, "pore_volume": 806.1906813200525, "pore_diameter_opt": {"diameter": 11.547495588480935, "atom_1": 230, "centre_of_mass": [14.72881061065495, 8.503704790048339, 45.196302476269956]}, "pore_volume_opt": 806.2357233592561, "windows": {"diameters": [8.803278711030766, 8.976740816423769, 8.885654732173368, 8.960005971004021, 8.960730808229256, 8.89484148430903, 8.923281166532124, 8.807097764890727], "centre_of_mass": [[14.728796668016004, 8.503332529260858, 54.302076315400434], [6.3885982507627315, 10.837589823548637, 48.30690192703001], [15.55431867785867, 4.36742751088399, 46.684425633860414], [20.79887749513398, 14.441070226041655, 48.2465426990151], [8.655000289825864, 2.562438405739349, 42.14504097309301], [13.886175611852272, 12.722100211953526, 43.678893984464786], [18.973093873300762, 7.066586575762348, 43.615704776109325], [14.728229977991639, 8.503709864472706, 36.04101129067381]]}}