{"no_of_atoms": 496, "centre_of_mass": [30.424960032759433, 23.639710509530605, 28.98466254100957], "maximum_diameter": {"diameter": 30.191699787767256, "atom_1": 213, "atom_2": 378}, "pore_diameter": {"diameter": 9.71627639945239, "atom": 80}, "pore_volume": 480.28409452859995, "pore_diameter_opt": {"diameter": 9.716808604065799, "atom_1": 80, "centre_of_mass": [30.42482002189136, 23.63972008952161, 28.984888628660354]}, "pore_volume_opt": 480.36302087903215, "windows": {"diameters": [2.8000654722862446e+44, 3.4749747120951047, 3.703750098674512, 1.6318262432972065e+44, 5.783213856848919e+42, 2.1248629039695048e+42, 3.8398419073130508, 3.8662665097869326, 3.7524526410763506, 1.950098372741837e+44, 2.9914332829754024e+44, 3.482060998274114], "centre_of_mass": [[-7.282033698694578e+43, -8.251864423385136e+43, 8.653778653073292e+43], [32.679210068057834, 21.11975248270222, 33.35219302047236], [27.12379498131678, 26.744682377264137, 32.56508951641387], [-1.7212217057795353e+43, -5.042726441204269e+43, -6.178974679230329e+43], [-5.617790968780937e+40, 2.878138013507265e+42, 2.730498968684995e+41], [8.6943023287946e+41, 3.684942094314265e+40, 6.095028962176902e+41], [30.320016368962815, 29.225626094789956, 28.70614914597121], [24.75251443128904, 23.735656500821946, 28.427731199657355], [33.87787302962799, 26.830340682742555, 25.242116418647512], [2.6680900751766615e+43, -5.302982106137117e+43, 7.735099722498239e+43], [6.723038662525363e+43, -9.515626476148669e+43, -9.379255358019234e+43], [28.19832237299981, 21.173737280299875, 24.686542334255268]]}}