{"no_of_atoms": 496, "centre_of_mass": [15.212466063492892, 7.694152071122859, 28.984662541009566], "maximum_diameter": {"diameter": 30.190904055385285, "atom_1": 207, "atom_2": 378}, "pore_diameter": {"diameter": 9.715682748682868, "atom": 77}, "pore_volume": 480.1960658670692, "pore_diameter_opt": {"diameter": 9.716292807890527, "atom_1": 77, "centre_of_mass": [15.212626451673056, 7.694140952050245, 28.984921761123132]}, "pore_volume_opt": 480.2865277833278, "windows": {"diameters": [3.5149163817283733, 3.9477827427700904, 5.536828208202449, 4.775714377414946, 3.870377310859315, 4.124141519581853, 6.143829442058294e+35, 2.192819530586989e+43, 4.060167883926523, 3.6832990545325015, 4.0022394173856135, 3.509527608703063], "centre_of_mass": [[13.222814464203598, 10.734887892732235, 33.008177059193116], [12.744334031630789, 5.106315658543908, 33.06876370810718], [23.36213368133336, 2.6009026968354636, 34.34366977542825], [21.82400524837554, 11.240394869167398, 36.556644118082765], [9.661359533139297, 7.865464229807763, 30.228878233082046], [15.447919147576664, 13.208991648448313, 29.29735121631404], [3.055640356802266e+35, 2.4186045789234076e+33, -3.1486044265036725e+34], [1.9269821844843763e+41, 1.0723746119341198e+43, 2.2749887708766744e+42], [11.619701849233715, 10.69981677486677, 25.395354212713332], [11.982705708461165, 4.6293115718816, 25.487118397827143], [19.642993853895724, 1.2382990022442755, 22.230713968101767], [17.329609160961787, 10.858111558027286, 24.680407835090293]]}}