{"no_of_atoms": 534, "centre_of_mass": [7.469757312366464, 7.380415473509615, 7.380415473509619], "maximum_diameter": {"diameter": 30.03913713667385, "atom_1": 223, "atom_2": 421}, "pore_diameter": {"diameter": 1.558485509118968, "atom": 173}, "pore_volume": 1.9820149589233131, "pore_diameter_opt": {"diameter": 1.78215423211812, "atom_1": 453, "centre_of_mass": [7.400999995347019, 7.793187564366034, 7.623450417687459]}, "pore_volume_opt": 2.963701644337069, "windows": {"diameters": [1.2581855355669496], "centre_of_mass": [[5.883267893948967, 9.232954159221189, 8.470720747221517]]}}