{"no_of_atoms": 500, "centre_of_mass": [7.308049581538377e-05, 23.401198671263703, 9.519572918808652], "maximum_diameter": {"diameter": 30.071018984612234, "atom_1": 2, "atom_2": 492}, "pore_diameter": {"diameter": 6.487573022229329, "atom": 72}, "pore_volume": 142.97015889282105, "pore_diameter_opt": {"diameter": 8.077579493804322, "atom_1": 122, "centre_of_mass": [-0.1629896430552577, 25.071348984741718, 9.77492647608488]}, "pore_volume_opt": 275.9575906338419, "windows": {"diameters": [3.385101521106375, 3.9943847259920537, 4.26404489215815, 3.3582092156820065, 4.328272468400984, 3.6145429380784777, 7.664333360017764e+41, 3.6258849857328515, 3.3106730678645913, 1.8897834042686484e+44, 1.1738989622717706e+44, 3.3595760404631068], "centre_of_mass": [[2.3953954332211933, 27.133472300702337, 14.227788385973938], [-3.252582737852531, 26.718592133936937, 13.256786017842472], [3.804020959258964, 18.745688082621562, 16.268425311762947], [-3.066360492284264, 20.080471486309975, 13.240390223965889], [0.013578298581409465, 30.305835604109213, 9.514406584135667], [5.524856169051812, 23.314904265819788, 9.64849299941659], [3.814191841408763e+41, 2.162436864966012e+40, 3.0113240999846573e+40], [-5.312006932988019, 23.820005651144804, 7.98441370795234], [3.487618652933699, 20.882568902752638, 5.522405463711739], [-6.0508517800588345e+43, -2.406528880672762e+43, -6.846739688236788e+43], [-2.2679721646221746e+42, -3.972486941118205e+43, 4.314960007441416e+43], [-2.3571195450681186, 27.08577142880925, 4.894897042780493]]}}