{"no_of_atoms": 500, "centre_of_mass": [7.308049581866871e-05, 7.995012835311632, 28.558694997033278], "maximum_diameter": {"diameter": 30.071018984612238, "atom_1": 291, "atom_2": 317}, "pore_diameter": {"diameter": 6.488591541599579, "atom": 74}, "pore_volume": 143.0375064532599, "pore_diameter_opt": {"diameter": 8.487843997639665, "atom_1": 107, "centre_of_mass": [7.998135922867821e-05, 6.592130112960324, 28.559230035219585]}, "pore_volume_opt": 320.1774849645951, "windows": {"diameters": [3.3265480219395394, 4.368787406686547, 3.3518950424421017, 2.5653025259803544e+43, 3.5623872120203086, 7.7164231138762425, 3.308677430200665, 6.990954434855203, 3.351274762030896, 7.525034451166613e+39, 3.4921670925365107, 3.3392816482401977], "centre_of_mass": [[2.267308416339481, 4.428778257356167, 32.98465214813241], [4.515642066612693, 15.431884744397706, 34.71352114550719], [-2.999681129959109, 11.264519454885196, 32.20691072237735], [-3.786383372080836e+42, -8.235098406676424e+42, -9.075565075355631e+42], [6.13721744722992, 7.684160026739248, 30.0904860393128], [3.7894470229437243, -4.666413325720657, 31.719565307198934], [-0.20427261271568425, 13.636953663354605, 28.05812049657421], [-11.785709899376917, 12.635096614160865, 25.504792625618936], [2.990742886156843, 11.25846390292677, 24.920225842710558], [4.629512912333395e+38, -2.8328486657688887e+39, 2.432525521265483e+39], [-2.760434624206363, 10.440171380853284, 24.616304917278907], [-2.3174884672806093, 4.362486982068139, 24.022172216470373]]}}