{"no_of_atoms": 534, "centre_of_mass": [19.156400793135347, 22.14134320653919, 22.14134320653919], "maximum_diameter": {"diameter": 30.038793243785708, "atom_1": 225, "atom_2": 392}, "pore_diameter": {"diameter": 1.5588016776025282, "atom": 137}, "pore_volume": 1.983221472163727, "pore_diameter_opt": {"diameter": 1.6960000917883664, "atom_1": 137, "centre_of_mass": [19.224999995141964, 22.14136581726595, 22.14136737083769]}, "pore_volume_opt": 2.5543254858505255, "windows": {"diameters": [1.3196972052606033, 1.220570346717579, 1.1458059225353048, 1.0276059064175045], "centre_of_mass": [[20.80104914495846, 21.01838009040317, 24.049271744488912], [20.709905649701728, 23.961934331413495, 23.209121860977074], [17.570368034856656, 20.162173397348884, 21.28765119159363], [17.72835730489987, 22.936176211044398, 20.29824248580549]]}}