{"no_of_atoms": 118, "centre_of_mass": [15.253660731993952, 0.0007341536959164768, 0.00023754496171511744], "maximum_diameter": {"diameter": 24.979148697722128, "atom_1": 33, "atom_2": 94}, "pore_diameter": {"diameter": 1.4392725106809698, "atom": 36}, "pore_volume": 1.561089182684879, "pore_diameter_opt": {"diameter": 1.4398342508222854, "atom_1": 36, "centre_of_mass": [15.253790598284967, 0.000996054201578597, 0.0002387155986206561]}, "pore_volume_opt": 1.5629177497331816, "windows": {"diameters": [1.4805163429619506, 1.5918368360107915], "centre_of_mass": [[14.952019194860119, 0.05585800447191655, -0.06808007912392874], [15.855317734798348, -0.10815842751071685, 0.01115960324781157]]}}