{"no_of_atoms": 90, "centre_of_mass": [9.086376905218593, 13.238966367230848, 4.237345514415188], "maximum_diameter": {"diameter": 19.028938788680435, "atom_1": 46, "atom_2": 65}, "pore_diameter": {"diameter": 3.54174624285011, "atom": 83}, "pore_volume": 23.26220870952394, "pore_diameter_opt": {"diameter": 3.6816058044035604, "atom_1": 0, "centre_of_mass": [9.046335545752727, 13.199802044772554, 4.279214595557084]}, "pore_volume_opt": 26.128259480564903, "windows": {"diameters": [3.769649681737667, 4.047640560328693], "centre_of_mass": [[9.495339150030945, 13.177499862347604, 4.677116771984147], [9.183381283668796, 12.013366603303291, 2.679571354414845]]}}