{"no_of_atoms": 79, "centre_of_mass": [7.483111302073513, 6.093067598273121, 21.366190465658185], "maximum_diameter": {"diameter": 19.30160936069982, "atom_1": 3, "atom_2": 67}, "pore_diameter": {"diameter": -1.4152772519185541, "atom": 30}, "pore_volume": -1.4843051726956116, "pore_diameter_opt": {"diameter": -1.4152772519185541, "atom_1": 30, "centre_of_mass": [7.483111302073513, 6.093067598273121, 21.366190465658185]}, "pore_volume_opt": -1.4843051726956116, "windows": {"diameters": null, "centre_of_mass": null}}