{"no_of_atoms": 76, "centre_of_mass": [10.134109806217943, 5.420956232117102, 3.710215497917179], "maximum_diameter": {"diameter": 21.685733957046054, "atom_1": 13, "atom_2": 74}, "pore_diameter": {"diameter": -0.16265831404565434, "atom": 35}, "pore_volume": -0.002253343609977191, "pore_diameter_opt": {"diameter": -0.16265831404565434, "atom_1": 35, "centre_of_mass": [10.134109806217943, 5.420956232117102, 3.710215497917179]}, "pore_volume_opt": -0.002253343609977191, "windows": {"diameters": null, "centre_of_mass": null}}