{"no_of_atoms": 76, "centre_of_mass": [11.370621969299123, 8.96164841158819, 18.092824727080078], "maximum_diameter": {"diameter": 21.68698094563183, "atom_1": 37, "atom_2": 72}, "pore_diameter": {"diameter": -0.16403034789998516, "atom": 32}, "pore_volume": -0.0023108472571721278, "pore_diameter_opt": {"diameter": -0.16403034789998516, "atom_1": 32, "centre_of_mass": [11.370621969299123, 8.96164841158819, 18.092824727080078]}, "pore_volume_opt": -0.0023108472571721278, "windows": {"diameters": null, "centre_of_mass": null}}