{"no_of_atoms": 76, "centre_of_mass": [4.202370820998297, 25.054784502082825, 23.3440437678829], "maximum_diameter": {"diameter": 21.686400577677116, "atom_1": 13, "atom_2": 74}, "pore_diameter": {"diameter": -0.16360382084726144, "atom": 34}, "pore_volume": -0.0022928674475775324, "pore_diameter_opt": {"diameter": -0.16360382084726144, "atom_1": 34, "centre_of_mass": [4.202370820998297, 25.054784502082825, 23.3440437678829]}, "pore_volume_opt": -0.0022928674475775324, "windows": {"diameters": null, "centre_of_mass": null}}