{"no_of_atoms": 299, "centre_of_mass": [12.357888478457577, 5.253944802120684, 5.754936581392571], "maximum_diameter": {"diameter": 24.517738224806912, "atom_1": 43, "atom_2": 286}, "pore_diameter": {"diameter": 2.158011189432198, "atom": 107}, "pore_volume": 5.262107291967986, "pore_diameter_opt": {"diameter": 4.155384420515014, "atom_1": 107, "centre_of_mass": [11.278882883741478, 4.174939207404585, 5.664076231954388]}, "pore_volume_opt": 37.56922565485947, "windows": {"diameters": [4.175489687117198, 2.2741681753678606, 2.3932272094212927, 2.6359737640586123, 3.620042730883268, 5.917463939437411], "centre_of_mass": [[3.856887573978865, 6.913882947927438, 6.791689440385481], [9.727187952776546, 1.0048028706429877, 9.541034898266473], [14.075821751539815, -0.03761361347897285, 8.987317668107337], [11.549176817945947, 12.747224997137554, 9.529793703630222], [20.824342867813336, 4.067416410298948, 4.507179236675672], [14.434957128196876, 15.396482782221092, 8.129425527457924]]}}