{"no_of_atoms": 720, "centre_of_mass": [19.144150474829218, 11.052891684390147, 10.008767489654339], "maximum_diameter": {"diameter": 43.63224289391003, "atom_1": 118, "atom_2": 696}, "pore_diameter": {"diameter": 10.973697914709943, "atom": 677}, "pore_volume": 691.9227727403514, "pore_diameter_opt": {"diameter": 10.974691508358466, "atom_1": 677, "centre_of_mass": [19.1446439279711, 11.052974132077011, 10.008721713158648]}, "pore_volume_opt": 692.1107364496768, "windows": {"diameters": [3.9337126912461984, 7.728953241155914, 10.786062437341625, 10.913154390797123, 11.2101555607182, 11.319535986651035, 11.017621742210714, 10.974567147461737, 10.71656777579954, 10.836958543032278, 3.932041239851937], "centre_of_mass": [[19.144348530929786, 11.053445021601743, 21.560272725192217], [23.243841460365868, 18.393108748774814, 18.358549165947764], [17.335474368996575, 11.048217682919795, 15.11483427414187], [19.97983592902889, 9.609771605077444, 15.05413767096891], [17.800931384732767, 8.809889296720385, 5.826011989493979], [21.398257304011043, 11.016805514966814, 5.807875354838117], [17.19843224777516, 14.552191700075694, 6.029577216488525], [17.544088859228275, 11.052807557218005, 4.992031804942756], [20.094467603744118, 12.685650234592083, 4.868612957373185], [20.01552721561442, 9.534050067071574, 4.9274639009766075], [19.143168942405605, 11.052672110833837, -1.5126480334860197]]}}