{"no_of_atoms": 202, "centre_of_mass": [8.54128775297008, 8.075912888077642, 4.497933112808776e-05], "maximum_diameter": {"diameter": 25.764410097452362, "atom_1": 196, "atom_2": 198}, "pore_diameter": {"diameter": 3.98125508993247, "atom": 49}, "pore_volume": 33.04141494877184, "pore_diameter_opt": {"diameter": 3.981396993872662, "atom_1": 49, "centre_of_mass": [8.541254178335647, 8.075965206788375, 1.0778739049475918e-05]}, "pore_volume_opt": 33.044948161781164, "windows": {"diameters": [3.3857208321897834, 3.1900915466739286, 3.083179655125916, 3.32735902865531], "centre_of_mass": [[8.476037069197496, 8.027631734173962, 2.1760654449089625], [7.028880118389095, 7.862139933628906, -0.4725059685655271], [10.19551371193409, 8.00916179672138, 0.06304838899491326], [8.589907250395395, 8.046297042478345, -1.6047536082942804]]}}