{"no_of_atoms": 111, "centre_of_mass": [-0.13689725486708823, 13.157003504740324, 5.125325134284676], "maximum_diameter": {"diameter": 17.540551227088176, "atom_1": 75, "atom_2": 94}, "pore_diameter": {"diameter": 1.904341470545377, "atom": 18}, "pore_volume": 3.6160389310777505, "pore_diameter_opt": {"diameter": 2.0126823722124345, "atom_1": 63, "centre_of_mass": [-0.09712550336453214, 13.255014794378082, 5.14917884980178]}, "pore_volume_opt": 4.268982269423086, "windows": {"diameters": [1.6504590577080012, 1.5992139319375833], "centre_of_mass": [[1.1636260604495188, 12.908370101926277, 5.190316969204584], [-1.2638512828319803, 13.480352897563241, 5.054599021861978]]}}