{"no_of_atoms": 111, "centre_of_mass": [6.493792500787155, 20.929151529555348, 17.13584266110652], "maximum_diameter": {"diameter": 17.538473208300598, "atom_1": 3, "atom_2": 104}, "pore_diameter": {"diameter": 1.9035949823304414, "atom": 61}, "pore_volume": 3.6117882136902577, "pore_diameter_opt": {"diameter": 2.0165202236059447, "atom_1": 22, "centre_of_mass": [6.430053214480854, 20.835833035946475, 17.172635693459814]}, "pore_volume_opt": 4.293449588266735, "windows": {"diameters": [1.6527985712333613, 1.599186675984304], "centre_of_mass": [[5.1804603926183574, 21.180847932609865, 17.200373204123885], [7.546419297729788, 20.62161644946771, 17.065010332650118]]}}