{"no_of_atoms": 417, "centre_of_mass": [16.500387837025453, 10.063117422221296, 26.647901915809985], "maximum_diameter": {"diameter": 29.503022417002114, "atom_1": 226, "atom_2": 389}, "pore_diameter": {"diameter": 7.858511711332394, "atom": 296}, "pore_volume": 254.10870122464732, "pore_diameter_opt": {"diameter": 7.995781802708914, "atom_1": 296, "centre_of_mass": [16.510013218672267, 10.088204972989564, 26.563385871173]}, "pore_volume_opt": 267.65873721895565, "windows": {"diameters": [2.474750725171974, 2.3467679655612455, 2.3702102466957373, 2.4791866194416277, 2.8058045983348143, 4.7337637518077536, 5.364929184975903, 2.5075086133668365, 2.3658749130766776], "centre_of_mass": [[17.546511336275856, 10.624090970807135, 33.607452513121686], [11.423091864953538, 10.138064791993715, 31.168051229127023], [17.11665320972697, 6.137334780080313, 30.07362530544826], [22.48561804197092, 10.18261454835105, 29.234770494834116], [16.52116228755332, 14.962087537036188, 28.209136030260396], [7.960818881036548, 5.084026140320913, 25.29331480155509], [24.98063386695647, 5.078713544072411, 22.45174050745233], [16.157539168759524, 3.812949104167493, 23.45231037448375], [15.839543461220911, 9.343265477128774, 21.687336795941775]]}}