{"no_of_atoms": 326, "centre_of_mass": [4.664572485658746, -2.843897733620391, 8.130644347499317], "maximum_diameter": {"diameter": 37.60232711940189, "atom_1": 166, "atom_2": 281}, "pore_diameter": {"diameter": 3.364361804274574, "atom": 84}, "pore_volume": 19.939152896748716, "pore_diameter_opt": {"diameter": 4.21096663220494, "atom_1": 84, "centre_of_mass": [4.973567698806599, -3.080405910741478, 7.963998693219]}, "pore_volume_opt": 39.09705295621457, "windows": {"diameters": [4.602527769859723, 5.540925469946096], "centre_of_mass": [[3.3337147329518233, -4.648424375655207, 6.1478305231438295], [3.3373691540040706, -3.7933523994864284, 5.187339482377948]]}}