{"no_of_atoms": 326, "centre_of_mass": [2.1816894172839816, 11.496185646471934, 7.04038899521042], "maximum_diameter": {"diameter": 37.601957494837954, "atom_1": 154, "atom_2": 284}, "pore_diameter": {"diameter": 3.3643274868036728, "atom": 95}, "pore_volume": 19.938542747460833, "pore_diameter_opt": {"diameter": 4.210246631822828, "atom_1": 95, "centre_of_mass": [1.8729802674051197, 11.732543751705668, 7.206907183147326]}, "pore_volume_opt": 39.077001683428854, "windows": {"diameters": [4.5833927913990795, 5.557907202919591], "centre_of_mass": [[3.5171628310403644, 13.32403078621087, 8.99591159431749], [3.509114408628183, 12.434244885235248, 9.995809047214122]]}}