{"no_of_atoms": 280, "centre_of_mass": [8.276031686458186, 19.241898183316408, 10.007295690234677], "maximum_diameter": {"diameter": 25.22211669964372, "atom_1": 239, "atom_2": 259}, "pore_diameter": {"diameter": 3.9301525428195068, "atom": 268}, "pore_volume": 31.785338719198432, "pore_diameter_opt": {"diameter": 4.126320542153197, "atom_1": 279, "centre_of_mass": [8.37454359310131, 19.289935520022656, 10.105526317086847]}, "pore_volume_opt": 36.78641857454962, "windows": {"diameters": [2.371140325796722, 2.4826716317850592, 2.124830302556035, 2.3048368415631066], "centre_of_mass": [[7.023900149474521, 20.658281144083176, 12.335956120762637], [10.695509863269777, 18.36722237262794, 10.840923254868708], [6.7659120393428935, 16.522662049374023, 9.006142598515883], [8.605590258439305, 21.159075877058015, 8.592743454384001]]}}