{"no_of_atoms": 280, "centre_of_mass": [7.604807727897921, 28.88433450030277, 40.86095038273623], "maximum_diameter": {"diameter": 25.023989450181432, "atom_1": 255, "atom_2": 256}, "pore_diameter": {"diameter": 3.655734622651559, "atom": 269}, "pore_volume": 25.58129982793792, "pore_diameter_opt": {"diameter": 3.9844317014235755, "atom_1": 269, "centre_of_mass": [7.4768054649422435, 28.833917021065588, 40.665876553258286]}, "pore_volume_opt": 33.120568510783684, "windows": {"diameters": [1.7633435200444514, 1.9089045471101609, 2.0939975332997203, 1.9846401545991657], "centre_of_mass": [[9.103086458716835, 31.397094966122108, 42.1580952509338], [4.980795446650474, 28.452771430173787, 41.97593723047543], [8.949177551395554, 26.72896305959997, 41.14920978385719], [7.4362153902160895, 29.34583661802725, 38.339080535743854]]}}