{"no_of_atoms": 280, "centre_of_mass": [14.343267291938771, 9.790997389069869, 19.571717832306632], "maximum_diameter": {"diameter": 25.217693808191825, "atom_1": 191, "atom_2": 276}, "pore_diameter": {"diameter": 3.639555797879274, "atom": 267}, "pore_volume": 25.24316279299433, "pore_diameter_opt": {"diameter": 3.90665029857309, "atom_1": 278, "centre_of_mass": [14.341617695136959, 9.981648700688892, 19.58693000180379]}, "pore_volume_opt": 31.218514543871933, "windows": {"diameters": [1.9782184257504354, 2.052441837230788, 2.028313434313627, 2.0174994487723272], "centre_of_mass": [[14.260828453534248, 10.812572293136823, 22.04024336214521], [15.266672724658958, 7.83431837175312, 19.59428340027684], [11.903451092381324, 9.587309517301057, 18.50191464317322], [15.513173101321819, 11.52304549600385, 18.345182556058983]]}}