{"no_of_atoms": 280, "centre_of_mass": [3.9327327080612333, 7.098095534245637, 46.281377967107936], "maximum_diameter": {"diameter": 25.217688013340243, "atom_1": 239, "atom_2": 260}, "pore_diameter": {"diameter": 3.6393387244362665, "atom": 59}, "pore_volume": 25.23864634064365, "pore_diameter_opt": {"diameter": 3.9127537459107207, "atom_1": 59, "centre_of_mass": [3.9383518287029284, 7.28662236283574, 46.29325809943032]}, "pore_volume_opt": 31.36506341749018, "windows": {"diameters": [2.004293081874136, 2.032529223898569, 2.068476200763809, 2.016809621992366], "centre_of_mass": [[4.0433573881590785, 8.183925327036524, 48.95415060841988], [2.9838640985054017, 5.105780838135196, 46.31330540018411], [6.548636302794818, 6.8322136719430056, 45.123650821966464], [2.7619512813006186, 8.831027157684582, 45.05405721426627]]}}