{"no_of_atoms": 280, "centre_of_mass": [0.5377944221932892, 7.649315457307253, 31.627702917352675], "maximum_diameter": {"diameter": 25.138471759689025, "atom_1": 7, "atom_2": 276}, "pore_diameter": {"diameter": 3.616784055882819, "atom": 263}, "pore_volume": 24.772301711512746, "pore_diameter_opt": {"diameter": 3.8194262007679085, "atom_1": 67, "centre_of_mass": [0.5481051914333945, 7.737071979994476, 31.532466996659476]}, "pore_volume_opt": 29.17379932137935, "windows": {"diameters": [1.973644048664911, 2.057242934808595, 1.9598581160557278, 1.9393829567646912], "centre_of_mass": [[1.938237214143177, 5.483196553200102, 32.95262449914237], [-1.9736286813634472, 8.115239167328319, 32.44641595297804], [1.7495143826926198, 10.298076918406718, 31.620769750695008], [0.34704886682625735, 6.791445150701351, 28.846770413585567]]}}