{"no_of_atoms": 280, "centre_of_mass": [13.760097227851919, 15.4564108312612, 21.396415917836816], "maximum_diameter": {"diameter": 25.27772292710544, "atom_1": 146, "atom_2": 257}, "pore_diameter": {"diameter": 3.826215632732507, "atom": 177}, "pore_volume": 29.329654536567006, "pore_diameter_opt": {"diameter": 3.880521505670447, "atom_1": 142, "centre_of_mass": [13.795432690571165, 15.468123943913344, 21.399454070430526]}, "pore_volume_opt": 30.59629968944106, "windows": {"diameters": [2.3065777655581186, 2.38751470643482, 2.8425324114663106, 2.261518904240473], "centre_of_mass": [[14.461456318898692, 14.939213778070826, 23.306363699833504], [13.07457359010271, 17.55571039695578, 21.900965004786595], [12.627965583221549, 12.02518947689297, 20.254723055669356], [14.640391338933254, 16.080953900836192, 19.169589315866865]]}}