{"no_of_atoms": 388, "centre_of_mass": [5.219631031327177e-16, 6.197597759612951, 19.950275517062952], "maximum_diameter": {"diameter": 28.810702976076318, "atom_1": 200, "atom_2": 315}, "pore_diameter": {"diameter": 3.520269429055347, "atom": 114}, "pore_volume": 22.84159015129517, "pore_diameter_opt": {"diameter": 3.5210152700676347, "atom_1": 114, "centre_of_mass": [0.00014852775640850744, 6.197939884295446, 19.950273862988645]}, "pore_volume_opt": 22.856111600393024, "windows": {"diameters": [4.3866710266834055, 3.6649671885947863], "centre_of_mass": [[2.4450540625540316, 6.137319712533254, 18.124526643083573], [-0.14889297907450483, 6.262776592502294, 20.640729295975028]]}}