{"no_of_atoms": 20, "centre_of_mass": [2.9470524220899716, 6.618781544762269, 8.625373449798424], "maximum_diameter": {"diameter": 6.691030148425083, "atom_1": 18, "atom_2": 19}, "pore_diameter": {"diameter": -2.653712357726814, "atom": 1}, "pore_volume": -9.784984969280684, "pore_diameter_opt": {"diameter": -2.653712357726814, "atom_1": 1, "centre_of_mass": [2.9470524220899716, 6.618781544762269, 8.625373449798424]}, "pore_volume_opt": -9.784984969280684, "windows": {"diameters": null, "centre_of_mass": null}}