{"no_of_atoms": 20, "centre_of_mass": [14.235987342420165, 10.851820163819035, 16.2153836116977], "maximum_diameter": {"diameter": 6.808195868802434, "atom_1": 10, "atom_2": 12}, "pore_diameter": {"diameter": -2.6249703012722514, "atom": 11}, "pore_volume": -9.470475935890686, "pore_diameter_opt": {"diameter": -2.6249703012722514, "atom_1": 11, "centre_of_mass": [14.235987342420165, 10.851820163819035, 16.2153836116977]}, "pore_volume_opt": -9.470475935890686, "windows": {"diameters": null, "centre_of_mass": null}}