{"no_of_atoms": 427, "centre_of_mass": [15.564753202754265, 18.73974025559882, 25.80783243097324], "maximum_diameter": {"diameter": 29.534371913612947, "atom_1": 416, "atom_2": 425}, "pore_diameter": {"diameter": 7.02266088524321, "atom": 344}, "pore_volume": 181.34421865323225, "pore_diameter_opt": {"diameter": 7.221960065470537, "atom_1": 180, "centre_of_mass": [15.582889631528861, 18.07067083556497, 25.797194866454465]}, "pore_volume_opt": 197.22586531880373, "windows": {"diameters": [1.8803104113293965, 2.237431166389364, 2.082894519161974, 2.7256608854851154], "centre_of_mass": [[15.54137226773118, 13.397084407550254, 28.09806054502424], [17.757730761138735, 13.93432091649569, 23.958292061344487], [13.391076506343795, 24.87136543607056, 23.387682330293668], [16.41720237233635, 21.375153253916366, 18.612236626139833]]}}