{"no_of_atoms": 427, "centre_of_mass": [5.391385442723811, 4.5949085788534845, 24.722950016173844], "maximum_diameter": {"diameter": 29.534399846101493, "atom_1": 406, "atom_2": 420}, "pore_diameter": {"diameter": 7.023966390128951, "atom": 55}, "pore_volume": 181.4453725238909, "pore_diameter_opt": {"diameter": 7.234135353932965, "atom_1": 245, "centre_of_mass": [5.551856757967852, 3.8900656307145183, 24.790914160162203]}, "pore_volume_opt": 198.22503963109992, "windows": {"diameters": [2.0300735353821, 2.1582478739634463, 1.8742358991891002], "centre_of_mass": [[3.5548567148172867, 9.662618992077368, 26.433402915361757], [7.586873537490242, -0.33418285196121333, 26.60096773695426], [5.358744575661798, -0.7877337991180213, 22.41203407624605]]}}