{"no_of_atoms": 124, "centre_of_mass": [7.33174008800357, 0.36113555826293514, 6.477226337060451], "maximum_diameter": {"diameter": 17.379842433393843, "atom_1": 70, "atom_2": 115}, "pore_diameter": {"diameter": -0.4084139169380201, "atom": 20}, "pore_volume": -0.03566976267461566, "pore_diameter_opt": {"diameter": -0.4084139169380201, "atom_1": 20, "centre_of_mass": [7.33174008800357, 0.36113555826293514, 6.477226337060451]}, "pore_volume_opt": -0.03566976267461566, "windows": {"diameters": null, "centre_of_mass": null}}