{"no_of_atoms": 37, "centre_of_mass": [5.760783737249667, 15.091788821361817, 4.935399312149535], "maximum_diameter": {"diameter": 11.921146955056168, "atom_1": 23, "atom_2": 36}, "pore_diameter": {"diameter": -2.3065099022490005, "atom": 2}, "pore_volume": -6.424873669279723, "pore_diameter_opt": {"diameter": -2.3065099022490005, "atom_1": 2, "centre_of_mass": [5.760783737249667, 15.091788821361817, 4.935399312149535]}, "pore_volume_opt": -6.424873669279723, "windows": {"diameters": null, "centre_of_mass": null}}