{"no_of_atoms": 241, "centre_of_mass": [14.641754557224388, 9.718984011449372, 63.09906613459237], "maximum_diameter": {"diameter": 24.155796936630075, "atom_1": 7, "atom_2": 240}, "pore_diameter": {"diameter": 1.9207484596475157, "atom": 42}, "pore_volume": 3.7103091984847465, "pore_diameter_opt": {"diameter": 4.40454680841461, "atom_1": 42, "centre_of_mass": [15.602128787048146, 8.758609781625614, 64.05944036441613]}, "pore_volume_opt": 44.740652283281875, "windows": {"diameters": [3.406713940282683e+37], "centre_of_mass": [[1.303307377142744e+37, -9.637049300875608e+36, -5.2353381565981284e+36]]}}