{"no_of_atoms": 259, "centre_of_mass": [8.659598553072282, 21.349847093356065, 54.854545957493485], "maximum_diameter": {"diameter": 23.57422644699581, "atom_1": 1, "atom_2": 243}, "pore_diameter": {"diameter": 2.423453255674669, "atom": 50}, "pore_volume": 7.452509945961844, "pore_diameter_opt": {"diameter": 4.939409981683678, "atom_1": 50, "centre_of_mass": [9.871325180909617, 22.561573721193398, 56.06627258533082]}, "pore_volume_opt": 63.09919917495224, "windows": {"diameters": [7.399175999313561], "centre_of_mass": [[8.912801938799007, 25.44666909643878, 53.93551825186593]]}}