{"no_of_atoms": 254, "centre_of_mass": [2.366810757674054, 20.7640880285815, 8.808148446699734], "maximum_diameter": {"diameter": 24.243175791349714, "atom_1": 173, "atom_2": 238}, "pore_diameter": {"diameter": 1.109482294972722, "atom": 131}, "pore_volume": 0.7150884293102288, "pore_diameter_opt": {"diameter": 2.704219200414068, "atom_1": 131, "centre_of_mass": [2.921551905160415, 21.31882917606786, 9.362889594186095]}, "pore_volume_opt": 10.354384746802186, "windows": {"diameters": [6.9005875949140085], "centre_of_mass": [[4.179201772722678, 23.4642855893834, 7.290242808191184]]}}