{"no_of_atoms": 316, "centre_of_mass": [6.276105584522036, 8.875665309060178, 15.372632019489076], "maximum_diameter": {"diameter": 26.733746796916073, "atom_1": 151, "atom_2": 186}, "pore_diameter": {"diameter": 6.144630460490342, "atom": 8}, "pore_volume": 121.4747266947276, "pore_diameter_opt": {"diameter": 6.144839542347585, "atom_1": 245, "centre_of_mass": [6.276208413911421, 8.875795304518418, 15.37257838961317]}, "pore_volume_opt": 121.48712729026654, "windows": {"diameters": [1.3493113799288268, 1.2238764786588807, 1.2204965515500095, 1.3426259265305727, 3.0804021021609196, 3.517453515857673], "centre_of_mass": [[9.801534718633402, 6.911473274034488, 16.750912698638444], [4.3897037107570505, 11.159743239258237, 18.519635408390116], [4.409583131332653, 5.052030518179481, 15.771813582962782], [9.836051131332963, 11.088870805158667, 16.396188198256045], [2.0293178057196304, 11.646861659532311, 11.302488184239426], [11.369896814592016, 7.5888614017990434, 10.27648742448465]]}}