{"no_of_atoms": 250, "centre_of_mass": [5.347527887839967, 8.726006112154751, 0.00020728252583029856], "maximum_diameter": {"diameter": 27.021401749546605, "atom_1": 120, "atom_2": 181}, "pore_diameter": {"diameter": 5.386287635667056, "atom": 1}, "pore_volume": 81.82146426138195, "pore_diameter_opt": {"diameter": 5.386367034168588, "atom_1": 193, "centre_of_mass": [5.34753250168242, 8.726016776344975, 0.00016931826595333575]}, "pore_volume_opt": 81.82508267049379, "windows": {"diameters": [5.4901315364729815, 5.4572463511960105], "centre_of_mass": [[5.6986378931957, 9.295772760314845, 0.19939209131681865], [5.166218747839587, 8.222767363816226, -0.16322880529039027]]}}