{"no_of_atoms": 54, "centre_of_mass": [16.648316931097973, 21.71173847651037, 12.511976812490344], "maximum_diameter": {"diameter": 13.34678292974301, "atom_1": 14, "atom_2": 42}, "pore_diameter": {"diameter": -1.8145956987675014, "atom": 20}, "pore_volume": -3.128515086834795, "pore_diameter_opt": {"diameter": -1.8145956987675014, "atom_1": 20, "centre_of_mass": [16.648316931097973, 21.71173847651037, 12.511976812490344]}, "pore_volume_opt": -3.128515086834795, "windows": {"diameters": null, "centre_of_mass": null}}