{"no_of_atoms": 89, "centre_of_mass": [5.549696537190618, 0.1941176102004504, 24.253603859158602], "maximum_diameter": {"diameter": 11.479606120691354, "atom_1": 43, "atom_2": 80}, "pore_diameter": {"diameter": -3.215874722610503, "atom": 14}, "pore_volume": -17.41389768699713, "pore_diameter_opt": {"diameter": -3.215874722610503, "atom_1": 14, "centre_of_mass": [5.549696537190618, 0.1941176102004504, 24.253603859158602]}, "pore_volume_opt": -17.41389768699713, "windows": {"diameters": null, "centre_of_mass": null}}