{"no_of_atoms": 89, "centre_of_mass": [16.64830346280937, 11.119882389799544, 3.5016038591585903], "maximum_diameter": {"diameter": 11.479606120691354, "atom_1": 10, "atom_2": 77}, "pore_diameter": {"diameter": -3.215874722608474, "atom": 20}, "pore_volume": -17.41389768696417, "pore_diameter_opt": {"diameter": -3.215874722608474, "atom_1": 20, "centre_of_mass": [16.64830346280937, 11.119882389799544, 3.5016038591585903]}, "pore_volume_opt": -17.41389768696417, "windows": {"diameters": null, "centre_of_mass": null}}