{"no_of_atoms": 299, "centre_of_mass": [5.549568611251536, 11.548918456608696, 36.482176455074786], "maximum_diameter": {"diameter": 27.838627301552982, "atom_1": 157, "atom_2": 218}, "pore_diameter": {"diameter": 8.38966190918687, "atom": 237}, "pore_volume": 309.19467199597904, "pore_diameter_opt": {"diameter": 8.506546427587912, "atom_1": 46, "centre_of_mass": [5.549498667785487, 11.574711101790555, 36.39960046355063]}, "pore_volume_opt": 322.29862470431823, "windows": {"diameters": [6.745766664492006, 6.727084532510421, 6.79265927328397, 6.728928019497582], "centre_of_mass": [[1.5317750199365605, 11.362362131333366, 39.18021123351473], [9.400159030163858, 11.367737954145252, 39.06121347020359], [5.549500585773112, 15.661681167996782, 33.91724558214551], [5.549485745861352, 7.764403337936568, 33.305435746905644]]}}