{"no_of_atoms": 580, "centre_of_mass": [36.11970663081883, 21.81795752684547, 15.702169113202462], "maximum_diameter": {"diameter": 34.573428162740434, "atom_1": 188, "atom_2": 578}, "pore_diameter": {"diameter": 7.537051658815944, "atom": 252}, "pore_volume": 224.18321759538736, "pore_diameter_opt": {"diameter": 7.659978494937878, "atom_1": 12, "centre_of_mass": [36.02097924194804, 21.769774453352497, 15.653432010021332]}, "pore_volume_opt": 235.3321558915532, "windows": {"diameters": [3.9432047251432993, 3.9463321178891495, 3.9742639570677, 3.9695502024602622], "centre_of_mass": [[35.283072426738805, 23.1573771516441, 19.840218327940484], [39.592977171451835, 19.04272612632454, 15.658530440227672], [32.50267629425906, 19.632638857546088, 14.129600707946981], [36.94878011248363, 25.429845094981648, 13.000707119868004]]}}