{"no_of_atoms": 876, "centre_of_mass": [30.17747619578062, 30.17747619578062, 8.105710132465519e-16], "maximum_diameter": {"diameter": 47.26508509474059, "atom_1": 1, "atom_2": 863}, "pore_diameter": {"diameter": 26.926081905559318, "atom": 184}, "pore_volume": 10221.581832452648, "pore_diameter_opt": {"diameter": 26.926140022077607, "atom_1": 184, "centre_of_mass": [30.1774999999759, 30.1774999999759, 3.0836080794514825e-08]}, "pore_volume_opt": 10221.64801854297, "windows": {"diameters": [12.177106367574641, 8.86516615929886, 8.867926647579424, 8.861985157550421, 8.885028557020462, 12.17241173602058, 12.179372883298203, 12.184772628930391, 12.188338540745262, 8.868002584742106, 8.86513558991842, 8.873079821983588, 8.869757515508283, 12.182873869106595], "centre_of_mass": [[30.177507851996186, 30.17745013821265, 13.264307710145765], [38.27691015800099, 38.276856026336915, 8.099543418213548], [38.30320455162908, 22.05177797498433, 8.125875298123741], [22.125025114519154, 22.124987923265905, 8.05261016732885], [21.94881733932645, 38.40616807677493, 8.22879019653661], [30.177479839602203, 43.368892532725965, -2.8617790092533127e-05], [43.48327526550505, 30.17752694159707, 3.1952070439990586e-06], [30.177527101571943, 16.80675762327373, 2.643685010194646e-05], [16.769781711222592, 30.177492101798656, -5.1978745340191926e-05], [38.30387736567431, 38.30389701168218, -8.126542377489114], [22.078199731156356, 22.078247810082576, -8.099403096718255], [22.01353561563434, 38.34146496006518, -8.164122047971171], [38.31850848851627, 22.036508638223793, -8.141085725789829], [30.177472057725353, 30.177511917532456, -13.341462814965146]]}}