{"no_of_atoms": 21, "centre_of_mass": [15.08865968303687, 0.3575167834870038, 45.26634031696314], "maximum_diameter": {"diameter": 5.777869975879832, "atom_1": 1, "atom_2": 15}, "pore_diameter": {"diameter": -3.809031141101369, "atom": 0}, "pore_volume": -28.9362462854855, "pore_diameter_opt": {"diameter": -3.809031141101369, "atom_1": 0, "centre_of_mass": [15.08865968303687, 0.3575167834870038, 45.26634031696314]}, "pore_volume_opt": -28.9362462854855, "windows": {"diameters": null, "centre_of_mass": null}}