{"no_of_atoms": 21, "centre_of_mass": [45.26634031696313, 0.3575167834870038, 15.08865968303687], "maximum_diameter": {"diameter": 5.777869975879751, "atom_1": 1, "atom_2": 15}, "pore_diameter": {"diameter": -3.8090311411156565, "atom": 0}, "pore_volume": -28.93624628581112, "pore_diameter_opt": {"diameter": -3.8090311411156565, "atom_1": 0, "centre_of_mass": [45.26634031696313, 0.3575167834870038, 15.08865968303687]}, "pore_volume_opt": -28.93624628581112, "windows": {"diameters": null, "centre_of_mass": null}}