{"no_of_atoms": 21, "centre_of_mass": [15.08865968303687, 15.08865968303687, 0.3575167834870038], "maximum_diameter": {"diameter": 5.7778699758798115, "atom_1": 1, "atom_2": 15}, "pore_diameter": {"diameter": -3.809031141104345, "atom": 0}, "pore_volume": -28.93624628555333, "pore_diameter_opt": {"diameter": -3.809031141104345, "atom_1": 0, "centre_of_mass": [15.08865968303687, 15.08865968303687, 0.3575167834870038]}, "pore_volume_opt": -28.93624628555333, "windows": {"diameters": null, "centre_of_mass": null}}