{"no_of_atoms": 876, "centre_of_mass": [9.377194074813053e-16, 8.741452103639285e-16, 6.325632613178974e-16], "maximum_diameter": {"diameter": 47.2643996965691, "atom_1": 1, "atom_2": 865}, "pore_diameter": {"diameter": 26.92663522384242, "atom": 17}, "pore_volume": 10222.211991458462, "pore_diameter_opt": {"diameter": 26.92663522384242, "atom_1": 17, "centre_of_mass": [9.377194074813053e-16, 8.741452103639285e-16, 6.325632613178974e-16]}, "pore_volume_opt": 10222.211991458462, "windows": {"diameters": [12.17570065028769, 8.8662296622211, 8.868900181162394, 8.863120589860443, 8.886088451604191, 12.171721532208107, 12.178666665876767, 12.184112592893033, 12.18767588739726, 8.869054757500324, 8.866250315865996, 8.874171524324112, 8.87078165860577, 12.18144550604447], "centre_of_mass": [[-3.9905044170789075e-06, -4.7345393093847764e-05, 13.264288261057676], [8.09947797801692, 8.09943697515876, 8.099400889853863], [8.12577572832289, -8.125740079757257, 8.125848590599729], [-8.052522191408658, -8.052557667519325, 8.052544321057827], [-8.228754234733165, 8.228702364150923, 8.228698486893036], [-1.0592795016367981e-05, 13.191883350591121, -2.6051895319906523e-05], [13.30626132346704, -2.7435792435318174e-05, -1.6733075071997811e-06], [9.891927340848897e-06, -13.371230834848197, -1.0093923309340267e-05], [-13.408185845386503, -1.7403920450368027e-05, -9.30030799774799e-06], [8.126127059018687, 8.126092699842177, -8.126129250693067], [-8.099350522728267, -8.099277461993017, -8.099354229056], [-8.164014476880952, 8.164051808699714, -8.164046253921471], [8.14066161391816, -8.140751008998821, -8.140707403500137], [2.70764096880847e-06, 4.6496736461493416e-05, -13.341436681988846]]}}