{"no_of_atoms": 21, "centre_of_mass": [0.3575167834870038, 15.08865968303687, 15.08865968303687], "maximum_diameter": {"diameter": 5.777869975879792, "atom_1": 1, "atom_2": 15}, "pore_diameter": {"diameter": -3.8090311411049407, "atom": 0}, "pore_volume": -28.936246285566902, "pore_diameter_opt": {"diameter": -3.8090311411049407, "atom_1": 0, "centre_of_mass": [0.3575167834870038, 15.08865968303687, 15.08865968303687]}, "pore_volume_opt": -28.936246285566902, "windows": {"diameters": null, "centre_of_mass": null}}