{"no_of_atoms": 28, "centre_of_mass": [7.8197281333757065, 19.650054087875052, 5.4079890699838815], "maximum_diameter": {"diameter": 6.813230730278828, "atom_1": 9, "atom_2": 25}, "pore_diameter": {"diameter": -0.7964845609480253, "atom": 17}, "pore_volume": -0.2645639754712269, "pore_diameter_opt": {"diameter": -0.7964845609480253, "atom_1": 17, "centre_of_mass": [7.8197281333757065, 19.650054087875052, 5.4079890699838815]}, "pore_volume_opt": -0.2645639754712269, "windows": {"diameters": null, "centre_of_mass": null}}