{"no_of_atoms": 28, "centre_of_mass": [3.535087480541619, 18.891657277068358, 1.8196931877511178], "maximum_diameter": {"diameter": 6.891758222923048, "atom_1": 17, "atom_2": 26}, "pore_diameter": {"diameter": -0.7794754063374207, "atom": 15}, "pore_volume": -0.24797384353191623, "pore_diameter_opt": {"diameter": -0.7794754063374207, "atom_1": 15, "centre_of_mass": [3.535087480541619, 18.891657277068358, 1.8196931877511178]}, "pore_volume_opt": -0.24797384353191623, "windows": {"diameters": null, "centre_of_mass": null}}