{"no_of_atoms": 28, "centre_of_mass": [3.8612848330420166, 8.979313037704578, 4.057488882709463], "maximum_diameter": {"diameter": 6.759287608351325, "atom_1": 10, "atom_2": 24}, "pore_diameter": {"diameter": -1.1560215428965166, "atom": 17}, "pore_volume": -0.8089029225448778, "pore_diameter_opt": {"diameter": -1.1560215428965166, "atom_1": 17, "centre_of_mass": [3.8612848330420166, 8.979313037704578, 4.057488882709463]}, "pore_volume_opt": -0.8089029225448778, "windows": {"diameters": null, "centre_of_mass": null}}