{"no_of_atoms": 4299, "centre_of_mass": [4.743901148071492, 8.055862066448562, 15.194150988731256], "maximum_diameter": {"diameter": 135.87677593314675, "atom_1": 4183, "atom_2": 4205}, "pore_diameter": {"diameter": 9.812082783978937, "atom": 1313}, "pore_volume": 494.6320272065673, "pore_diameter_opt": {"diameter": 10.398654250888052, "atom_1": 0, "centre_of_mass": [4.790298404895138, 8.322666356426382, 15.079762271181888]}, "pore_volume_opt": 588.7488035170794, "windows": {"diameters": [8.427709432409804, 8.430708782605262], "centre_of_mass": [[4.615852764151663, 7.635449336571172, 18.837527101641395], [5.35384568221457, 9.101677549101616, 11.238513425208877]]}}