{"no_of_atoms": 389, "centre_of_mass": [8.804981855878117, 4.691960966413816, 18.537559399831345], "maximum_diameter": {"diameter": 34.77516376703759, "atom_1": 276, "atom_2": 363}, "pore_diameter": {"diameter": -1.04207991379805, "atom": 26}, "pore_volume": -0.5925182029928643, "pore_diameter_opt": {"diameter": -1.04207991379805, "atom_1": 26, "centre_of_mass": [8.804981855878117, 4.691960966413816, 18.537559399831345]}, "pore_volume_opt": -0.5925182029928643, "windows": {"diameters": null, "centre_of_mass": null}}