{"no_of_atoms": 389, "centre_of_mass": [32.28498129648756, -4.6919609664138155, 18.53755939983133], "maximum_diameter": {"diameter": 34.77516376703759, "atom_1": 2, "atom_2": 372}, "pore_diameter": {"diameter": -1.042079915226158, "atom": 149}, "pore_volume": -0.592518205428896, "pore_diameter_opt": {"diameter": -1.042079915226158, "atom_1": 149, "centre_of_mass": [32.28498129648756, -4.6919609664138155, 18.53755939983133]}, "pore_volume_opt": -0.592518205428896, "windows": {"diameters": null, "centre_of_mass": null}}