{"no_of_atoms": 21, "centre_of_mass": [1.329378846590004, 8.533588349121022, 18.044346775789105], "maximum_diameter": {"diameter": 10.93068873351239, "atom_1": 7, "atom_2": 18}, "pore_diameter": {"diameter": -1.7683584760258149, "atom": 9}, "pore_volume": -2.8954065166016485, "pore_diameter_opt": {"diameter": -1.7683584760258149, "atom_1": 9, "centre_of_mass": [1.329378846590004, 8.533588349121022, 18.044346775789105]}, "pore_volume_opt": -2.8954065166016485, "windows": {"diameters": null, "centre_of_mass": null}}