{"no_of_atoms": 389, "centre_of_mass": [14.674981296487548, 23.0919609664138, 13.33212432279084], "maximum_diameter": {"diameter": 34.77516376703759, "atom_1": 229, "atom_2": 388}, "pore_diameter": {"diameter": -1.042396062583863, "atom": 40}, "pore_volume": -0.5930576455380272, "pore_diameter_opt": {"diameter": -1.042396062583863, "atom_1": 40, "centre_of_mass": [14.674981296487548, 23.0919609664138, 13.33212432279084]}, "pore_volume_opt": -0.5930576455380272, "windows": {"diameters": null, "centre_of_mass": null}}