{"no_of_atoms": 21, "centre_of_mass": [7.777949326590392, 25.374249371468274, 17.424500533226528], "maximum_diameter": {"diameter": 10.910091264558481, "atom_1": 2, "atom_2": 20}, "pore_diameter": {"diameter": -1.7935571612625272, "atom": 5}, "pore_volume": -3.020955231249331, "pore_diameter_opt": {"diameter": -1.7935571612625272, "atom_1": 5, "centre_of_mass": [7.777949326590392, 25.374249371468274, 17.424500533226528]}, "pore_volume_opt": -3.020955231249331, "windows": {"diameters": null, "centre_of_mass": null}}