{"no_of_atoms": 396, "centre_of_mass": [6.975539027932651, 15.745030737950605, 7.185503385945154], "maximum_diameter": {"diameter": 35.24285432393609, "atom_1": 292, "atom_2": 387}, "pore_diameter": {"diameter": -1.1174264400459126, "atom": 13}, "pore_volume": -0.7305592635171572, "pore_diameter_opt": {"diameter": -1.1174264400459126, "atom_1": 13, "centre_of_mass": [6.975539027932651, 15.745030737950605, 7.185503385945154]}, "pore_volume_opt": -0.7305592635171572, "windows": {"diameters": null, "centre_of_mass": null}}