{"no_of_atoms": 21, "centre_of_mass": [7.928171457662779, 8.500470243064436, 37.931499466773474], "maximum_diameter": {"diameter": 10.910091264558481, "atom_1": 3, "atom_2": 20}, "pore_diameter": {"diameter": -1.7935844176346514, "atom": 5}, "pore_volume": -3.0210929601152667, "pore_diameter_opt": {"diameter": -1.7935844176346514, "atom_1": 5, "centre_of_mass": [7.928171457662779, 8.500470243064436, 37.931499466773474]}, "pore_volume_opt": -3.0210929601152667, "windows": {"diameters": null, "centre_of_mass": null}}