{"no_of_atoms": 45, "centre_of_mass": [19.44457304595257, 4.304396296596089, 6.13926083157435], "maximum_diameter": {"diameter": 13.587503063117573, "atom_1": 3, "atom_2": 42}, "pore_diameter": {"diameter": -2.7223006487727033, "atom": 11}, "pore_volume": -10.563476786959399, "pore_diameter_opt": {"diameter": -2.7223006487727033, "atom_1": 11, "centre_of_mass": [19.44457304595257, 4.304396296596089, 6.13926083157435]}, "pore_volume_opt": -10.563476786959399, "windows": {"diameters": null, "centre_of_mass": null}}