{"no_of_atoms": 51, "centre_of_mass": [31.905853881310442, 19.158415257046816, 13.75506242406937], "maximum_diameter": {"diameter": 17.999106029264205, "atom_1": 44, "atom_2": 50}, "pore_diameter": {"diameter": -0.5959072262818794, "atom": 5}, "pore_volume": -0.11079867787450193, "pore_diameter_opt": {"diameter": -0.5959072262818794, "atom_1": 5, "centre_of_mass": [31.905853881310442, 19.158415257046816, 13.75506242406937]}, "pore_volume_opt": -0.11079867787450193, "windows": {"diameters": null, "centre_of_mass": null}}