{"no_of_atoms": 45, "centre_of_mass": [12.938178548790225, 10.657599344388007, 12.382168848215517], "maximum_diameter": {"diameter": 13.586675501652525, "atom_1": 42, "atom_2": 44}, "pore_diameter": {"diameter": -2.721953702551987, "atom": 11}, "pore_volume": -10.559438484335237, "pore_diameter_opt": {"diameter": -2.721953702551987, "atom_1": 11, "centre_of_mass": [12.938178548790225, 10.657599344388007, 12.382168848215517]}, "pore_volume_opt": -10.559438484335237, "windows": {"diameters": null, "centre_of_mass": null}}