{"no_of_atoms": 314, "centre_of_mass": [10.917847103397321, 17.887242570508576, 3.644243402229308e-05], "maximum_diameter": {"diameter": 21.51481854247217, "atom_1": 7, "atom_2": 257}, "pore_diameter": {"diameter": 0.31519076791081346, "atom": 271}, "pore_volume": 0.01639528940964577, "pore_diameter_opt": {"diameter": 0.5554519991773774, "atom_1": 166, "centre_of_mass": [11.071356642562638, 17.85572991613613, -0.022885002862571897]}, "pore_volume_opt": 0.089730115125481, "windows": {"diameters": [], "centre_of_mass": []}}