{"no_of_atoms": 314, "centre_of_mass": [3.3819470930877378, 15.679839783201949, 13.523616884131208], "maximum_diameter": {"diameter": 21.514464487024206, "atom_1": 104, "atom_2": 208}, "pore_diameter": {"diameter": 0.31598181923912216, "atom": 120}, "pore_volume": 0.016519043919439688, "pore_diameter_opt": {"diameter": 0.562557564888102, "atom_1": 120, "centre_of_mass": [3.5399380027072986, 15.691061673446116, 13.531703168083666]}, "pore_volume_opt": 0.09321794610416197, "windows": {"diameters": [], "centre_of_mass": []}}