{"no_of_atoms": 314, "centre_of_mass": [4.153598694744144, 5.962347748575403, 3.6442434022792195e-05], "maximum_diameter": {"diameter": 21.51481854247217, "atom_1": 96, "atom_2": 239}, "pore_diameter": {"diameter": 0.3144297471590072, "atom": 129}, "pore_volume": 0.016276817786883918, "pore_diameter_opt": {"diameter": 0.5601853549740485, "atom_1": 129, "centre_of_mass": [3.99638382116464, 5.943143849183423, -0.013736125866884328]}, "pore_volume_opt": 0.09204365898085655, "windows": {"diameters": [], "centre_of_mass": []}}