{"no_of_atoms": 314, "centre_of_mass": [11.68956661553529, 3.7551453581096603, 13.5236168841312], "maximum_diameter": {"diameter": 21.514464487024203, "atom_1": 85, "atom_2": 253}, "pore_diameter": {"diameter": 0.31543390035276664, "atom": 271}, "pore_volume": 0.01643325977093649, "pore_diameter_opt": {"diameter": 0.5612759310804196, "atom_1": 57, "centre_of_mass": [11.531849665358907, 3.764201294227875, 13.530323538749979]}, "pore_volume_opt": 0.09258228158193045, "windows": {"diameters": [], "centre_of_mass": []}}