{"no_of_atoms": 244, "centre_of_mass": [-8.549854005886382e-17, 17.229676111734875, 19.818737521860893], "maximum_diameter": {"diameter": 23.09232256512791, "atom_1": 74, "atom_2": 190}, "pore_diameter": {"diameter": 1.8476041700062882, "atom": 216}, "pore_volume": 3.302367667772955, "pore_diameter_opt": {"diameter": 1.847701661939714, "atom_1": 16, "centre_of_mass": [3.0384412471400127e-05, 17.229650375345127, 19.818707135994064]}, "pore_volume_opt": 3.302890460267354, "windows": {"diameters": [1.5849554696382895, 1.1308060433950207, 1.6316944968028158], "centre_of_mass": [[1.0062432272016637, 16.85212180082835, 20.46955498944986], [0.057668752948240795, 21.572508770016235, 21.447276816185877], [-0.9295380839481934, 17.56067108680085, 19.180093450537523]]}}