{"no_of_atoms": 376, "centre_of_mass": [5.60503990195026, 19.505169339619304, 10.455962868270953], "maximum_diameter": {"diameter": 31.463016356680704, "atom_1": 349, "atom_2": 351}, "pore_diameter": {"diameter": 7.32410261861965, "atom": 10}, "pore_volume": 205.71306934802072, "pore_diameter_opt": {"diameter": 7.324605661213738, "atom_1": 10, "centre_of_mass": [5.605024290108456, 19.50541241373789, 10.455900072180796]}, "pore_volume_opt": 205.7554593372506, "windows": {"diameters": [6.647078239202402, 5.902988839186994, 5.6886029296597, 6.78038994877754], "centre_of_mass": [[3.9262547694643612, 18.821314409992763, 12.780956713004498], [9.091692828114093, 24.416917040706235, 12.684441521566052], [7.656051856600417, 17.31411358276676, 8.432936877118525], [4.0132041144839175, 20.042980910492766, 8.31075085088525]]}}