{"no_of_atoms": 22, "centre_of_mass": [3.280589681380648, 11.16874810843078, 33.83772135677053], "maximum_diameter": {"diameter": 9.991399364665126, "atom_1": 15, "atom_2": 19}, "pore_diameter": {"diameter": -2.0496820888114042, "atom": 1}, "pore_volume": -4.508770608971336, "pore_diameter_opt": {"diameter": -2.0496820888114042, "atom_1": 1, "centre_of_mass": [3.280589681380648, 11.16874810843078, 33.83772135677053]}, "pore_volume_opt": -4.508770608971336, "windows": {"diameters": null, "centre_of_mass": null}}