{"no_of_atoms": 22, "centre_of_mass": [-3.2805896813806488, 14.213586097579174, 12.925721356770527], "maximum_diameter": {"diameter": 9.991320727353138, "atom_1": 7, "atom_2": 21}, "pore_diameter": {"diameter": -2.0497063042990638, "atom": 5}, "pore_volume": -4.508930414293656, "pore_diameter_opt": {"diameter": -2.0497063042990638, "atom_1": 5, "centre_of_mass": [-3.2805896813806488, 14.213586097579174, 12.925721356770527]}, "pore_volume_opt": -4.508930414293656, "windows": {"diameters": null, "centre_of_mass": null}}