{"no_of_atoms": 21, "centre_of_mass": [12.978992011602196, 19.468143117535643, 51.40894091121624], "maximum_diameter": {"diameter": 5.880828196595127, "atom_1": 0, "atom_2": 18}, "pore_diameter": {"diameter": -3.1538816554617553, "atom": 7}, "pore_volume": -16.42611282517842, "pore_diameter_opt": {"diameter": -3.1538816554617553, "atom_1": 7, "centre_of_mass": [12.978992011602196, 19.468143117535643, 51.40894091121624]}, "pore_volume_opt": -16.42611282517842, "windows": {"diameters": null, "centre_of_mass": null}}