{"no_of_atoms": 412, "centre_of_mass": [25.95793480313163, 19.468437119570364, 4.539315514351272], "maximum_diameter": {"diameter": 29.004478224189192, "atom_1": 4, "atom_2": 274}, "pore_diameter": {"diameter": 8.147848282401037, "atom": 108}, "pore_volume": 283.2222855161556, "pore_diameter_opt": {"diameter": 8.14792730456101, "atom_1": 356, "centre_of_mass": [25.957922402949563, 19.468473691528636, 4.53932387252652]}, "pore_volume_opt": 283.23052611651053, "windows": {"diameters": [2.1627600250787142, 2.152972341132554, 2.3584606349252684, 2.2867394336792173], "centre_of_mass": [[30.859258778127316, 17.513144624401924, 8.216596480711338], [21.015499707530136, 21.451959041722372, 8.25776696300296], [28.462074841033864, 23.45429276680053, 0.9994251851017424], [23.156236984861884, 14.804731000930738, 0.5495728380496212]]}}