{"no_of_atoms": 45, "centre_of_mass": [8.729473026068048, 28.33961090660924, 0.5546508784711486], "maximum_diameter": {"diameter": 10.844054507649286, "atom_1": 34, "atom_2": 43}, "pore_diameter": {"diameter": -1.3608731525311342, "atom": 2}, "pore_volume": -1.319628119953224, "pore_diameter_opt": {"diameter": -1.3608731525311342, "atom_1": 2, "centre_of_mass": [8.729473026068048, 28.33961090660924, 0.5546508784711486]}, "pore_volume_opt": -1.319628119953224, "windows": {"diameters": null, "centre_of_mass": null}}