{"no_of_atoms": 412, "centre_of_mass": [-3.038555959331883, 6.759878737732726, 33.71264169248645], "maximum_diameter": {"diameter": 32.814370321584875, "atom_1": 274, "atom_2": 292}, "pore_diameter": {"diameter": 8.781901007117899, "atom": 376}, "pore_volume": 354.62082359754675, "pore_diameter_opt": {"diameter": 9.0314048972273, "atom_1": 108, "centre_of_mass": [-3.1230167369838946, 6.711777029513361, 33.61456925223428]}, "pore_volume_opt": 385.71325313204835, "windows": {"diameters": [6.282138958834272, 6.351805313058113, 6.51384859851742, 6.407811407314188], "centre_of_mass": [[-1.384753075558149, 4.773213143644054, 37.1121817097672], [-4.949236959769103, 12.426854379219353, 34.23321252324787], [-7.118174627866967, 1.8798059816721686, 31.041073649203483], [2.541792320487072, 7.7023048066698, 30.543662514447366]]}}