{"no_of_atoms": 26, "centre_of_mass": [24.289988049798268, 18.959209318882998, 62.78796097025548], "maximum_diameter": {"diameter": 11.023537979790648, "atom_1": 4, "atom_2": 25}, "pore_diameter": {"diameter": -2.0375488594851543, "atom": 12}, "pore_volume": -4.42917375114087, "pore_diameter_opt": {"diameter": -2.0375488594851543, "atom_1": 12, "centre_of_mass": [24.289988049798268, 18.959209318882998, 62.78796097025548]}, "pore_volume_opt": -4.42917375114087, "windows": {"diameters": null, "centre_of_mass": null}}