{"no_of_atoms": 376, "centre_of_mass": [11.195526773692343, 6.463733148368927, 38.47393625243428], "maximum_diameter": {"diameter": 28.775920150535164, "atom_1": 66, "atom_2": 271}, "pore_diameter": {"diameter": 8.211354914801802, "atom": 89}, "pore_volume": 289.89658122901824, "pore_diameter_opt": {"diameter": 8.436572180283685, "atom_1": 101, "centre_of_mass": [11.195833008331805, 6.463673108673186, 38.69878502692449]}, "pore_volume_opt": 314.4102543446506, "windows": {"diameters": [3.8445358976079045, 3.8846888690356915, 3.891678819254269, 3.6523235001466987], "centre_of_mass": [[12.861043117821627, 11.365567525103547, 40.563442414584415], [14.206383714361934, 2.978479325165514, 40.427297169998326], [6.7030271990831265, 5.6064997367028, 40.42074733794041], [11.195487144192846, 6.463614766600889, 32.74870279948131]]}}