{"no_of_atoms": 30, "centre_of_mass": [13.700131444430562, 36.61054999018365, 4.271176490745864], "maximum_diameter": {"diameter": 10.808059099930551, "atom_1": 12, "atom_2": 29}, "pore_diameter": {"diameter": -1.8371680654213827, "atom": 5}, "pore_volume": -3.2467233571726495, "pore_diameter_opt": {"diameter": -1.8371680654213827, "atom_1": 5, "centre_of_mass": [13.700131444430562, 36.61054999018365, 4.271176490745864]}, "pore_volume_opt": -3.2467233571726495, "windows": {"diameters": null, "centre_of_mass": null}}