{"no_of_atoms": 26, "centre_of_mass": [13.488161943279803, 17.800542451151014, 40.38646097025552], "maximum_diameter": {"diameter": 11.024366003281397, "atom_1": 16, "atom_2": 23}, "pore_diameter": {"diameter": -2.0361265396763004, "atom": 4}, "pore_volume": -4.419904812597775, "pore_diameter_opt": {"diameter": -2.0361265396763004, "atom_1": 4, "centre_of_mass": [13.488161943279803, 17.800542451151014, 40.38646097025552]}, "pore_volume_opt": -4.419904812597775, "windows": {"diameters": null, "centre_of_mass": null}}