{"no_of_atoms": 56, "centre_of_mass": [1.243805108443087, 3.2376383978761667, 1.6458200878898503], "maximum_diameter": {"diameter": 11.987867849088664, "atom_1": 43, "atom_2": 49}, "pore_diameter": {"diameter": -1.461792599457362, "atom": 9}, "pore_volume": -1.6355201493358935, "pore_diameter_opt": {"diameter": -1.461792599457362, "atom_1": 9, "centre_of_mass": [1.243805108443087, 3.2376383978761667, 1.6458200878898503]}, "pore_volume_opt": -1.6355201493358935, "windows": {"diameters": null, "centre_of_mass": null}}