{"no_of_atoms": 183, "centre_of_mass": [20.379315251024547, 6.134254936436806, 9.731568604038332], "maximum_diameter": {"diameter": 21.222505410668074, "atom_1": 111, "atom_2": 171}, "pore_diameter": {"diameter": 1.673132245569675, "atom": 71}, "pore_volume": 2.4523893989032186, "pore_diameter_opt": {"diameter": 2.408114744111858, "atom_1": 63, "centre_of_mass": [20.701312909683658, 5.689722725843392, 8.895002481253494]}, "pore_volume_opt": 7.3118984738122625, "windows": {"diameters": [1.0330469305733438, 2.408183991863839], "centre_of_mass": [[20.087362598005623, 6.694931794962887, 11.033451579410205], [20.70129066172965, 5.689512299493927, 8.895173651883608]]}}