{"no_of_atoms": 36, "centre_of_mass": [0.0001936650962329415, 13.042169004711297, 3.7528929909370844e-17], "maximum_diameter": {"diameter": 19.598130117860528, "atom_1": 27, "atom_2": 34}, "pore_diameter": {"diameter": -0.6171292857128794, "atom": 11}, "pore_volume": -0.12306288467573792, "pore_diameter_opt": {"diameter": -0.6171292857128794, "atom_1": 11, "centre_of_mass": [0.0001936650962329415, 13.042169004711297, 3.7528929909370844e-17]}, "pore_volume_opt": -0.12306288467573792, "windows": {"diameters": null, "centre_of_mass": null}}