{"no_of_atoms": 36, "centre_of_mass": [6.521112669807534, 6.521137330192465, 7.872499999999998], "maximum_diameter": {"diameter": 19.598192473817907, "atom_1": 27, "atom_2": 35}, "pore_diameter": {"diameter": -0.6160966537058012, "atom": 14}, "pore_volume": -0.12244616064461195, "pore_diameter_opt": {"diameter": -0.6160966537058012, "atom_1": 14, "centre_of_mass": [6.521112669807534, 6.521137330192465, 7.872499999999998]}, "pore_volume_opt": -0.12244616064461195, "windows": {"diameters": null, "centre_of_mass": null}}