{"no_of_atoms": 281, "centre_of_mass": [41.61781979696107, 24.233290266269496, 18.730402014356923], "maximum_diameter": {"diameter": 28.000227929923273, "atom_1": 23, "atom_2": 271}, "pore_diameter": {"diameter": 7.79862764081008, "atom": 45}, "pore_volume": 248.34371664004996, "pore_diameter_opt": {"diameter": 7.9779602214948895, "atom_1": 234, "centre_of_mass": [41.629278426529, 24.388727123315512, 18.761983315044883]}, "pore_volume_opt": 265.8729914387282, "windows": {"diameters": [6.561926489063966, 6.382133119431488, 6.470557001191063, 6.439493117524481], "centre_of_mass": [[45.50736927710697, 26.150455549603763, 20.2417022210749], [41.12213901252883, 20.069641467358366, 20.351164243649972], [37.73154958847011, 27.048004187658865, 20.29682097773035], [41.61985885668304, 24.425777624663215, 13.80113469383748]]}}