{"no_of_atoms": 21, "centre_of_mass": [9.959147653584786, 15.430620531018777, 21.32961301297822], "maximum_diameter": {"diameter": 9.75567524527504, "atom_1": 0, "atom_2": 19}, "pore_diameter": {"diameter": -1.8843341059646168, "atom": 5}, "pore_volume": -3.5032598256315644, "pore_diameter_opt": {"diameter": -1.8843341059646168, "atom_1": 5, "centre_of_mass": [9.959147653584786, 15.430620531018777, 21.32961301297822]}, "pore_volume_opt": -3.5032598256315644, "windows": {"diameters": null, "centre_of_mass": null}}