{"no_of_atoms": 382, "centre_of_mass": [0.00021448366990172593, 19.56323356132024, 11.808699089277734], "maximum_diameter": {"diameter": 28.216356215876285, "atom_1": 38, "atom_2": 362}, "pore_diameter": {"diameter": 7.981415592641552, "atom": 303}, "pore_volume": 266.2186015169535, "pore_diameter_opt": {"diameter": 7.982210627572352, "atom_1": 73, "centre_of_mass": [-2.095752460136733e-07, 19.5629984134904, 11.809000747053]}, "pore_volume_opt": 266.2981641591706, "windows": {"diameters": [6.346795553251889, 6.339740726321816, 6.3383258497739465, 6.35181956155934], "centre_of_mass": [[-0.4530818532391792, 15.757770651852255, 14.527403928114431], [0.41914427239494984, 23.141940432267223, 14.355165639482017], [3.66789411166767, 19.131209049080727, 9.194506187945471], [-3.85086391533221, 20.02234228061861, 9.054342160407097]]}}