{"no_of_atoms": 84, "centre_of_mass": [41.73888094353165, 24.49469051025076, 18.485512940868517], "maximum_diameter": {"diameter": 13.722390808335003, "atom_1": 6, "atom_2": 78}, "pore_diameter": {"diameter": 0.22636788977523992, "atom": 31}, "pore_volume": 0.006073556687068225, "pore_diameter_opt": {"diameter": 0.5946423338860329, "atom_1": 31, "centre_of_mass": [41.62569699864403, 24.38150656536314, 18.372328995980897]}, "pore_volume_opt": 0.11009461962959599, "windows": {"diameters": [], "centre_of_mass": []}}