{"no_of_atoms": 36, "centre_of_mass": [13.042193665096232, 13.0421690047113, 15.744999999999992], "maximum_diameter": {"diameter": 19.598734069970448, "atom_1": 27, "atom_2": 34}, "pore_diameter": {"diameter": -0.6171292857127155, "atom": 24}, "pore_volume": -0.12306288467563987, "pore_diameter_opt": {"diameter": -0.6171292857127155, "atom_1": 24, "centre_of_mass": [13.042193665096232, 13.0421690047113, 15.744999999999992]}, "pore_volume_opt": -0.12306288467563987, "windows": {"diameters": null, "centre_of_mass": null}}