{"no_of_atoms": 294, "centre_of_mass": [10.221042715363968, 22.446833385720318, 38.370585215846795], "maximum_diameter": {"diameter": 27.999325359118117, "atom_1": 153, "atom_2": 196}, "pore_diameter": {"diameter": 7.478910854082379, "atom": 54}, "pore_volume": 219.0350883033941, "pore_diameter_opt": {"diameter": 7.896591041154348, "atom_1": 54, "centre_of_mass": [10.202700218722073, 22.649444928335175, 38.53490985000436]}, "pore_volume_opt": 257.82056908798654, "windows": {"diameters": [6.301859562882351, 6.404337731511289, 6.332031380179938, 6.434142951119481], "centre_of_mass": [[9.990657245163199, 20.315849288196286, 42.48397908748362], [10.182040764438394, 26.763062333741843, 39.38162880354568], [14.039748064109526, 21.324020129136237, 36.08732615829477], [6.024692419866836, 21.650892961863747, 35.98784482997229]]}}