{"no_of_atoms": 36, "centre_of_mass": [13.042193665096232, 0.00014083725941748917, 15.744999999999996], "maximum_diameter": {"diameter": 19.597939515531515, "atom_1": 27, "atom_2": 34}, "pore_diameter": {"diameter": -0.6171393375013365, "atom": 14}, "pore_volume": -0.12306889811049478, "pore_diameter_opt": {"diameter": -0.6171393375013365, "atom_1": 14, "centre_of_mass": [13.042193665096232, 0.00014083725941748917, 15.744999999999996]}, "pore_volume_opt": -0.12306889811049478, "windows": {"diameters": null, "centre_of_mass": null}}