{"no_of_atoms": 24, "centre_of_mass": [16.953120013988805, 7.955779916067145, 7.582206904476418], "maximum_diameter": {"diameter": 13.033266839447553, "atom_1": 3, "atom_2": 19}, "pore_diameter": {"diameter": -0.7970139333283592, "atom": 10}, "pore_volume": -0.2650918424499172, "pore_diameter_opt": {"diameter": -0.7970139333283592, "atom_1": 10, "centre_of_mass": [16.953120013988805, 7.955779916067145, 7.582206904476418]}, "pore_volume_opt": -0.2650918424499172, "windows": {"diameters": null, "centre_of_mass": null}}