{"no_of_atoms": 152, "centre_of_mass": [-2.4989366723304096, -2.5396705962750334, 6.605436054031613], "maximum_diameter": {"diameter": 20.119780830581533, "atom_1": 85, "atom_2": 151}, "pore_diameter": {"diameter": 0.009246942482234122, "atom": 31}, "pore_volume": 4.139930887673157e-07, "pore_diameter_opt": {"diameter": 0.009364389799900952, "atom_1": 36, "centre_of_mass": [-2.4989785571069754, -2.5396287122018206, 6.60547793807885]}, "pore_volume_opt": 4.299689279112801e-07, "windows": {"diameters": [0.009793773877073697], "centre_of_mass": [[-2.4995496914537476, -2.520171742986414, 6.5851369887244875]]}}