{"no_of_atoms": 114, "centre_of_mass": [3.871409303659113, 6.742666210554208, 14.918994494563913], "maximum_diameter": {"diameter": 17.80553995867023, "atom_1": 72, "atom_2": 110}, "pore_diameter": {"diameter": 0.3140522779293833, "atom": 30}, "pore_volume": 0.016218267744336646, "pore_diameter_opt": {"diameter": 0.45380777265981953, "atom_1": 30, "centre_of_mass": [3.933513280428545, 6.705961259570909, 14.981098467118967]}, "pore_volume_opt": 0.04893441631662466, "windows": {"diameters": [0.9935483465855772], "centre_of_mass": [[4.082674871958602, 7.388302363409546, 15.281247004638647]]}}