{"no_of_atoms": 114, "centre_of_mass": [9.270253417738282, 5.010727061200492, 5.948813762244653], "maximum_diameter": {"diameter": 17.80481148686281, "atom_1": 52, "atom_2": 113}, "pore_diameter": {"diameter": 0.31381062443578145, "atom": 31}, "pore_volume": 0.01618085818160873, "pore_diameter_opt": {"diameter": 0.4540379827614287, "atom_1": 31, "centre_of_mass": [9.332541526416774, 5.047736885146007, 5.886525796496116]}, "pore_volume_opt": 0.04900892526029305, "windows": {"diameters": [0.9995067196122194], "centre_of_mass": [[9.483842734417742, 4.368355888636828, 5.578869356049429]]}}