{"no_of_atoms": 204, "centre_of_mass": [-7.776760327121454, 22.449564215562678, 18.120508380734154], "maximum_diameter": {"diameter": 21.47262892198056, "atom_1": 4, "atom_2": 203}, "pore_diameter": {"diameter": -2.340459751441106, "atom": 97}, "pore_volume": -6.712775969460257, "pore_diameter_opt": {"diameter": -2.340459751441106, "atom_1": 97, "centre_of_mass": [-7.776760327121454, 22.449564215562678, 18.120508380734154]}, "pore_volume_opt": -6.712775969460257, "windows": {"diameters": null, "centre_of_mass": null}}