{"no_of_atoms": 204, "centre_of_mass": [15.553517464805259, 2.528667388707342e-05, 0.0002526200696637911], "maximum_diameter": {"diameter": 21.47289336085288, "atom_1": 116, "atom_2": 203}, "pore_diameter": {"diameter": -2.340696989229656, "atom": 45}, "pore_volume": -6.714817472914514, "pore_diameter_opt": {"diameter": -2.340696989229656, "atom_1": 45, "centre_of_mass": [15.553517464805259, 2.528667388707342e-05, 0.0002526200696637911]}, "pore_volume_opt": -6.714817472914514, "windows": {"diameters": null, "centre_of_mass": null}}