{"no_of_atoms": 45, "centre_of_mass": [-4.088206825692672, 7.415338076965246, 46.35579766003102], "maximum_diameter": {"diameter": 11.649666255998653, "atom_1": 6, "atom_2": 44}, "pore_diameter": {"diameter": -3.851575591817264, "atom": 11}, "pore_volume": -29.916714699424322, "pore_diameter_opt": {"diameter": -3.851575591817264, "atom_1": 11, "centre_of_mass": [-4.088206825692672, 7.415338076965246, 46.35579766003102]}, "pore_volume_opt": -29.916714699424322, "windows": {"diameters": null, "centre_of_mass": null}}