{"no_of_atoms": 45, "centre_of_mass": [11.46531386596081, 16.395213175247072, 10.114797660031009], "maximum_diameter": {"diameter": 11.649966948199983, "atom_1": 36, "atom_2": 42}, "pore_diameter": {"diameter": -3.851254201715337, "atom": 8}, "pore_volume": -29.909226231284794, "pore_diameter_opt": {"diameter": -3.851254201715337, "atom_1": 8, "centre_of_mass": [11.46531386596081, 16.395213175247072, 10.114797660031009]}, "pore_volume_opt": -29.909226231284794, "windows": {"diameters": null, "centre_of_mass": null}}