{"no_of_atoms": 45, "centre_of_mass": [-4.3776846523720785, 10.71150295863549, 28.235349059470295], "maximum_diameter": {"diameter": 11.649918848649131, "atom_1": 4, "atom_2": 36}, "pore_diameter": {"diameter": -3.8525227665490545, "atom": 10}, "pore_volume": -29.938791372639393, "pore_diameter_opt": {"diameter": -3.8525227665490545, "atom_1": 10, "centre_of_mass": [-4.3776846523720785, 10.71150295863549, 28.235349059470295]}, "pore_volume_opt": -29.938791372639393, "windows": {"diameters": null, "centre_of_mass": null}}