{"no_of_atoms": 204, "centre_of_mass": [-7.7767318318578145, 13.469809937844, 0.00025262006966386734], "maximum_diameter": {"diameter": 21.472782303234546, "atom_1": 116, "atom_2": 203}, "pore_diameter": {"diameter": -2.3407305176035855, "atom": 53}, "pore_volume": -6.715106028165837, "pore_diameter_opt": {"diameter": -2.3407305176035855, "atom_1": 53, "centre_of_mass": [-7.7767318318578145, 13.469809937844, 0.00025262006966386734]}, "pore_volume_opt": -6.715106028165837, "windows": {"diameters": null, "centre_of_mass": null}}