{"no_of_atoms": 22, "centre_of_mass": [2.107835062624622, 6.382828332517442, 3.636270044058123], "maximum_diameter": {"diameter": 9.89508329536044, "atom_1": 0, "atom_2": 18}, "pore_diameter": {"diameter": -2.197808426651555, "atom": 3}, "pore_volume": -5.558634580644374, "pore_diameter_opt": {"diameter": -2.197808426651555, "atom_1": 3, "centre_of_mass": [2.107835062624622, 6.382828332517442, 3.636270044058123]}, "pore_volume_opt": -5.558634580644374, "windows": {"diameters": null, "centre_of_mass": null}}