{"no_of_atoms": 22, "centre_of_mass": [5.509775546348587, 3.143923716165391, 10.8775036595704], "maximum_diameter": {"diameter": 9.914377416907413, "atom_1": 8, "atom_2": 18}, "pore_diameter": {"diameter": -2.1377653015231735, "atom": 4}, "pore_volume": -5.11538933083276, "pore_diameter_opt": {"diameter": -2.1377653015231735, "atom_1": 4, "centre_of_mass": [5.509775546348587, 3.143923716165391, 10.8775036595704]}, "pore_volume_opt": -5.11538933083276, "windows": {"diameters": null, "centre_of_mass": null}}