{"no_of_atoms": 40, "centre_of_mass": [5.692471671238216, 14.348871141860082, 6.296383495427694], "maximum_diameter": {"diameter": 11.177801918470129, "atom_1": 30, "atom_2": 34}, "pore_diameter": {"diameter": -3.09640262841891, "atom": 3}, "pore_volume": -15.544290522856103, "pore_diameter_opt": {"diameter": -3.09640262841891, "atom_1": 3, "centre_of_mass": [5.692471671238216, 14.348871141860082, 6.296383495427694]}, "pore_volume_opt": -15.544290522856103, "windows": {"diameters": null, "centre_of_mass": null}}