{"no_of_atoms": 180, "centre_of_mass": [0.9638776642788057, 5.065562252648041, 20.10425374403488], "maximum_diameter": {"diameter": 26.210567017966085, "atom_1": 33, "atom_2": 172}, "pore_diameter": {"diameter": 6.822692882555151, "atom": 79}, "pore_volume": 166.28998316015216, "pore_diameter_opt": {"diameter": 6.8231547999865985, "atom_1": 58, "centre_of_mass": [0.963891476880787, 5.065791516276884, 20.10427802018109]}, "pore_volume_opt": 166.3237604869774, "windows": {"diameters": [6.8582844495583934, 6.8502663230316525], "centre_of_mass": [[1.3690764380157865, 5.028577164968463, 20.224957774567383], [0.616331593669845, 5.07266342944092, 20.237336857182854]]}}