{"no_of_atoms": 205, "centre_of_mass": [17.369807252746906, 14.610894654732268, 3.76775291872701], "maximum_diameter": {"diameter": 21.6984535412149, "atom_1": 53, "atom_2": 190}, "pore_diameter": {"diameter": 1.6094392169368228, "atom": 66}, "pore_volume": 2.1828422984268463, "pore_diameter_opt": {"diameter": 2.249940667460961, "atom_1": 70, "centre_of_mass": [17.441801069170534, 14.848165026593502, 3.5297075615289146]}, "pore_volume_opt": 5.963645494110901, "windows": {"diameters": [2.2730231266051946, 2.273675323936702], "centre_of_mass": [[14.28036012525317, 15.366093407037102, 4.337142331597926], [20.450881091957154, 14.004967519426799, 3.0440025611198784]]}}