{"no_of_atoms": 612, "centre_of_mass": [43.69496393881779, 50.45459033746727, 35.676765293586705], "maximum_diameter": {"diameter": 47.330048745829025, "atom_1": 67, "atom_2": 580}, "pore_diameter": {"diameter": 30.09579745828936, "atom": 364}, "pore_volume": 14273.030330659722, "pore_diameter_opt": {"diameter": 30.096076527573736, "atom_1": 354, "centre_of_mass": [43.69500002669885, 50.45451527955306, 35.67688175037729]}, "pore_volume_opt": 14273.427382902702, "windows": {"diameters": [10.65480725165801, 10.303940274702875, 10.289331660032444, 10.29125033207469, 10.659484299379137, 10.650940450469385, 10.643977871054485, 10.652278109014329, 10.647830301597704, 10.65417370694255, 10.297551603217721, 10.308799374604593, 10.3029540070416, 10.655609970872664], "centre_of_mass": [[43.69503491256146, 50.454568023469044, 52.37635141762743], [28.873449267525494, 41.89695079186467, 47.778872922594864], [43.694973846015785, 67.37999840770182, 47.64471700446291], [58.39139032057335, 41.96958428486907, 47.67654067429308], [30.014012054089342, 58.3533096177473, 41.262503143732395], [43.6950066339208, 34.76189567621955, 41.22548512173687], [57.12988023312631, 58.21123698964203, 41.16200992489634], [57.3117874776232, 42.59285979253904, 30.117703817649126], [43.69509969912934, 66.1007281916136, 30.144807561533703], [30.058018779514953, 42.58122035709508, 30.10951408980616], [28.922144961108465, 58.983845927576446, 23.61475893756773], [43.69504714459633, 33.30232582101725, 23.54828344283453], [58.51176895325354, 59.00920818497722, 23.578956466025677], [43.6950377089378, 50.454730593376695, 18.95951496494717]]}}