{"no_of_atoms": 25, "centre_of_mass": [4.855330566047439, 5.282758260616201, 8.565107939146849], "maximum_diameter": {"diameter": 6.048998874235885, "atom_1": 12, "atom_2": 23}, "pore_diameter": {"diameter": -3.6003393217844715, "atom": 0}, "pore_volume": -24.435932875579873, "pore_diameter_opt": {"diameter": -3.6003393217844715, "atom_1": 0, "centre_of_mass": [4.855330566047439, 5.282758260616201, 8.565107939146849]}, "pore_volume_opt": -24.435932875579873, "windows": {"diameters": null, "centre_of_mass": null}}