{"no_of_atoms": 26, "centre_of_mass": [4.999129001710718, 5.398354147409941, 25.749655793692796], "maximum_diameter": {"diameter": 6.307678428828982, "atom_1": 1, "atom_2": 22}, "pore_diameter": {"diameter": -3.6885534690974735, "atom": 0}, "pore_volume": -26.276460984716376, "pore_diameter_opt": {"diameter": -3.6885534690974735, "atom_1": 0, "centre_of_mass": [4.999129001710718, 5.398354147409941, 25.749655793692796]}, "pore_volume_opt": -26.276460984716376, "windows": {"diameters": null, "centre_of_mass": null}}