{"no_of_atoms": 726, "centre_of_mass": [5.280477865135824, 5.280477865135829, 11.160470355672036], "maximum_diameter": {"diameter": 27.660741139142715, "atom_1": 176, "atom_2": 238}, "pore_diameter": {"diameter": 6.34951109120823, "atom": 299}, "pore_volume": 134.0353895110481, "pore_diameter_opt": {"diameter": 6.349572928300583, "atom_1": 307, "centre_of_mass": [5.280499985741548, 5.28050004523211, 11.160478716577986]}, "pore_volume_opt": 134.03930561074156, "windows": {"diameters": [3.70191214618027, 4.3387076068052135, 3.7064378657956705, 3.6810573330761245], "centre_of_mass": [[1.6605324612535504, 4.389562122251366, 12.197723532454498], [3.4168055634098535, 10.093474218324623, 10.74893034148569], [8.911005356732797, 6.611208683519269, 11.154371155673703], [6.18617405165402, 1.5590441937518666, 12.322045347962835]]}}