{"no_of_atoms": 20, "centre_of_mass": [-2.046423325691797e-17, 10.978000000000002, 16.3565], "maximum_diameter": {"diameter": 7.233492867118791, "atom_1": 3, "atom_2": 17}, "pore_diameter": {"diameter": -2.286964974088458, "atom": 0}, "pore_volume": -6.26292429446408, "pore_diameter_opt": {"diameter": -2.286964974088458, "atom_1": 0, "centre_of_mass": [-2.046423325691797e-17, 10.978000000000002, 16.3565]}, "pore_volume_opt": -6.26292429446408, "windows": {"diameters": null, "centre_of_mass": null}}