{"no_of_atoms": 726, "centre_of_mass": [15.841477865135825, 15.841477865135838, 23.10252964432796], "maximum_diameter": {"diameter": 27.66074113914272, "atom_1": 237, "atom_2": 715}, "pore_diameter": {"diameter": 6.3495110912082104, "atom": 93}, "pore_volume": 134.03538951104684, "pore_diameter_opt": {"diameter": 6.734877657601842, "atom_1": 93, "centre_of_mass": [15.841500804983951, 15.841496957031657, 22.38840233313283]}, "pore_volume_opt": 159.95129301184193, "windows": {"diameters": [3.676589526315141, 3.9801973619538082, 3.6883741766479425, 3.7182824681729074], "centre_of_mass": [[16.815074753379957, 11.840882818226534, 21.727468384900057], [13.242617379701667, 14.562678966685375, 25.709088104693844], [14.909958888392277, 19.542562119056022, 22.09942936343036], [19.553170361966636, 17.207157352851254, 23.129721173161894]]}}