{"no_of_atoms": 25, "centre_of_mass": [5.278241739383798, 4.855330566047438, 8.565107939146849], "maximum_diameter": {"diameter": 6.048998874235881, "atom_1": 4, "atom_2": 15}, "pore_diameter": {"diameter": -3.6003393217844004, "atom": 0}, "pore_volume": -24.435932875578427, "pore_diameter_opt": {"diameter": -3.6003393217844004, "atom_1": 0, "centre_of_mass": [5.278241739383798, 4.855330566047438, 8.565107939146849]}, "pore_volume_opt": -24.435932875578427, "windows": {"diameters": null, "centre_of_mass": null}}