{"no_of_atoms": 25, "centre_of_mass": [15.8392417393838, 15.416330566047439, 25.697892060853164], "maximum_diameter": {"diameter": 6.04899887423589, "atom_1": 4, "atom_2": 15}, "pore_diameter": {"diameter": -3.6003393217856807, "atom": 0}, "pore_volume": -24.435932875604497, "pore_diameter_opt": {"diameter": -3.6003393217856807, "atom_1": 0, "centre_of_mass": [15.8392417393838, 15.416330566047439, 25.697892060853164]}, "pore_volume_opt": -24.435932875604497, "windows": {"diameters": null, "centre_of_mass": null}}