{"no_of_atoms": 25, "centre_of_mass": [5.705669433952564, 5.278241739383799, 8.565107939146849], "maximum_diameter": {"diameter": 6.04899887423589, "atom_1": 3, "atom_2": 24}, "pore_diameter": {"diameter": -3.600339321784543, "atom": 0}, "pore_volume": -24.43593287558133, "pore_diameter_opt": {"diameter": -3.600339321784543, "atom_1": 0, "centre_of_mass": [5.705669433952564, 5.278241739383799, 8.565107939146849]}, "pore_volume_opt": -24.43593287558133, "windows": {"diameters": null, "centre_of_mass": null}}