{"no_of_atoms": 20, "centre_of_mass": [10.978000000000003, 8.79322522758194e-18, 1.0871623917737672e-17], "maximum_diameter": {"diameter": 7.23367721190124, "atom_1": 11, "atom_2": 17}, "pore_diameter": {"diameter": -2.2870376536537846, "atom": 1}, "pore_volume": -6.263521419150947, "pore_diameter_opt": {"diameter": -2.2870376536537846, "atom_1": 1, "centre_of_mass": [10.978000000000003, 8.79322522758194e-18, 1.0871623917737672e-17]}, "pore_volume_opt": -6.263521419150947, "windows": {"diameters": null, "centre_of_mass": null}}