{"no_of_atoms": 726, "centre_of_mass": [5.28047786513583, 5.280477865135824, 5.971032980573237], "maximum_diameter": {"diameter": 27.660741139142715, "atom_1": 10, "atom_2": 241}, "pore_diameter": {"diameter": 6.349702014228505, "atom": 307}, "pore_volume": 134.04748077784322, "pore_diameter_opt": {"diameter": 6.349763758457675, "atom_1": 307, "centre_of_mass": [5.280499906162217, 5.280500028088196, 5.971024677801187]}, "pore_volume_opt": 134.05139123167382, "windows": {"diameters": [3.6967066425083783, 3.7262871164788787, 3.684531070557665, 3.6880934056919785], "centre_of_mass": [[1.7190822024109673, 6.563865041002224, 7.589790073250754], [6.101612844159233, 8.654516347145771, 4.957796404800326], [8.67520296306117, 4.069855237485021, 7.610762860160009], [4.348200174146062, 1.5782776093592066, 4.969354044378269]]}}