{"no_of_atoms": 20, "centre_of_mass": [10.978000000000002, -2.046423325691797e-17, 16.3565], "maximum_diameter": {"diameter": 7.233492867118798, "atom_1": 4, "atom_2": 16}, "pore_diameter": {"diameter": -2.286964974088458, "atom": 9}, "pore_volume": -6.26292429446408, "pore_diameter_opt": {"diameter": -2.286964974088458, "atom_1": 9, "centre_of_mass": [10.978000000000002, -2.046423325691797e-17, 16.3565]}, "pore_volume_opt": -6.26292429446408, "windows": {"diameters": null, "centre_of_mass": null}}