{"no_of_atoms": 25, "centre_of_mass": [16.266669433952565, 15.8392417393838, 25.697892060853164], "maximum_diameter": {"diameter": 6.04899887423589, "atom_1": 13, "atom_2": 15}, "pore_diameter": {"diameter": -3.6003393217834048, "atom": 0}, "pore_volume": -24.435932875558155, "pore_diameter_opt": {"diameter": -3.6003393217834048, "atom_1": 0, "centre_of_mass": [16.266669433952565, 15.8392417393838, 25.697892060853164]}, "pore_volume_opt": -24.435932875558155, "windows": {"diameters": null, "centre_of_mass": null}}