{"no_of_atoms": 26, "centre_of_mass": [15.959354147409938, 15.560129001710715, 8.618069147173198], "maximum_diameter": {"diameter": 6.3076784288289645, "atom_1": 1, "atom_2": 9}, "pore_diameter": {"diameter": -3.689182196154879, "atom": 0}, "pore_volume": -26.28990002387485, "pore_diameter_opt": {"diameter": -3.689182196154879, "atom_1": 0, "centre_of_mass": [15.959354147409938, 15.560129001710715, 8.618069147173198]}, "pore_volume_opt": -26.28990002387485, "windows": {"diameters": null, "centre_of_mass": null}}