{"no_of_atoms": 258, "centre_of_mass": [4.562034113125661e-17, 3.361498820197855e-17, 20.33569154423425], "maximum_diameter": {"diameter": 26.186894426393433, "atom_1": 2, "atom_2": 249}, "pore_diameter": {"diameter": 6.9360435377934255, "atom": 29}, "pore_volume": 174.71655344890965, "pore_diameter_opt": {"diameter": 6.9360435377934255, "atom_1": 29, "centre_of_mass": [4.562034113125661e-17, 3.361498820197855e-17, 20.33569154423425]}, "pore_volume_opt": 174.71655344890965, "windows": {"diameters": [4.318181020085124, 4.063393365512969, 4.0447328172240375, 4.093702253531831], "centre_of_mass": [[-1.094096056777119, -2.530514162278482, 16.69648992581756], [-3.2389379041624866, 1.2777023074627638, 19.02947623031589], [1.094017436545812, 3.5200388224727392, 19.772539327648957], [3.917101582040912, -1.6177688204528602, 18.810054205173863]]}}