{"no_of_atoms": 28, "centre_of_mass": [7.677133842737636, 11.172190027035551, 16.732286204490723], "maximum_diameter": {"diameter": 7.03652904195836, "atom_1": 4, "atom_2": 17}, "pore_diameter": {"diameter": -2.468209661687969, "atom": 1}, "pore_volume": -7.873081847413063, "pore_diameter_opt": {"diameter": -2.468209661687969, "atom_1": 1, "centre_of_mass": [7.677133842737636, 11.172190027035551, 16.732286204490723]}, "pore_volume_opt": -7.873081847413063, "windows": {"diameters": null, "centre_of_mass": null}}