{"no_of_atoms": 36, "centre_of_mass": [15.85487573766129, 13.386410815044552, 23.294792723323354], "maximum_diameter": {"diameter": 7.1916424610463086, "atom_1": 2, "atom_2": 34}, "pore_diameter": {"diameter": -0.8180016800160819, "atom": 9}, "pore_volume": -0.2865901166241362, "pore_diameter_opt": {"diameter": -0.8180016800160819, "atom_1": 9, "centre_of_mass": [15.85487573766129, 13.386410815044552, 23.294792723323354]}, "pore_volume_opt": -0.2865901166241362, "windows": {"diameters": null, "centre_of_mass": null}}