{"no_of_atoms": 28, "centre_of_mass": [8.552905937166592, 15.198162741470501, 7.736565205547863], "maximum_diameter": {"diameter": 8.780256813185376, "atom_1": 9, "atom_2": 25}, "pore_diameter": {"diameter": -2.094029312635212, "atom": 8}, "pore_volume": -4.807805528116883, "pore_diameter_opt": {"diameter": -2.094029312635212, "atom_1": 8, "centre_of_mass": [8.552905937166592, 15.198162741470501, 7.736565205547863]}, "pore_volume_opt": -4.807805528116883, "windows": {"diameters": null, "centre_of_mass": null}}