{"no_of_atoms": 20, "centre_of_mass": [4.793648672169962, 2.8310176873360198, 15.50690491457093], "maximum_diameter": {"diameter": 6.882119734757929, "atom_1": 10, "atom_2": 19}, "pore_diameter": {"diameter": -2.4545819614682483, "atom": 2}, "pore_volume": -7.74339185275466, "pore_diameter_opt": {"diameter": -2.4545819614682483, "atom_1": 2, "centre_of_mass": [4.793648672169962, 2.8310176873360198, 15.50690491457093]}, "pore_volume_opt": -7.74339185275466, "windows": {"diameters": null, "centre_of_mass": null}}