{"no_of_atoms": 25, "centre_of_mass": [6.858235245830275, 13.403471839073312, 5.538884474902881], "maximum_diameter": {"diameter": 6.8039340393219305, "atom_1": 6, "atom_2": 23}, "pore_diameter": {"diameter": -1.8318117577274136, "atom": 4}, "pore_volume": -3.218408370711973, "pore_diameter_opt": {"diameter": -1.8318117577274136, "atom_1": 4, "centre_of_mass": [6.858235245830275, 13.403471839073312, 5.538884474902881]}, "pore_volume_opt": -3.218408370711973, "windows": {"diameters": null, "centre_of_mass": null}}