{"no_of_atoms": 56, "centre_of_mass": [19.503516751960227, 18.915519133812584, 0.00031582147536121137], "maximum_diameter": {"diameter": 10.633330231169376, "atom_1": 21, "atom_2": 48}, "pore_diameter": {"diameter": -0.8770550865987801, "atom": 13}, "pore_volume": -0.35324761412760625, "pore_diameter_opt": {"diameter": -0.8770550865987801, "atom_1": 13, "centre_of_mass": [19.503516751960227, 18.915519133812584, 0.00031582147536121137]}, "pore_volume_opt": -0.35324761412760625, "windows": {"diameters": null, "centre_of_mass": null}}