{"no_of_atoms": 24, "centre_of_mass": [6.5659872915223545, 18.329459365730624, 19.307621951652724], "maximum_diameter": {"diameter": 6.87256859299894, "atom_1": 21, "atom_2": 23}, "pore_diameter": {"diameter": -2.3921921609353856, "atom": 13}, "pore_volume": -7.167815383738534, "pore_diameter_opt": {"diameter": -2.3921921609353856, "atom_1": 13, "centre_of_mass": [6.5659872915223545, 18.329459365730624, 19.307621951652724]}, "pore_volume_opt": -7.167815383738534, "windows": {"diameters": null, "centre_of_mass": null}}