{"no_of_atoms": 249, "centre_of_mass": [0.9299916556731025, 1.0178680126031991, 7.425801751220973], "maximum_diameter": {"diameter": 25.895119940270753, "atom_1": 31, "atom_2": 247}, "pore_diameter": {"diameter": 3.0461025918164784, "atom": 78}, "pore_volume": 14.798994227165146, "pore_diameter_opt": {"diameter": 3.2334139367163304, "atom_1": 34, "centre_of_mass": [1.0673309501862698, 1.1716118025859166, 7.376408285552376]}, "pore_volume_opt": 17.70037795704003, "windows": {"diameters": [2.655212748382575, 2.5571942449036706, 2.6363400300931463], "centre_of_mass": [[1.6234650678861724, 0.9028982300751884, 9.521663066817982], [-0.4735609644896872, -0.18397455817362984, 6.746928930097037], [2.206800141576636, 2.587314860096988, 6.2250062808506295]]}}