{"no_of_atoms": 37, "centre_of_mass": [13.498370071205292, 14.075099486203062, 12.160083311659314], "maximum_diameter": {"diameter": 8.6587389527285, "atom_1": 6, "atom_2": 31}, "pore_diameter": {"diameter": -1.8052247919109956, "atom": 1}, "pore_volume": -3.0802962704922043, "pore_diameter_opt": {"diameter": -1.8052247919109956, "atom_1": 1, "centre_of_mass": [13.498370071205292, 14.075099486203062, 12.160083311659314]}, "pore_volume_opt": -3.0802962704922043, "windows": {"diameters": null, "centre_of_mass": null}}