{"no_of_atoms": 252, "centre_of_mass": [5.411981986383037, 15.82080192048985, 19.057015261300382], "maximum_diameter": {"diameter": 21.838049825630016, "atom_1": 73, "atom_2": 246}, "pore_diameter": {"diameter": 2.475629328253732, "atom": 79}, "pore_volume": 7.944297135780679, "pore_diameter_opt": {"diameter": 2.6795844293757836, "atom_1": 79, "centre_of_mass": [5.527324026386801, 15.682712862167335, 19.227488482587965]}, "pore_volume_opt": 10.073977089715964, "windows": {"diameters": [1.2028823799902129, 1.344341693154107, 1.3642691358243715], "centre_of_mass": [[3.447565599233896, 16.242111252171085, 18.952033726764746], [7.135822121725603, 13.994766489733797, 17.98406430145015], [7.741630508083234, 16.726949769883593, 18.052396704735685]]}}