{"no_of_atoms": 252, "centre_of_mass": [13.36796288882504, 15.432636705903063, 6.182800681858619], "maximum_diameter": {"diameter": 22.25450166593284, "atom_1": 147, "atom_2": 224}, "pore_diameter": {"diameter": 2.3580304648822765, "atom": 70}, "pore_volume": 6.865099837657423, "pore_diameter_opt": {"diameter": 2.6321831298774723, "atom_1": 103, "centre_of_mass": [13.243379934689504, 15.604438566314206, 5.984191948904784]}, "pore_volume_opt": 9.548758866386509, "windows": {"diameters": [1.2741008900768116, 1.452313791921274], "centre_of_mass": [[11.714597388036323, 17.29480068518027, 7.0736697960270885], [10.930046971595067, 14.571940256565874, 7.206321807944438]]}}