{"no_of_atoms": 252, "centre_of_mass": [-5.931773962624951, 11.546339487246389, 5.969695946800864], "maximum_diameter": {"diameter": 20.69716693050211, "atom_1": 13, "atom_2": 246}, "pore_diameter": {"diameter": 2.056888787297505, "atom": 64}, "pore_volume": 4.556496641132639, "pore_diameter_opt": {"diameter": 2.0569732397369047, "atom_1": 184, "centre_of_mass": [-5.931803211355372, 11.546348409683077, 5.969725191291912]}, "pore_volume_opt": 4.557057910743229, "windows": {"diameters": [], "centre_of_mass": []}}