{"no_of_atoms": 29, "centre_of_mass": [16.891186514627936, 0.8621136887793293, 12.960439510915185], "maximum_diameter": {"diameter": 8.581894250922923, "atom_1": 10, "atom_2": 27}, "pore_diameter": {"diameter": -2.780371441636767, "atom": 6}, "pore_volume": -11.254004369261231, "pore_diameter_opt": {"diameter": -2.780371441636767, "atom_1": 6, "centre_of_mass": [16.891186514627936, 0.8621136887793293, 12.960439510915185]}, "pore_volume_opt": -11.254004369261231, "windows": {"diameters": null, "centre_of_mass": null}}