{"no_of_atoms": 342, "centre_of_mass": [14.289732256150913, 15.097124951126945, 12.960480186452061], "maximum_diameter": {"diameter": 20.78745745931908, "atom_1": 24, "atom_2": 336}, "pore_diameter": {"diameter": 2.0680121979697152, "atom": 116}, "pore_volume": 4.630820109163786, "pore_diameter_opt": {"diameter": 2.433603481160565, "atom_1": 30, "centre_of_mass": [14.034445318094832, 15.091623416753468, 12.958696232330146]}, "pore_volume_opt": 7.5465434373345905, "windows": {"diameters": null, "centre_of_mass": null}}