{"no_of_atoms": 342, "centre_of_mass": [4.219252934335181, -5.39226125261936, 25.921371110486245], "maximum_diameter": {"diameter": 20.789825337083126, "atom_1": 215, "atom_2": 297}, "pore_diameter": {"diameter": 2.069159993177187, "atom": 22}, "pore_volume": 4.638535030416938, "pore_diameter_opt": {"diameter": 2.435259404360265, "atom_1": 47, "centre_of_mass": [3.964380969663533, -5.397726937519107, 25.919714531043624]}, "pore_volume_opt": 7.561958850947387, "windows": {"diameters": null, "centre_of_mass": null}}