{"no_of_atoms": 29, "centre_of_mass": [6.820928648664996, 8.842720687524553, 25.92140014997232], "maximum_diameter": {"diameter": 8.580330017016292, "atom_1": 2, "atom_2": 27}, "pore_diameter": {"diameter": -2.779854201770338, "atom": 10}, "pore_volume": -11.247724700871942, "pore_diameter_opt": {"diameter": -2.779854201770338, "atom_1": 10, "centre_of_mass": [6.820928648664996, 8.842720687524553, 25.92140014997232]}, "pore_volume_opt": -11.247724700871942, "windows": {"diameters": null, "centre_of_mass": null}}