{"no_of_atoms": 252, "centre_of_mass": [11.083907444487457, -3.1604458072013206, 17.908920087423965], "maximum_diameter": {"diameter": 20.69716693050211, "atom_1": 8, "atom_2": 249}, "pore_diameter": {"diameter": 2.056216800011541, "atom": 66}, "pore_volume": 4.55203226618241, "pore_diameter_opt": {"diameter": 2.056243815542343, "atom_1": 184, "centre_of_mass": [11.083916800820449, -3.160448657836297, 17.908910731090447]}, "pore_volume_opt": 4.552211688678541, "windows": {"diameters": [1.628958265895403, 1.629671925582342], "centre_of_mass": [[10.27165229698406, -3.6119088764708134, 23.21840128199224], [10.992812300781349, -4.085597679927419, 12.601100392572828]]}}