{"no_of_atoms": 350, "centre_of_mass": [9.316132642952573, -3.0495588217172065, 23.97622588028821], "maximum_diameter": {"diameter": 30.27639096515409, "atom_1": 24, "atom_2": 308}, "pore_diameter": {"diameter": 9.8405672485697, "atom": 219}, "pore_volume": 498.9522932473289, "pore_diameter_opt": {"diameter": 9.989004135218629, "atom_1": 51, "centre_of_mass": [9.285730694293044, -3.0620178095106496, 23.90967609576206]}, "pore_volume_opt": 521.8734477361185, "windows": {"diameters": [9.666921614528201, 9.07425121677007, 7.898908099791074], "centre_of_mass": [[2.759100362041252, -6.4344282702288265, 23.679706506961153], [9.07926948184422, 2.642787517376699, 23.28032025810284], [13.334937772207198, -5.516109841725186, 20.54013368544895]]}}