{"no_of_atoms": 220, "centre_of_mass": [5.532499999999999, 8.530245582146893, 27.879991838684397], "maximum_diameter": {"diameter": 29.664653269875085, "atom_1": 212, "atom_2": 217}, "pore_diameter": {"diameter": 1.9765219147096595, "atom": 57}, "pore_volume": 4.042997978281073, "pore_diameter_opt": {"diameter": 1.976570119719001, "atom_1": 20, "centre_of_mass": [5.532516827597271, 8.530249575995926, 27.87997500971407]}, "pore_volume_opt": 4.043293797174504, "windows": {"diameters": [2.033697492031106, 2.004070426814374], "centre_of_mass": [[5.755689904440039, 8.259264251326297, 28.05611542522565], [5.3672837750006686, 8.69937118106611, 27.74434796477977]]}}