{"no_of_atoms": 564, "centre_of_mass": [8.501018017426711, 0.04639344084890154, 21.109721404693587], "maximum_diameter": {"diameter": 28.25907518101732, "atom_1": 120, "atom_2": 355}, "pore_diameter": {"diameter": 4.280327633113201, "atom": 52}, "pore_volume": 41.06101314339319, "pore_diameter_opt": {"diameter": 4.292897511720229, "atom_1": 52, "centre_of_mass": [8.495961556645403, 0.03883503249536168, 21.109794481782153]}, "pore_volume_opt": 41.42382355247612, "windows": {"diameters": [], "centre_of_mass": []}}