{"no_of_atoms": 564, "centre_of_mass": [25.440424105937744, 0.04606244345284223, 7.0365752142372235], "maximum_diameter": {"diameter": 28.260824844513113, "atom_1": 121, "atom_2": 367}, "pore_diameter": {"diameter": 4.280443755025239, "atom": 87}, "pore_volume": 41.064355092739575, "pore_diameter_opt": {"diameter": 4.293625394527625, "atom_1": 70, "centre_of_mass": [25.435713125797186, 0.03812427310994718, 7.035329240865614]}, "pore_volume_opt": 41.44489799105336, "windows": {"diameters": [], "centre_of_mass": []}}