{"no_of_atoms": 359, "centre_of_mass": [18.312183542499263, 10.826065506772622, 22.977699268766145], "maximum_diameter": {"diameter": 33.313215150514644, "atom_1": 71, "atom_2": 297}, "pore_diameter": {"diameter": 2.8188970405421823, "atom": 348}, "pore_volume": 11.728332325554053, "pore_diameter_opt": {"diameter": 4.48691827097649, "atom_1": 28, "centre_of_mass": [18.739324272009565, 12.235514027043713, 22.653913537428572]}, "pore_volume_opt": 47.298035091517065, "windows": {"diameters": [5.797615596352294, 3.733502965720272, 3.044128722525954e+44, 4.983876609825529], "centre_of_mass": [[18.988140108462677, 15.72529453082294, 23.382964169679767], [20.849682899976308, 11.929724114863301, 23.005942448479725], [-5.851345632547834e+43, -1.37736990954981e+44, -2.7775815915694776e+43], [20.17870086843061, 18.27989865001301, 18.89554165589327]]}}