{"no_of_atoms": 257, "centre_of_mass": [20.44128947440387, 4.899378889961933, 8.068892175903116], "maximum_diameter": {"diameter": 24.810261730700333, "atom_1": 65, "atom_2": 256}, "pore_diameter": {"diameter": 2.0598435145086156, "atom": 70}, "pore_volume": 4.576161127456656, "pore_diameter_opt": {"diameter": 3.8152416919170498, "atom_1": 70, "centre_of_mass": [21.413278536916522, 5.009801480696887, 7.787746185678822]}, "pore_volume_opt": 29.078017140783082, "windows": {"diameters": [2.042486282121225, 2.0094599623721066], "centre_of_mass": [[21.85322673667938, 7.678520298946701, 9.32122404674833], [20.19707030105534, 1.8486705841216553, 6.489865345488891]]}}