{"no_of_atoms": 132, "centre_of_mass": [8.29808593865001, 8.298085938650015, 18.94545164441043], "maximum_diameter": {"diameter": 19.028817258193524, "atom_1": 130, "atom_2": 131}, "pore_diameter": {"diameter": -0.9964533289004374, "atom": 15}, "pore_volume": -0.5180474131554139, "pore_diameter_opt": {"diameter": -0.9964533289004374, "atom_1": 15, "centre_of_mass": [8.29808593865001, 8.298085938650015, 18.94545164441043]}, "pore_volume_opt": -0.5180474131554139, "windows": {"diameters": null, "centre_of_mass": null}}