{"no_of_atoms": 408, "centre_of_mass": [21.019717232042474, 13.664223305754586, 10.151541332539512], "maximum_diameter": {"diameter": 33.17527941477541, "atom_1": 61, "atom_2": 407}, "pore_diameter": {"diameter": 6.645305220168533, "atom": 399}, "pore_volume": 153.65384103553305, "pore_diameter_opt": {"diameter": 6.64553376917336, "atom_1": 166, "centre_of_mass": [21.01994227611121, 13.664193590913296, 10.151472991291218]}, "pore_volume_opt": 153.66969522390443, "windows": {"diameters": [4.510301015226446, 4.510212140886251, 4.5108547031770865, 4.4004143717071, 4.401884026822168, 4.517364692908659, 4.5163582010015055, 4.526134688674373], "centre_of_mass": [[19.705059096305682, 12.193188690270873, 12.324968054379747], [20.044964651183456, 15.529233982074224, 12.177094246338825], [22.9081893056461, 11.747808115859792, 11.364103029288628], [23.40901256725083, 15.217051708435815, 11.305745413163054], [18.615094713685313, 12.101246496774555, 8.98991865150607], [19.070139433692553, 15.644403093426604, 8.898770093433559], [22.03151014435631, 11.730141112045331, 8.050473508378833], [22.42013128984904, 15.229802363719195, 7.836616796444504]]}}