{"no_of_atoms": 216, "centre_of_mass": [13.329141678752006, 1.8669105013140292, 13.524455841819782], "maximum_diameter": {"diameter": 19.627117297708523, "atom_1": 178, "atom_2": 215}, "pore_diameter": {"diameter": 1.0764018609971768, "atom": 91}, "pore_volume": 0.6530131728799085, "pore_diameter_opt": {"diameter": 1.153072808630526, "atom_1": 91, "centre_of_mass": [13.26934664884733, 1.888006542939086, 13.527805537014453]}, "pore_volume_opt": 0.802728744967816, "windows": {"diameters": [], "centre_of_mass": []}}