{"no_of_atoms": 216, "centre_of_mass": [17.198885832725733, 9.301981059145723, 27.554506313006552], "maximum_diameter": {"diameter": 19.6273627416796, "atom_1": 182, "atom_2": 215}, "pore_diameter": {"diameter": 1.0764961230425807, "atom": 13}, "pore_volume": 0.6531847437870447, "pore_diameter_opt": {"diameter": 1.1585301566540434, "atom_1": 80, "centre_of_mass": [17.259427963434216, 9.318901746494303, 27.56017051484282]}, "pore_volume_opt": 0.814180415075677, "windows": {"diameters": null, "centre_of_mass": null}}