{"no_of_atoms": 216, "centre_of_mass": [17.19885832124801, 9.302022053440915, 27.55455322994631], "maximum_diameter": {"diameter": 19.6273627416796, "atom_1": 182, "atom_2": 215}, "pore_diameter": {"diameter": 1.076523118429562, "atom": 13}, "pore_volume": 0.6532338849313706, "pore_diameter_opt": {"diameter": 1.1585581024853995, "atom_1": 73, "centre_of_mass": [17.25944854530466, 9.31886835636636, 27.560165612542104]}, "pore_volume_opt": 0.814239334985415, "windows": {"diameters": null, "centre_of_mass": null}}