{"no_of_atoms": 364, "centre_of_mass": [2.216332724760232, 3.3588636411266255, 26.803495930094734], "maximum_diameter": {"diameter": 29.909664822475598, "atom_1": 7, "atom_2": 330}, "pore_diameter": {"diameter": 5.952151897267271, "atom": 307}, "pore_volume": 110.41310917926008, "pore_diameter_opt": {"diameter": 6.398128196546519, "atom_1": 235, "centre_of_mass": [2.240920716212765, 3.0375049816295863, 26.482329791900288]}, "pore_volume_opt": 137.1378811568417, "windows": {"diameters": [4.504788740041517, 3.335166716379043, 3.821470881164734, 4.398020710381301], "centre_of_mass": [[3.258277003437123, 0.542300268209714, 27.98642351460017], [-1.3479120658189094, 4.545610407585985, 28.67477808896483], [5.003554418245802, 7.115921342907054, 28.6627886707086], [2.285244530331148, 3.864545064943551, 22.927321547021144]]}}