{"no_of_atoms": 430, "centre_of_mass": [8.152335969552647, 6.7201024876329996, 5.784363454513515], "maximum_diameter": {"diameter": 33.59821288923125, "atom_1": 77, "atom_2": 419}, "pore_diameter": {"diameter": 8.399933189336712, "atom": 157}, "pore_volume": 310.3316837652679, "pore_diameter_opt": {"diameter": 8.496036410747395, "atom_1": 123, "centre_of_mass": [8.154353992666827, 6.800725599494111, 5.910202276643488]}, "pore_volume_opt": 321.1054799070585, "windows": {"diameters": [2.3732263448383235, 2.3490286299384384, 2.096684473109535, 1.1544582624544542, 1.8974233470273005, 2.2303410925956917], "centre_of_mass": [[7.612068739637786, 9.10921259688464, 11.249099824627649], [11.659617630283467, 4.745108567234846, 10.18347496834225], [2.2757759711933048, 7.719697422584937, 10.506031930909609], [8.337404404174807, 13.24636482211724, 9.544390543714242], [2.9546990443279038, 9.613725158438225, 4.171335532213181], [11.722118170893419, 3.6423691648910768, 2.1836257867345044]]}}