{"no_of_atoms": 30, "centre_of_mass": [11.117207299791179, 20.58795779685519, 14.695711017508787], "maximum_diameter": {"diameter": 11.970221702704755, "atom_1": 2, "atom_2": 27}, "pore_diameter": {"diameter": -3.172667624556963, "atom": 9}, "pore_volume": -16.72138910206252, "pore_diameter_opt": {"diameter": -3.172667624556963, "atom_1": 9, "centre_of_mass": [11.117207299791179, 20.58795779685519, 14.695711017508787]}, "pore_volume_opt": -16.72138910206252, "windows": {"diameters": null, "centre_of_mass": null}}