{"no_of_atoms": 24, "centre_of_mass": [12.059192475100492, 8.094076881224877, 19.370576881224874], "maximum_diameter": {"diameter": 6.931048936813868, "atom_1": 2, "atom_2": 22}, "pore_diameter": {"diameter": -0.7550076356082154, "atom": 16}, "pore_volume": -0.22534745294625352, "pore_diameter_opt": {"diameter": -0.7550076356082154, "atom_1": 16, "centre_of_mass": [12.059192475100492, 8.094076881224877, 19.370576881224874]}, "pore_volume_opt": -0.22534745294625352, "windows": {"diameters": null, "centre_of_mass": null}}