{"no_of_atoms": 24, "centre_of_mass": [0.03635268965870395, 16.515288712650744, 15.707249999999998], "maximum_diameter": {"diameter": 7.061380235138413, "atom_1": 13, "atom_2": 22}, "pore_diameter": {"diameter": -0.9590165630040901, "atom": 2}, "pore_volume": -0.4618244757251431, "pore_diameter_opt": {"diameter": -0.9590165630040901, "atom_1": 2, "centre_of_mass": [0.03635268965870395, 16.515288712650744, 15.707249999999998]}, "pore_volume_opt": -0.4618244757251431, "windows": {"diameters": null, "centre_of_mass": null}}