{"no_of_atoms": 30, "centre_of_mass": [19.74645761302182, -6.408549672491027, 38.982287692088015], "maximum_diameter": {"diameter": 10.655233373009578, "atom_1": 13, "atom_2": 29}, "pore_diameter": {"diameter": -1.5428861683348634, "atom": 4}, "pore_volume": -1.9230929661001643, "pore_diameter_opt": {"diameter": -1.5428861683348634, "atom_1": 4, "centre_of_mass": [19.74645761302182, -6.408549672491027, 38.982287692088015]}, "pore_volume_opt": -1.9230929661001643, "windows": {"diameters": null, "centre_of_mass": null}}