{"no_of_atoms": 30, "centre_of_mass": [11.301821626300667, 1.9476849863463561, 15.251733461243282], "maximum_diameter": {"diameter": 10.273813400953156, "atom_1": 6, "atom_2": 26}, "pore_diameter": {"diameter": -1.526923167996894, "atom": 9}, "pore_volume": -1.8640183200578009, "pore_diameter_opt": {"diameter": -1.526923167996894, "atom_1": 9, "centre_of_mass": [11.301821626300667, 1.9476849863463561, 15.251733461243282]}, "pore_volume_opt": -1.8640183200578009, "windows": {"diameters": null, "centre_of_mass": null}}