{"no_of_atoms": 28, "centre_of_mass": [0.9383427073633803, 16.51060289262695, 22.886838700575225], "maximum_diameter": {"diameter": 9.826609978792169, "atom_1": 20, "atom_2": 22}, "pore_diameter": {"diameter": -0.8153525990971673, "atom": 5}, "pore_volume": -0.28381477607965416, "pore_diameter_opt": {"diameter": -0.8153525990971673, "atom_1": 5, "centre_of_mass": [0.9383427073633803, 16.51060289262695, 22.886838700575225]}, "pore_volume_opt": -0.28381477607965416, "windows": {"diameters": null, "centre_of_mass": null}}