{"no_of_atoms": 28, "centre_of_mass": [13.146310461586834, 18.464339567768658, 0.2369615420279828], "maximum_diameter": {"diameter": 9.827970887342559, "atom_1": 9, "atom_2": 25}, "pore_diameter": {"diameter": -0.8169751797008047, "atom": 5}, "pore_volume": -0.2855125546666184, "pore_diameter_opt": {"diameter": -0.8169751797008047, "atom_1": 5, "centre_of_mass": [13.146310461586834, 18.464339567768658, 0.2369615420279828]}, "pore_volume_opt": -0.2855125546666184, "windows": {"diameters": null, "centre_of_mass": null}}