{"no_of_atoms": 28, "centre_of_mass": [23.477594794400176, 1.2193346091366055, 23.361014182982032], "maximum_diameter": {"diameter": 9.827874200361121, "atom_1": 14, "atom_2": 22}, "pore_diameter": {"diameter": -0.8152988291040169, "atom": 7}, "pore_volume": -0.28375862965095294, "pore_diameter_opt": {"diameter": -0.8152988291040169, "atom_1": 7, "centre_of_mass": [23.477594794400176, 1.2193346091366055, 23.361014182982032]}, "pore_volume_opt": -0.28375862965095294, "windows": {"diameters": null, "centre_of_mass": null}}