{"no_of_atoms": 30, "centre_of_mass": [4.669508479537381, 24.138515765050236, 7.2656444930303925], "maximum_diameter": {"diameter": 10.655233373009526, "atom_1": 13, "atom_2": 29}, "pore_diameter": {"diameter": -1.5429262725160273, "atom": 4}, "pore_volume": -1.9232429306438699, "pore_diameter_opt": {"diameter": -1.5429262725160273, "atom_1": 4, "centre_of_mass": [4.669508479537381, 24.138515765050236, 7.2656444930303925]}, "pore_volume_opt": -1.9232429306438699, "windows": {"diameters": null, "centre_of_mass": null}}