{"no_of_atoms": 24, "centre_of_mass": [12.244352689658701, 18.459980643674623, 7.4165962375502446], "maximum_diameter": {"diameter": 7.061380235138413, "atom_1": 11, "atom_2": 23}, "pore_diameter": {"diameter": -0.9602259361426766, "atom": 8}, "pore_volume": -0.4635738388404767, "pore_diameter_opt": {"diameter": -0.9602259361426766, "atom_1": 8, "centre_of_mass": [12.244352689658701, 18.459980643674623, 7.4165962375502446]}, "pore_volume_opt": -0.4635738388404767, "windows": {"diameters": null, "centre_of_mass": null}}