{"no_of_atoms": 424, "centre_of_mass": [0.9691148639658501, -10.869437897238193, 28.572384128231274], "maximum_diameter": {"diameter": 39.74751221467826, "atom_1": 59, "atom_2": 421}, "pore_diameter": {"diameter": 0.5463371411766587, "atom": 141}, "pore_volume": 0.08538484604440934, "pore_diameter_opt": {"diameter": 1.1637194548556038, "atom_1": 141, "centre_of_mass": [1.0678558556673412, -10.663863761528326, 28.845552698819603]}, "pore_volume_opt": 0.8251701453731375, "windows": {"diameters": [1.5033629501168937], "centre_of_mass": [[1.2679313977025326, -11.185548152987362, 29.01670248529423]]}}