{"no_of_atoms": 30, "centre_of_mass": [-3.4732574406550167, 26.59943629370504, 41.536396930446536], "maximum_diameter": {"diameter": 10.959673177801356, "atom_1": 17, "atom_2": 29}, "pore_diameter": {"diameter": -1.5485824876901806, "atom": 9}, "pore_volume": -1.9444718191330885, "pore_diameter_opt": {"diameter": -1.5485824876901806, "atom_1": 9, "centre_of_mass": [-3.4732574406550167, 26.59943629370504, 41.536396930446536]}, "pore_volume_opt": -1.9444718191330885, "windows": {"diameters": null, "centre_of_mass": null}}