{"no_of_atoms": 30, "centre_of_mass": [18.2496539014164, 3.0800672687358337, 3.3308782127828436], "maximum_diameter": {"diameter": 10.959712323652631, "atom_1": 12, "atom_2": 29}, "pore_diameter": {"diameter": -1.5501277706978591, "atom": 9}, "pore_volume": -1.9502986161673428, "pore_diameter_opt": {"diameter": -1.5501277706978591, "atom_1": 9, "centre_of_mass": [18.2496539014164, 3.0800672687358337, 3.3308782127828436]}, "pore_volume_opt": -1.9502986161673428, "windows": {"diameters": null, "centre_of_mass": null}}