{"no_of_atoms": 24, "centre_of_mass": [20.54107688122488, 48.1616930191771, 9.657448927208954], "maximum_diameter": {"diameter": 7.502849424885101, "atom_1": 10, "atom_2": 21}, "pore_diameter": {"diameter": -1.3113505028112544, "atom": 15}, "pore_volume": -1.1807419235823826, "pore_diameter_opt": {"diameter": -1.3113505028112544, "atom_1": 15, "centre_of_mass": [20.54107688122488, 48.1616930191771, 9.657448927208954]}, "pore_volume_opt": -1.1807419235823826, "windows": {"diameters": null, "centre_of_mass": null}}