{"no_of_atoms": 48, "centre_of_mass": [0.6414743135600663, 14.27497688047416, 10.799442279696494], "maximum_diameter": {"diameter": 14.009813360924277, "atom_1": 12, "atom_2": 46}, "pore_diameter": {"diameter": -1.7039766410825643, "atom": 16}, "pore_volume": -2.5905354109094856, "pore_diameter_opt": {"diameter": -1.7039766410825643, "atom_1": 16, "centre_of_mass": [0.6414743135600663, 14.27497688047416, 10.799442279696494]}, "pore_volume_opt": -2.5905354109094856, "windows": {"diameters": null, "centre_of_mass": null}}