{"no_of_atoms": 424, "centre_of_mass": [11.153915130129178, 10.86939014673346, 48.61361526798929], "maximum_diameter": {"diameter": 39.74751221467825, "atom_1": 168, "atom_2": 305}, "pore_diameter": {"diameter": 0.5463458875400637, "atom": 352}, "pore_volume": 0.08538894691249392, "pore_diameter_opt": {"diameter": 1.1612207371695464, "atom_1": 70, "centre_of_mass": [11.063303048905242, 10.666329222935508, 48.340442324219254]}, "pore_volume_opt": 0.8198661783601285, "windows": {"diameters": [2.6532578699072658], "centre_of_mass": [[12.75305870460227, 11.988660617859342, 47.62778371516966]]}}