{"no_of_atoms": 22, "centre_of_mass": [14.776936665962024, 14.839579738002996, 44.867292009037975], "maximum_diameter": {"diameter": 10.079622443382185, "atom_1": 4, "atom_2": 20}, "pore_diameter": {"diameter": -1.5772155093300932, "atom": 10}, "pore_volume": -2.054337241916926, "pore_diameter_opt": {"diameter": -1.5772155093300932, "atom_1": 10, "centre_of_mass": [14.776936665962024, 14.839579738002996, 44.867292009037975]}, "pore_volume_opt": -2.054337241916926, "windows": {"diameters": null, "centre_of_mass": null}}