{"no_of_atoms": 156, "centre_of_mass": [1.5728604379099664, 4.294387470479538, 10.950646856453927], "maximum_diameter": {"diameter": 29.4296070729321, "atom_1": 81, "atom_2": 134}, "pore_diameter": {"diameter": 3.794013043568094, "atom": 8}, "pore_volume": 28.595327918290277, "pore_diameter_opt": {"diameter": 3.794185857187857, "atom_1": 8, "centre_of_mass": [1.5729426994934388, 4.294376936529954, 10.950671392385383]}, "pore_volume_opt": 28.599235564753627, "windows": {"diameters": [3.7517405496637726, 3.7481202578066157], "centre_of_mass": [[1.7814205672747467, 4.494696097517903, 13.303582777282227], [1.5607143352111497, 6.597877785108512, 11.720289265930498]]}}