{"no_of_atoms": 424, "centre_of_mass": [0.9691148639658486, -3.243437011493241, 53.01653661266349], "maximum_diameter": {"diameter": 39.74758657406674, "atom_1": 64, "atom_2": 395}, "pore_diameter": {"diameter": 0.5469372464909101, "atom": 280}, "pore_volume": 0.08566651938851164, "pore_diameter_opt": {"diameter": 1.224587276522887, "atom_1": 280, "centre_of_mass": [1.0964935115897214, -2.969968392602288, 52.83156507883008]}, "pore_volume_opt": 0.9615410962384158, "windows": {"diameters": [1.6577400567858875], "centre_of_mass": [[1.159624059908328, -2.531415461951731, 53.24195433553874]]}}