{"no_of_atoms": 424, "centre_of_mass": [11.153915130129176, 3.2433775568944094, 24.16946561071869], "maximum_diameter": {"diameter": 39.747586574066744, "atom_1": 69, "atom_2": 418}, "pore_diameter": {"diameter": 0.5470334172405233, "atom": 257}, "pore_volume": 0.08571171687046021, "pore_diameter_opt": {"diameter": 1.190785557772199, "atom_1": 257, "centre_of_mass": [11.072974020243551, 3.0091349132336336, 24.386313369249606]}, "pore_volume_opt": 0.884095741240497, "windows": {"diameters": [1.7824618073377487], "centre_of_mass": [[11.028000652953839, 2.4293184866748567, 23.839124895263378]]}}