{"no_of_atoms": 424, "centre_of_mass": [0.1028117774562458, 24.049880665193125, 30.2949497687971], "maximum_diameter": {"diameter": 28.62084985396649, "atom_1": 304, "atom_2": 327}, "pore_diameter": {"diameter": 1.702895265283313, "atom": 98}, "pore_volume": 2.5856065319138977, "pore_diameter_opt": {"diameter": 1.9414739560223153, "atom_1": 98, "centre_of_mass": [-0.17254286050938056, 24.161200126556437, 30.345683060087197]}, "pore_volume_opt": 3.8317161502661086, "windows": {"diameters": [1.7862372701104356], "centre_of_mass": [[0.5677900460942598, 24.165039684812285, 30.35445800820844]]}}