{"no_of_atoms": 24, "centre_of_mass": [3.70492957088358, 18.6833069808229, 28.935551072791043], "maximum_diameter": {"diameter": 7.502849424885143, "atom_1": 13, "atom_2": 21}, "pore_diameter": {"diameter": -1.3113402107673555, "atom": 7}, "pore_volume": -1.1807141228861335, "pore_diameter_opt": {"diameter": -1.3113402107673555, "atom_1": 7, "centre_of_mass": [3.70492957088358, 18.6833069808229, 28.935551072791043]}, "pore_volume_opt": -1.1807141228861335, "windows": {"diameters": null, "centre_of_mass": null}}