{"no_of_atoms": 22, "centre_of_mass": [7.388328406383813, 0.00022129496546004408, 22.4335795689085], "maximum_diameter": {"diameter": 10.078567223189829, "atom_1": 10, "atom_2": 20}, "pore_diameter": {"diameter": -1.577733711900903, "atom": 4}, "pore_volume": -2.056362797663517, "pore_diameter_opt": {"diameter": -1.577733711900903, "atom_1": 4, "centre_of_mass": [7.388328406383813, 0.00022129496546004408, 22.4335795689085]}, "pore_volume_opt": -2.056362797663517, "windows": {"diameters": null, "centre_of_mass": null}}