{"no_of_atoms": 50, "centre_of_mass": [0.9739289702541624, 3.0477095437902544, 10.657234633455376], "maximum_diameter": {"diameter": 12.180690071634261, "atom_1": 43, "atom_2": 49}, "pore_diameter": {"diameter": -1.426956047908587, "atom": 5}, "pore_volume": -1.5213544591978536, "pore_diameter_opt": {"diameter": -1.426956047908587, "atom_1": 5, "centre_of_mass": [0.9739289702541624, 3.0477095437902544, 10.657234633455376]}, "pore_volume_opt": -1.5213544591978536, "windows": {"diameters": null, "centre_of_mass": null}}