{"no_of_atoms": 192, "centre_of_mass": [-1.6818063561381873, 4.47896958078999, 9.804673907834335], "maximum_diameter": {"diameter": 25.722814041656108, "atom_1": 189, "atom_2": 190}, "pore_diameter": {"diameter": 1.4380122364831514, "atom": 56}, "pore_volume": 1.5569919498425382, "pore_diameter_opt": {"diameter": 1.4380749505970072, "atom_1": 8, "centre_of_mass": [-1.681804988716671, 4.478945406503808, 9.804649736853134]}, "pore_volume_opt": 1.5571956677800018, "windows": {"diameters": [0.6485469269228212, 0.647493343465102], "centre_of_mass": [[-0.3434566184235619, 5.4906861878972535, 9.891086260210395], [-3.017941823109399, 3.4688610403302214, 9.718640346160786]]}}