{"no_of_atoms": 24, "centre_of_mass": [-0.33712293152932676, -3.9908178422455434, 13.282890747164569], "maximum_diameter": {"diameter": 7.8922622288517505, "atom_1": 19, "atom_2": 21}, "pore_diameter": {"diameter": -1.275221856923793, "atom": 5}, "pore_volume": -1.085815071923946, "pore_diameter_opt": {"diameter": -1.275221856923793, "atom_1": 5, "centre_of_mass": [-0.33712293152932676, -3.9908178422455434, 13.282890747164569]}, "pore_volume_opt": -1.085815071923946, "windows": {"diameters": null, "centre_of_mass": null}}