{"no_of_atoms": 186, "centre_of_mass": [6.188666314252798, 4.563787604918964, 7.580930672964429], "maximum_diameter": {"diameter": 21.766655147142533, "atom_1": 73, "atom_2": 130}, "pore_diameter": {"diameter": 4.346492732620611, "atom": 0}, "pore_volume": 42.99475670675526, "pore_diameter_opt": {"diameter": 4.347144096479342, "atom_1": 180, "centre_of_mass": [6.188543618972639, 4.563486256009726, 7.580916204258636]}, "pore_volume_opt": 43.01408914057282, "windows": {"diameters": [2.4516724759699593, 2.26272444586521, 2.113331944173507, 2.2354596632228683, 2.341065501877042, 2.0756270690064467, 2.302718374010487, 2.455780915103166], "centre_of_mass": [[4.503001588701395, 3.2148518965869046, 11.273633509118564], [7.089531009399319, 6.111253378047763, 9.559729596083466], [7.113930696789928, 1.944005608368228, 8.21339344368016], [2.956559093896517, 4.80011906897954, 7.8513167234560175], [8.905440536304475, 4.371325409588461, 7.28263064623481], [5.138736860676577, 7.595479079338965, 7.086199588948759], [5.149999878119401, 2.8141157180609104, 5.3604412930980265], [7.881461136495697, 5.919561426567887, 3.867223270482495]]}}