{"no_of_atoms": 680, "centre_of_mass": [22.4482955712916, 22.569427783262448, 19.795372727687834], "maximum_diameter": {"diameter": 33.497823854795534, "atom_1": 340, "atom_2": 531}, "pore_diameter": {"diameter": 7.369553764867222, "atom": 377}, "pore_volume": 209.5666625762257, "pore_diameter_opt": {"diameter": 7.369579426443568, "atom_1": 377, "centre_of_mass": [22.448302343265798, 22.56941756465216, 19.79536893961529]}, "pore_volume_opt": 209.56885178461297, "windows": {"diameters": [3.4039454935950535, 3.9695654292020213, 3.940557535139057, 3.950566786827434, 3.490889927202962, 3.410488832561471], "centre_of_mass": [[22.758196322327404, 24.85851464894248, 24.760425271467312], [16.530494879844532, 19.78530137126913, 22.2766410833827], [24.33636146280032, 19.391184902529265, 21.397142226847524], [20.57810077814591, 25.724298521849484, 18.20633023879584], [26.628749319991368, 24.091776819982357, 18.349806422954188], [22.136544501057486, 20.273384364092184, 14.808372359371944]]}}