{"no_of_atoms": 28, "centre_of_mass": [24.46570804896396, 10.621208472953562, 20.469421172126104], "maximum_diameter": {"diameter": 8.1168129308246, "atom_1": 13, "atom_2": 21}, "pore_diameter": {"diameter": -2.796633736292506, "atom": 2}, "pore_volume": -11.452634458531053, "pore_diameter_opt": {"diameter": -2.796633736292506, "atom_1": 2, "centre_of_mass": [24.46570804896396, 10.621208472953562, 20.469421172126104]}, "pore_volume_opt": -11.452634458531053, "windows": {"diameters": null, "centre_of_mass": null}}