{"no_of_atoms": 24, "centre_of_mass": [23.546362768815314, 24.107400427572816, 20.341255446630758], "maximum_diameter": {"diameter": 8.997547506251784, "atom_1": 2, "atom_2": 21}, "pore_diameter": {"diameter": -2.520711947654241, "atom": 8}, "pore_volume": -8.386259210831094, "pore_diameter_opt": {"diameter": -2.520711947654241, "atom_1": 8, "centre_of_mass": [23.546362768815314, 24.107400427572816, 20.341255446630758]}, "pore_volume_opt": -8.386259210831094, "windows": {"diameters": null, "centre_of_mass": null}}