{"no_of_atoms": 31, "centre_of_mass": [-0.5706461537299464, 0.36374197567625755, 9.05759598020679], "maximum_diameter": {"diameter": 15.740429483057298, "atom_1": 0, "atom_2": 28}, "pore_diameter": {"diameter": -1.790629888829713, "atom": 12}, "pore_volume": -3.0061878169949847, "pore_diameter_opt": {"diameter": -1.790629888829713, "atom_1": 12, "centre_of_mass": [-0.5706461537299464, 0.36374197567625755, 9.05759598020679]}, "pore_volume_opt": -3.0061878169949847, "windows": {"diameters": null, "centre_of_mass": null}}