{"no_of_atoms": 172, "centre_of_mass": [19.223466761563536, 13.520376968728284, 16.51662431835119], "maximum_diameter": {"diameter": 18.86769157588474, "atom_1": 140, "atom_2": 144}, "pore_diameter": {"diameter": 1.5522864618075576, "atom": 22}, "pore_volume": 1.9584578621612105, "pore_diameter_opt": {"diameter": 1.6236514688860546, "atom_1": 21, "centre_of_mass": [19.296762678602654, 13.549477745747756, 16.568191383072985]}, "pore_volume_opt": 2.241181617233694, "windows": {"diameters": [1.7139328542338963, 1.6846707956973614], "centre_of_mass": [[18.89294576508256, 13.247813562489284, 16.98266014299886], [18.73830056497024, 14.555518321977996, 14.284532327986028]]}}