{"no_of_atoms": 68, "centre_of_mass": [14.595581610020224, 5.353490205655945, 9.727070188042271], "maximum_diameter": {"diameter": 25.126459651770233, "atom_1": 14, "atom_2": 67}, "pore_diameter": {"diameter": 6.8524945399252815, "atom": 59}, "pore_volume": 168.478589056324, "pore_diameter_opt": {"diameter": 6.852535005773483, "atom_1": 59, "centre_of_mass": [14.595570595605182, 5.353504605508902, 9.72707917125521]}, "pore_volume_opt": 168.48157380993317, "windows": {"diameters": [6.9061094772945335, 6.895902745753595], "centre_of_mass": [[14.170411589628621, 5.19170870576152, 9.465156576770324], [14.337106029966797, 5.4005718000070875, 9.33471918501449]]}}