{"no_of_atoms": 236, "centre_of_mass": [16.055142246434528, 9.241412308602829, 8.017371232557226], "maximum_diameter": {"diameter": 28.86808190277282, "atom_1": 209, "atom_2": 234}, "pore_diameter": {"diameter": 1.3972329027993093, "atom": 2}, "pore_volume": 1.4282526369972757, "pore_diameter_opt": {"diameter": 1.3972531899067673, "atom_1": 2, "centre_of_mass": [16.055146322408138, 9.241405559670628, 8.01737795820419]}, "pore_volume_opt": 1.4283148503949954, "windows": {"diameters": [1.6901848174279421, 1.663734958685088], "centre_of_mass": [[16.856401534720014, 9.527167382243308, 8.033220055357836], [15.28831209169755, 8.978603070917208, 8.011316764969594]]}}