{"no_of_atoms": 313, "centre_of_mass": [12.89360646614275, 12.893606466142751, 12.893606466142746], "maximum_diameter": {"diameter": 25.258523869606567, "atom_1": 162, "atom_2": 297}, "pore_diameter": {"diameter": 5.05827050132298, "atom": 22}, "pore_volume": 67.7648955945473, "pore_diameter_opt": {"diameter": 5.340200179274959, "atom_1": 15, "centre_of_mass": [12.78936337196352, 12.789359247117803, 12.789365358215726]}, "pore_volume_opt": 79.73908233690264, "windows": {"diameters": [2.0876361499003075, 2.038502143759876, 2.0651927042990974, 2.037013738568818], "centre_of_mass": [[14.641636073365696, 14.641596246150623, 14.641647639225926], [10.451025590257482, 11.163546501767367, 14.782645882961818], [14.87625194817661, 10.34815951690388, 11.071579042945801], [11.176304964015548, 14.769742365155057, 10.465370194106944]]}}