{"no_of_atoms": 313, "centre_of_mass": [21.74639353385724, 21.746393533857244, 21.74639353385727], "maximum_diameter": {"diameter": 25.25852386960657, "atom_1": 80, "atom_2": 303}, "pore_diameter": {"diameter": 5.05827050132301, "atom": 21}, "pore_volume": 67.7648955945485, "pore_diameter_opt": {"diameter": 5.2615409003867875, "atom_1": 14, "centre_of_mass": [21.818958413063093, 21.818958413063097, 21.818958413063122]}, "pore_volume_opt": 76.26714240862006, "windows": {"diameters": [2.035490509436444, 2.043860868662796, 2.085843943641184, 2.0365815844307673], "centre_of_mass": [[23.44409214766944, 19.890190082194504, 24.15266283830919], [19.98129184106247, 24.05237395222746, 23.354516690111197], [20.01034779706762, 20.010357859190123, 20.010314037524076], [24.16998009028753, 23.45953513244462, 19.87446691967873]]}}