{"no_of_atoms": 313, "centre_of_mass": [30.213606466142746, 4.426393533857245, 21.746393533857255], "maximum_diameter": {"diameter": 25.25852386960657, "atom_1": 238, "atom_2": 279}, "pore_diameter": {"diameter": 5.058270501322886, "atom": 283}, "pore_volume": 67.7648955945435, "pore_diameter_opt": {"diameter": 5.339670589141427, "atom_1": 44, "centre_of_mass": [30.10920499040807, 4.530861867567777, 21.850828202521445]}, "pore_volume_opt": 79.71536140391656, "windows": {"diameters": [2.072414040181368, 2.08313127435065, 2.0890307185759336, 2.0410641755008254], "centre_of_mass": [[28.375526139802307, 2.427535680284312, 24.309669305222272], [32.23391081216295, 7.013228890437256, 23.60535894137781], [31.969391424283156, 2.67063681282665, 19.99059233484566], [27.892696275256867, 6.0478246450763296, 19.967833855564944]]}}