{"no_of_atoms": 232, "centre_of_mass": [-2.6715184548869533, 8.820745517045859, 20.124988173033767], "maximum_diameter": {"diameter": 35.134240184942314, "atom_1": 96, "atom_2": 165}, "pore_diameter": {"diameter": 5.396668673192773, "atom": 137}, "pore_volume": 82.29546222060218, "pore_diameter_opt": {"diameter": 5.397068321297654, "atom_1": 67, "centre_of_mass": [-2.671343522639205, 8.820714337897963, 20.124896760111213]}, "pore_volume_opt": 82.31374664558747, "windows": {"diameters": [5.538336582832089, 5.5206987012902164], "centre_of_mass": [[-2.33018836415186, 9.358827715465248, 20.594198212222164], [-2.9762379291448693, 8.27595142856339, 19.727268255292874]]}}