{"no_of_atoms": 165, "centre_of_mass": [15.87752081908774, 1.7186167719760579, 8.35114511413239], "maximum_diameter": {"diameter": 24.24648884104947, "atom_1": 76, "atom_2": 138}, "pore_diameter": {"diameter": 4.263828620134239, "atom": 115}, "pore_volume": 40.588017921364, "pore_diameter_opt": {"diameter": 4.7892312243474, "atom_1": 122, "centre_of_mass": [16.291673782389765, 1.9715341307875882, 7.896078244999321]}, "pore_volume_opt": 57.51697515748676, "windows": {"diameters": [4.736480692642331, 4.415545694996975, 4.175383755791067], "centre_of_mass": [[15.840916573917339, 3.582284172088756, 9.533520748400443], [16.86518159602815, 4.957928006694135, 6.070026449000681], [17.718893247115457, 1.9071194290200992, 5.333681745726762]]}}