{"no_of_atoms": 1014, "centre_of_mass": [-1.3311007289112524e-05, 18.661119915451867, 52.336693924804656], "maximum_diameter": {"diameter": 44.28294009923771, "atom_1": 603, "atom_2": 995}, "pore_diameter": {"diameter": 5.495870194506646, "atom": 526}, "pore_volume": 86.91765933063967, "pore_diameter_opt": {"diameter": 5.496229772605287, "atom_1": 526, "centre_of_mass": [-1.6521822435524367e-05, 18.661002416506488, 52.33654586474213]}, "pore_volume_opt": 86.93472072244076, "windows": {"diameters": [4.655069318388316, 4.0757293075696, 4.079797832492788, 4.078870101588701, 4.073777094249602, 4.073393416051531, 4.079814673990833, 3.5410661355517217], "centre_of_mass": [[-0.00048677871578031365, 18.660746285164404, 70.68473748033222], [-0.8481546507952464, 16.455822240555108, 53.04972201720867], [-1.5184479211182689, 20.538726555948106, 53.06536437452506], [2.374671006659221, 19.035480277838698, 53.06217988466679], [1.4631426178766123, 16.851726798003604, 51.634148434795044], [-2.286618029199852, 18.300444892746047, 51.6377504046899], [0.8667163943373245, 20.914456491443538, 51.60772306195441], [2.0190176695874005e-07, 18.661093606408272, 49.46382668187603]]}}