{"no_of_atoms": 386, "centre_of_mass": [21.05131279675205, 2.4131640235867873, 24.04525100115764], "maximum_diameter": {"diameter": 29.757079251770016, "atom_1": 3, "atom_2": 381}, "pore_diameter": {"diameter": 5.729433092607209, "atom": 288}, "pore_volume": 98.47672087623218, "pore_diameter_opt": {"diameter": 6.986453621841324, "atom_1": 47, "centre_of_mass": [20.985760100352355, 2.342027982522452, 23.423842014214838]}, "pore_volume_opt": 178.55374501288222, "windows": {"diameters": [2.5525422930294845, 2.372474102144414], "centre_of_mass": [[22.194875611980645, 4.753407700238644, 17.059751718695505], [20.269115565807763, 0.06878575455195524, 16.977415121303178]]}}