{"no_of_atoms": 64, "centre_of_mass": [8.6389917500384, 16.377607655157846, 23.80225341088025], "maximum_diameter": {"diameter": 11.193273766812542, "atom_1": 34, "atom_2": 59}, "pore_diameter": {"diameter": -1.9573565180769743, "atom": 14}, "pore_volume": -3.9265255840191844, "pore_diameter_opt": {"diameter": -1.9573565180769743, "atom_1": 14, "centre_of_mass": [8.6389917500384, 16.377607655157846, 23.80225341088025]}, "pore_volume_opt": -3.9265255840191844, "windows": {"diameters": null, "centre_of_mass": null}}