{"no_of_atoms": 38, "centre_of_mass": [14.614799659520502, 6.184684599893412, 1.4809302392287813], "maximum_diameter": {"diameter": 11.635376133728107, "atom_1": 33, "atom_2": 36}, "pore_diameter": {"diameter": -2.034427553082385, "atom": 8}, "pore_volume": -4.408849859008278, "pore_diameter_opt": {"diameter": -2.034427553082385, "atom_1": 8, "centre_of_mass": [14.614799659520502, 6.184684599893412, 1.4809302392287813]}, "pore_volume_opt": -4.408849859008278, "windows": {"diameters": null, "centre_of_mass": null}}