{"no_of_atoms": 76, "centre_of_mass": [4.635084544304736, 7.07742776495617, 5.336184614191909], "maximum_diameter": {"diameter": 12.179333277774074, "atom_1": 69, "atom_2": 72}, "pore_diameter": {"diameter": -2.0448106195763485, "atom": 1}, "pore_volume": -4.476699036134307, "pore_diameter_opt": {"diameter": -2.0448106195763485, "atom_1": 1, "centre_of_mass": [4.635084544304736, 7.07742776495617, 5.336184614191909]}, "pore_volume_opt": -4.476699036134307, "windows": {"diameters": null, "centre_of_mass": null}}