{"no_of_atoms": 57, "centre_of_mass": [11.692075530231685, 19.184492450308117, 18.272768083013535], "maximum_diameter": {"diameter": 13.747349999027424, "atom_1": 51, "atom_2": 56}, "pore_diameter": {"diameter": -2.4706089271420706, "atom": 13}, "pore_volume": -7.896063664771161, "pore_diameter_opt": {"diameter": -2.4706089271420706, "atom_1": 13, "centre_of_mass": [11.692075530231685, 19.184492450308117, 18.272768083013535]}, "pore_volume_opt": -7.896063664771161, "windows": {"diameters": null, "centre_of_mass": null}}