{"no_of_atoms": 38, "centre_of_mass": [13.63705937851793, 10.556959507221444, 16.961044968575013], "maximum_diameter": {"diameter": 11.82681330309744, "atom_1": 32, "atom_2": 37}, "pore_diameter": {"diameter": -2.2112961261139654, "atom": 8}, "pore_volume": -5.6616020206460185, "pore_diameter_opt": {"diameter": -2.2112961261139654, "atom_1": 8, "centre_of_mass": [13.63705937851793, 10.556959507221444, 16.961044968575013]}, "pore_volume_opt": -5.6616020206460185, "windows": {"diameters": null, "centre_of_mass": null}}