{"no_of_atoms": 45, "centre_of_mass": [9.559017952450269, 7.859758372332047, 12.7191439404611], "maximum_diameter": {"diameter": 11.953619851416361, "atom_1": 8, "atom_2": 39}, "pore_diameter": {"diameter": -3.6102054382813797, "atom": 6}, "pore_volume": -24.637371408669345, "pore_diameter_opt": {"diameter": -3.6102054382813797, "atom_1": 6, "centre_of_mass": [9.559017952450269, 7.859758372332047, 12.7191439404611]}, "pore_volume_opt": -24.637371408669345, "windows": {"diameters": null, "centre_of_mass": null}}