{"no_of_atoms": 136, "centre_of_mass": [12.976104364714839, 19.03622484420991, 0.37729565910233487], "maximum_diameter": {"diameter": 25.873505814283583, "atom_1": 62, "atom_2": 129}, "pore_diameter": {"diameter": 7.561037056322188, "atom": 23}, "pore_volume": 226.33031188680314, "pore_diameter_opt": {"diameter": 7.6528382959567205, "atom_1": 23, "centre_of_mass": [12.990586670675139, 19.03312247569138, 0.3336285751745038]}, "pore_volume_opt": 234.6746791337561, "windows": {"diameters": [7.580826712622521, 7.882327736657932], "centre_of_mass": [[13.838095602537257, 19.214163578675855, 0.758795383636916], [12.638005819699154, 19.238056287870403, 0.06127178725065707]]}}