{"no_of_atoms": 57, "centre_of_mass": [10.579653316643187, 15.10372961946549, 5.006857090708564], "maximum_diameter": {"diameter": 13.526249345092541, "atom_1": 44, "atom_2": 45}, "pore_diameter": {"diameter": -2.8514742452115764, "atom": 13}, "pore_volume": -12.139672827383913, "pore_diameter_opt": {"diameter": -2.8514742452115764, "atom_1": 13, "centre_of_mass": [10.579653316643187, 15.10372961946549, 5.006857090708564]}, "pore_volume_opt": -12.139672827383913, "windows": {"diameters": null, "centre_of_mass": null}}