{"no_of_atoms": 136, "centre_of_mass": [9.610519515063539, 17.982031284381062, 5.037974249475174], "maximum_diameter": {"diameter": 25.631019039955124, "atom_1": 48, "atom_2": 132}, "pore_diameter": {"diameter": 8.32857828155541, "atom": 86}, "pore_volume": 302.4901509229742, "pore_diameter_opt": {"diameter": 8.729648831527006, "atom_1": 86, "centre_of_mass": [9.691876138227373, 17.68627295857404, 5.0665947823832]}, "pore_volume_opt": 348.32844679666744, "windows": {"diameters": [8.655384159919233, 8.642484135935877], "centre_of_mass": [[8.786638463176356, 18.110744741048478, 5.6949352960718], [10.586862120644431, 17.642375037081045, 3.8599462772009376]]}}