{"no_of_atoms": 38, "centre_of_mass": [11.23518489210196, 4.82450293235711, 8.488707096676487], "maximum_diameter": {"diameter": 11.848454321353424, "atom_1": 31, "atom_2": 37}, "pore_diameter": {"diameter": -2.221365378232788, "atom": 1}, "pore_volume": -5.739295931690636, "pore_diameter_opt": {"diameter": -2.221365378232788, "atom_1": 1, "centre_of_mass": [11.23518489210196, 4.82450293235711, 8.488707096676487]}, "pore_volume_opt": -5.739295931690636, "windows": {"diameters": null, "centre_of_mass": null}}