{"no_of_atoms": 136, "centre_of_mass": [10.308412248382128, 10.317725367717129, 20.00242241877155], "maximum_diameter": {"diameter": 26.059703969249107, "atom_1": 35, "atom_2": 134}, "pore_diameter": {"diameter": 8.525564855497645, "atom": 0}, "pore_volume": 324.4651893544813, "pore_diameter_opt": {"diameter": 8.932434065425195, "atom_1": 58, "centre_of_mass": [10.082352880858245, 10.220128261145687, 20.18004754333922]}, "pore_volume_opt": 373.17116620369706, "windows": {"diameters": [8.826582750693277, 8.646027510690608], "centre_of_mass": [[9.250303882237606, 9.757735026091936, 20.112827004252157], [11.061143174678527, 11.28618901446837, 19.946170547491437]]}}