{"no_of_atoms": 58, "centre_of_mass": [22.47032900041732, 13.078325892283413, 20.26730848222039], "maximum_diameter": {"diameter": 11.881073445758469, "atom_1": 7, "atom_2": 46}, "pore_diameter": {"diameter": -2.715112692062274, "atom": 11}, "pore_volume": -10.480022185321157, "pore_diameter_opt": {"diameter": -2.715112692062274, "atom_1": 11, "centre_of_mass": [22.47032900041732, 13.078325892283413, 20.26730848222039]}, "pore_volume_opt": -10.480022185321157, "windows": {"diameters": null, "centre_of_mass": null}}