{"no_of_atoms": 38, "centre_of_mass": [5.393482079760573, 18.534087437360245, 6.211759983701553], "maximum_diameter": {"diameter": 11.827057810973129, "atom_1": 30, "atom_2": 37}, "pore_diameter": {"diameter": -2.2122285583393495, "atom": 10}, "pore_volume": -5.668766985705918, "pore_diameter_opt": {"diameter": -2.2122285583393495, "atom_1": 10, "centre_of_mass": [5.393482079760573, 18.534087437360245, 6.211759983701553]}, "pore_volume_opt": -5.668766985705918, "windows": {"diameters": null, "centre_of_mass": null}}