{"no_of_atoms": 56, "centre_of_mass": [15.096468092256195, 19.20889936132491, 20.8135792656274], "maximum_diameter": {"diameter": 12.896211177463796, "atom_1": 6, "atom_2": 49}, "pore_diameter": {"diameter": -2.2772699420477642, "atom": 16}, "pore_volume": -6.183611040938561, "pore_diameter_opt": {"diameter": -2.2772699420477642, "atom_1": 16, "centre_of_mass": [15.096468092256195, 19.20889936132491, 20.8135792656274]}, "pore_volume_opt": -6.183611040938561, "windows": {"diameters": null, "centre_of_mass": null}}