{"no_of_atoms": 45, "centre_of_mass": [1.0019846770280636, 12.890570724619534, 7.776257900173734], "maximum_diameter": {"diameter": 11.954283093915379, "atom_1": 13, "atom_2": 39}, "pore_diameter": {"diameter": -3.611442933054745, "atom": 4}, "pore_volume": -24.662715454199528, "pore_diameter_opt": {"diameter": -3.611442933054745, "atom_1": 4, "centre_of_mass": [1.0019846770280636, 12.890570724619534, 7.776257900173734]}, "pore_volume_opt": -24.662715454199528, "windows": {"diameters": null, "centre_of_mass": null}}