{"no_of_atoms": 36, "centre_of_mass": [12.224949195638592, 13.898816096080733, 10.638047828888158], "maximum_diameter": {"diameter": 13.786104772920156, "atom_1": 4, "atom_2": 33}, "pore_diameter": {"diameter": -2.279725170857306, "atom": 7}, "pore_volume": -6.203633113217495, "pore_diameter_opt": {"diameter": -2.279725170857306, "atom_1": 7, "centre_of_mass": [12.224949195638592, 13.898816096080733, 10.638047828888158]}, "pore_volume_opt": -6.203633113217495, "windows": {"diameters": null, "centre_of_mass": null}}