{"no_of_atoms": 80, "centre_of_mass": [12.10847673130007, 18.49085477557201, 19.16346116792875], "maximum_diameter": {"diameter": 13.579238388320093, "atom_1": 27, "atom_2": 62}, "pore_diameter": {"diameter": -2.2907222167640535, "atom": 22}, "pore_volume": -6.293843010793308, "pore_diameter_opt": {"diameter": -2.2907222167640535, "atom_1": 22, "centre_of_mass": [12.10847673130007, 18.49085477557201, 19.16346116792875]}, "pore_volume_opt": -6.293843010793308, "windows": {"diameters": null, "centre_of_mass": null}}