{"no_of_atoms": 112, "centre_of_mass": [11.7719195151569, 6.462308349075091, 0.25948004671898134], "maximum_diameter": {"diameter": 13.752254736759863, "atom_1": 97, "atom_2": 99}, "pore_diameter": {"diameter": -1.8601783322765626, "atom": 25}, "pore_volume": -3.3702519315713464, "pore_diameter_opt": {"diameter": -1.8601783322765626, "atom_1": 25, "centre_of_mass": [11.7719195151569, 6.462308349075091, 0.25948004671898134]}, "pore_volume_opt": -3.3702519315713464, "windows": {"diameters": null, "centre_of_mass": null}}