{"no_of_atoms": 136, "centre_of_mass": [22.7816511643101, 8.019233138029694, 12.905043631851578], "maximum_diameter": {"diameter": 26.084514174298405, "atom_1": 17, "atom_2": 134}, "pore_diameter": {"diameter": 8.442505879092238, "atom": 58}, "pore_volume": 315.07412404096266, "pore_diameter_opt": {"diameter": 10.791116473634753, "atom_1": 122, "centre_of_mass": [27.00290410385622, 10.192285064291397, 12.59743565570307]}, "pore_volume_opt": 657.9573801130024, "windows": {"diameters": [4.639403336621326e+44, 8.29781931423469], "centre_of_mass": [[1.7827150724335318e+44, -9.087306241711589e+43, -1.1735209640969681e+44], [21.53745198997823, 7.782870349790027, 13.054734851087314]]}}