{"no_of_atoms": 29, "centre_of_mass": [7.670876833902731, 7.233605389428429, 11.448962550381944], "maximum_diameter": {"diameter": 8.894224154733, "atom_1": 5, "atom_2": 26}, "pore_diameter": {"diameter": -3.0975850730767087, "atom": 4}, "pore_volume": -15.562105340939658, "pore_diameter_opt": {"diameter": -3.0975850730767087, "atom_1": 4, "centre_of_mass": [7.670876833902731, 7.233605389428429, 11.448962550381944]}, "pore_volume_opt": -15.562105340939658, "windows": {"diameters": null, "centre_of_mass": null}}