{"no_of_atoms": 69, "centre_of_mass": [22.81507249656974, 7.762658317721609, 12.654084399850715], "maximum_diameter": {"diameter": 14.165079557516501, "atom_1": 55, "atom_2": 67}, "pore_diameter": {"diameter": -1.3113572366825508, "atom": 12}, "pore_volume": -1.1807601132386782, "pore_diameter_opt": {"diameter": -1.3113572366825508, "atom_1": 12, "centre_of_mass": [22.81507249656974, 7.762658317721609, 12.654084399850715]}, "pore_volume_opt": -1.1807601132386782, "windows": {"diameters": null, "centre_of_mass": null}}