{"no_of_atoms": 60, "centre_of_mass": [11.384729978529574, 17.472674343211658, 12.18763523770592], "maximum_diameter": {"diameter": 12.960536257533757, "atom_1": 8, "atom_2": 54}, "pore_diameter": {"diameter": -2.0243339113531453, "atom": 13}, "pore_volume": -4.343552483926618, "pore_diameter_opt": {"diameter": -2.0243339113531453, "atom_1": 13, "centre_of_mass": [11.384729978529574, 17.472674343211658, 12.18763523770592]}, "pore_volume_opt": -4.343552483926618, "windows": {"diameters": null, "centre_of_mass": null}}