{"no_of_atoms": 53, "centre_of_mass": [23.726982516263586, 15.852184610310303, 8.958498867905853], "maximum_diameter": {"diameter": 13.82580643152762, "atom_1": 44, "atom_2": 47}, "pore_diameter": {"diameter": -2.6634181023451187, "atom": 13}, "pore_volume": -9.89274156442945, "pore_diameter_opt": {"diameter": -2.6634181023451187, "atom_1": 13, "centre_of_mass": [23.726982516263586, 15.852184610310303, 8.958498867905853]}, "pore_volume_opt": -9.89274156442945, "windows": {"diameters": null, "centre_of_mass": null}}