{"no_of_atoms": 57, "centre_of_mass": [21.71894074480128, 22.53762823391728, 16.07364603931559], "maximum_diameter": {"diameter": 13.733312329692005, "atom_1": 45, "atom_2": 51}, "pore_diameter": {"diameter": -2.4940228430652955, "atom": 13}, "pore_volume": -8.122690453191671, "pore_diameter_opt": {"diameter": -2.4940228430652955, "atom_1": 13, "centre_of_mass": [21.71894074480128, 22.53762823391728, 16.07364603931559]}, "pore_volume_opt": -8.122690453191671, "windows": {"diameters": null, "centre_of_mass": null}}