{"no_of_atoms": 396, "centre_of_mass": [5.838411684688192, -0.2500604549169182, 14.817930285376296], "maximum_diameter": {"diameter": 32.1359138401752, "atom_1": 134, "atom_2": 385}, "pore_diameter": {"diameter": 5.7967984987067815, "atom": 215}, "pore_volume": 101.99132525394197, "pore_diameter_opt": {"diameter": 6.523099618324942, "atom_1": 86, "centre_of_mass": [5.467412974730847, -0.20162395688927431, 13.996599647947214]}, "pore_volume_opt": 145.33180088923072, "windows": {"diameters": [3.9800787742361865, 3.581947648623809, 3.9297610971768937, 3.5198255984034623], "centre_of_mass": [[2.5247111679766987, 1.6618894047388402, 16.477813820949752], [9.635632641791021, -1.2780423045399492, 16.612538817426454], [4.202264649975319, -3.694434813850457, 11.812978325186066], [7.72240275176734, 3.4845881803986027, 11.283699463696912]]}}