{"no_of_atoms": 388, "centre_of_mass": [0.22784720941425687, 6.697776192127521, 23.990997627917057], "maximum_diameter": {"diameter": 31.78274132576238, "atom_1": 110, "atom_2": 364}, "pore_diameter": {"diameter": 5.644213329438788, "atom": 309}, "pore_volume": 94.14751955982078, "pore_diameter_opt": {"diameter": 6.860532586992562, "atom_1": 323, "centre_of_mass": [0.25180612299136584, 7.135979362960688, 23.45509203286347]}, "pore_volume_opt": 169.07216617399672, "windows": {"diameters": [3.4964603085270247, 4.512537258217073, 3.5426211364622344, 4.098218974564608], "centre_of_mass": [[-2.9454958722042357, 5.516520227805557, 25.878857602115474], [5.199040559862723, 9.094183983500306, 27.137816940224837], [1.7353396047963927, 2.9749963603422422, 21.39045543375729], [-0.9641090521129673, 9.821159287526434, 21.091775653518116]]}}