{"no_of_atoms": 27, "centre_of_mass": [5.687847776303846, -0.40794864204426434, 13.433947964811841], "maximum_diameter": {"diameter": 9.396981779109604, "atom_1": 11, "atom_2": 22}, "pore_diameter": {"diameter": -1.213802923630405, "atom": 10}, "pore_volume": -0.9363606619264487, "pore_diameter_opt": {"diameter": -1.213802923630405, "atom_1": 10, "centre_of_mass": [5.687847776303846, -0.40794864204426434, 13.433947964811841]}, "pore_volume_opt": -0.9363606619264487, "windows": {"diameters": null, "centre_of_mass": null}}