{"no_of_atoms": 816, "centre_of_mass": [14.721605321748969, 32.183649962151016, 14.138813534084107], "maximum_diameter": {"diameter": 38.2226571696343, "atom_1": 453, "atom_2": 798}, "pore_diameter": {"diameter": 2.2640520391260535, "atom": 535}, "pore_volume": 6.0765606496186715, "pore_diameter_opt": {"diameter": 2.264920709203588, "atom_1": 69, "centre_of_mass": [14.721423010484939, 32.183263442365046, 14.138926580182602]}, "pore_volume_opt": 6.083557686577368, "windows": {"diameters": [], "centre_of_mass": []}}