{"no_of_atoms": 616, "centre_of_mass": [10.314775673783, -5.155477021918932, 10.348843684763574], "maximum_diameter": {"diameter": 39.416839564522064, "atom_1": 599, "atom_2": 612}, "pore_diameter": {"diameter": 1.5479615561595312, "atom": 4}, "pore_volume": 1.9421337458008328, "pore_diameter_opt": {"diameter": 1.5480373800472562, "atom_1": 22, "centre_of_mass": [10.314748553867885, -5.155504141860557, 10.348843793562711]}, "pore_volume_opt": 1.942419154719171, "windows": {"diameters": [], "centre_of_mass": []}}