{"no_of_atoms": 424, "centre_of_mass": [22.298910586038392, 3.266967762424153, 2.7611070881439868], "maximum_diameter": {"diameter": 26.270238728580498, "atom_1": 7, "atom_2": 414}, "pore_diameter": {"diameter": 2.8655451653989945, "atom": 192}, "pore_volume": 12.320274844174468, "pore_diameter_opt": {"diameter": 3.3628880587095247, "atom_1": 64, "centre_of_mass": [22.141826970619874, 3.0640280574794887, 2.7944158102300247]}, "pore_volume_opt": 19.912961568658783, "windows": {"diameters": [2.541354690751868, 2.5145687783100388], "centre_of_mass": [[22.421143298456098, 3.872062004403583, 12.191410144290304], [21.96474876387614, 2.6621097819214645, -7.080214995908372]]}}