{"no_of_atoms": 21, "centre_of_mass": [10.177217298025472, 25.285612316174177, 19.49860190093675], "maximum_diameter": {"diameter": 8.25252657466396, "atom_1": 10, "atom_2": 15}, "pore_diameter": {"diameter": -1.4750908778474119, "atom": 1}, "pore_volume": -1.6805636054728967, "pore_diameter_opt": {"diameter": -1.4750908778474119, "atom_1": 1, "centre_of_mass": [10.177217298025472, 25.285612316174177, 19.49860190093675]}, "pore_volume_opt": -1.6805636054728967, "windows": {"diameters": null, "centre_of_mass": null}}