{"no_of_atoms": 376, "centre_of_mass": [5.775209307880636, 5.775209307880642, 2.7878425703469305], "maximum_diameter": {"diameter": 26.361535207674468, "atom_1": 3, "atom_2": 373}, "pore_diameter": {"diameter": 3.119338933406128, "atom": 56}, "pore_volume": 15.892284085199313, "pore_diameter_opt": {"diameter": 3.1200561122504884, "atom_1": 56, "centre_of_mass": [5.775053459917499, 5.77554379392961, 2.787812443585081]}, "pore_volume_opt": 15.903248168467282, "windows": {"diameters": [2.7820634985972608], "centre_of_mass": [[5.774901710044325, 5.775412497399254, -7.178300965547555]]}}