{"no_of_atoms": 384, "centre_of_mass": [23.4207456028545, 12.844226063837292, 2.6624237098781296], "maximum_diameter": {"diameter": 28.515249095746476, "atom_1": 128, "atom_2": 349}, "pore_diameter": {"diameter": 2.29219059120232, "atom": 230}, "pore_volume": 6.3059540080434955, "pore_diameter_opt": {"diameter": 2.3320774390396077, "atom_1": 65, "centre_of_mass": [23.47380524435965, 12.842598066693895, 2.608953983187407]}, "pore_volume_opt": 6.6409089344474435, "windows": {"diameters": [], "centre_of_mass": []}}