{"no_of_atoms": 23, "centre_of_mass": [10.512821928382056, 5.230651810584958, 13.973100454743772], "maximum_diameter": {"diameter": 7.9049624172415065, "atom_1": 4, "atom_2": 22}, "pore_diameter": {"diameter": -2.3513277450600887, "atom": 7}, "pore_volume": -6.80672378886969, "pore_diameter_opt": {"diameter": -2.3513277450600887, "atom_1": 7, "centre_of_mass": [10.512821928382056, 5.230651810584958, 13.973100454743772]}, "pore_volume_opt": -6.80672378886969, "windows": {"diameters": null, "centre_of_mass": null}}