{"no_of_atoms": 162, "centre_of_mass": [0.00026919500000020834, 10.664999999999997, 0.00015036339613061346], "maximum_diameter": {"diameter": 20.863842290082545, "atom_1": 22, "atom_2": 134}, "pore_diameter": {"diameter": 8.212471388086858, "atom": 108}, "pore_volume": 290.014846412187, "pore_diameter_opt": {"diameter": 8.212471450100082, "atom_1": 108, "centre_of_mass": [0.00026921647645165544, 10.665000022364525, 0.00015036339162792018]}, "pore_volume_opt": 290.0148529819838, "windows": {"diameters": [5.2656084384717285, 5.309225333447207, 1.3408102184333095, 1.3304057539183112], "centre_of_mass": [[3.144563668503506, 7.275885860803243, 0.04885561438157222], [-3.5938616072998886, 14.455832379482706, -0.041970517028220765], [3.3473278748099258, 14.129395667571183, 4.094123411607431], [-3.3631745913619073, 7.169452567870788, -4.109526617517106]]}}