{"no_of_atoms": 32, "centre_of_mass": [0.07758454508014959, 10.977669327757717, 11.647374350567063], "maximum_diameter": {"diameter": 7.239007020949526, "atom_1": 8, "atom_2": 28}, "pore_diameter": {"diameter": -1.869627188344792, "atom": 1}, "pore_volume": -3.4218712686945882, "pore_diameter_opt": {"diameter": -1.869627188344792, "atom_1": 1, "centre_of_mass": [0.07758454508014959, 10.977669327757717, 11.647374350567063]}, "pore_volume_opt": -3.4218712686945882, "windows": {"diameters": null, "centre_of_mass": null}}