{"no_of_atoms": 240, "centre_of_mass": [7.460507986619628, 0.0008974217628015736, 7.697367164456765e-05], "maximum_diameter": {"diameter": 20.581457406336117, "atom_1": 27, "atom_2": 192}, "pore_diameter": {"diameter": 7.750893766420818, "atom": 123}, "pore_volume": 243.81138178102938, "pore_diameter_opt": {"diameter": 7.7510163923441375, "atom_1": 123, "centre_of_mass": [7.460568049452254, 0.0009097397053377012, 7.691287535677109e-05]}, "pore_volume_opt": 243.82295389247213, "windows": {"diameters": [1.1399735709244254, 1.236572078730171, 1.3815415629637542, 1.551457448760177, 1.4821023099665243, 1.305654591454223, 1.2571499353551054, 1.3978200786214634], "centre_of_mass": [[10.877703281057137, -0.17461000151153938, 5.130390231333105], [4.167158983467845, -4.483826063386507, 3.6544312808099444], [10.441631085515983, -5.671719639887812, 1.8685647985587939], [11.896694261458332, 3.566213441048392, 0.5409144266335054], [2.6910229926215585, -3.7144325643308806, -0.7061352498639054], [5.0621888901495, 5.09395826096455, -2.838217228086778], [3.6555181543693673, 0.0800333178571409, -5.554914563013633], [10.025757505173011, -1.881374760011982, -5.6736092920196075]]}}