{"no_of_atoms": 30, "centre_of_mass": [-2.159487449641471, 12.240378200065823, 2.906811331604526], "maximum_diameter": {"diameter": 10.414433063819502, "atom_1": 5, "atom_2": 29}, "pore_diameter": {"diameter": -1.8502075344056441, "atom": 11}, "pore_volume": -3.316346938144446, "pore_diameter_opt": {"diameter": -1.8502075344056441, "atom_1": 11, "centre_of_mass": [-2.159487449641471, 12.240378200065823, 2.906811331604526]}, "pore_volume_opt": -3.316346938144446, "windows": {"diameters": null, "centre_of_mass": null}}