{"no_of_atoms": 394, "centre_of_mass": [7.44764587244539, 13.06641864626789, 6.866477709872728], "maximum_diameter": {"diameter": 53.1088270521202, "atom_1": 383, "atom_2": 387}, "pore_diameter": {"diameter": -0.37919327791499, "atom": 0}, "pore_volume": -0.028548317089169627, "pore_diameter_opt": {"diameter": -0.37919327791499, "atom_1": 0, "centre_of_mass": [7.44764587244539, 13.06641864626789, 6.866477709872728]}, "pore_volume_opt": -0.028548317089169627, "windows": {"diameters": null, "centre_of_mass": null}}