{"no_of_atoms": 144, "centre_of_mass": [-2.5538568340586556, 5.817347892689887, 13.970162228723273], "maximum_diameter": {"diameter": 28.142077651836725, "atom_1": 54, "atom_2": 143}, "pore_diameter": {"diameter": 7.577984842148747, "atom": 63}, "pore_volume": 227.8556589441685, "pore_diameter_opt": {"diameter": 7.5783570528652, "atom_1": 63, "centre_of_mass": [-2.5537680005057544, 5.817475819619312, 13.970264103670955]}, "pore_volume_opt": 227.88923560823886, "windows": {"diameters": [7.697008577043204, 7.68272190496661], "centre_of_mass": [[-1.8579033628353665, 5.4700538927078455, 13.799688160567968], [-2.2441039165529824, 6.095881356413025, 13.350569116517306]]}}