{"no_of_atoms": 107, "centre_of_mass": [12.917160271721484, 7.457742054077042, 5.273267558111738], "maximum_diameter": {"diameter": 22.974664472623957, "atom_1": 95, "atom_2": 104}, "pore_diameter": {"diameter": -4.539190530054579, "atom": 9}, "pore_volume": -48.97042346216309, "pore_diameter_opt": {"diameter": -4.539190530054579, "atom_1": 9, "centre_of_mass": [12.917160271721484, 7.457742054077042, 5.273267558111738]}, "pore_volume_opt": -48.97042346216309, "windows": {"diameters": null, "centre_of_mass": null}}