{"no_of_atoms": 177, "centre_of_mass": [21.932601786723485, 9.685569315934325, 9.685569315934321], "maximum_diameter": {"diameter": 19.386346959038082, "atom_1": 73, "atom_2": 84}, "pore_diameter": {"diameter": 5.059805228814294, "atom": 53}, "pore_volume": 67.82659585721645, "pore_diameter_opt": {"diameter": 7.945125117308067, "atom_1": 159, "centre_of_mass": [23.205854023883017, 8.33560236767471, 8.292315977508453]}, "pore_volume_opt": 262.6037021972113, "windows": {"diameters": [4.829850790930529, 4.745051810360043, 6.524699379029744, 4.845402076124402], "centre_of_mass": [[20.663465541319596, 6.583774062803969, 11.282715896701935], [25.52557278212564, 12.308515257366853, 11.167561260881325], [25.1241928115068, 6.494067535428618, 6.493735536791], [20.374893260597112, 10.946457798063012, 6.603814458819106]]}}