{"no_of_atoms": 234, "centre_of_mass": [0.00012007199223985604, -5.292407600897394, 17.84145262799652], "maximum_diameter": {"diameter": 19.948966457135207, "atom_1": 97, "atom_2": 198}, "pore_diameter": {"diameter": 1.8228512443565417, "atom": 232}, "pore_volume": 3.171409402747522, "pore_diameter_opt": {"diameter": 1.822902225008804, "atom_1": 232, "centre_of_mass": [0.00011897895329649269, -5.292437996983144, 17.84144567316894]}, "pore_volume_opt": 3.1716754996804855, "windows": {"diameters": null, "centre_of_mass": null}}