{"no_of_atoms": 402, "centre_of_mass": [24.667000807645987, 30.232227889878992, 12.376642867904037], "maximum_diameter": {"diameter": 28.64405836177171, "atom_1": 296, "atom_2": 324}, "pore_diameter": {"diameter": 5.447394161444792, "atom": 243}, "pore_volume": 84.63792845821553, "pore_diameter_opt": {"diameter": 5.447472255986937, "atom_1": 243, "centre_of_mass": [24.66699511753383, 30.232245338209207, 12.376608402219148]}, "pore_volume_opt": 84.64156865103101, "windows": {"diameters": [3.6793742346445053, 3.869567462045942, 4.0562715765343595, 4.12949729651805, 4.095885483436021, 4.07187712373228, 3.8712896219054693, 3.700906221012031], "centre_of_mass": [[24.55684880629223, 33.12424238688462, 18.06499768449173], [22.75556907435761, 29.20617480838202, 13.92803720113477], [27.09538932775998, 30.01977584099901, 13.58412332572698], [25.133817469698, 27.41475108597309, 12.668672861534029], [24.245182923520865, 32.83235653687122, 12.116124639961315], [22.14494288020683, 30.45933015789569, 11.120320748375725], [26.60434377185649, 31.271560441913774, 10.801759305242575], [24.77517009660853, 27.249321364013944, 6.514049778005018]]}}