{"no_of_atoms": 408, "centre_of_mass": [3.182056516849609, 12.971343573453094, 0.0001854295611269897], "maximum_diameter": {"diameter": 28.57855269330653, "atom_1": 151, "atom_2": 373}, "pore_diameter": {"diameter": 5.2936624640126935, "atom": 47}, "pore_volume": 77.67251381960726, "pore_diameter_opt": {"diameter": 5.294126825552632, "atom_1": 277, "centre_of_mass": [3.1820433136838586, 12.971234712141134, -1.9224537508298763e-05]}, "pore_volume_opt": 77.69295597607574, "windows": {"diameters": [3.999231617520522, 3.7419286785430503, 3.935701091647144, 3.9721610204069755, 3.9721954177303322, 3.9186981263945233, 3.997371881898987, 3.741263201492497], "centre_of_mass": [[1.881258876289895, 12.286919664401818, 1.9226072977644513], [6.97661163345688, 11.107020534501288, 4.794733800692892], [1.5993555571494118, 15.217703094994876, 0.7117471963943972], [5.0847692322919915, 15.006559322103358, 0.5889169992838262], [1.2806841165056102, 10.937795776403267, -0.5882104446426303], [4.594023240096208, 10.98843659284973, -0.6092806908334117], [4.506290342875204, 13.667047110712016, -1.9632288390471415], [-0.6057572513430127, 14.83246645806577, -4.785433234295144]]}}