{"no_of_atoms": 263, "centre_of_mass": [11.71666927558311, 17.22653084015644, 12.686998789449214], "maximum_diameter": {"diameter": 26.335843909911326, "atom_1": 103, "atom_2": 200}, "pore_diameter": {"diameter": -0.42251327536252736, "atom": 182}, "pore_volume": -0.03949296127651338, "pore_diameter_opt": {"diameter": -0.42251327536252736, "atom_1": 182, "centre_of_mass": [11.71666927558311, 17.22653084015644, 12.686998789449214]}, "pore_volume_opt": -0.03949296127651338, "windows": {"diameters": null, "centre_of_mass": null}}