{"no_of_atoms": 244, "centre_of_mass": [0.7071922935825341, 13.910210172123085, 18.875843154271177], "maximum_diameter": {"diameter": 23.076664072324494, "atom_1": 8, "atom_2": 236}, "pore_diameter": {"diameter": 2.62640267908878, "atom": 44}, "pore_volume": 9.485987772210322, "pore_diameter_opt": {"diameter": 3.555480523724365, "atom_1": 49, "centre_of_mass": [1.405675286100702, 14.022612735603401, 19.48556604738496]}, "pore_volume_opt": 23.533879981484972, "windows": {"diameters": [3.499997409136061, 3.54851789706994], "centre_of_mass": [[1.467806971873423, 13.935702350572733, 20.230966701551846], [1.415738010986863, 13.798120431195596, 18.205193544139426]]}}