{"no_of_atoms": 220, "centre_of_mass": [-1.8003832808289901, 8.414587815320436, 8.028966289424021e-17], "maximum_diameter": {"diameter": 29.159401222254324, "atom_1": 29, "atom_2": 216}, "pore_diameter": {"diameter": 1.873287749378974, "atom": 65}, "pore_volume": 3.4420097905803253, "pore_diameter_opt": {"diameter": 1.8734112342301699, "atom_1": 40, "centre_of_mass": [-1.8003998589442252, 8.41454373391168, -4.4081411533656044e-05]}, "pore_volume_opt": 3.4426905147543163, "windows": {"diameters": [0.7205258311029725, 1.9251628334832849, 1.9680259823269792], "centre_of_mass": [[0.6329545249632558, 6.161407440269818, 3.257490663749517], [-1.6059686477522543, 8.122567623383498, 0.118588065088116], [-2.0206641322944545, 8.828149676319532, -0.17932747052007544]]}}