{"no_of_atoms": 28, "centre_of_mass": [5.808946172158516, 15.538431343052439, 39.221803207738255], "maximum_diameter": {"diameter": 10.59886943030962, "atom_1": 9, "atom_2": 20}, "pore_diameter": {"diameter": -1.7894475152705493, "atom": 8}, "pore_volume": -3.000236686906533, "pore_diameter_opt": {"diameter": -1.7894475152705493, "atom_1": 8, "centre_of_mass": [5.808946172158516, 15.538431343052439, 39.221803207738255]}, "pore_volume_opt": -3.000236686906533, "windows": {"diameters": null, "centre_of_mass": null}}