{"no_of_atoms": 37, "centre_of_mass": [7.622539940146517, 22.336039800481675, 39.55706350375816], "maximum_diameter": {"diameter": 12.02901450718132, "atom_1": 5, "atom_2": 31}, "pore_diameter": {"diameter": -0.5070654304204103, "atom": 13}, "pore_volume": -0.06826382698285853, "pore_diameter_opt": {"diameter": -0.5070654304204103, "atom_1": 13, "centre_of_mass": [7.622539940146517, 22.336039800481675, 39.55706350375816]}, "pore_volume_opt": -0.06826382698285853, "windows": {"diameters": null, "centre_of_mass": null}}