{"no_of_atoms": 29, "centre_of_mass": [-7.324917460760071, 29.419430354249922, 39.41873151358784], "maximum_diameter": {"diameter": 8.121229460625042, "atom_1": 0, "atom_2": 26}, "pore_diameter": {"diameter": -2.974081485826966, "atom": 5}, "pore_volume": -13.773909101515889, "pore_diameter_opt": {"diameter": -2.974081485826966, "atom_1": 5, "centre_of_mass": [-7.324917460760071, 29.419430354249922, 39.41873151358784]}, "pore_volume_opt": -13.773909101515889, "windows": {"diameters": null, "centre_of_mass": null}}