{"no_of_atoms": 29, "centre_of_mass": [8.692917460760071, 29.382104746732896, 0.7095660185430391], "maximum_diameter": {"diameter": 8.12122946062502, "atom_1": 0, "atom_2": 26}, "pore_diameter": {"diameter": -2.974076464496878, "atom": 5}, "pore_volume": -13.773839335545023, "pore_diameter_opt": {"diameter": -2.974076464496878, "atom_1": 5, "centre_of_mass": [8.692917460760071, 29.382104746732896, 0.7095660185430391]}, "pore_volume_opt": -13.773839335545023, "windows": {"diameters": null, "centre_of_mass": null}}