{"no_of_atoms": 470, "centre_of_mass": [21.363483322109637, 13.88465332241345, 31.32812109360449], "maximum_diameter": {"diameter": 37.788555299569246, "atom_1": 142, "atom_2": 469}, "pore_diameter": {"diameter": 1.249297979777101, "atom": 255}, "pore_volume": 1.0209318092280004, "pore_diameter_opt": {"diameter": 1.2495312765178537, "atom_1": 255, "centre_of_mass": [21.36341533671772, 13.884721307373734, 31.32805310358133]}, "pore_volume_opt": 1.0215038694134828, "windows": {"diameters": [1.3201790129118982, 1.2639873951961929, 1.267248681127533, 1.3204486479999278], "centre_of_mass": [[21.97016135635474, 14.699511741727909, 31.897791901876147], [21.795864375826888, 14.280952156987572, 31.422450446916518], [20.917111196369365, 13.477259786769938, 31.230540173760183], [20.748881196862538, 13.078722502079009, 30.780375045470755]]}}