{"no_of_atoms": 48, "centre_of_mass": [3.4128030352968604, 7.890075258730408, 22.78461563385781], "maximum_diameter": {"diameter": 15.2223654006693, "atom_1": 10, "atom_2": 47}, "pore_diameter": {"diameter": -2.1271154468328453, "atom": 17}, "pore_volume": -5.0393184832801285, "pore_diameter_opt": {"diameter": -2.1271154468328453, "atom_1": 17, "centre_of_mass": [3.4128030352968604, 7.890075258730408, 22.78461563385781]}, "pore_volume_opt": -5.0393184832801285, "windows": {"diameters": null, "centre_of_mass": null}}