{"no_of_atoms": 530, "centre_of_mass": [38.33301738418538, 14.75311915841544, 14.753205788221813], "maximum_diameter": {"diameter": 30.52388380233027, "atom_1": 38, "atom_2": 523}, "pore_diameter": {"diameter": 1.987761698435063, "atom": 95}, "pore_volume": 4.112364263710444, "pore_diameter_opt": {"diameter": 1.9880000058666583, "atom_1": 490, "centre_of_mass": [38.33301738418538, 14.752999995250025, 14.75320647527193]}, "pore_volume_opt": 4.11384350208396, "windows": {"diameters": [1.2399145833999037, 1.282143176599662, 5.083976853854766, 1.328668696796003, 1.2860638480892779, 1.2549421851798388, 1.2503792658439346, 1.2043670718035924, 1.307378991042237, 1.209669223252226], "centre_of_mass": [[38.315199629038794, 13.387883279166694, 16.706009644945386], [40.24693267063062, 16.031916128082376, 14.769540900080036], [31.47876057759489, 23.187827280458855, 21.666338793476555], [40.31179894908951, 13.427941106538336, 14.736922947916296], [40.25267072177884, 16.035961705392477, 14.769568605527606], [36.4603151215465, 16.002397003434055, 14.737868776537784], [36.467600172515674, 15.99722625153718, 14.737932501965883], [38.35032849177611, 13.42514209329671, 12.850138614874885], [40.2829000933392, 13.448481912773557, 14.737190352659052], [38.31556312052968, 16.086690909781566, 12.842392027250316]]}}