{"no_of_atoms": 577, "centre_of_mass": [24.622164238126118, 24.561411132048576, 21.713631808868126], "maximum_diameter": {"diameter": 30.437953309944692, "atom_1": 204, "atom_2": 519}, "pore_diameter": {"diameter": 4.7331730919826, "atom": 245}, "pore_volume": 55.52080866032294, "pore_diameter_opt": {"diameter": 6.731089346969487, "atom_1": 354, "centre_of_mass": [23.81373407542672, 24.098673895912622, 22.07450892379799]}, "pore_volume_opt": 159.681531136544, "windows": {"diameters": [3.7467452948023356, 3.7204674167406915, 4.6287428973530265, 3.794840417365808, 3.8394458395409328, 3.6888186474244384, 3.6957792855996288, 3.7104393512507934, 3.776269391027117, 3.756524230806543, 3.6575858794908895, 3.6759692992905824], "centre_of_mass": [[25.076719591938424, 27.394914124643254, 27.314806280973762], [22.06069145378455, 21.495070549150288, 27.61667998852502], [15.607390800056313, 28.85318355912508, 27.741829101743022], [29.732638825958894, 25.547298280499735, 24.763241016145706], [26.496090593459265, 18.85170515154358, 23.840533170753226], [26.7943875533429, 29.465282289740237, 22.82420570014326], [21.646052626534516, 18.39447748794092, 22.50493239551443], [17.973716680249947, 23.84441259202211, 20.159154571107514], [19.728714197347124, 28.725280975309392, 20.86820630674022], [28.764168976846467, 21.882609914178992, 19.219551247322563], [25.19892462205511, 27.77156105559695, 17.391156311383696], [21.93379872040825, 21.285013454007057, 16.79325744351058]]}}