{"no_of_atoms": 530, "centre_of_mass": [46.00046567748047, 29.507392246968536, 29.506382978636857], "maximum_diameter": {"diameter": 30.525847197586476, "atom_1": 35, "atom_2": 520}, "pore_diameter": {"diameter": 1.986766330389138, "atom": 95}, "pore_volume": 4.106189579985318, "pore_diameter_opt": {"diameter": 1.9874838362757523, "atom_1": 95, "centre_of_mass": [46.000465559919256, 29.507392476277094, 29.50674173150991]}, "pore_volume_opt": 4.110639946314627, "windows": {"diameters": [1.2226411113684148, 1.3166885205745449, 1.1481382736734793, 1.243664846663925, 1.3266949481730763, 1.2437942453327637, 1.1976928897645762, 1.3571779675332247, 1.301043569338431, 1.2333666231374525, 1.2963200716744825], "centre_of_mass": [[45.98362690914127, 31.437811522982596, 30.854354984885067], [47.96235231632921, 29.491330449846853, 30.818686197614536], [46.01642929847414, 27.6943311885666, 30.769010826322567], [46.01863376576691, 31.464810193933932, 28.137751057095713], [44.02295708206753, 29.491250666288554, 28.18246231484089], [47.85420953729194, 29.49242206159616, 30.741498088308482], [45.98301157188182, 27.612059715089423, 28.18449637143743], [48.01528397869802, 29.524354015292573, 28.157218173058766], [47.940691259036335, 29.523772963240493, 28.210363116658637], [44.1620746901234, 29.492461104859064, 28.281046306313517], [46.019200711925535, 31.532255081837953, 28.087611972292457]]}}