{"no_of_atoms": 280, "centre_of_mass": [11.195517987938446, 7.220382152412279e-06, 29.613552841622763], "maximum_diameter": {"diameter": 23.51038324330736, "atom_1": 90, "atom_2": 277}, "pore_diameter": {"diameter": 5.089089459464033, "atom": 63}, "pore_volume": 69.01108859343728, "pore_diameter_opt": {"diameter": 5.107249961620209, "atom_1": 63, "centre_of_mass": [11.195380276860728, 0.00032099816882752923, 29.58140641276018]}, "pore_volume_opt": 69.75252988064238, "windows": {"diameters": [3.5253548738090257, 3.5319737216730256, 2.5757728926354777, 2.5846472409248737], "centre_of_mass": [[7.933396911959289, 0.07977634487016214, 32.332665541495054], [14.402899259551223, -0.07670149261117369, 32.29702996826436], [11.265255654615045, 3.6232515393570193, 26.88712249119991], [11.101355652210243, -3.4026374011592813, 27.06766696869357]]}}