{"no_of_atoms": 280, "centre_of_mass": [10.15520324804545, 13.397703567061832, 10.392023794868722], "maximum_diameter": {"diameter": 23.509901312476813, "atom_1": 276, "atom_2": 279}, "pore_diameter": {"diameter": 5.089091476113067, "atom": 60}, "pore_volume": 69.01117063436116, "pore_diameter_opt": {"diameter": 5.1069359214977315, "atom_1": 102, "centre_of_mass": [10.155139338952091, 13.397830588661657, 10.36104661625377]}, "pore_volume_opt": 69.73966361427894, "windows": {"diameters": [3.526016380523511, 3.5316783536840375, 2.5755261391686335, 2.5840550549087147], "centre_of_mass": [[6.893081801469339, 13.47709769882109, 13.111056248576691], [13.361543371839531, 13.321260939554286, 13.075431260875948], [10.22502299056424, 17.02112558604169, 7.664959778391159], [10.061154705068294, 9.99483561434159, 7.845494142407016]]}}