{"no_of_atoms": 382, "centre_of_mass": [-1.1911355959173712e-16, 6.593463776699451, 3.9855000000000045], "maximum_diameter": {"diameter": 28.18764945165172, "atom_1": 12, "atom_2": 374}, "pore_diameter": {"diameter": 8.217562920297665, "atom": 328}, "pore_volume": 290.55458732081576, "pore_diameter_opt": {"diameter": 8.217931036543783, "atom_1": 53, "centre_of_mass": [7.189570052103256e-06, 6.593464352205281, 3.9858765510872174]}, "pore_volume_opt": 290.59363636360393, "windows": {"diameters": [6.480973171832115, 6.477029718562623, 6.534414268522321, 6.491541140595935], "centre_of_mass": [[-3.823466575897363, 7.116157051638538, 6.60301292744869], [3.678761565501598, 6.092100891113451, 6.908160589897614], [0.5694235392804463, 10.737055816044183, 1.151629545136347], [-0.5370712709057011, 2.6712450601950466, 1.3008217271670715]]}}