{"no_of_atoms": 30, "centre_of_mass": [3.054606150745468, 12.779318786698955, 1.7682539011174871], "maximum_diameter": {"diameter": 7.700793316244679, "atom_1": 12, "atom_2": 27}, "pore_diameter": {"diameter": -1.6931427443155642, "atom": 10}, "pore_volume": -2.541436973541446, "pore_diameter_opt": {"diameter": -1.6931427443155642, "atom_1": 10, "centre_of_mass": [3.054606150745468, 12.779318786698955, 1.7682539011174871]}, "pore_volume_opt": -2.541436973541446, "windows": {"diameters": null, "centre_of_mass": null}}