{"no_of_atoms": 66, "centre_of_mass": [-1.9198885039057906e-16, 6.593500000000002, 6.327453486146604], "maximum_diameter": {"diameter": 20.138152561022494, "atom_1": 23, "atom_2": 65}, "pore_diameter": {"diameter": -2.2478849513754495, "atom": 35}, "pore_volume": -5.947313911289091, "pore_diameter_opt": {"diameter": -2.2478849513754495, "atom_1": 35, "centre_of_mass": [-1.9198885039057906e-16, 6.593500000000002, 6.327453486146604]}, "pore_volume_opt": -5.947313911289091, "windows": {"diameters": null, "centre_of_mass": null}}