{"no_of_atoms": 66, "centre_of_mass": [13.187000000000005, 19.780500000000004, 17.5855465138534], "maximum_diameter": {"diameter": 20.13688641244364, "atom_1": 2, "atom_2": 65}, "pore_diameter": {"diameter": -2.2481592621947586, "atom": 24}, "pore_volume": -5.949491440402977, "pore_diameter_opt": {"diameter": -2.2481592621947586, "atom_1": 24, "centre_of_mass": [13.187000000000005, 19.780500000000004, 17.5855465138534]}, "pore_volume_opt": -5.949491440402977, "windows": {"diameters": null, "centre_of_mass": null}}