{"no_of_atoms": 24, "centre_of_mass": [0.5983805373708706, 22.432940984875362, 14.170693395465829], "maximum_diameter": {"diameter": 9.333726534658805, "atom_1": 5, "atom_2": 23}, "pore_diameter": {"diameter": -1.456085705748489, "atom": 14}, "pore_volume": -1.6164394374732223, "pore_diameter_opt": {"diameter": -1.456085705748489, "atom_1": 14, "centre_of_mass": [0.5983805373708706, 22.432940984875362, 14.170693395465829]}, "pore_volume_opt": -1.6164394374732223, "windows": {"diameters": null, "centre_of_mass": null}}