{"no_of_atoms": 382, "centre_of_mass": [-2.872027452085032e-16, 19.447463776699447, 11.851900378094738], "maximum_diameter": {"diameter": 27.99948260519564, "atom_1": 187, "atom_2": 241}, "pore_diameter": {"diameter": 8.179393232236185, "atom": 67}, "pore_volume": 286.5245807752868, "pore_diameter_opt": {"diameter": 8.179946933485796, "atom_1": 76, "centre_of_mass": [-7.178740277759939e-08, 19.44750776097254, 11.85242659771212]}, "pore_volume_opt": 286.5827732672658, "windows": {"diameters": [6.504956381988203, 6.497717671686138, 6.5051234026408995, 6.498595980587034], "centre_of_mass": [[-0.5176538189113808, 15.62146645663976, 14.505635385501881], [0.49483852500377157, 23.12268894650762, 14.400779210623377], [3.8284830212710483, 18.930041544086723, 9.195591194945733], [-3.727284255248496, 19.94966269006501, 9.266179495757138]]}}