{"no_of_atoms": 382, "centre_of_mass": [12.970463776699471, 6.48521644970809, 11.875126995991675], "maximum_diameter": {"diameter": 27.906104057940837, "atom_1": 197, "atom_2": 261}, "pore_diameter": {"diameter": 8.303717252376668, "atom": 79}, "pore_volume": 299.78940518820605, "pore_diameter_opt": {"diameter": 8.304391641275986, "atom_1": 79, "centre_of_mass": [12.970534886489107, 6.485041193654523, 11.875504665831329]}, "pore_volume_opt": 299.86245358122073, "windows": {"diameters": [6.490435618773962, 6.484886202412094, 6.484722002272825, 6.4906045053043755], "centre_of_mass": [[12.548888458239635, 2.7235128340498997, 14.645944631731508], [13.376767639084463, 10.144355961785234, 14.573362197215262], [9.277649236323864, 6.89844520285208, 9.154431885610618], [16.74272827075269, 6.0615773959142025, 9.097755297243932]]}}