{"no_of_atoms": 382, "centre_of_mass": [-1.7228385729020605e-16, 19.455783550291915, 27.708549790189405], "maximum_diameter": {"diameter": 27.905064781259533, "atom_1": 12, "atom_2": 372}, "pore_diameter": {"diameter": 8.30419329252681, "atom": 53}, "pore_volume": 299.8409676285217, "pore_diameter_opt": {"diameter": 8.304428962540618, "atom_1": 53, "centre_of_mass": [1.2167539938699488e-06, 19.455896052464034, 27.70859017717515]}, "pore_volume_opt": 299.86649648891176, "windows": {"diameters": [6.491321406823296, 6.48468727414841, 6.485504985794343, 6.491418456896273], "centre_of_mass": [[-0.4224239529960046, 15.6941219256702, 30.478415681746437], [0.40668451462664335, 23.11527248981906, 30.406493539007684], [-3.6919518158080002, 19.86741216649114, 24.987656451212157], [3.771833298082266, 19.03238796209065, 24.93071221517205]]}}