{"no_of_atoms": 24, "centre_of_mass": [-1.0791901753222813e-16, 6.4851187997415245, 1.9915531809721587], "maximum_diameter": {"diameter": 12.633049881229333, "atom_1": 7, "atom_2": 23}, "pore_diameter": {"diameter": -0.49851896572832866, "atom": 4}, "pore_volume": -0.06486996719180814, "pore_diameter_opt": {"diameter": -0.49851896572832866, "atom_1": 4, "centre_of_mass": [-1.0791901753222813e-16, 6.4851187997415245, 1.9915531809721587]}, "pore_volume_opt": -0.06486996719180814, "windows": {"diameters": null, "centre_of_mass": null}}