{"no_of_atoms": 24, "centre_of_mass": [12.420151740892432, 3.6040590151246414, 29.912693395465837], "maximum_diameter": {"diameter": 9.333726534658796, "atom_1": 6, "atom_2": 23}, "pore_diameter": {"diameter": -1.4552643327522912, "atom": 13}, "pore_volume": -1.6137054962870085, "pore_diameter_opt": {"diameter": -1.4552643327522912, "atom_1": 13, "centre_of_mass": [12.420151740892432, 3.6040590151246414, 29.912693395465837]}, "pore_volume_opt": -1.6137054962870085, "windows": {"diameters": null, "centre_of_mass": null}}