{"no_of_atoms": 24, "centre_of_mass": [10.113346568738109, 20.12616809098434, 6.299693395465833], "maximum_diameter": {"diameter": 9.334163432381134, "atom_1": 4, "atom_2": 23}, "pore_diameter": {"diameter": -1.456318377100494, "atom": 1}, "pore_volume": -1.6172144452536696, "pore_diameter_opt": {"diameter": -1.456318377100494, "atom_1": 1, "centre_of_mass": [10.113346568738109, 20.12616809098434, 6.299693395465833]}, "pore_volume_opt": -1.6172144452536696, "windows": {"diameters": null, "centre_of_mass": null}}