{"no_of_atoms": 24, "centre_of_mass": [25.438619462629124, 16.62251323540477, 14.170693395465833], "maximum_diameter": {"diameter": 9.334163432381152, "atom_1": 6, "atom_2": 23}, "pore_diameter": {"diameter": -1.4558639387228351, "atom": 13}, "pore_volume": -1.615700981548172, "pore_diameter_opt": {"diameter": -1.4558639387228351, "atom_1": 13, "centre_of_mass": [25.438619462629124, 16.62251323540477, 14.170693395465833]}, "pore_volume_opt": -1.615700981548172, "windows": {"diameters": null, "centre_of_mass": null}}