{"no_of_atoms": 382, "centre_of_mass": [3.1289983293768504e-17, 6.5147223614378715, 3.9849229487305102], "maximum_diameter": {"diameter": 28.170331760098794, "atom_1": 226, "atom_2": 262}, "pore_diameter": {"diameter": 8.308026020330693, "atom": 46}, "pore_volume": 300.2563262052382, "pore_diameter_opt": {"diameter": 8.30827682252402, "atom_1": 45, "centre_of_mass": [-1.0266704176686022e-05, 6.515001483934281, 3.9850047399601745]}, "pore_volume_opt": 300.28351938625815, "windows": {"diameters": [6.643183691258983, 6.6403403516027915, 6.635009602042439, 6.653804587573786], "centre_of_mass": [[-3.9097451208327847, 6.958520764613736, 6.786445427958983], [3.8887508325811933, 6.073653976903704, 6.7709241137464335], [-0.4348313414510257, 2.6704069517926166, 1.2315720226155147], [0.4528143998056001, 10.47912986595463, 1.1439565739297106]]}}