{"no_of_atoms": 24, "centre_of_mass": [12.970461325188747, 19.455881200258478, 17.824801793318272], "maximum_diameter": {"diameter": 12.63336355451502, "atom_1": 3, "atom_2": 23}, "pore_diameter": {"diameter": -0.4985762933805633, "atom": 8}, "pore_volume": -0.06489234911211726, "pore_diameter_opt": {"diameter": -0.4985762933805633, "atom_1": 8, "centre_of_mass": [12.970461325188747, 19.455881200258478, 17.824801793318272]}, "pore_volume_opt": -0.06489234911211726, "windows": {"diameters": null, "centre_of_mass": null}}