{"no_of_atoms": 24, "centre_of_mass": [10.113346568738109, 7.107649314177603, 25.184306604534164], "maximum_diameter": {"diameter": 9.334163432381134, "atom_1": 7, "atom_2": 22}, "pore_diameter": {"diameter": -1.4554734016513613, "atom": 2}, "pore_volume": -1.6144010897162153, "pore_diameter_opt": {"diameter": -1.4554734016513613, "atom_1": 2, "centre_of_mass": [10.113346568738109, 7.107649314177603, 25.184306604534164]}, "pore_volume_opt": -1.6144010897162153, "windows": {"diameters": null, "centre_of_mass": null}}