{"no_of_atoms": 24, "centre_of_mass": [2.905255541401958, 18.929350685822396, 9.442306604534169], "maximum_diameter": {"diameter": 9.334163432381125, "atom_1": 18, "atom_2": 22}, "pore_diameter": {"diameter": -1.4552789847140635, "atom": 3}, "pore_volume": -1.6137542383377106, "pore_diameter_opt": {"diameter": -1.4552789847140635, "atom_1": 3, "centre_of_mass": [2.905255541401958, 18.929350685822396, 9.442306604534169]}, "pore_volume_opt": -1.6137542383377106, "windows": {"diameters": null, "centre_of_mass": null}}