{"no_of_atoms": 382, "centre_of_mass": [13.029536223300543, 6.514722361437879, 11.954617333948741], "maximum_diameter": {"diameter": 28.17088382491061, "atom_1": 54, "atom_2": 367}, "pore_diameter": {"diameter": 8.30660464206815, "atom": 214}, "pore_volume": 300.1022445486153, "pore_diameter_opt": {"diameter": 8.306981376587338, "atom_1": 32, "centre_of_mass": [13.029463130155776, 6.514732621302665, 11.95442949234157]}, "pore_volume_opt": 300.1430785622893, "windows": {"diameters": [6.649581006101901, 6.623251477670809, 6.626714218228868, 6.629325174436097], "centre_of_mass": [[12.581089176056533, 2.5704914110024513, 14.780764638180221], [13.435608673407426, 10.172783419938785, 14.572966641733037], [16.781172959082294, 6.094528059945839, 9.268398655786257], [9.237652401837401, 6.940397111274311, 9.238858521370886]]}}