{"no_of_atoms": 28, "centre_of_mass": [12.528399433592714, 10.447850566407283, 12.63830028320364], "maximum_diameter": {"diameter": 9.194592312853006, "atom_1": 1, "atom_2": 15}, "pore_diameter": {"diameter": -1.9344872320685873, "atom": 10}, "pore_volume": -3.790497593632923, "pore_diameter_opt": {"diameter": -1.9344872320685873, "atom_1": 10, "centre_of_mass": [12.528399433592714, 10.447850566407283, 12.63830028320364]}, "pore_volume_opt": -3.790497593632923, "windows": {"diameters": null, "centre_of_mass": null}}