{"no_of_atoms": 24, "centre_of_mass": [26.840974191566183, 20.512089785441788, 7.223769356325372], "maximum_diameter": {"diameter": 7.006892685776261, "atom_1": 6, "atom_2": 23}, "pore_diameter": {"diameter": -0.9334876779857866, "atom": 4}, "pore_volume": -0.42591642770952437, "pore_diameter_opt": {"diameter": -0.9334876779857866, "atom_1": 4, "centre_of_mass": [26.840974191566183, 20.512089785441788, 7.223769356325372]}, "pore_volume_opt": -0.42591642770952437, "windows": {"diameters": null, "centre_of_mass": null}}