{"no_of_atoms": 24, "centre_of_mass": [18.73901290421691, 17.383807524899503, 1.8752629042169136], "maximum_diameter": {"diameter": 6.982829686757579, "atom_1": 7, "atom_2": 22}, "pore_diameter": {"diameter": -0.8745608492857526, "atom": 8}, "pore_volume": -0.35024239789206385, "pore_diameter_opt": {"diameter": -0.8745608492857526, "atom_1": 8, "centre_of_mass": [18.73901290421691, 17.383807524899503, 1.8752629042169136]}, "pore_volume_opt": -0.35024239789206385, "windows": {"diameters": null, "centre_of_mass": null}}