{"no_of_atoms": 24, "centre_of_mass": [21.39436213425507, 1.5765503251207207, 5.1707241915661735], "maximum_diameter": {"diameter": 7.145830846897619, "atom_1": 13, "atom_2": 21}, "pore_diameter": {"diameter": -1.026291474860598, "atom": 2}, "pore_volume": -0.5659926433404155, "pore_diameter_opt": {"diameter": -1.026291474860598, "atom_1": 2, "centre_of_mass": [21.39436213425507, 1.5765503251207207, 5.1707241915661735]}, "pore_volume_opt": -0.5659926433404155, "windows": {"diameters": null, "centre_of_mass": null}}