{"no_of_atoms": 360, "centre_of_mass": [6.996247285641807, 9.45498601455803, 24.398499999999977], "maximum_diameter": {"diameter": 32.796277468039776, "atom_1": 119, "atom_2": 322}, "pore_diameter": {"diameter": 9.226508737063465, "atom": 25}, "pore_volume": 411.25464320449856, "pore_diameter_opt": {"diameter": 9.226575162851006, "atom_1": 324, "centre_of_mass": [6.996251859211585, 9.454982625716827, 24.398532722556073]}, "pore_volume_opt": 411.26352569006514, "windows": {"diameters": [7.002866198660094, 3.7259279668240235, 6.998217137477404, 3.7283489558628298, 4.142734448137489, 4.1269595728084685], "centre_of_mass": [[9.940466245631951, 13.58220121295281, 24.320744209569632], [9.97445389485485, 7.251585610367974, 28.350262276205545], [4.090184648009459, 5.391781414047198, 24.47005972900992], [3.5647723529802366, 11.994397861579282, 28.296492347461555], [12.036080191893749, 5.725868921176856, 19.55819079295589], [3.2929178215160553, 12.194870449419604, 17.956612527442722]]}}