{"no_of_atoms": 356, "centre_of_mass": [24.655999999999974, -0.0004760115864667752, 22.076009490913528], "maximum_diameter": {"diameter": 33.16112917900724, "atom_1": 114, "atom_2": 252}, "pore_diameter": {"diameter": 10.136543537460932, "atom": 0}, "pore_volume": 545.3411786808709, "pore_diameter_opt": {"diameter": 10.136894971059386, "atom_1": 350, "centre_of_mass": [24.655919844026396, -0.000564130717878379, 22.075880311067365]}, "pore_volume_opt": 545.3979015243287, "windows": {"diameters": [5.274670138363232, 7.444934468015086, 7.453457708575664, 5.2780712220837565, 5.301952689210012, 5.309822105397975], "centre_of_mass": [[24.655809923308098, 0.297574300184582, 29.12914859589832], [20.462780341941173, -0.0002884968267178057, 22.07601909702984], [28.972256886238807, -0.0006456825734441214, 22.076163647630963], [24.65603238947334, -7.806782611616827, 22.314584510899127], [24.65603864711479, 7.9240696746314985, 21.846509654720126], [24.65614461980498, -0.22725770943479734, 14.117801064176518]]}}