{"no_of_atoms": 540, "centre_of_mass": [6.940293835763354, 26.281254243088377, 34.421580697621096], "maximum_diameter": {"diameter": 30.477379435129745, "atom_1": 69, "atom_2": 506}, "pore_diameter": {"diameter": 10.992583227287735, "atom": 376}, "pore_volume": 695.5012416273589, "pore_diameter_opt": {"diameter": 10.993051759511781, "atom_1": 376, "centre_of_mass": [6.940523283897466, 26.28127049614826, 34.42153631290483]}, "pore_volume_opt": 695.5901775834179, "windows": {"diameters": [2.506101304407156, 1.8724304325123113, 4.560482794185866e+40, 2.3163113296552003, 2.416610160844464, 1.9406692153390206, 2.8164795291772236, 2.609488762820853, 2.828151507758132, 2.6068206850508697, 6.349122539900877, 2.4183532368849554, 1.938828156989135, 2.164712730843371, 1.9201740468526487], "centre_of_mass": [[3.6946833471599647, 24.919459652311023, 43.244434483097685], [9.247551549931131, 28.47181720280224, 41.00546806422307], [-1.5951509229224787e+40, -1.3420680020976118e+40, -9.240388735662702e+39], [1.674536786601819, 30.060458080458353, 39.46432302585383], [13.474948893910529, 31.03696727034265, 37.58553407334733], [1.4084098042579898, 22.946157655650335, 37.92950798768975], [11.191872692595144, 19.733035040091536, 35.19393981961401], [7.821840985739341, 33.835785827025184, 35.905434720211616], [2.727636031782942, 32.778143868252805, 33.643710483662325], [6.061831308015037, 18.74574216314485, 32.94115154146905], [-3.992819597920004, 31.04097363295793, 31.994986981910802], [0.40359558018023023, 21.639221308923055, 31.148807984978866], [12.484413009241008, 29.624428962463426, 30.913953757199376], [6.013987103910761, 31.84779515254889, 28.266388312292666], [5.5851571118393855, 24.68310242257273, 27.52251662111705]]}}