{"no_of_atoms": 216, "centre_of_mass": [8.612505999021062, 20.45599949654374, 18.054999999999996], "maximum_diameter": {"diameter": 30.96939253955371, "atom_1": 75, "atom_2": 174}, "pore_diameter": {"diameter": 3.854160789692258, "atom": 1}, "pore_volume": 29.976995913027395, "pore_diameter_opt": {"diameter": 3.8541663183424535, "atom_1": 1, "centre_of_mass": [8.612504866104329, 20.45600118009761, 18.055001877135943]}, "pore_volume_opt": 29.977124915866998, "windows": {"diameters": [4.329542695158102, 4.096057190866857], "centre_of_mass": [[6.23221694752934, 20.35301880519008, 16.357431939419882], [8.492901060416852, 22.232565176435898, 17.05497938710197]]}}