{"no_of_atoms": 405, "centre_of_mass": [-4.6905614663318325, 34.082175171526536, 14.081190179199433], "maximum_diameter": {"diameter": 29.06507387008635, "atom_1": 282, "atom_2": 324}, "pore_diameter": {"diameter": 5.894764218710991, "atom": 379}, "pore_volume": 107.25015743278429, "pore_diameter_opt": {"diameter": 6.263733786519463, "atom_1": 379, "centre_of_mass": [-4.529287161962436, 33.971721675091935, 14.073847846529203]}, "pore_volume_opt": 128.6762800087861, "windows": {"diameters": [3.540826229881937, 4.209666999122462, 3.6312548702154044, 3.5672249061628993], "centre_of_mass": [[-4.935395945642428, 34.3441097346932, 17.92890742584195], [-2.7085226972964764, 30.565295800325604, 13.341238297846477], [-2.299115157034532, 37.16642026872844, 12.688224897941355], [-8.750208451804848, 34.39558214317803, 12.391857348434408]]}}