{"no_of_atoms": 404, "centre_of_mass": [25.907462273277055, 0.27968332940981466, 9.541097090616875], "maximum_diameter": {"diameter": 29.220885538134144, "atom_1": 7, "atom_2": 347}, "pore_diameter": {"diameter": 6.1330868831284935, "atom": 366}, "pore_volume": 120.79138850435112, "pore_diameter_opt": {"diameter": 6.2207821119140085, "atom_1": 333, "centre_of_mass": [25.82930229454846, 0.26572566637726447, 9.529200728690506]}, "pore_volume_opt": 126.04731313701981, "windows": {"diameters": [3.6605648670244677, 4.3001906482082095, 3.6385683178480464, 3.3318560513081956], "centre_of_mass": [[29.17039213966931, -0.10898818871409693, 10.97284104264192], [23.96869129903981, 3.346294663835942, 10.029585999735438], [23.6313265097585, -2.83681895394464, 10.839646711615078], [26.257595362545405, 0.21528091028583662, 4.833112507392765]]}}