{"no_of_atoms": 404, "centre_of_mass": [18.27479502382959, 17.277708345270867, 33.29309709061686], "maximum_diameter": {"diameter": 29.221226654869046, "atom_1": 153, "atom_2": 378}, "pore_diameter": {"diameter": 6.133862797433512, "atom": 24}, "pore_volume": 120.83723929326572, "pore_diameter_opt": {"diameter": 6.208411083283499, "atom_1": 252, "centre_of_mass": [18.391069229613713, 17.299616098373146, 33.301386985544234]}, "pore_volume_opt": 125.29681137138022, "windows": {"diameters": [3.6687466031736453, 4.359435956523438, 3.631531227061631, 3.2657315501492037], "centre_of_mass": [[14.52084572177894, 17.681079228281845, 34.90458345832271], [20.70052437885179, 12.71048312850173, 34.48707996214068], [20.32952802262984, 20.106405819346165, 34.4761726943555], [17.923642123039624, 17.353888841535493, 28.942935287771974]]}}