{"no_of_atoms": 186, "centre_of_mass": [22.778025478209585, 23.370311947933235, 2.542668158568681], "maximum_diameter": {"diameter": 26.691705933729295, "atom_1": 91, "atom_2": 140}, "pore_diameter": {"diameter": 5.259379419608104, "atom": 34}, "pore_volume": 76.17318766048993, "pore_diameter_opt": {"diameter": 5.7005621945503755, "atom_1": 155, "centre_of_mass": [22.87119463835331, 23.567033953614185, 2.5042080697469813]}, "pore_volume_opt": 96.99552257529419, "windows": {"diameters": [4.488246093277841, 4.740924253839198], "centre_of_mass": [[21.35098569912508, 24.638183639125057, 4.997243426467955], [23.795375566412677, 22.712396604865088, 0.6573659665539657]]}}