{"no_of_atoms": 171, "centre_of_mass": [8.687197875644813, 9.090928976266703, 3.520979155390944], "maximum_diameter": {"diameter": 26.10810601524907, "atom_1": 58, "atom_2": 148}, "pore_diameter": {"diameter": 4.915688106661079, "atom": 93}, "pore_volume": 62.19444282390789, "pore_diameter_opt": {"diameter": 5.387903607184615, "atom_1": 10, "centre_of_mass": [8.677444979221038, 9.016382138243422, 3.2189733768028748]}, "pore_volume_opt": 81.89512955951871, "windows": {"diameters": [4.387166154177205, 4.516245520127855], "centre_of_mass": [[10.296855338833959, 7.690362042043205, 4.0762545695507555], [6.090243232457094, 10.625739200959083, 2.3552435019451665]]}}