{"no_of_atoms": 86, "centre_of_mass": [8.874760454467456, 5.802386406083489, 8.15749999999696e-05], "maximum_diameter": {"diameter": 20.730156056699776, "atom_1": 59, "atom_2": 76}, "pore_diameter": {"diameter": 2.323738511216909, "atom": 10}, "pore_volume": 6.569924655922713, "pore_diameter_opt": {"diameter": 2.3242208492965175, "atom_1": 10, "centre_of_mass": [8.874926436568915, 5.802272131861878, -5.563179816817981e-05]}, "pore_volume_opt": 6.574016660223384, "windows": {"diameters": [2.380539943370572, 2.3406897486753], "centre_of_mass": [[8.977074883329893, 5.6000006242229, 0.33452787414557056], [8.796108189438678, 5.8757427472432475, -0.18939966465427321]]}}