{"no_of_atoms": 86, "centre_of_mass": [8.660826798562876, 5.684235852287424, 0.000126505659679964], "maximum_diameter": {"diameter": 20.459304379981962, "atom_1": 59, "atom_2": 76}, "pore_diameter": {"diameter": 2.236533051657066, "atom": 66}, "pore_volume": 5.857665719522164, "pore_diameter_opt": {"diameter": 2.2366793361664614, "atom_1": 13, "centre_of_mass": [8.660767548967158, 5.684192425967568, 0.00014062468533554076]}, "pore_volume_opt": 5.858815188522063, "windows": {"diameters": [2.2808082659829134, 2.290671844582369], "centre_of_mass": [[8.79331927727816, 5.466557535093929, 0.22828810063764612], [8.516652678029105, 5.916423091717634, -0.26144939372691406]]}}