{"no_of_atoms": 86, "centre_of_mass": [9.724026169306946, 6.381860019823015, 8.013170578296728], "maximum_diameter": {"diameter": 20.457027274696507, "atom_1": 68, "atom_2": 73}, "pore_diameter": {"diameter": 2.239022321886895, "atom": 61}, "pore_volume": 5.877246312746541, "pore_diameter_opt": {"diameter": 2.239215485744271, "atom_1": 61, "centre_of_mass": [9.724093545426543, 6.38192739594261, 8.013153575839045]}, "pore_volume_opt": 5.878767560884855, "windows": {"diameters": [2.3262570088507015, 2.349107411083927], "centre_of_mass": [[9.67927682453993, 6.523061169708551, 8.474801504293405], [9.785641606302843, 6.2116153856244, 7.501992127229222]]}}