{"no_of_atoms": 498, "centre_of_mass": [13.833520007839104, 14.619192009954503, 9.29485085523614], "maximum_diameter": {"diameter": 40.10169782591491, "atom_1": 350, "atom_2": 385}, "pore_diameter": {"diameter": 4.1582779004823305, "atom": 24}, "pore_volume": 37.64776099778437, "pore_diameter_opt": {"diameter": 4.906960087140137, "atom_1": 202, "centre_of_mass": [13.656902754256643, 14.527497549228903, 8.96436100000457]}, "pore_volume_opt": 61.8637438188151, "windows": {"diameters": [2.2727049268481285, 2.269296828849441, 2.3415138451457707, 2.2592578018090212], "centre_of_mass": [[16.198687927338355, 13.602881757574785, 11.05203079172355], [16.215750655809035, 13.607433115686906, 11.065079222567636], [13.16373937735489, 17.260808439176632, 10.947004739788692], [11.313572966310545, 15.660504086129361, 6.415050673599154]]}}