{"no_of_atoms": 498, "centre_of_mass": [22.578435895646187, 23.654692245979444, 22.40275505358734], "maximum_diameter": {"diameter": 40.10169782591492, "atom_1": 365, "atom_2": 367}, "pore_diameter": {"diameter": 4.15745699103887, "atom": 31}, "pore_volume": 37.62546861921557, "pore_diameter_opt": {"diameter": 4.874103811668617, "atom_1": 225, "centre_of_mass": [22.73973514763776, 23.75523567830728, 22.93053251494167]}, "pore_volume_opt": 60.629354820029455, "windows": {"diameters": [2.2570246670853282, 2.35981610433465, 2.255816301632802], "centre_of_mass": [[25.100746529125466, 22.61078827443893, 25.293726682881555], [23.23405448286594, 21.114702663011247, 20.787366025557535], [20.163272848934653, 24.651127391474105, 20.60977901683214]]}}