{"no_of_atoms": 24, "centre_of_mass": [29.69233798059269, 32.76266360393956, 19.31553944214119], "maximum_diameter": {"diameter": 7.789034230955966, "atom_1": 15, "atom_2": 20}, "pore_diameter": {"diameter": -0.8206301063813366, "atom": 13}, "pore_volume": -0.2893616417698912, "pore_diameter_opt": {"diameter": -0.8206301063813366, "atom_1": 13, "centre_of_mass": [29.69233798059269, 32.76266360393956, 19.31553944214119]}, "pore_volume_opt": -0.2893616417698912, "windows": {"diameters": null, "centre_of_mass": null}}