{"no_of_atoms": 418, "centre_of_mass": [-3.9228522540163087, 9.432352666354339, 28.12061855211374], "maximum_diameter": {"diameter": 29.777371265551718, "atom_1": 10, "atom_2": 416}, "pore_diameter": {"diameter": 4.723714201874991, "atom": 269}, "pore_volume": 55.18861094840988, "pore_diameter_opt": {"diameter": 6.188392514927557, "atom_1": 46, "centre_of_mass": [-3.6021246694766273, 9.434640845466282, 26.871341662891997]}, "pore_volume_opt": 124.08868401052887, "windows": {"diameters": [2.2972494153219567, 4.588868223755824, 4.451323749561698, 4.321060375128706], "centre_of_mass": [[-3.7988139817913775, 9.711409802376455, 32.61170439229203], [0.39837994593441506, 10.408007620839292, 25.63044438175172], [-6.718673095832225, 12.387564036057285, 25.199048688169572], [-4.899496248223536, 5.344946991103081, 25.536439998029444]]}}