{"no_of_atoms": 21, "centre_of_mass": [-3.545859586795464, 8.949084216604522, 27.6393081613279], "maximum_diameter": {"diameter": 8.477088613002044, "atom_1": 8, "atom_2": 18}, "pore_diameter": {"diameter": -1.8019486076512696, "atom": 7}, "pore_volume": -3.063556004131683, "pore_diameter_opt": {"diameter": -1.8019486076512696, "atom_1": 7, "centre_of_mass": [-3.545859586795464, 8.949084216604522, 27.6393081613279]}, "pore_volume_opt": -3.063556004131683, "windows": {"diameters": null, "centre_of_mass": null}}