{"no_of_atoms": 249, "centre_of_mass": [13.99752135621658, 18.456524814002886, 15.85934315672304], "maximum_diameter": {"diameter": 27.83163019804513, "atom_1": 38, "atom_2": 231}, "pore_diameter": {"diameter": 5.89068501360369, "atom": 86}, "pore_volume": 107.02765860433361, "pore_diameter_opt": {"diameter": 7.418394333905388, "atom_1": 111, "centre_of_mass": [16.92699523664071, 19.476870513372223, 17.550862877101302]}, "pore_volume_opt": 213.76094833036612, "windows": {"diameters": [2.36722081827391e+44, 9.33136056729626, 6.55687649904611], "centre_of_mass": [[4.741571968745014e+43, 1.078247837042069e+44, -1.1614712731516622e+43], [7.610400982262179, 19.18391672992499, 22.501464214374337], [12.574861262593078, 17.53993284470119, 16.44480034926726]]}}