{"no_of_atoms": 76, "centre_of_mass": [14.556678698930279, 16.66931835610259, 15.595917281544011], "maximum_diameter": {"diameter": 13.44999636202248, "atom_1": 48, "atom_2": 52}, "pore_diameter": {"diameter": -0.7305782554759941, "atom": 37}, "pore_volume": -0.20417325298349553, "pore_diameter_opt": {"diameter": -0.7305782554759941, "atom_1": 37, "centre_of_mass": [14.556678698930279, 16.66931835610259, 15.595917281544011]}, "pore_volume_opt": -0.20417325298349553, "windows": {"diameters": null, "centre_of_mass": null}}