{"no_of_atoms": 249, "centre_of_mass": [3.7652599904253727, 18.2305046214922, 0.09634315672304389], "maximum_diameter": {"diameter": 27.831630198045126, "atom_1": 6, "atom_2": 247}, "pore_diameter": {"diameter": 5.890971859907413, "atom": 46}, "pore_volume": 107.04329446833447, "pore_diameter_opt": {"diameter": 6.415130502831827, "atom_1": 169, "centre_of_mass": [3.622851645214508, 18.449841580020443, 0.11357056240018286]}, "pore_volume_opt": 138.23407451233558, "windows": {"diameters": [6.646584119126043, 7.0141490073738595, 6.537513053989333], "centre_of_mass": [[3.8596993249671607, 18.359257043841392, 2.359541263402084], [-1.7597415599908506, 18.07163121917675, 3.2453857380322404], [2.9151931952815047, 17.970429121737585, -0.5799926381817652]]}}