{"no_of_atoms": 76, "centre_of_mass": [8.635557726511147, 4.440295790372471, 0.16708271845598607], "maximum_diameter": {"diameter": 13.449996362022482, "atom_1": 9, "atom_2": 75}, "pore_diameter": {"diameter": -0.7306530776367344, "atom": 71}, "pore_volume": -0.20423599060997366, "pore_diameter_opt": {"diameter": -0.7306530776367344, "atom_1": 71, "centre_of_mass": [8.635557726511147, 4.440295790372471, 0.16708271845598607]}, "pore_volume_opt": -0.20423599060997366, "windows": {"diameters": null, "centre_of_mass": null}}