{"no_of_atoms": 153, "centre_of_mass": [2.3696166517574766, 2.9810337231063664, 4.024070030367187], "maximum_diameter": {"diameter": 21.64963421135133, "atom_1": 75, "atom_2": 94}, "pore_diameter": {"diameter": -0.45013287361708576, "atom": 7}, "pore_volume": -0.04775521617889221, "pore_diameter_opt": {"diameter": -0.45013287361708576, "atom_1": 7, "centre_of_mass": [2.3696166517574766, 2.9810337231063664, 4.024070030367187]}, "pore_volume_opt": -0.04775521617889221, "windows": {"diameters": null, "centre_of_mass": null}}