{"no_of_atoms": 147, "centre_of_mass": [0.31578955502802475, 0.3972228510904032, 0.5359764885076427], "maximum_diameter": {"diameter": 23.49675033331868, "atom_1": 91, "atom_2": 118}, "pore_diameter": {"diameter": 0.6819704714114683, "atom": 123}, "pore_volume": 0.16607158630902388, "pore_diameter_opt": {"diameter": 0.968844605456018, "atom_1": 123, "centre_of_mass": [0.39689369138519365, 0.5002674967447033, 0.6745892216937113]}, "pore_volume_opt": 0.4761688689841688, "windows": {"diameters": null, "centre_of_mass": null}}