{"no_of_atoms": 147, "centre_of_mass": [1.3609343660789996, 1.713643027768179, 2.3168561987253664], "maximum_diameter": {"diameter": 23.604560767017567, "atom_1": 86, "atom_2": 94}, "pore_diameter": {"diameter": 0.6028383297209126, "atom": 134}, "pore_volume": 0.11470997785581943, "pore_diameter_opt": {"diameter": 0.9085436332774406, "atom_1": 145, "centre_of_mass": [1.4150045308606263, 1.8416700148414584, 2.527484019552534]}, "pore_volume_opt": 0.3926774756063586, "windows": {"diameters": null, "centre_of_mass": null}}