{"no_of_atoms": 102, "centre_of_mass": [16.038933135141974, -0.29240385567373084, 26.192975930204312], "maximum_diameter": {"diameter": 20.965925440245694, "atom_1": 7, "atom_2": 90}, "pore_diameter": {"diameter": 0.414851281629391, "atom": 32}, "pore_volume": 0.03738315321399764, "pore_diameter_opt": {"diameter": 0.7256019653601133, "atom_1": 63, "centre_of_mass": [15.997899692101754, -0.17410952948139038, 26.400401571019007]}, "pore_volume_opt": 0.20002946503038033, "windows": {"diameters": [0.7383039015628294], "centre_of_mass": [[15.965939455457514, -0.15963415570246467, 26.402016321399028]]}}