{"no_of_atoms": 22, "centre_of_mass": [16.478499481415138, 16.910826326540075, 23.80633017382965], "maximum_diameter": {"diameter": 5.967525887585409, "atom_1": 15, "atom_2": 17}, "pore_diameter": {"diameter": -3.588864247161446, "atom": 0}, "pore_volume": -24.20302866746033, "pore_diameter_opt": {"diameter": -3.588864247161446, "atom_1": 0, "centre_of_mass": [16.478499481415138, 16.910826326540075, 23.80633017382965]}, "pore_volume_opt": -24.20302866746033, "windows": {"diameters": null, "centre_of_mass": null}}