{"no_of_atoms": 22, "centre_of_mass": [16.478499481415138, 16.075451849700684, 23.893669826170356], "maximum_diameter": {"diameter": 5.967525887585409, "atom_1": 15, "atom_2": 17}, "pore_diameter": {"diameter": -3.5885009013184943, "atom": 0}, "pore_volume": -24.195678281145838, "pore_diameter_opt": {"diameter": -3.5885009013184943, "atom_1": 0, "centre_of_mass": [16.478499481415138, 16.075451849700684, 23.893669826170356]}, "pore_volume_opt": -24.195678281145838, "windows": {"diameters": null, "centre_of_mass": null}}