{"no_of_atoms": 22, "centre_of_mass": [16.075451849700684, 16.478499481415138, 23.80633017382965], "maximum_diameter": {"diameter": 5.967525887585447, "atom_1": 14, "atom_2": 16}, "pore_diameter": {"diameter": -3.5885009013184943, "atom": 0}, "pore_volume": -24.195678281145838, "pore_diameter_opt": {"diameter": -3.5885009013184943, "atom_1": 0, "centre_of_mass": [16.075451849700684, 16.478499481415138, 23.80633017382965]}, "pore_volume_opt": -24.195678281145838, "windows": {"diameters": null, "centre_of_mass": null}}