{"no_of_atoms": 148, "centre_of_mass": [3.47331501235844, 14.26483031291923, 45.83469032270102], "maximum_diameter": {"diameter": 22.99619083790306, "atom_1": 100, "atom_2": 136}, "pore_diameter": {"diameter": 0.8209254716855541, "atom": 121}, "pore_volume": 0.2896741997210102, "pore_diameter_opt": {"diameter": 1.2522515120206372, "atom_1": 121, "centre_of_mass": [3.457376468587271, 14.26499999563156, 45.424227586858244]}, "pore_volume_opt": 1.028189860019738, "windows": {"diameters": [4.027622997815277, 1.4461274002365445, 7.336062110802932e+43], "centre_of_mass": [[2.044693468026991, 13.327029297137999, 43.72606200675048], [5.316952431126252, 14.264490597496764, 45.37678651386829], [3.213905540730149e+43, -1.6945449597011265e+43, 5.037661939879876e+42]]}}