{"no_of_atoms": 148, "centre_of_mass": [9.307022884869651, 14.264830312919235, 18.86269032270097], "maximum_diameter": {"diameter": 22.996190837903075, "atom_1": 29, "atom_2": 117}, "pore_diameter": {"diameter": 0.8209326121428053, "atom": 45}, "pore_volume": 0.28968175859560624, "pore_diameter_opt": {"diameter": 1.3560928040446805, "atom_1": 45, "centre_of_mass": [9.717489190941054, 14.264999995000036, 18.452224016629568]}, "pore_volume_opt": 1.3057705115336287, "windows": {"diameters": [5.372091250171083, 1.397148845082071], "centre_of_mass": [[11.829217894785444, 14.26448866257678, 16.493979369734213], [7.542702343100925, 14.264501664216029, 18.39116803311039]]}}