{"no_of_atoms": 148, "centre_of_mass": [22.087135637478454, 0.0002844720273778847, 18.86269032270097], "maximum_diameter": {"diameter": 22.995197188592762, "atom_1": 60, "atom_2": 104}, "pore_diameter": {"diameter": 0.8207272837287225, "atom": 58}, "pore_volume": 0.28946445079384825, "pore_diameter_opt": {"diameter": 1.2521565286590763, "atom_1": 106, "centre_of_mass": [22.103324781688045, -4.614188378796021e-09, 18.45232668083661]}, "pore_volume_opt": 1.0279559129550564, "windows": {"diameters": [3.7908282712808252, 1.3263849306152955], "centre_of_mass": [[23.373078965459587, -1.0280844875399462, 16.695297850527723], [21.37353032208076, 0.0005172895828264438, 18.153380156400885]]}}