{"no_of_atoms": 199, "centre_of_mass": [3.0267310931128275, 13.121247493230785, 23.408035477538714], "maximum_diameter": {"diameter": 29.739748148341267, "atom_1": 170, "atom_2": 190}, "pore_diameter": {"diameter": 0.7933359330883429, "atom": 145}, "pore_volume": 0.26143877436375956, "pore_diameter_opt": {"diameter": 1.5128172134941056, "atom_1": 145, "centre_of_mass": [2.630063126568656, 12.920222001012576, 23.554078115438227]}, "pore_volume_opt": 1.8128338197650633, "windows": {"diameters": [8.897223398062742e+43, 1.714373688093414], "centre_of_mass": [[6.473545543609563e+42, 3.36196562848043e+43, -2.8404691940985897e+43], [2.3073492690171924, 12.663989505060108, 23.41777917524432]]}}