{"no_of_atoms": 294, "centre_of_mass": [2.8173104459462597e-17, 6.498217784761358, 19.800584431158114], "maximum_diameter": {"diameter": 27.864190701674836, "atom_1": 180, "atom_2": 204}, "pore_diameter": {"diameter": 7.732672298682759, "atom": 54}, "pore_volume": 242.09590270363486, "pore_diameter_opt": {"diameter": 7.733130325071889, "atom_1": 51, "centre_of_mass": [-6.566658242397316e-05, 6.49800992648688, 19.80046988970633]}, "pore_volume_opt": 242.13892517092847, "windows": {"diameters": [6.222192580076399, 6.219701393798124, 6.330614122982546, 6.225071224061031], "centre_of_mass": [[-2.6958820478684125, 6.863761270150093, 21.78378749135724], [2.677239643241439, 6.135903864377035, 21.770094019568027], [-0.4894629922804589, 2.6872074257204726, 17.067952514316122], [0.368502658047547, 9.217726008125645, 17.800510299664182]]}}