{"no_of_atoms": 294, "centre_of_mass": [12.996458833505088, 19.49478221523864, 3.9602070533114246], "maximum_diameter": {"diameter": 27.863544634648857, "atom_1": 180, "atom_2": 204}, "pore_diameter": {"diameter": 7.731975550585412, "atom": 247}, "pore_volume": 242.03046685375458, "pore_diameter_opt": {"diameter": 7.732662615951368, "atom_1": 247, "centre_of_mass": [12.996543345596324, 19.494801132757708, 3.960596360093128]}, "pore_volume_opt": 242.09499325865735, "windows": {"diameters": [6.222068729307047, 6.219452159148233, 6.330523272072067, 6.22585233075829], "centre_of_mass": [[10.300879153069072, 19.85965214051504, 5.94359644680587], [15.673373410664544, 19.132102295293617, 5.929921980237029], [12.508280063224905, 15.683851264791283, 1.2273369597791053], [13.365128100491921, 22.2144546794562, 1.9601567109098776]]}}