{"no_of_atoms": 138, "centre_of_mass": [12.996476461316812, 6.49824107448493, 27.720834281275536], "maximum_diameter": {"diameter": 12.051506521296535, "atom_1": 26, "atom_2": 124}, "pore_diameter": {"diameter": -1.8765618218088134, "atom": 33}, "pore_volume": -3.4600888557675216, "pore_diameter_opt": {"diameter": -1.8765618218088134, "atom_1": 33, "centre_of_mass": [12.996476461316812, 6.49824107448493, 27.720834281275536]}, "pore_volume_opt": -3.4600888557675216, "windows": {"diameters": null, "centre_of_mass": null}}