{"no_of_atoms": 48, "centre_of_mass": [-1.1391576283861651e-17, 6.886980463780015, 3.493416727050906e-17], "maximum_diameter": {"diameter": 7.431081793306975, "atom_1": 3, "atom_2": 42}, "pore_diameter": {"diameter": -2.2077578050952855, "atom": 5}, "pore_volume": -5.634467896077042, "pore_diameter_opt": {"diameter": -2.2077578050952855, "atom_1": 5, "centre_of_mass": [-1.1391576283861651e-17, 6.886980463780015, 3.493416727050906e-17]}, "pore_volume_opt": -5.634467896077042, "windows": {"diameters": null, "centre_of_mass": null}}