{"no_of_atoms": 48, "centre_of_mass": [0.0, 13.308019536219991, 3.493416727050906e-17], "maximum_diameter": {"diameter": 7.4310817933069835, "atom_1": 25, "atom_2": 41}, "pore_diameter": {"diameter": -2.2077578050953215, "atom": 12}, "pore_volume": -5.634467896077317, "pore_diameter_opt": {"diameter": -2.2077578050953215, "atom_1": 12, "centre_of_mass": [0.0, 13.308019536219991, 3.493416727050906e-17]}, "pore_volume_opt": -5.634467896077317, "windows": {"diameters": null, "centre_of_mass": null}}