{"no_of_atoms": 122, "centre_of_mass": [7.326747332949818, 0.00011682304216746641, 20.736879029236743], "maximum_diameter": {"diameter": 17.573879043308086, "atom_1": 51, "atom_2": 120}, "pore_diameter": {"diameter": 0.8594033499295457, "atom": 41}, "pore_volume": 0.33234545884339506, "pore_diameter_opt": {"diameter": 1.276646995334493, "atom_1": 41, "centre_of_mass": [6.897045657985045, 0.028018903705119308, 20.716968785424832]}, "pore_volume_opt": 1.0894595360388215, "windows": {"diameters": [0.8486094802550652, 0.9954659062071403, 0.8732567194471499], "centre_of_mass": [[5.932314746743135, 1.715720134864404, 21.4850222847424], [5.261496741205151, -1.2084361847661336, 20.964163940162567], [5.9636219465680185, -1.6599913758638785, 20.052810740449953]]}}