{"no_of_atoms": 64, "centre_of_mass": [-3.161021147361363, 0.2244591339648173, 22.052433983771895], "maximum_diameter": {"diameter": 16.467714298988938, "atom_1": 6, "atom_2": 55}, "pore_diameter": {"diameter": 2.744327620395147, "atom": 26}, "pore_volume": 10.821974148153858, "pore_diameter_opt": {"diameter": 2.744900938618545, "atom_1": 26, "centre_of_mass": [-3.160743605214883, 0.22447172778749266, 22.052508017948263]}, "pore_volume_opt": 10.828758029793873, "windows": {"diameters": [2.732848019077891, 2.15294833746918], "centre_of_mass": [[-3.2137743133236283, 0.021946360515097685, 22.259819353260696], [-2.9325920072233562, 2.153037248166067, 21.288327317407262]]}}