{"no_of_atoms": 64, "centre_of_mass": [3.319968047080449, 17.225906168458145, 13.18521533306099], "maximum_diameter": {"diameter": 16.64644393790273, "atom_1": 13, "atom_2": 49}, "pore_diameter": {"diameter": 2.6665691878946074, "atom": 10}, "pore_volume": 9.92789538059029, "pore_diameter_opt": {"diameter": 2.6666030885084124, "atom_1": 38, "centre_of_mass": [3.31995192601364, 17.225905968827558, 13.185209809190615]}, "pore_volume_opt": 9.928274031210924, "windows": {"diameters": [2.6949239554032047, 2.708902471723972], "centre_of_mass": [[3.260442619513116, 17.11175252610578, 13.444856931462272], [3.304046342768851, 17.57943625798963, 13.239171495414176]]}}