{"no_of_atoms": 450, "centre_of_mass": [2.7655635236928844, 10.90978258582704, 22.10763747478228], "maximum_diameter": {"diameter": 25.142021510413908, "atom_1": 366, "atom_2": 444}, "pore_diameter": {"diameter": 3.8228732815394797, "atom": 221}, "pore_volume": 29.25285980746613, "pore_diameter_opt": {"diameter": 3.823007760401391, "atom_1": 221, "centre_of_mass": [2.7655841333393836, 10.90971875004769, 22.10763285126368]}, "pore_volume_opt": 29.255947037455705, "windows": {"diameters": [3.2800230348944797, 3.2857141743137865], "centre_of_mass": [[3.537600798018581, 10.513799057172662, 23.088957130422216], [1.9136876682902166, 11.349779284580757, 21.026480485841052]]}}