{"no_of_atoms": 70, "centre_of_mass": [8.74354285755487, 1.4517001147394502, 19.64565332997504], "maximum_diameter": {"diameter": 19.02947100059821, "atom_1": 13, "atom_2": 66}, "pore_diameter": {"diameter": 3.398149000644205, "atom": 50}, "pore_volume": 20.545933374166978, "pore_diameter_opt": {"diameter": 3.6254728989894525, "atom_1": 50, "centre_of_mass": [8.975701702638943, 1.5021420877378742, 19.52464126415139]}, "pore_volume_opt": 24.95126745474614, "windows": {"diameters": [3.1360592053799485, 3.4528129980223095], "centre_of_mass": [[7.661573499912456, 1.7576503182879957, 20.282619594428756], [9.668393851533473, 1.0459645643609872, 19.13498016959683]]}}