{"no_of_atoms": 363, "centre_of_mass": [32.72162908964485, 17.641110861138188, 20.71100656772512], "maximum_diameter": {"diameter": 24.80819880149544, "atom_1": 66, "atom_2": 302}, "pore_diameter": {"diameter": 3.660663332921352, "atom": 30}, "pore_volume": 25.684906537235108, "pore_diameter_opt": {"diameter": 4.174965987614888, "atom_1": 252, "centre_of_mass": [32.9044823177414, 17.71047866293252, 20.88738315070166]}, "pore_volume_opt": 38.102848815321316, "windows": {"diameters": [2.139925408022124, 2.223463577418119, 2.020632787157608, 1.2224222698922316], "centre_of_mass": [[33.37938513593923, 19.32825183091546, 22.652525444987706], [32.39760656689397, 15.399607698936792, 21.872827771117212], [30.53027726831195, 18.164831026985063, 19.675383644618726], [35.91505140814127, 17.846088899143375, 18.25369612009499]]}}