{"no_of_atoms": 352, "centre_of_mass": [9.194767985887745, 20.312781195285368, 38.54359879055555], "maximum_diameter": {"diameter": 22.237338731746053, "atom_1": 23, "atom_2": 333}, "pore_diameter": {"diameter": 4.96741453143046, "atom": 76}, "pore_volume": 64.17853993297696, "pore_diameter_opt": {"diameter": 5.131209517284775, "atom_1": 144, "centre_of_mass": [9.104254318848454, 20.311926663713383, 38.54346690584574]}, "pore_volume_opt": 70.73882905550208, "windows": {"diameters": [3.2146941167994147, 3.3154084497392815, 3.3029013518075128, 3.237076073055086], "centre_of_mass": [[6.6701455638421425, 20.434662176987857, 42.178755122121636], [11.577716683573533, 24.18724621928935, 38.42481667512118], [11.525812305546816, 16.511051472260103, 38.66099091143598], [6.532124014459404, 20.191313321308648, 34.7232557549487]]}}