{"no_of_atoms": 28, "centre_of_mass": [20.312768342266242, 7.703989269991215, 51.39181327154812], "maximum_diameter": {"diameter": 13.146416552365675, "atom_1": 2, "atom_2": 27}, "pore_diameter": {"diameter": -0.6579323690871868, "atom": 10}, "pore_volume": -0.14912222760422394, "pore_diameter_opt": {"diameter": -0.6579323690871868, "atom_1": 10, "centre_of_mass": [20.312768342266242, 7.703989269991215, 51.39181327154812]}, "pore_volume_opt": -0.14912222760422394, "windows": {"diameters": null, "centre_of_mass": null}}