{"no_of_atoms": 28, "centre_of_mass": [12.608705576974668, 20.312768342266246, 12.847876373467425], "maximum_diameter": {"diameter": 13.14641655236568, "atom_1": 4, "atom_2": 26}, "pore_diameter": {"diameter": -0.6583323019411398, "atom": 13}, "pore_volume": -0.1493943306675488, "pore_diameter_opt": {"diameter": -0.6583323019411398, "atom_1": 13, "centre_of_mass": [12.608705576974668, 20.312768342266246, 12.847876373467425]}, "pore_volume_opt": -0.1493943306675488, "windows": {"diameters": null, "centre_of_mass": null}}