{"no_of_atoms": 364, "centre_of_mass": [13.91155249785401, 8.351393286980715, 18.742633218426857], "maximum_diameter": {"diameter": 24.925458667610993, "atom_1": 91, "atom_2": 326}, "pore_diameter": {"diameter": 3.436524214927006, "atom": 330}, "pore_volume": 21.249897895945935, "pore_diameter_opt": {"diameter": 3.6905655213038746, "atom_1": 156, "centre_of_mass": [13.918133790704713, 8.423096289132069, 18.854538245246655]}, "pore_volume_opt": 26.319484725533083, "windows": {"diameters": [2.085537068112696, 1.1286347238299146, 2.3911372891329585, 2.4278056009036155], "centre_of_mass": [[12.559467847641857, 9.918705193349071, 19.862187987787262], [15.132470084151352, 4.682669549732509, 20.969896268565957], [17.065945790268636, 10.248584760332578, 18.043095624065693], [12.38451593328281, 7.079584771845537, 15.729623584362205]]}}