{"no_of_atoms": 364, "centre_of_mass": [4.913809202849224, 23.57518293952331, 18.67836678157313], "maximum_diameter": {"diameter": 24.92524567904247, "atom_1": 89, "atom_2": 312}, "pore_diameter": {"diameter": 3.4370976809576708, "atom": 330}, "pore_volume": 21.260537828176705, "pore_diameter_opt": {"diameter": 3.690991970040956, "atom_1": 307, "centre_of_mass": [4.907899805380407, 23.502781490496155, 18.567330845102017]}, "pore_volume_opt": 26.32860951245943, "windows": {"diameters": [2.0893019850796937, 2.1455694671276393, 2.1236967221939067, 1.1276189478403995], "centre_of_mass": [[6.022236213418635, 23.83704497095785, 20.594238552358476], [3.061182924066909, 22.012364087377524, 19.331301144927806], [6.210076960634197, 22.035483532785477, 17.636055760373157], [3.7218598377231826, 27.143689149510326, 16.514870870570242]]}}