{"no_of_atoms": 45, "centre_of_mass": [23.626070447675996, 7.514192159707206, 8.06397340298659], "maximum_diameter": {"diameter": 13.547590465881513, "atom_1": 43, "atom_2": 44}, "pore_diameter": {"diameter": -3.430336514903272, "atom": 8}, "pore_volume": -21.135318709805343, "pore_diameter_opt": {"diameter": -3.430336514903272, "atom_1": 8, "centre_of_mass": [23.626070447675996, 7.514192159707206, 8.06397340298659]}, "pore_volume_opt": -21.135318709805343, "windows": {"diameters": null, "centre_of_mass": null}}