{"no_of_atoms": 318, "centre_of_mass": [19.793511328350803, 24.950809139712337, 8.5924360950593], "maximum_diameter": {"diameter": 26.342598360011227, "atom_1": 193, "atom_2": 213}, "pore_diameter": {"diameter": 11.075939004616776, "atom": 280}, "pore_volume": 711.4432914498515, "pore_diameter_opt": {"diameter": 11.076195307435398, "atom_1": 280, "centre_of_mass": [19.79347862597107, 24.95075155446715, 8.592545809587119]}, "pore_volume_opt": 711.4926820632519, "windows": {"diameters": [5.20277996210331, 7.426974351171475, 5.296564000451589, 7.087268290862174], "centre_of_mass": [[27.038165197388235, 23.003051749980422, 13.806176332960693], [17.619424809170212, 32.162819959353655, 13.868953298998315], [21.718983238354404, 17.0548892926613, 4.396697187630561], [14.210488374703989, 26.216267382654866, 4.716454534821869]]}}