{"no_of_atoms": 45, "centre_of_mass": [3.0860531471047112, 2.3840557141348926, 25.7776691463696], "maximum_diameter": {"diameter": 13.548399183702163, "atom_1": 43, "atom_2": 44}, "pore_diameter": {"diameter": -3.4299951010597876, "atom": 8}, "pore_volume": -21.129008682607044, "pore_diameter_opt": {"diameter": -3.4299951010597876, "atom_1": 8, "centre_of_mass": [3.0860531471047112, 2.3840557141348926, 25.7776691463696]}, "pore_volume_opt": -21.129008682607044, "windows": {"diameters": null, "centre_of_mass": null}}