{"no_of_atoms": 45, "centre_of_mass": [-0.8308316806325101, 19.890303159812778, 26.305916900951352], "maximum_diameter": {"diameter": 13.547590465881493, "atom_1": 42, "atom_2": 43}, "pore_diameter": {"diameter": -3.4294073581135787, "atom": 9}, "pore_volume": -21.118148931245358, "pore_diameter_opt": {"diameter": -3.4294073581135787, "atom_1": 9, "centre_of_mass": [-0.8308316806325101, 19.890303159812778, 26.305916900951352]}, "pore_volume_opt": -21.118148931245358, "windows": {"diameters": null, "centre_of_mass": null}}