{"no_of_atoms": 45, "centre_of_mass": [21.0131569309815, 3.0466041416578378, 25.24846284942306], "maximum_diameter": {"diameter": 13.54735901605999, "atom_1": 42, "atom_2": 43}, "pore_diameter": {"diameter": -3.4296236404847242, "atom": 9}, "pore_volume": -21.1221447569769, "pore_diameter_opt": {"diameter": -3.4296236404847242, "atom_1": 9, "centre_of_mass": [21.0131569309815, 3.0466041416578378, 25.24846284942306]}, "pore_volume_opt": -21.1221447569769, "windows": {"diameters": null, "centre_of_mass": null}}