{"no_of_atoms": 448, "centre_of_mass": [21.379729484120645, 11.502532131870323, 7.954254042835324], "maximum_diameter": {"diameter": 33.29720646529065, "atom_1": 287, "atom_2": 336}, "pore_diameter": {"diameter": 4.663467703642802, "atom": 136}, "pore_volume": 53.103793058585886, "pore_diameter_opt": {"diameter": 5.134246141432252, "atom_1": 239, "centre_of_mass": [21.26469434257622, 11.260606527609488, 8.035066234088836]}, "pore_volume_opt": 70.86449204938832, "windows": {"diameters": [2.8512432908832657, 3.233649601100677, 2.688472082722902, 3.279233038371126], "centre_of_mass": [[21.375795780334627, 13.958803349778151, 11.225354278830464], [24.03780265999221, 7.418598663860141, 9.710991593724899], [17.68870760950989, 9.832499016323569, 7.148018079458849], [22.843077474382852, 13.192873579520795, 4.503191956408024]]}}