{"no_of_atoms": 725, "centre_of_mass": [14.653559598922522, 20.53622426106201, 35.79153496515694], "maximum_diameter": {"diameter": 37.02471517334414, "atom_1": 425, "atom_2": 586}, "pore_diameter": {"diameter": 5.026839732636018, "atom": 101}, "pore_volume": 66.509508691817, "pore_diameter_opt": {"diameter": 5.162215844124615, "atom_1": 101, "centre_of_mass": [14.58583433450294, 20.558536413491133, 35.77768251062041]}, "pore_volume_opt": 72.02895277323366, "windows": {"diameters": [3.0553801333834296, 3.0957762391148296, 2.8613769121613326, 3.139742191816764], "centre_of_mass": [[17.256700351562937, 19.37203441089579, 38.82404860378444], [10.795768892123824, 19.399605539067295, 36.2090867268567], [14.44562409152469, 25.062676051909996, 35.91279054018772], [16.366246103948654, 19.14256752222348, 31.189303100171013]]}}