{"no_of_atoms": 774, "centre_of_mass": [8.697390840764703, 26.08389337178762, 26.0756091592353], "maximum_diameter": {"diameter": 37.655894463705906, "atom_1": 410, "atom_2": 767}, "pore_diameter": {"diameter": 8.356808473268373, "atom": 490}, "pore_volume": 305.57651164263564, "pore_diameter_opt": {"diameter": 8.357460440156217, "atom_1": 490, "centre_of_mass": [8.697219766788667, 26.083754563126217, 26.075364354208986]}, "pore_volume_opt": 305.64803702622555, "windows": {"diameters": [1.5853510461501243e+44, 3.800706188581491, 4.724998166843914, 2.6909691483887554, 3.66161972052994, 3.6954519812453346, 5.398398339320934, 6.598234589369502, 5.920801202609166, 6.456442496554276, 1.2886281276881751e+44, 4.836401952150568, 3.4209317925396583, 3.8250324769674684, 3.034305258972994, 5.275449337623112, 3.666264050159597, 6.510095611560729], "centre_of_mass": [[2.233254970547001e+43, -7.604649876310377e+43, 1.2377796044543472e+42], [11.413937792425173, 24.47171615867231, 29.816175605387052], [7.082884601055525, 26.924589709266346, 31.164152603824753], [5.725613333128678, 23.11238408151624, 29.04711510042408], [11.573480998061715, 32.76859953759299, 30.530206345113704], [2.546484428872205, 30.349558614041463, 28.747910007716126], [10.667288362982259, 14.575045599840879, 27.09647454279509], [10.250266089351086, 18.07378903887398, 27.81095124333889], [-2.3226351816196935, 24.956684196336433, 23.87811589319133], [6.902954779574212, 34.58382549727236, 24.37381520081828], [4.43246696496177e+42, -2.2533577348777657e+43, -6.019964499184365e+43], [3.423790262731859, 24.412471464383938, 25.201792904942895], [12.440665540285446, 23.683654071438973, 24.37405731465307], [7.046575476388659, 22.24910018759748, 23.288485517060984], [11.63864283282309, 29.025289623677025, 23.13406911086298], [7.011887696705637, 37.046907271782544, 16.05547507387901], [4.2054271642478005, 28.9867052278009, 19.332294854194174], [10.426084757538012, 24.269989414392874, 17.46263824751132]]}}