{"no_of_atoms": 248, "centre_of_mass": [6.8245004789690356, 11.820355245930573, 10.052784232455775], "maximum_diameter": {"diameter": 24.00646520039658, "atom_1": 60, "atom_2": 235}, "pore_diameter": {"diameter": 1.2386554335350888, "atom": 88}, "pore_volume": 0.9950620391758596, "pore_diameter_opt": {"diameter": 1.239217034242722, "atom_1": 87, "centre_of_mass": [6.824283725253187, 11.820517606320614, 10.05250109731136]}, "pore_volume_opt": 0.996416122656258, "windows": {"diameters": [1.77225030263843, 0.7072676837859286, 0.6883894292355603], "centre_of_mass": [[4.75454981724433, 14.631358817202479, 10.052680629148117], [5.985866214224242, 10.763302088237815, 10.052527879819461], [8.061894454992938, 11.637442333568385, 10.052529239287768]]}}