{"no_of_atoms": 177, "centre_of_mass": [4.2831889589575765, 5.184187932736398, 15.097090733012632], "maximum_diameter": {"diameter": 24.489355958184564, "atom_1": 84, "atom_2": 158}, "pore_diameter": {"diameter": 1.8513365074465744, "atom": 9}, "pore_volume": 3.3224214210292753, "pore_diameter_opt": {"diameter": 3.0457689569155386, "atom_1": 121, "centre_of_mass": [4.947579705441958, 6.109856186211384, 15.42194248457858]}, "pore_volume_opt": 14.7941320269751, "windows": {"diameters": [2.5906518687664155, 1.859027994009903], "centre_of_mass": [[5.9043064516244925, 7.3575317832178495, 16.327026894970828], [3.6489739228863263, 4.903721154901804, 14.377970455949233]]}}