{"no_of_atoms": 375, "centre_of_mass": [11.488217488623523, 26.831988062655036, 17.58828063975642], "maximum_diameter": {"diameter": 30.37480647958997, "atom_1": 69, "atom_2": 367}, "pore_diameter": {"diameter": 1.9594671295444814, "atom": 196}, "pore_volume": 3.939241166447455, "pore_diameter_opt": {"diameter": 3.2542398154792997, "atom_1": 98, "centre_of_mass": [11.089011179545091, 26.399113017887263, 17.898256456515266]}, "pore_volume_opt": 18.044601079748308, "windows": {"diameters": [3.331956195867282, 2.8923979990325486], "centre_of_mass": [[11.35967475449626, 26.352100454196265, 18.33035638284638], [10.463931393115542, 26.040173457913145, 15.882626954896406]]}}