{"no_of_atoms": 290, "centre_of_mass": [3.7566237998366976, 17.88857222925896, 0.06564332078188363], "maximum_diameter": {"diameter": 37.232225539980945, "atom_1": 165, "atom_2": 257}, "pore_diameter": {"diameter": 9.85301285395766, "atom": 135}, "pore_volume": 500.84779992153716, "pore_diameter_opt": {"diameter": 9.9199213541677, "atom_1": 152, "centre_of_mass": [3.743746145273313, 17.862908438408347, 0.04847580526914176]}, "pore_volume_opt": 511.1205111721119, "windows": {"diameters": [9.946887787076124, 9.922315014541084], "centre_of_mass": [[3.2492468503201657, 18.043852868431866, 0.1700161760410498], [3.5182831433850836, 18.078756598554367, -0.08840309699185815]]}}