{"no_of_atoms": 430, "centre_of_mass": [19.98920931277524, 17.54333217446434, 14.33008897230557], "maximum_diameter": {"diameter": 29.059646352111162, "atom_1": 419, "atom_2": 423}, "pore_diameter": {"diameter": 4.7995017216018905, "atom": 143}, "pore_volume": 57.88780439596271, "pore_diameter_opt": {"diameter": 5.982236003989501, "atom_1": 143, "centre_of_mass": [19.627687567084944, 17.925742687392002, 14.060312296628691]}, "pore_volume_opt": 112.09577636431055, "windows": {"diameters": [2.3917115527931627, 2.1522969520942064], "centre_of_mass": [[18.40445412061127, 16.227732580378234, 19.804463289650737], [24.30278572554038, 17.002491443623796, 10.288535028765494]]}}