{"no_of_atoms": 172, "centre_of_mass": [6.166926013118302, 7.714500000000004, 12.653675025203203], "maximum_diameter": {"diameter": 18.83483395293991, "atom_1": 85, "atom_2": 168}, "pore_diameter": {"diameter": 1.5772167108345632, "atom": 36}, "pore_volume": 2.0543419368313076, "pore_diameter_opt": {"diameter": 1.5776046091664893, "atom_1": 4, "centre_of_mass": [6.16679432045249, 7.71436830733419, 12.65374705114246]}, "pore_volume_opt": 2.0558580350381273, "windows": {"diameters": [1.7763706408029205, 1.5808017942132246], "centre_of_mass": [[6.761422499636799, 7.330332712892805, 12.708990993300805], [6.127587778934435, 7.758461546972829, 12.720724053234381]]}}