{"no_of_atoms": 172, "centre_of_mass": [-1.4428205229893655e-06, -3.927182912038211e-18, 3.8454134411439195e-05], "maximum_diameter": {"diameter": 18.834181768333035, "atom_1": 136, "atom_2": 141}, "pore_diameter": {"diameter": 1.576376271871093, "atom": 51}, "pore_volume": 2.051059643763242, "pore_diameter_opt": {"diameter": 1.5764117580457655, "atom_1": 51, "centre_of_mass": [-1.3493675184614852e-05, 1.2044911909072165e-05, 4.504407239908056e-05]}, "pore_volume_opt": 2.051198162530411, "windows": {"diameters": [1.5846355991185592, 1.5990794191793003], "centre_of_mass": [[0.09744121817598443, 0.0393418761305373, 0.09793244772409325], [-0.19108614251879635, -0.13723638514235634, 0.03439571055633478]]}}