{"no_of_atoms": 610, "centre_of_mass": [14.314768562284712, 18.463295195801393, 22.729994760010257], "maximum_diameter": {"diameter": 30.267265850805018, "atom_1": 216, "atom_2": 577}, "pore_diameter": {"diameter": 6.185523654215844, "atom": 14}, "pore_volume": 123.91618615698965, "pore_diameter_opt": {"diameter": 6.365671267522616, "atom_1": 440, "centre_of_mass": [14.315336894296369, 18.463067324288605, 22.952661395678167]}, "pore_volume_opt": 135.06139905496045, "windows": {"diameters": [3.678729974691827, 3.657400950292588, 3.3559199959017305, 3.348158972401564], "centre_of_mass": [[17.373610003405997, 18.78283938303471, 25.229149389975433], [11.364380831077796, 18.1972040084374, 25.096640624482554], [14.000598805224852, 21.50134529951676, 20.490590956560965], [14.630549064976574, 14.933717010574082, 20.195280568028608]]}}