{"no_of_atoms": 226, "centre_of_mass": [3.4704685793540437, 8.354250002285696, 15.592117301408427], "maximum_diameter": {"diameter": 23.05451589330045, "atom_1": 150, "atom_2": 162}, "pore_diameter": {"diameter": 5.09258474152667, "atom": 16}, "pore_volume": 69.1533806063978, "pore_diameter_opt": {"diameter": 5.092652900007021, "atom_1": 129, "centre_of_mass": [3.4704820357585673, 8.354260925593907, 15.592087956644118]}, "pore_volume_opt": 69.15615726264774, "windows": {"diameters": [], "centre_of_mass": []}}