{"no_of_atoms": 270, "centre_of_mass": [4.40277285945854, -2.468722161934695, 5.246614923874608], "maximum_diameter": {"diameter": 24.30273235565787, "atom_1": 146, "atom_2": 255}, "pore_diameter": {"diameter": 6.91422683698417, "atom": 112}, "pore_volume": 173.0730681500006, "pore_diameter_opt": {"diameter": 6.9741476160931555, "atom_1": 112, "centre_of_mass": [4.435387066179089, -2.469671194400871, 5.247643330313312]}, "pore_volume_opt": 177.61188717437938, "windows": {"diameters": [], "centre_of_mass": []}}