{"no_of_atoms": 50, "centre_of_mass": [-3.423740379216184, 4.021193288719666, 4.9367143186800515], "maximum_diameter": {"diameter": 16.10158099159516, "atom_1": 17, "atom_2": 47}, "pore_diameter": {"diameter": -1.844148869143231, "atom": 29}, "pore_volume": -3.2838745062326797, "pore_diameter_opt": {"diameter": -1.844148869143231, "atom_1": 29, "centre_of_mass": [-3.423740379216184, 4.021193288719666, 4.9367143186800515]}, "pore_volume_opt": -3.2838745062326797, "windows": {"diameters": null, "centre_of_mass": null}}