{"no_of_atoms": 180, "centre_of_mass": [2.652548729158995, 13.615062327688234, 28.65593800872225], "maximum_diameter": {"diameter": 27.11470208704924, "atom_1": 58, "atom_2": 144}, "pore_diameter": {"diameter": 6.451243584225297, "atom": 5}, "pore_volume": 140.58174922131525, "pore_diameter_opt": {"diameter": 6.451624560208634, "atom_1": 5, "centre_of_mass": [2.6526192514143436, 13.615218219941763, 28.656021733818612]}, "pore_volume_opt": 140.6066567135113, "windows": {"diameters": [6.576141446599523, 6.510809931255757], "centre_of_mass": [[1.9458545942501138, 13.77124725715343, 28.96095133091531], [3.1378329483387772, 13.377943551558632, 28.68903862111263]]}}