{"no_of_atoms": 792, "centre_of_mass": [24.572618998217465, 52.18938190846051, 72.0020000000001], "maximum_diameter": {"diameter": 33.84869700508688, "atom_1": 182, "atom_2": 482}, "pore_diameter": {"diameter": 10.818545683475055, "atom": 625}, "pore_volume": 662.9873961575607, "pore_diameter_opt": {"diameter": 10.818718669468137, "atom_1": 51, "centre_of_mass": [24.572616306594835, 52.189485426930375, 72.00198364687563]}, "pore_volume_opt": 663.0191997022285, "windows": {"diameters": [6.887275765594216, 5.376139787889155, 5.398753413028299, 3.707673576780841, 3.6928193359981063, 7.0664052752418005, 6.1279146492812915, 6.414745442415778, 6.7709640081143885, 5.400225203166903, 5.364925521982112, 5.911654210782485, 3.7135827070015037, 6.887538654751927], "centre_of_mass": [[24.852230313665885, 52.00998984954203, 80.60847813764639], [18.94867619492863, 46.57871303176491, 77.29210892047125], [30.271155907960537, 57.873804586203164, 77.3746216602202], [30.586384909758433, 46.19088690511525, 77.83733745384146], [18.769162128631613, 57.972540912706556, 77.5974432896651], [24.595532928741015, 42.871886939758326, 72.01581799020194], [19.202603296368586, 51.47717506551697, 72.12340684992651], [24.217278072279292, 57.41057492759851, 71.95304103369538], [33.91472522010058, 52.74832062420367, 71.6319715432969], [30.27335788808363, 46.50211039453299, 66.62648692229297], [19.241026504785292, 57.505942769464575, 67.03960619218542], [16.41207817477565, 43.22618455446876, 62.24391223459873], [30.605417145464394, 58.20758131692948, 66.14453574888958], [24.85237706954639, 52.36911297253772, 63.39026911340612]]}}