{"no_of_atoms": 792, "centre_of_mass": [10.5311466761667, 22.366815467549866, 72.00200000000012], "maximum_diameter": {"diameter": 33.85004452159802, "atom_1": 520, "atom_2": 576}, "pore_diameter": {"diameter": 10.81834305244671, "atom": 59}, "pore_volume": 662.9501436546115, "pore_diameter_opt": {"diameter": 10.818807982352869, "atom_1": 59, "centre_of_mass": [10.531133888174727, 22.36651184309698, 72.00201288455185]}, "pore_volume_opt": 663.0356203102567, "windows": {"diameters": [6.887657806207896, 5.375559149239805, 5.398368071915266, 3.7081400866960332, 3.692792550790687, 7.066929791637648, 6.127908724352879, 6.415067208590934, 6.771457686102453, 5.399187807178189, 5.364916302673475, 5.912140080198887, 3.7137025357285975, 6.88777639296622], "centre_of_mass": [[10.81281558775193, 22.185324703633462, 80.60835384244027], [4.906540390973625, 16.756510717448897, 77.2917463948176], [16.22940473208143, 28.051639089134692, 77.3745138282111], [16.54483288745324, 16.369102320062943, 77.83713536062211], [4.727139001082277, 28.149531348392838, 77.59746756424067], [10.554261638299744, 13.04983433836794, 72.01595970659339], [5.1616033515823805, 21.65420043322982, 72.12340630536875], [10.176357987891722, 27.58753851059204, 71.95322391520209], [19.873663353025897, 22.92680751141794, 71.63102207162682], [16.231664393393267, 16.680047061853912, 66.6269082766812], [5.198974391513214, 27.684012387887698, 67.03953465884952], [2.371163343520525, 13.403328482866012, 62.2436270593973], [16.564020194179097, 28.384524084052316, 66.14501238613101], [10.811889016814014, 22.547077336240335, 63.39034073693067]]}}