{"no_of_atoms": 792, "centre_of_mass": [3.5103810017825645, 37.27818453245012, 51.43000000000001], "maximum_diameter": {"diameter": 33.84915617758075, "atom_1": 482, "atom_2": 774}, "pore_diameter": {"diameter": 10.818256263062011, "atom": 267}, "pore_volume": 662.9341883720356, "pore_diameter_opt": {"diameter": 10.81871355065465, "atom_1": 267, "centre_of_mass": [3.510391839547639, 37.278481479668216, 51.42998525585109]}, "pore_volume_opt": 663.0182585916998, "windows": {"diameters": [6.887626406702644, 5.375682043868588, 5.357486989300389, 3.6978713160276704, 3.7003253455517098, 6.417675258589537, 6.138956142296034, 7.0720463588258635, 6.12780930740962, 5.397369622894491, 5.360002827468913, 3.883606640441886, 3.6888636876375425, 6.896459598571644], "centre_of_mass": [[3.7916140962887104, 37.45955388910503, 60.036363851002896], [9.134856827641654, 31.667147221876384, 56.72016432585064], [-1.8772882233555928, 42.650707389652524, 56.454554069663445], [-2.4614509739914032, 31.322997875948506, 57.21745512198464], [9.49276644099603, 43.244023590033386, 57.229289003265635], [3.156728383238413, 42.533396934835174, 51.478155466450694], [9.03216958590299, 36.55824221945005, 51.55276272357901], [3.5325079185130246, 27.923142523251087, 51.41679686347285], [-1.8577360194519255, 37.99059518208904, 51.551368270626945], [9.205588927570398, 42.959927147835124, 46.0605388285788], [-1.85537931448681, 31.927426002429506, 46.43011227899741], [-1.8676527811347903, 42.626214872706186, 46.38311922135626], [9.357098623250934, 31.451016214116116, 45.785484166409866], [3.795410070969581, 37.09501800835108, 42.70456763834668]]}}