{"no_of_atoms": 466, "centre_of_mass": [14.16366706078154, 23.951152509757385, 8.395299918206812e-05], "maximum_diameter": {"diameter": 30.264286384660142, "atom_1": 116, "atom_2": 448}, "pore_diameter": {"diameter": 8.431146495077808, "atom": 138}, "pore_volume": 313.8040386279903, "pore_diameter_opt": {"diameter": 8.431855326874956, "atom_1": 138, "centre_of_mass": [14.163707639219343, 23.951499441549906, 2.389524637582658e-05]}, "pore_volume_opt": 313.88319262514517, "windows": {"diameters": [4.977701002673299, 3.789543828506441, 3.664021555116024, 4.610701373355161, 3.6923820684720607, 5.328892042851629, 3.7110187402965464, 5.329233242339284, 4.661047838227126, 3.70796051763284, 3.699728984588208, 3.6679085369321753, 3.550537505063094, 4.943623994357211], "centre_of_mass": [[12.516653668852966, 24.95059576598955, 3.7407554416719635], [19.010615921616985, 24.204030107456568, 7.658214521956712], [11.220183571733582, 18.050502639821403, 5.627697517761714], [16.7479218237926, 20.34328245898666, 1.4367958450621017], [13.41750540577978, 31.787797228101375, 3.5057926128885972], [17.24293640437122, 26.613658451796915, 0.7138301354694171], [5.80167425062467, 25.863533961500266, 1.9463925249840435], [11.079600506201785, 21.285034835080566, -0.7138343559424513], [11.969073725477827, 27.23577953821963, -2.120404002376342], [22.369469866663092, 22.066103139894967, -1.9081431742957293], [14.905286680304782, 16.257786845756897, -3.439996300774331], [17.134534726570987, 29.905243519606966, -5.676109757762071], [11.298416207986078, 23.89342354429708, -4.056718517964804], [15.62398668755388, 23.249376627484615, -3.902308105105754]]}}