{"no_of_atoms": 52, "centre_of_mass": [0.19116362431769673, 0.1569455986472589, 11.64706602029112], "maximum_diameter": {"diameter": 12.144723076934953, "atom_1": 28, "atom_2": 46}, "pore_diameter": {"diameter": -2.566457159292055, "atom": 21}, "pore_volume": -8.851169953796918, "pore_diameter_opt": {"diameter": -2.566457159292055, "atom_1": 21, "centre_of_mass": [0.19116362431769673, 0.1569455986472589, 11.64706602029112]}, "pore_volume_opt": -8.851169953796918, "windows": {"diameters": null, "centre_of_mass": null}}