{"no_of_atoms": 52, "centre_of_mass": [10.038398252709438, 17.88341590607942, 15.124933979708887], "maximum_diameter": {"diameter": 12.143358771016935, "atom_1": 26, "atom_2": 51}, "pore_diameter": {"diameter": -2.5653786047010465, "atom": 11}, "pore_volume": -8.840015520212127, "pore_diameter_opt": {"diameter": -2.5653786047010465, "atom_1": 11, "centre_of_mass": [10.038398252709438, 17.88341590607942, 15.124933979708887]}, "pore_volume_opt": -8.840015520212127, "windows": {"diameters": null, "centre_of_mass": null}}