{"no_of_atoms": 52, "centre_of_mass": [20.274607331797327, 35.307500420259466, 51.835502702021195], "maximum_diameter": {"diameter": 11.114169295463359, "atom_1": 39, "atom_2": 44}, "pore_diameter": {"diameter": -2.8440009955214918, "atom": 20}, "pore_volume": -12.044474446024298, "pore_diameter_opt": {"diameter": -2.8440009955214918, "atom_1": 20, "centre_of_mass": [20.274607331797327, 35.307500420259466, 51.835502702021195]}, "pore_volume_opt": -12.044474446024298, "windows": {"diameters": null, "centre_of_mass": null}}