{"no_of_atoms": 238, "centre_of_mass": [10.2297601650703, 17.697982592683353, 13.386000000000005], "maximum_diameter": {"diameter": 27.727033722136905, "atom_1": 115, "atom_2": 228}, "pore_diameter": {"diameter": 7.162981711564671, "atom": 7}, "pore_volume": 192.43326532101733, "pore_diameter_opt": {"diameter": 7.163010294793196, "atom_1": 169, "centre_of_mass": [10.229760973352914, 17.69798580305465, 13.385986093980783]}, "pore_volume_opt": 192.43556899265946, "windows": {"diameters": [6.264661711708122, 7.221617404592333, 6.308165539212972], "centre_of_mass": [[15.418722913576923, 15.742895241683573, 11.74821909396504], [5.0537016226487275, 12.533006024232204, 10.494510119196015], [9.18367579021625, 23.808672339258912, 11.526721343240085]]}}