{"no_of_atoms": 624, "centre_of_mass": [17.241422255139476, 17.24142225513947, 17.241422255139472], "maximum_diameter": {"diameter": 37.33451392069018, "atom_1": 493, "atom_2": 506}, "pore_diameter": {"diameter": 8.273616210035936, "atom": 443}, "pore_volume": 296.5409921502987, "pore_diameter_opt": {"diameter": 8.27383977240947, "atom_1": 459, "centre_of_mass": [17.241499990732198, 17.24149999070394, 17.241499990729892]}, "pore_volume_opt": 296.56503140874315, "windows": {"diameters": [4.876809028781315, 3.6000826630892777, 3.2773054826752617, 3.601198660738691, 4.868864959846045, 4.864551609211119, 3.6012015096930248, 4.869185344192052, 4.864929074228108, 3.629049039316058, 3.600059828367018, 3.272910926245678, 3.617937694486314, 4.869162555543844], "centre_of_mass": [[16.389174302400953, 18.104489242169247, 21.362398683622303], [20.00941656613948, 12.792091787622777, 24.02663867338565], [20.058221259361805, 20.058160124918526, 20.058188313147127], [10.493481944248698, 14.488494393895845, 21.66694462483381], [21.372207265716945, 16.44197514636461, 18.395914589819196], [16.423506309508376, 13.331050442250305, 18.05194847034805], [12.767143423367111, 24.06653028306904, 20.024864087793688], [13.202063771944593, 18.077608320435818, 16.395871969750978], [18.06714783649109, 21.18802691956538, 16.423867518979105], [19.746686349705072, 13.270983642998278, 15.758654266233403], [24.02300585704332, 20.008012203673047, 12.794351299938885], [14.449604342560498, 14.449661717442277, 14.44961836354793], [15.778966212173007, 19.713375955006274, 13.324676084137252], [18.077540656148464, 16.39601611564606, 13.202462801516452]]}}