{"no_of_atoms": 208, "centre_of_mass": [0.20865719466290417, 11.606270956306602, 21.755530086589655], "maximum_diameter": {"diameter": 21.588848746513374, "atom_1": 61, "atom_2": 192}, "pore_diameter": {"diameter": 1.7140232951945875, "atom": 48}, "pore_volume": 2.636627531297866, "pore_diameter_opt": {"diameter": 1.8623952449819332, "atom_1": 29, "centre_of_mass": [0.2089540036904215, 11.606539241805438, 21.609263792844136]}, "pore_volume_opt": 3.3823160366218388, "windows": {"diameters": [1.2776935716170228, 1.2259121253795082], "centre_of_mass": [[2.094750021150377, 11.29378676149866, 21.49285268974085], [-1.5370235286301495, 11.902224838486575, 21.500960650674358]]}}