{"no_of_atoms": 208, "centre_of_mass": [6.4674415029830525, -8.841879112630647e-05, 6.974972163774008], "maximum_diameter": {"diameter": 21.206280659473634, "atom_1": 32, "atom_2": 193}, "pore_diameter": {"diameter": 1.5595951315333507, "atom": 53}, "pore_volume": 1.98625148428496, "pore_diameter_opt": {"diameter": 1.6959034821017167, "atom_1": 27, "centre_of_mass": [6.4758515767251055, -0.007423158806441923, 7.109393339861506]}, "pore_volume_opt": 2.553889002628712, "windows": {"diameters": [1.1900212217640553, 1.1900005649626029], "centre_of_mass": [[7.951699072732072, -0.3078456809983231, 7.208367270445018], [4.983553668545392, 0.3078171750678088, 7.20837497129162]]}}