{"no_of_atoms": 180, "centre_of_mass": [15.852533743950387, 10.339717045436748, 9.001500000000004], "maximum_diameter": {"diameter": 23.596328493493154, "atom_1": 99, "atom_2": 179}, "pore_diameter": {"diameter": -1.9730092583317245, "atom": 49}, "pore_volume": -4.02148072858466, "pore_diameter_opt": {"diameter": -1.9730092583317245, "atom_1": 49, "centre_of_mass": [15.852533743950387, 10.339717045436748, 9.001500000000004]}, "pore_volume_opt": -4.02148072858466, "windows": {"diameters": null, "centre_of_mass": null}}