{"no_of_atoms": 208, "centre_of_mass": [6.4674876547263445, 4.456837377549291e-05, 21.6456522139269], "maximum_diameter": {"diameter": 21.10839885150711, "atom_1": 9, "atom_2": 195}, "pore_diameter": {"diameter": 1.4233399132195195, "atom": 24}, "pore_volume": 1.5098176786472326, "pore_diameter_opt": {"diameter": 1.638588080266096, "atom_1": 25, "centre_of_mass": [6.457763816712085, -0.03941707426813338, 21.85864864784268]}, "pore_volume_opt": 2.3036049136937526, "windows": {"diameters": [1.938575867772181, 1.424635720239277], "centre_of_mass": [[6.5452114504497985, -4.079756314802702, 21.107371648038942], [6.112728558423907, 1.676153259872861, 21.982609670268168]]}}