{"no_of_atoms": 208, "centre_of_mass": [19.402457108704873, -2.4013258144839925e-05, 7.480408064897002], "maximum_diameter": {"diameter": 21.210223858307206, "atom_1": 145, "atom_2": 166}, "pore_diameter": {"diameter": 1.8591204423159442, "atom": 70}, "pore_volume": 3.364505178625043, "pore_diameter_opt": {"diameter": 1.9197890112216567, "atom_1": 27, "centre_of_mass": [19.402763361102142, 8.747123398480823e-05, 7.530079253017689]}, "pore_volume_opt": 3.704751876719617, "windows": {"diameters": [1.8855419758864458, 1.8970848316075961], "centre_of_mass": [[21.048639727151354, 1.4773651066280729, 7.2963295973908435], [17.742984176355378, -1.4712911425024082, 7.885655855173309]]}}