{"no_of_atoms": 208, "centre_of_mass": [19.577567414103672, 0.00024682301802552494, 7.541607342471773], "maximum_diameter": {"diameter": 21.39887671495085, "atom_1": 77, "atom_2": 192}, "pore_diameter": {"diameter": 1.9689494773801983, "atom": 67}, "pore_volume": 3.9967072616518227, "pore_diameter_opt": {"diameter": 2.017424736326816, "atom_1": 69, "centre_of_mass": [19.578270949929724, 0.00027889449406840323, 7.571738059220624]}, "pore_volume_opt": 4.299229677041125, "windows": {"diameters": [2.025476366858365, 2.0213846744667676], "centre_of_mass": [[17.95811199943984, -1.4844432850279892, 7.825004309043673], [21.184754153814243, 1.4881753819277856, 7.440432847116904]]}}