{"no_of_atoms": 180, "centre_of_mass": [16.351616030510435, 10.278413766504297, 9.106362939527315], "maximum_diameter": {"diameter": 23.676886553633214, "atom_1": 100, "atom_2": 179}, "pore_diameter": {"diameter": -1.8776702438423787, "atom": 65}, "pore_volume": -3.4662237528019877, "pore_diameter_opt": {"diameter": -1.8776702438423787, "atom_1": 65, "centre_of_mass": [16.351616030510435, 10.278413766504297, 9.106362939527315]}, "pore_volume_opt": -3.4662237528019877, "windows": {"diameters": null, "centre_of_mass": null}}