{"no_of_atoms": 208, "centre_of_mass": [0.18910910011634105, 11.486521844946973, 6.745861183121472], "maximum_diameter": {"diameter": 21.107979123124828, "atom_1": 12, "atom_2": 195}, "pore_diameter": {"diameter": 1.4235122350647331, "atom": 24}, "pore_volume": 1.510366119816119, "pore_diameter_opt": {"diameter": 1.6392091673165186, "atom_1": 49, "centre_of_mass": [0.18011810103476109, 11.448074766687677, 6.533014330009778]}, "pore_volume_opt": 2.306225367677348, "windows": {"diameters": [1.4510942181314168, 1.3843138903770487], "centre_of_mass": [[-0.20013266460777338, 13.243093904043663, 6.403506144646188], [0.40695264559717015, 10.12688879085982, 6.42911956089809]]}}