{"no_of_atoms": 328, "centre_of_mass": [39.152521647048495, 21.350446027898595, 7.267231363988225], "maximum_diameter": {"diameter": 21.230716778487395, "atom_1": 238, "atom_2": 259}, "pore_diameter": {"diameter": 4.845653462862357, "atom": 82}, "pore_volume": 59.57385160453946, "pore_diameter_opt": {"diameter": 4.85588300840524, "atom_1": 82, "centre_of_mass": [39.144650732876215, 21.362453617802995, 7.267211235120705]}, "pore_volume_opt": 59.951943552238404, "windows": {"diameters": [], "centre_of_mass": []}}