{"no_of_atoms": 328, "centre_of_mass": [27.443241769088456, 31.348001983843783, 18.41228358752961], "maximum_diameter": {"diameter": 21.196368817416214, "atom_1": 238, "atom_2": 259}, "pore_diameter": {"diameter": 4.9142363008145935, "atom": 213}, "pore_volume": 62.13935332956724, "pore_diameter_opt": {"diameter": 4.934632818799605, "atom_1": 213, "centre_of_mass": [27.442977328257474, 31.330114539992202, 18.436150403969652]}, "pore_volume_opt": 62.91629653254498, "windows": {"diameters": [], "centre_of_mass": []}}