{"no_of_atoms": 328, "centre_of_mass": [18.793536491688187, 17.256419756334047, 21.648912732432336], "maximum_diameter": {"diameter": 21.19651739331074, "atom_1": 237, "atom_2": 260}, "pore_diameter": {"diameter": 4.914431070539196, "atom": 84}, "pore_volume": 62.14674207342242, "pore_diameter_opt": {"diameter": 4.933735135523046, "atom_1": 199, "centre_of_mass": [18.809472021905158, 17.230737022129542, 21.649038076792635]}, "pore_volume_opt": 62.88196654150312, "windows": {"diameters": [], "centre_of_mass": []}}