{"no_of_atoms": 328, "centre_of_mass": [30.685087463310914, 7.168142616086322, 10.536336873109773], "maximum_diameter": {"diameter": 21.231284418642215, "atom_1": 237, "atom_2": 260}, "pore_diameter": {"diameter": 4.845634692701378, "atom": 199}, "pore_volume": 59.573159310014994, "pore_diameter_opt": {"diameter": 4.8553561398198894, "atom_1": 199, "centre_of_mass": [30.685395189764797, 7.176412477893309, 10.525414910010928]}, "pore_volume_opt": 59.93243111636053, "windows": {"diameters": [], "centre_of_mass": []}}