{"no_of_atoms": 352, "centre_of_mass": [7.290218569491892, 10.309918556558987, 17.857290109520175], "maximum_diameter": {"diameter": 23.94683819809969, "atom_1": 66, "atom_2": 327}, "pore_diameter": {"diameter": 3.39280690318582, "atom": 4}, "pore_volume": 20.449187243854933, "pore_diameter_opt": {"diameter": 3.3939834731604344, "atom_1": 185, "centre_of_mass": [7.2896017093808885, 10.30990873364244, 17.857403949598385]}, "pore_volume_opt": 20.470468953908803, "windows": {"diameters": [1.1827390850777175, 2.4667178403569916, 2.0310534040017454, 2.4243247359776645], "centre_of_mass": [[8.852826559252929, 12.519813395193198, 21.685427204476206], [3.4931474030062626, 10.650508551174198, 17.965132816156878], [7.601439655431377, 8.166248494233733, 17.499034847198168], [8.855157727989251, 12.106566395210484, 14.929858347959938]]}}