{"no_of_atoms": 328, "centre_of_mass": [18.255318281767686, 17.18618838458697, 21.801949281090785], "maximum_diameter": {"diameter": 21.23020922877125, "atom_1": 237, "atom_2": 260}, "pore_diameter": {"diameter": 4.846194401265407, "atom": 199}, "pore_volume": 59.5938051868681, "pore_diameter_opt": {"diameter": 4.846350812987216, "atom_1": 199, "centre_of_mass": [18.25539415748921, 17.18620537759387, 21.80194079256319]}, "pore_volume_opt": 59.59957557271242, "windows": {"diameters": [], "centre_of_mass": []}}