{"no_of_atoms": 352, "centre_of_mass": [1.1002451137877174, 1.5561466466139608, 2.6958292939821744], "maximum_diameter": {"diameter": 23.94621479756552, "atom_1": 59, "atom_2": 197}, "pore_diameter": {"diameter": 3.393155048921636, "atom": 298}, "pore_volume": 20.45548294069214, "pore_diameter_opt": {"diameter": 3.3938323888835886, "atom_1": 55, "centre_of_mass": [1.1006516152962655, 1.555928152740634, 2.695644521972107]}, "pore_volume_opt": 20.46773532687472, "windows": {"diameters": [1.1793447720600052, 2.39544653428128, 1.9693957493280165, 2.0210117027217227], "centre_of_mass": [[2.6531505895093863, 3.7517451775279334, 6.497920738481508], [-2.6319237392633577, 1.4657767840978708, 3.01795610511123], [1.7713770525993713, -0.5635368870659863, 2.190655719124089], [1.4204213302314697, 2.3306890424195164, 0.6515764691813493]]}}