{"no_of_atoms": 168, "centre_of_mass": [-0.3290919140175677, 9.715871953439681, 7.460409452981337e-06], "maximum_diameter": {"diameter": 26.65239501445522, "atom_1": 59, "atom_2": 146}, "pore_diameter": {"diameter": 4.46507099469331, "atom": 82}, "pore_volume": 46.610496382579576, "pore_diameter_opt": {"diameter": 4.465816248716418, "atom_1": 82, "centre_of_mass": [-0.3290514862558612, 9.716209891096696, 0.00015916613050677783]}, "pore_volume_opt": 46.63383920834153, "windows": {"diameters": [4.49409467376406, 4.701477194859018], "centre_of_mass": [[-0.4585984722581188, 9.606139991000939, 0.27989604557226616], [-1.122200891151614, 10.128051317705072, -0.9888083411840299]]}}