{"no_of_atoms": 212, "centre_of_mass": [4.930160121640893, 8.081151834932438, 3.2215510609483415e-16], "maximum_diameter": {"diameter": 26.42812366788062, "atom_1": 56, "atom_2": 191}, "pore_diameter": {"diameter": 4.806488606404338, "atom": 92}, "pore_volume": 58.1409834863066, "pore_diameter_opt": {"diameter": 4.806926666771647, "atom_1": 92, "centre_of_mass": [4.930349948629928, 8.081260825326972, -7.8121370397292e-06]}, "pore_volume_opt": 58.15688173385727, "windows": {"diameters": [5.082543722264845, 4.59116776898234], "centre_of_mass": [[4.801255840717138, 8.393514821870616, 4.4322912271789265], [4.859591036692382, 8.152461806746388, -2.1291005420704616]]}}