{"no_of_atoms": 31, "centre_of_mass": [10.341138836067868, 15.972304002243723, 7.516792124526714], "maximum_diameter": {"diameter": 9.463841362907363, "atom_1": 18, "atom_2": 28}, "pore_diameter": {"diameter": -1.8901458627190098, "atom": 16}, "pore_volume": -3.535774687078737, "pore_diameter_opt": {"diameter": -1.8901458627190098, "atom_1": 16, "centre_of_mass": [10.341138836067868, 15.972304002243723, 7.516792124526714]}, "pore_volume_opt": -3.535774687078737, "windows": {"diameters": null, "centre_of_mass": null}}