{"no_of_atoms": 358, "centre_of_mass": [12.290532786971617, 7.095940576557348, 2.824872611809814], "maximum_diameter": {"diameter": 27.067430489702893, "atom_1": 116, "atom_2": 347}, "pore_diameter": {"diameter": 5.107975872831181, "atom": 89}, "pore_volume": 69.78227661770984, "pore_diameter_opt": {"diameter": 5.445897640737131, "atom_1": 148, "centre_of_mass": [12.284008805946995, 7.098119043337996, 2.490271295802164]}, "pore_volume_opt": 84.56819183826427, "windows": {"diameters": [2.797896812063677, 3.488958472495623, 3.4878625038929134, 3.7236041224399625], "centre_of_mass": [[12.290360317834924, 7.09544586547605, 6.923990330411968], [15.905634348837268, 9.233786977590771, 1.0720488892675604], [12.334069542758312, 2.9226302664283432, 1.0811497557636771], [7.9440490698532, 9.540862995205135, 0.7985294803923857]]}}