{"no_of_atoms": 30, "centre_of_mass": [-5.478, 9.488197299582813, 9.009368466944789], "maximum_diameter": {"diameter": 6.8677906160081434, "atom_1": 13, "atom_2": 19}, "pore_diameter": {"diameter": -1.807744611646562, "atom": 6}, "pore_volume": -3.093213161549591, "pore_diameter_opt": {"diameter": -1.807744611646562, "atom_1": 6, "centre_of_mass": [-5.478, 9.488197299582813, 9.009368466944789]}, "pore_volume_opt": -3.093213161549591, "windows": {"diameters": null, "centre_of_mass": null}}