{"no_of_atoms": 786, "centre_of_mass": [9.4738183804592, 11.709750393898213, 40.28553477701494], "maximum_diameter": {"diameter": 32.02381376432979, "atom_1": 3, "atom_2": 768}, "pore_diameter": {"diameter": 2.6439639243713358, "atom": 585}, "pore_volume": 9.67754496010382, "pore_diameter_opt": {"diameter": 2.7758740055080593, "atom_1": 312, "centre_of_mass": [9.514838577259113, 11.672130538992878, 40.25014878234179]}, "pore_volume_opt": 11.199480354113073, "windows": {"diameters": [2.617430062466265, 1.1900660419367068, 1.1869964974866818, 2.639523027955986, 1.093511825174819, 1.1204754459164574], "centre_of_mass": [[11.463991095084525, 13.648013649126394, 42.52849322165857], [7.620955281940151, 11.238603670777232, 41.91033742726587], [9.972138079954783, 10.191629074968528, 41.54561975478873], [7.384548315954443, 9.670185770244169, 37.9225554130457], [11.113188972852823, 11.111605494480878, 39.3578238181724], [10.275950210362906, 12.935071738938582, 39.019707627549316]]}}