{"no_of_atoms": 786, "centre_of_mass": [33.287180467647254, 12.103596337781493, 26.75143761784724], "maximum_diameter": {"diameter": 32.02381376432979, "atom_1": 97, "atom_2": 772}, "pore_diameter": {"diameter": 2.644307081894104, "atom": 318}, "pore_volume": 9.681313566810955, "pore_diameter_opt": {"diameter": 2.7752293784877113, "atom_1": 265, "centre_of_mass": [33.24986121318069, 12.062862773550721, 26.71632037039752]}, "pore_volume_opt": 11.191679771787411, "windows": {"diameters": [2.471764017637095, 1.2018167649850207, 0.8135277653267474, 2.5068919357849624, 1.3325542559968082, 1.1271498532241795], "centre_of_mass": [[33.89561912525442, 11.47036282403551, 27.535843332204035], [32.78572618431131, 13.792694400973167, 28.685992899323775], [35.00207223023713, 13.201955839640087, 26.642782694317834], [31.529846524503743, 13.912103472140219, 24.75569282688098], [32.3803670567431, 9.726090400493305, 25.756897535973685], [34.60076241058915, 11.255944384630439, 25.388262495410086]]}}