{"no_of_atoms": 240, "centre_of_mass": [8.222636653112126, 15.407904758472863, 12.857562254720744], "maximum_diameter": {"diameter": 44.68877364440135, "atom_1": 110, "atom_2": 203}, "pore_diameter": {"diameter": 0.8148496327930106, "atom": 238}, "pore_volume": 0.2832898698137367, "pore_diameter_opt": {"diameter": 0.8888355301939992, "atom_1": 238, "centre_of_mass": [8.196440454979356, 15.434100949260776, 12.85683727979492]}, "pore_volume_opt": 0.3676739344232679, "windows": {"diameters": [1.24515711123159, 6.802898599905694e+42, 1.2907014713610923], "centre_of_mass": [[8.72515503725113, 15.70204718623176, 13.700865025153522], [4.8500630253210105e+41, 3.013220290720569e+42, 1.5017089286022438e+42], [7.821594437310247, 15.191892990745783, 12.32776705503433]]}}