{"no_of_atoms": 376, "centre_of_mass": [21.76050757382173, 26.299795593387135, 28.194390257870477], "maximum_diameter": {"diameter": 34.401601971161355, "atom_1": 220, "atom_2": 353}, "pore_diameter": {"diameter": 6.800023278571958, "atom": 136}, "pore_volume": 164.63790102171228, "pore_diameter_opt": {"diameter": 6.800027709224645, "atom_1": 179, "centre_of_mass": [21.760505800383267, 26.2997967918566, 28.19439083301246]}, "pore_volume_opt": 164.6382228384785, "windows": {"diameters": [3.0818016026697213, 3.3561728649609512, 3.0591087217614112, 4.785334058067235, 3.8737789098940643, 3.532085896288162, 2.5432709717292696, 2.532705168572861, 3.900639526673236, 4.764266676370003, 3.608986021446753, 3.057247636537818, 3.07634661261883, 3.272840386520787], "centre_of_mass": [[20.16328094655118, 25.132465826566992, 32.19354010664422], [24.156837845866534, 25.916662974054542, 32.38761304799591], [20.674082109826337, 29.378826600580247, 30.695386917162807], [24.46717972729441, 29.372847047105683, 30.169606339085046], [23.671567258519936, 22.461920280629418, 29.584860731284273], [21.187880637781813, 22.549483145964725, 29.79996283235014], [17.18523399202293, 25.853841358792845, 28.726597903051456], [26.25892904405908, 26.73875981836493, 27.675877291574018], [19.780478745771923, 30.22982320388635, 26.769800375045012], [19.223462695688823, 23.428428781024074, 26.34233180745027], [23.726518682733722, 34.11595880422488, 24.867742161363328], [22.851901824954695, 23.211786036627124, 25.68540259919771], [23.24722220443651, 27.41812448409682, 24.40324476949914], [19.62771864666984, 26.67963827953123, 24.429350953537835]]}}