{"no_of_atoms": 468, "centre_of_mass": [7.041142183391856, -3.8197485327646154e-05, 16.538669581760903], "maximum_diameter": {"diameter": 31.72325227771705, "atom_1": 59, "atom_2": 406}, "pore_diameter": {"diameter": 6.72032309692778, "atom": 166}, "pore_volume": 158.91653327947796, "pore_diameter_opt": {"diameter": 6.721016673357827, "atom_1": 31, "centre_of_mass": [7.041000013682882, -0.0004064192992869791, 16.538535792684012]}, "pore_volume_opt": 158.96574168927575, "windows": {"diameters": [4.005869874715206, 3.9871461418326084, 3.085789076855356, 2.9632475969929963, 3.7466451411487207, 3.0040904402518134, 2.6549433897114354, 2.6621534836467284, 4.00871189427717, 4.008011208214452, 3.9881541198477746, 6.6158471713015, 3.026419116290925, 3.0037959313858615], "centre_of_mass": [[4.773389629843795, 0.26750756498741524, 19.981850125246297], [9.1270770323702, 0.27203556482625924, 19.80226019054824], [8.681091142150656, 3.5953604544118902, 19.840703494092125], [5.698434329130435, 3.1278212395649243, 19.472843768213213], [3.6210026390878323, -8.170649312908301, 19.271448787415935], [8.241434536550399, -3.843503074431266, 17.674798274370254], [2.894914115036646, -0.0004049301709589153, 16.538579535220936], [11.2701472252037, -0.00044865087278123485, 16.53852172310722], [4.746219119725506, 2.8763740537437776, 14.571302687356887], [9.313725994668935, 2.8524731438915674, 14.583108578025888], [4.974726307519625, -2.9451605202786135, 15.152570152625668], [12.314328672727907, -5.368221220020316, 11.751110719821208], [8.203256680897416, 0.9276037230547798, 12.716416417385307], [5.838890893831896, 0.9383243863772744, 12.63835369416109]]}}