{"no_of_atoms": 456, "centre_of_mass": [0.00017709604493039606, 0.00017709604493268015, 0.00017709604493259677], "maximum_diameter": {"diameter": 28.594839072081825, "atom_1": 20, "atom_2": 368}, "pore_diameter": {"diameter": 7.577824497314621, "atom": 174}, "pore_volume": 227.8411954533304, "pore_diameter_opt": {"diameter": 7.578096897043297, "atom_1": 385, "centre_of_mass": [-0.00012450797879898264, -4.810890414977585e-09, -4.8108904983800485e-09]}, "pore_volume_opt": 227.8657669293044, "windows": {"diameters": [2.2545739981700836, 3.301695632824672, 3.311011998375157, 3.7270710975853913, 3.3116162548499104, 2.2565814502838433, 2.2502996889010602, 2.2576323552268476, 2.250362791863998, 3.7341879960736466, 3.309456971641748, 3.3022104051136254, 3.306439746820518, 2.2538869837200957], "centre_of_mass": [[3.141005651627294e-05, -6.790690500878346e-06, 4.843942243890635], [-2.5410656054434115, 2.5410950296868715, 2.541059794004286], [2.6170234463605437, 2.616984440799529, 2.6169759406746733], [5.100165071899334, -5.099565670672356, 5.100152757705377], [-2.6200852095495555, -2.620127474169397, 2.620125666832604], [-4.863044112548296, -1.7234338516046227e-05, -1.0475990185977642e-05], [-3.7867371954214846e-05, 4.788911638503829, -2.365026561828429e-05], [4.872503921864676, 2.9494136098755447e-05, 2.4199459727265808e-05], [-3.527690106704855e-05, -4.789904537402578, -1.706198286594704e-05], [-5.136171989482923, 5.1368834024435275, -5.1362582312846], [2.608442369372338, -2.608406527000066, -2.6084206076270666], [-2.5497983984046244, -2.5498424679047114, -2.5497825283757884], [2.589642734223404, 2.5895845611894663, -2.5896209716170566], [1.8589443380034166e-05, -1.9569097547881355e-05, -4.836398731463304]]}}