{"no_of_atoms": 273, "centre_of_mass": [13.811518288086061, 7.974094245919707, 25.959559628375526], "maximum_diameter": {"diameter": 30.757055236675452, "atom_1": 159, "atom_2": 235}, "pore_diameter": {"diameter": 7.9428320727709885, "atom": 157}, "pore_volume": 262.37639745281115, "pore_diameter_opt": {"diameter": 7.943297739295568, "atom_1": 157, "centre_of_mass": [13.811343096007771, 7.9742751039119595, 25.959519153778913]}, "pore_volume_opt": 262.42254739047615, "windows": {"diameters": [6.202298715532278, 6.357246027008344, 6.442355568909337, 6.36070368327251], "centre_of_mass": [[13.81179565200913, 7.974219302616337, 30.547790245787596], [14.4558738696912, 3.8893402595676303, 24.108905358708938], [9.42691616893481, 9.663125232647827, 23.933040960516283], [17.086093560126297, 10.622081011184871, 24.08543216368487]]}}