{"no_of_atoms": 354, "centre_of_mass": [4.777233940083494, 5.50873622005992, 6.505853432136063], "maximum_diameter": {"diameter": 33.52570048214066, "atom_1": 332, "atom_2": 348}, "pore_diameter": {"diameter": 0.3012478056830252, "atom": 267}, "pore_volume": 0.014314306058870624, "pore_diameter_opt": {"diameter": 0.6706605606472649, "atom_1": 290, "centre_of_mass": [4.64527583292311, 5.358112317218408, 6.355229529294551]}, "pore_volume_opt": 0.15794537935582093, "windows": {"diameters": null, "centre_of_mass": null}}