{"no_of_atoms": 340, "centre_of_mass": [9.269983372237178, 5.352042937629353, 38.393205341749685], "maximum_diameter": {"diameter": 23.73548958274292, "atom_1": 229, "atom_2": 242}, "pore_diameter": {"diameter": 4.088486060245113, "atom": 18}, "pore_volume": 35.78377763256944, "pore_diameter_opt": {"diameter": 4.210192874075446, "atom_1": 277, "centre_of_mass": [9.26982624757523, 5.352204716480744, 38.519490338442786]}, "pore_volume_opt": 39.07550486035898, "windows": {"diameters": [1.45959652859228, 1.44841516889467], "centre_of_mass": [[14.337597592101627, 3.9986034363985725, 36.39729324108968], [5.858076869253865, 2.050361166583754, 36.54921438103519]]}}