{"no_of_atoms": 340, "centre_of_mass": [18.53986968964039, 10.703977790893989, 7.258549017299459], "maximum_diameter": {"diameter": 23.775186166498745, "atom_1": 169, "atom_2": 325}, "pore_diameter": {"diameter": 4.184569330779773, "atom": 185}, "pore_volume": 38.36638897144392, "pore_diameter_opt": {"diameter": 4.2352815023959, "atom_1": 233, "centre_of_mass": [18.539852662655246, 10.704279139146392, 7.221450445708022]}, "pore_volume_opt": 39.77823111258552, "windows": {"diameters": [1.229026522964841, 1.6188558300626532, 1.6219618848162312, 1.624533726326606], "centre_of_mass": [[18.54035595027063, 10.704600517003854, 12.068270160018304], [17.516716874099266, 13.488286877436618, 6.178319339699508], [21.47494175269501, 10.197758934459642, 6.172961420950359], [16.628118068490192, 8.4067757094796, 6.168423413684984]]}}