{"no_of_atoms": 340, "centre_of_mass": [4.431026117926399, 14.372525064270905, 21.34467570933222], "maximum_diameter": {"diameter": 24.03226509998449, "atom_1": 195, "atom_2": 330}, "pore_diameter": {"diameter": 3.780696227241694, "atom": 8}, "pore_volume": 28.295278575357013, "pore_diameter_opt": {"diameter": 4.126578973960967, "atom_1": 8, "centre_of_mass": [4.403125099584492, 14.538482706802958, 21.395758697635802]}, "pore_volume_opt": 36.79333081705194, "windows": {"diameters": [1.3293360285349656, 2.033991913290166], "centre_of_mass": [[4.4921757458701395, 14.814975956263837, 25.904055417164418], [5.827826446578426, 19.110399472519056, 19.933250185473035]]}}