{"no_of_atoms": 340, "centre_of_mass": [13.651026466608188, 7.030281334836701, 35.66497704335776], "maximum_diameter": {"diameter": 24.033039890561632, "atom_1": 4, "atom_2": 338}, "pore_diameter": {"diameter": 3.778711763355662, "atom": 90}, "pore_volume": 28.250745912344623, "pore_diameter_opt": {"diameter": 4.165882152674087, "atom_1": 90, "centre_of_mass": [13.664177819003177, 6.840761427495778, 35.61782863496467]}, "pore_volume_opt": 37.854678564310255, "windows": {"diameters": [2.040410573797098, 1.7768184443540354, 1.3440666929509306], "centre_of_mass": [[15.036646319863518, 2.358568389937834, 37.05647853284813], [13.381231213913718, 5.185301741689102, 32.35991450210962], [13.923654807286091, 6.449388125136444, 30.278274213013276]]}}