{"no_of_atoms": 348, "centre_of_mass": [19.448744951192523, 11.228664396625032, 8.987790399961872], "maximum_diameter": {"diameter": 26.139195061604216, "atom_1": 156, "atom_2": 310}, "pore_diameter": {"diameter": 8.715566457049329, "atom": 230}, "pore_volume": 346.6454296692185, "pore_diameter_opt": {"diameter": 8.715643432940496, "atom_1": 71, "centre_of_mass": [19.44874385918656, 11.228727064990165, 8.98779002100598]}, "pore_volume_opt": 346.65461446862327, "windows": {"diameters": [6.789674162480981, 6.5838565184410776, 6.58942074102232], "centre_of_mass": [[14.748339057895917, 11.155920784785271, 9.264414597334806], [22.521059305370017, 16.214912014061134, 8.351488305214064], [22.554080469144623, 6.192846304135638, 9.637518284185495]]}}