{"no_of_atoms": 180, "centre_of_mass": [8.582126026455697, 11.363181991094573, 44.34336225920316], "maximum_diameter": {"diameter": 23.943007851146696, "atom_1": 44, "atom_2": 170}, "pore_diameter": {"diameter": 2.7282161833023846, "atom": 27}, "pore_volume": 10.632489550763575, "pore_diameter_opt": {"diameter": 2.8118822863904933, "atom_1": 130, "centre_of_mass": [8.573928338163858, 11.305971684817488, 44.390594331875235]}, "pore_volume_opt": 11.640993051052122, "windows": {"diameters": [5.16098346992293e+43, 3.028392292478671, 2.809133319854004, 7.275913748188905e+43, 1.5253110212677953e+43], "centre_of_mass": [[-2.5301552481904227e+43, -8.569873421065724e+41, 4.99907732700332e+42], [8.01775448410971, 11.39110578408353, 44.5210225362732], [9.054672820369289, 11.23210943737294, 44.2734504263454], [-3.4059667252231634e+43, 1.1387629056589383e+43, 5.808097185299958e+42], [-7.578084157883636e+42, -8.295142592854884e+41, 2.2110942924315695e+41]]}}