{"no_of_atoms": 180, "centre_of_mass": [0.005860223738136211, 14.80181800890543, 8.01897767123701], "maximum_diameter": {"diameter": 23.942122155893088, "atom_1": 47, "atom_2": 175}, "pore_diameter": {"diameter": 2.7275478511595495, "atom": 31}, "pore_volume": 10.624677529916971, "pore_diameter_opt": {"diameter": 2.81383863994769, "atom_1": 125, "centre_of_mass": [0.014580675835802696, 14.85934898062337, 7.973728600846459]}, "pore_volume_opt": 11.665307454375094, "windows": {"diameters": [2.805336783683156, 2.551256884092779e+43, 2.538651500351171e+43, 3.041341003551125, 1.0014851590014124e+44], "centre_of_mass": [[-0.44421412757144196, 14.929726054481794, 8.083302624545269], [1.2266567793270903e+43, -1.129903107764886e+41, -3.498762635351174e+42], [1.1588732765809558e+43, -3.414564819411934e+42, -3.893687966769754e+42], [0.592793581228342, 14.770723483460069, 7.835604819691034], [4.663787325652575e+43, 9.361799466338919e+42, -1.5642787414988015e+43]]}}