{"no_of_atoms": 21, "centre_of_mass": [-0.13580695923542035, 14.650898131460897, 24.017486842207923], "maximum_diameter": {"diameter": 8.336887956322908, "atom_1": 13, "atom_2": 17}, "pore_diameter": {"diameter": -1.928316147492754, "atom": 5}, "pore_volume": -3.754337715418944, "pore_diameter_opt": {"diameter": -1.928316147492754, "atom_1": 5, "centre_of_mass": [-0.13580695923542035, 14.650898131460897, 24.017486842207923]}, "pore_volume_opt": -3.754337715418944, "windows": {"diameters": null, "centre_of_mass": null}}