{"no_of_atoms": 21, "centre_of_mass": [2.3037832572654575, 23.894291632533648, 15.2657972693583], "maximum_diameter": {"diameter": 8.366753995432502, "atom_1": 17, "atom_2": 19}, "pore_diameter": {"diameter": -1.9268528029786012, "atom": 11}, "pore_volume": -3.745797018285742, "pore_diameter_opt": {"diameter": -1.9268528029786012, "atom_1": 11, "centre_of_mass": [2.3037832572654575, 23.894291632533648, 15.2657972693583]}, "pore_volume_opt": -3.745797018285742, "windows": {"diameters": null, "centre_of_mass": null}}