{"no_of_atoms": 21, "centre_of_mass": [12.735643339831324, 27.16119044147829, 7.40248684220792], "maximum_diameter": {"diameter": 8.336887956322897, "atom_1": 2, "atom_2": 13}, "pore_diameter": {"diameter": -1.9284390528545172, "atom": 5}, "pore_volume": -3.7550556334529306, "pore_diameter_opt": {"diameter": -1.9284390528545172, "atom_1": 5, "centre_of_mass": [12.735643339831324, 27.16119044147829, 7.40248684220792]}, "pore_volume_opt": -3.7550556334529306, "windows": {"diameters": null, "centre_of_mass": null}}