{"no_of_atoms": 21, "centre_of_mass": [-2.588171464752955, 16.332991138008108, 0.3281755896878486], "maximum_diameter": {"diameter": 8.298382288140084, "atom_1": 7, "atom_2": 13}, "pore_diameter": {"diameter": -1.7987245146397157, "atom": 1}, "pore_volume": -3.0471412282403225, "pore_diameter_opt": {"diameter": -1.7987245146397157, "atom_1": 1, "centre_of_mass": [-2.588171464752955, 16.332991138008108, 0.3281755896878486]}, "pore_volume_opt": -3.0471412282403225, "windows": {"diameters": null, "centre_of_mass": null}}