{"no_of_atoms": 21, "centre_of_mass": [12.271569853715624, 3.7948599024770826, 7.294689557245955], "maximum_diameter": {"diameter": 8.332555457548441, "atom_1": 5, "atom_2": 19}, "pore_diameter": {"diameter": -1.9279416748581313, "atom": 6}, "pore_volume": -3.752150900148198, "pore_diameter_opt": {"diameter": -1.9279416748581313, "atom_1": 6, "centre_of_mass": [12.271569853715624, 3.7948599024770826, 7.294689557245955]}, "pore_volume_opt": -3.752150900148198, "windows": {"diameters": null, "centre_of_mass": null}}