{"no_of_atoms": 444, "centre_of_mass": [-2.6467477898235985, 25.161815430769053, 27.064905759357533], "maximum_diameter": {"diameter": 28.869005564089495, "atom_1": 259, "atom_2": 437}, "pore_diameter": {"diameter": 3.312195532647109, "atom": 35}, "pore_volume": 19.025957554623396, "pore_diameter_opt": {"diameter": 3.8605732451656602, "atom_1": 406, "centre_of_mass": [-2.8881190822129974, 25.343954409889314, 27.11176129679007]}, "pore_volume_opt": 30.126869901490164, "windows": {"diameters": [0.819079073297992], "centre_of_mass": [[-5.022343468628971, 28.464041775416558, 24.54661647673503]]}}