{"no_of_atoms": 448, "centre_of_mass": [2.7490284989137743, 28.23750177041335, 7.535275078615873], "maximum_diameter": {"diameter": 29.18730315353411, "atom_1": 351, "atom_2": 415}, "pore_diameter": {"diameter": 3.3588185117477782, "atom": 358}, "pore_volume": 19.840756929330116, "pore_diameter_opt": {"diameter": 3.7016118727328133, "atom_1": 358, "centre_of_mass": [2.937799971354627, 28.174151103824556, 7.478454038901311]}, "pore_volume_opt": 26.55652591917068, "windows": {"diameters": [0.9465959309881358], "centre_of_mass": [[5.3539988678392225, 24.701357535790258, 4.702836171332355]]}}