{"no_of_atoms": 306, "centre_of_mass": [28.609098951615042, 10.31919003345256, 17.598922021202373], "maximum_diameter": {"diameter": 30.167557592616046, "atom_1": 297, "atom_2": 303}, "pore_diameter": {"diameter": 2.206626494072056, "atom": 194}, "pore_volume": 5.625810601586176, "pore_diameter_opt": {"diameter": 3.0519014444857246, "atom_1": 199, "centre_of_mass": [28.609439243771785, 10.31891020070189, 18.13359186865253]}, "pore_volume_opt": 14.883673575353018, "windows": {"diameters": [4.752116055866852, 4.812875265928941], "centre_of_mass": [[27.02347413107483, 7.298440405505947, 17.73309295641277], [30.442413740793235, 13.296281270757227, 17.619741496156195]]}}