{"no_of_atoms": 24, "centre_of_mass": [2.5036556136342942, 23.141505337147798, 20.29250820863199], "maximum_diameter": {"diameter": 12.767390570360142, "atom_1": 3, "atom_2": 21}, "pore_diameter": {"diameter": -2.9706647416693355, "atom": 9}, "pore_volume": -13.726491559912416, "pore_diameter_opt": {"diameter": -2.9706647416693355, "atom_1": 9, "centre_of_mass": [2.5036556136342942, 23.141505337147798, 20.29250820863199]}, "pore_volume_opt": -13.726491559912416, "windows": {"diameters": null, "centre_of_mass": null}}