{"no_of_atoms": 172, "centre_of_mass": [12.416431991512336, 3.8129107644935774, 23.073316885320253], "maximum_diameter": {"diameter": 27.63897237011949, "atom_1": 5, "atom_2": 165}, "pore_diameter": {"diameter": 6.559133881036743, "atom": 144}, "pore_volume": 147.7536128365559, "pore_diameter_opt": {"diameter": 7.981598138077938, "atom_1": 144, "centre_of_mass": [11.660223416390478, 3.931687591096034, 22.866404177824382]}, "pore_volume_opt": 266.2368682398335, "windows": {"diameters": [6.115455797060447, 6.2206599204854065, 6.553254775464033, 6.357697650494572], "centre_of_mass": [[14.690387045312981, 6.218867743092078, 25.500896014256842], [10.601276568875772, 0.7808755622063885, 25.395045808319757], [8.526042895355086, 6.18524775422444, 22.567289660782116], [13.610712093712465, 2.405844976448062, 18.667688392620363]]}}