{"no_of_atoms": 116, "centre_of_mass": [14.98239360251158, 15.029204507405614, 0.0008637959707520166], "maximum_diameter": {"diameter": 30.452062447882916, "atom_1": 49, "atom_2": 85}, "pore_diameter": {"diameter": 4.121055222219962, "atom": 97}, "pore_volume": 36.64577617281452, "pore_diameter_opt": {"diameter": 4.1213993272885325, "atom_1": 97, "centre_of_mass": [14.982377123517164, 15.029365381360376, 0.0009225334221347497]}, "pore_volume_opt": 36.654956625099814, "windows": {"diameters": [4.156286489005577, 4.1833848140019665], "centre_of_mass": [[15.407672953598523, 15.290232541231815, -0.4641470129800094], [14.600111477608468, 14.893700067578102, 0.26521847866652815]]}}