{"no_of_atoms": 150, "centre_of_mass": [16.858204420044252, 16.077634316383502, 20.038562769438496], "maximum_diameter": {"diameter": 22.242070272341973, "atom_1": 17, "atom_2": 134}, "pore_diameter": {"diameter": 4.4461036465315775, "atom": 54}, "pore_volume": 46.01902046348889, "pore_diameter_opt": {"diameter": 4.715631794239371, "atom_1": 54, "centre_of_mass": [16.77988455938611, 15.900757640259245, 20.107128421584175]}, "pore_volume_opt": 54.905807596430755, "windows": {"diameters": [3.7260359370692835, 3.5733632032425713, 4.018926357956998, 3.351389775098736], "centre_of_mass": [[15.658103929722051, 14.178348200365631, 21.093685800531922], [19.10577308868428, 15.244996756644978, 20.152768069796572], [13.48067062826925, 18.818227540657766, 19.97939235357522], [17.420242579684988, 17.67386304049306, 19.051905674036245]]}}