{"no_of_atoms": 130, "centre_of_mass": [2.5671857592913527, 6.659500000000007, 10.194999999999997], "maximum_diameter": {"diameter": 18.582798206403687, "atom_1": 12, "atom_2": 121}, "pore_diameter": {"diameter": 1.5632203718236046, "atom": 15}, "pore_volume": 2.00013468275852, "pore_diameter_opt": {"diameter": 1.5632203718236046, "atom_1": 15, "centre_of_mass": [2.5671857592913527, 6.659500000000007, 10.194999999999997]}, "pore_volume_opt": 2.00013468275852, "windows": {"diameters": [0.7500830051694316], "centre_of_mass": [[4.004555607928299, 6.732619911533417, 10.539825973658129]]}}