{"no_of_atoms": 150, "centre_of_mass": [24.26058908039959, 24.730374988455445, 8.908660287383167], "maximum_diameter": {"diameter": 22.12370472103917, "atom_1": 5, "atom_2": 145}, "pore_diameter": {"diameter": 4.641520081908718, "atom": 57}, "pore_volume": 52.357550914182305, "pore_diameter_opt": {"diameter": 4.681413568864178, "atom_1": 80, "centre_of_mass": [24.227819869156896, 24.717653573797286, 8.883925621088027]}, "pore_volume_opt": 53.71921418009957, "windows": {"diameters": [3.564014839594185, 3.404713237256099, 3.619338307997022, 3.579318094515686], "centre_of_mass": [[23.056588234072397, 22.84256768886419, 9.61767107374537], [26.01574751157973, 23.896798739841664, 9.422295580923596], [25.491887621898776, 26.831622531888755, 8.415714301264886], [21.92698211554634, 25.91830505754197, 8.468406293467163]]}}