{"no_of_atoms": 21, "centre_of_mass": [4.617992479135619, 2.874694199042056, 17.34779566830109], "maximum_diameter": {"diameter": 8.599710899358245, "atom_1": 3, "atom_2": 20}, "pore_diameter": {"diameter": -1.87346172441567, "atom": 7}, "pore_volume": -3.4429688734471275, "pore_diameter_opt": {"diameter": -1.87346172441567, "atom_1": 7, "centre_of_mass": [4.617992479135619, 2.874694199042056, 17.34779566830109]}, "pore_volume_opt": -3.4429688734471275, "windows": {"diameters": null, "centre_of_mass": null}}