{"no_of_atoms": 21, "centre_of_mass": [15.379301814100634, 17.58859022896034, 12.116204331698917], "maximum_diameter": {"diameter": 8.599710899358241, "atom_1": 2, "atom_2": 20}, "pore_diameter": {"diameter": -1.8733697904148086, "atom": 7}, "pore_volume": -3.442462041041052, "pore_diameter_opt": {"diameter": -1.8733697904148086, "atom_1": 7, "centre_of_mass": [15.379301814100634, 17.58859022896034, 12.116204331698917]}, "pore_volume_opt": -3.442462041041052, "windows": {"diameters": null, "centre_of_mass": null}}