{"no_of_atoms": 544, "centre_of_mass": [13.519254161765426, 7.805357737707232, 5.519226984210423], "maximum_diameter": {"diameter": 28.313908131725444, "atom_1": 146, "atom_2": 509}, "pore_diameter": {"diameter": 4.9927519428437055, "atom": 51}, "pore_volume": 65.16562881516094, "pore_diameter_opt": {"diameter": 4.993166448789603, "atom_1": 205, "centre_of_mass": [13.51911312950214, 7.805493695974631, 5.519159315458352]}, "pore_volume_opt": 65.18186061489163, "windows": {"diameters": [], "centre_of_mass": []}}