{"no_of_atoms": 364, "centre_of_mass": [11.004901801523731, 24.389732163791383, 24.389732163791397], "maximum_diameter": {"diameter": 28.036094840700713, "atom_1": 132, "atom_2": 331}, "pore_diameter": {"diameter": 4.125092675717298, "atom": 182}, "pore_volume": 36.753588815917624, "pore_diameter_opt": {"diameter": 4.348206545754998, "atom_1": 182, "centre_of_mass": [11.318021160355359, 24.389913266298894, 24.389438597435202]}, "pore_volume_opt": 43.04563499479743, "windows": {"diameters": [2.9213429006889746, 2.5208023154522716], "centre_of_mass": [[14.755481900404376, 24.389999319408, 24.389950632981943], [7.574540360313845, 24.389733121268, 24.390098623436888]]}}