{"no_of_atoms": 184, "centre_of_mass": [7.105, 6.198214443769597, 8.422966774571247], "maximum_diameter": {"diameter": 27.79068083827527, "atom_1": 112, "atom_2": 173}, "pore_diameter": {"diameter": 0.49451190500443865, "atom": 104}, "pore_volume": 0.06331824608937213, "pore_diameter_opt": {"diameter": 0.494596305905723, "atom_1": 18, "centre_of_mass": [7.1049646594575355, 6.198179103227144, 8.422982899022204]}, "pore_volume_opt": 0.0633506721794837, "windows": {"diameters": [], "centre_of_mass": []}}