{"no_of_atoms": 184, "centre_of_mass": [4.417500000000002, 0.0006674385913320724, 7.392005085960342e-05], "maximum_diameter": {"diameter": 26.198670532376376, "atom_1": 114, "atom_2": 179}, "pore_diameter": {"diameter": 0.3636541510536708, "atom": 127}, "pore_volume": 0.025180495410185202, "pore_diameter_opt": {"diameter": 0.36414282664847875, "atom_1": 127, "centre_of_mass": [4.417352149024953, 0.0005195898224927078, 0.00022176780997538016]}, "pore_volume_opt": 0.025282143938860375, "windows": {"diameters": [0.6671565052413686, 4.4172692498323425], "centre_of_mass": [[4.160382778353402, -0.5247506960380344, -0.4793275759259363], [-1.6515515467144226, 6.475284837912736, -0.029582797518967332]]}}