{"no_of_atoms": 276, "centre_of_mass": [-2.5563689000183496e-16, 0.00028146209749982994, 4.5979500209081676e-05], "maximum_diameter": {"diameter": 32.07010562751437, "atom_1": 141, "atom_2": 171}, "pore_diameter": {"diameter": 7.732295986458073, "atom": 218}, "pore_volume": 242.0605594701287, "pore_diameter_opt": {"diameter": 7.73259286829445, "atom_1": 218, "centre_of_mass": [1.2310546263610413e-05, 0.00020227321873290589, 0.00017092860246771226]}, "pore_volume_opt": 242.0884423173847, "windows": {"diameters": [3.397374512161828, 7.426642698018945, 7.426119573567927, 2.7766048143261, 2.6817695706945925, 3.3951136461301146], "centre_of_mass": [[1.2143690438183994, 0.5546128105301562, 4.961040133634391], [-1.2590341629413817, -0.2773976793727002, 0.3402729794401359], [1.3760629223855345, 0.32604985784519147, -0.36364314212201954], [-2.9012435481797376, 5.512659298231439, 0.8233065550369293], [2.742334776050225, -5.1327809427217215, -0.8255403371447955], [-1.2067250904031384, -0.5510601618901322, -4.932969146344032]]}}