{"no_of_atoms": 294, "centre_of_mass": [13.188706633572435, 7.173718449535465, 2.5260595577391385], "maximum_diameter": {"diameter": 27.68693466822412, "atom_1": 116, "atom_2": 139}, "pore_diameter": {"diameter": 8.236883660996604, "atom": 45}, "pore_volume": 292.6088237065165, "pore_diameter_opt": {"diameter": 8.237758234783254, "atom_1": 247, "centre_of_mass": [13.18891710144121, 7.174078435736362, 2.5257578866585018]}, "pore_volume_opt": 292.7020392441596, "windows": {"diameters": [6.565806573086233, 6.5375781080084465, 6.530539894251488, 6.542545377818255], "centre_of_mass": [[13.724292294933381, 7.322375488235885, 7.456745322244143], [9.134591797186928, 9.308352287856657, 1.3197560473827572], [13.090039925666296, 2.826861555873906, 1.1248681746418752], [16.855644423792366, 9.435071507520963, 0.457537556994986]]}}