{"no_of_atoms": 5212, "centre_of_mass": [1.9794895614929602, 6.540542913862308, 10.105930409953013], "maximum_diameter": {"diameter": 128.67261861666393, "atom_1": 5190, "atom_2": 5207}, "pore_diameter": {"diameter": -0.7512524572023573, "atom": 0}, "pore_volume": -0.2220017197901194, "pore_diameter_opt": {"diameter": -0.7512524572023573, "atom_1": 0, "centre_of_mass": [1.9794895614929602, 6.540542913862308, 10.105930409953013]}, "pore_volume_opt": -0.2220017197901194, "windows": {"diameters": null, "centre_of_mass": null}}