{"no_of_atoms": 26, "centre_of_mass": [12.08491865177518, 7.88079035066022, 3.6184089815061453], "maximum_diameter": {"diameter": 11.955546071703615, "atom_1": 20, "atom_2": 22}, "pore_diameter": {"diameter": -0.7272877211538997, "atom": 1}, "pore_volume": -0.20142686272797494, "pore_diameter_opt": {"diameter": -0.7272877211538997, "atom_1": 1, "centre_of_mass": [12.08491865177518, 7.88079035066022, 3.6184089815061453]}, "pore_volume_opt": -0.20142686272797494, "windows": {"diameters": null, "centre_of_mass": null}}