{"no_of_atoms": 450, "centre_of_mass": [14.0332297274937, 7.413607226815622, 13.449501802966811], "maximum_diameter": {"diameter": 29.774114789208223, "atom_1": 210, "atom_2": 358}, "pore_diameter": {"diameter": 1.2346636968623321, "atom": 47}, "pore_volume": 0.9854728373357066, "pore_diameter_opt": {"diameter": 2.160472020028713, "atom_1": 391, "centre_of_mass": [14.156533083544973, 6.796275378384456, 13.32841683206094]}, "pore_volume_opt": 5.280129339109533, "windows": {"diameters": [2.7129575956415777, 2.638673833018212], "centre_of_mass": [[13.781897036102452, 6.37345970766981, 13.015751800780484], [13.232478229763402, 6.841299656273305, 12.762779373134741]]}}