{"no_of_atoms": 450, "centre_of_mass": [21.913494340870404, 20.421138119574497, 7.144848474318655], "maximum_diameter": {"diameter": 29.774700127550414, "atom_1": 213, "atom_2": 355}, "pore_diameter": {"diameter": 1.2349995001780334, "atom": 339}, "pore_volume": 0.9862771415203219, "pore_diameter_opt": {"diameter": 2.1604821857210674, "atom_1": 309, "centre_of_mass": [21.789760279835022, 19.80363836948548, 7.2664694745634195]}, "pore_volume_opt": 5.28020387340924, "windows": {"diameters": [2.6438377059327283, 2.6240701553939574], "centre_of_mass": [[22.395148521619866, 19.578211131849486, 7.674516712128648], [22.603655535796467, 19.756817584302894, 7.777435593312115]]}}