{"no_of_atoms": 316, "centre_of_mass": [14.96882272218243, 1.0743955510596759e-05, 7.943566248711843], "maximum_diameter": {"diameter": 24.5216618794024, "atom_1": 241, "atom_2": 263}, "pore_diameter": {"diameter": 3.559660832993918, "atom": 95}, "pore_volume": 23.616986562154988, "pore_diameter_opt": {"diameter": 3.948558667927976, "atom_1": 246, "centre_of_mass": [14.972079279588066, -9.692580425620311e-05, 7.715634210810795]}, "pore_volume_opt": 32.23401530803673, "windows": {"diameters": [], "centre_of_mass": []}}