{"no_of_atoms": 90, "centre_of_mass": [7.294073108257414, 4.653669765700297, -1.5808079173656697e-16], "maximum_diameter": {"diameter": 24.307811941106216, "atom_1": 12, "atom_2": 79}, "pore_diameter": {"diameter": 4.265760901573206, "atom": 50}, "pore_volume": 40.64322395410218, "pore_diameter_opt": {"diameter": 4.266310272471477, "atom_1": 50, "centre_of_mass": [7.294174813454385, 4.653920337866469, 4.8192898636856255e-05]}, "pore_volume_opt": 40.658928828792334, "windows": {"diameters": [4.3147579298476035, 4.351346762465308], "centre_of_mass": [[7.658365393449997, 4.5016564305453, 0.028083488044341902], [6.921911321817949, 4.8621915828856785, -0.3068009340435387]]}}