{"no_of_atoms": 90, "centre_of_mass": [7.199702013090453, 0.8647893096632212, 15.58523412649746], "maximum_diameter": {"diameter": 24.483899570523686, "atom_1": 22, "atom_2": 69}, "pore_diameter": {"diameter": 4.832068689427148, "atom": 60}, "pore_volume": 59.07420968364488, "pore_diameter_opt": {"diameter": 4.832932018985204, "atom_1": 30, "centre_of_mass": [7.1993949764832035, 0.8650526956064141, 15.585384770487725]}, "pore_volume_opt": 59.10587911588029, "windows": {"diameters": [4.845328712300425, 4.882954864500817], "centre_of_mass": [[7.104664280809815, 0.7027950047805361, 15.676554016666445], [7.38056821599565, 1.1881355920418712, 15.388530334773195]]}}