{"no_of_atoms": 169, "centre_of_mass": [4.307130606019539, 8.80749923666268, 23.061159428308425], "maximum_diameter": {"diameter": 24.14717847152884, "atom_1": 49, "atom_2": 150}, "pore_diameter": {"diameter": -0.25958963254888356, "atom": 21}, "pore_volume": -0.00915926561097228, "pore_diameter_opt": {"diameter": -0.25958963254888356, "atom_1": 21, "centre_of_mass": [4.307130606019539, 8.80749923666268, 23.061159428308425]}, "pore_volume_opt": -0.00915926561097228, "windows": {"diameters": null, "centre_of_mass": null}}