{"no_of_atoms": 145, "centre_of_mass": [-0.02651346893305981, 8.186435879617795, 17.428448302491972], "maximum_diameter": {"diameter": 25.533355007562097, "atom_1": 5, "atom_2": 140}, "pore_diameter": {"diameter": -0.38301079681780204, "atom": 62}, "pore_volume": -0.029419255101153965, "pore_diameter_opt": {"diameter": -0.38301079681780204, "atom_1": 62, "centre_of_mass": [-0.02651346893305981, 8.186435879617795, 17.428448302491972]}, "pore_volume_opt": -0.029419255101153965, "windows": {"diameters": null, "centre_of_mass": null}}