{"no_of_atoms": 169, "centre_of_mass": [4.98184194124974, 15.814130589723764, 3.74360686676432], "maximum_diameter": {"diameter": 24.147310509026816, "atom_1": 40, "atom_2": 150}, "pore_diameter": {"diameter": -0.2607455662698164, "atom": 26}, "pore_volume": -0.009282167892197263, "pore_diameter_opt": {"diameter": -0.2607455662698164, "atom_1": 26, "centre_of_mass": [4.98184194124974, 15.814130589723764, 3.74360686676432]}, "pore_volume_opt": -0.009282167892197263, "windows": {"diameters": null, "centre_of_mass": null}}