{"no_of_atoms": 145, "centre_of_mass": [12.986244011799922, 5.688943681671222, 22.94170651976405], "maximum_diameter": {"diameter": 25.531787564105993, "atom_1": 7, "atom_2": 140}, "pore_diameter": {"diameter": -0.38352859164162245, "atom": 63}, "pore_volume": -0.029538732733629548, "pore_diameter_opt": {"diameter": -0.38352859164162245, "atom_1": 63, "centre_of_mass": [12.986244011799922, 5.688943681671222, 22.94170651976405]}, "pore_volume_opt": -0.029538732733629548, "windows": {"diameters": null, "centre_of_mass": null}}