{"no_of_atoms": 33, "centre_of_mass": [5.6548457230127696, 10.17590113600904, 2.410347025403199], "maximum_diameter": {"diameter": 12.948151848719228, "atom_1": 2, "atom_2": 29}, "pore_diameter": {"diameter": -1.075805208639479, "atom": 17}, "pore_volume": -0.6519278739739506, "pore_diameter_opt": {"diameter": -1.075805208639479, "atom_1": 17, "centre_of_mass": [5.6548457230127696, 10.17590113600904, 2.410347025403199]}, "pore_volume_opt": -0.6519278739739506, "windows": {"diameters": null, "centre_of_mass": null}}