{"no_of_atoms": 33, "centre_of_mass": [7.983102593378869, 11.556613051870496, 6.95852696605918], "maximum_diameter": {"diameter": 13.186638814824445, "atom_1": 10, "atom_2": 28}, "pore_diameter": {"diameter": -0.8570878580387076, "atom": 14}, "pore_volume": -0.329666373305159, "pore_diameter_opt": {"diameter": -0.8570878580387076, "atom_1": 14, "centre_of_mass": [7.983102593378869, 11.556613051870496, 6.95852696605918]}, "pore_volume_opt": -0.329666373305159, "windows": {"diameters": null, "centre_of_mass": null}}