{"no_of_atoms": 294, "centre_of_mass": [1.7825109306676066, 3.724745792445358, 9.63947383130789], "maximum_diameter": {"diameter": 28.046243909775537, "atom_1": 3, "atom_2": 285}, "pore_diameter": {"diameter": 7.459116088919851, "atom": 53}, "pore_volume": 217.30049777527464, "pore_diameter_opt": {"diameter": 7.768120669621144, "atom_1": 53, "centre_of_mass": [1.7478033936007296, 3.329558744289002, 9.512888848287012]}, "pore_volume_opt": 245.4406611255341, "windows": {"diameters": [6.367946052905008, 6.302965407117199, 6.240294626548968, 6.262377351139037], "centre_of_mass": [[4.616785042502244, 2.4455756034933684, 13.888170857386827], [-2.3947052396783284, 1.0726506027459304, 9.9589705269658], [1.3775806361413514, 8.181161278481287, 9.25526834748263], [3.9306274241764796, 2.1349305018246567, 5.991138009464359]]}}