{"no_of_atoms": 38, "centre_of_mass": [10.72777159093765, 7.052481490789378, 26.397100138850497], "maximum_diameter": {"diameter": 12.2591579943537, "atom_1": 35, "atom_2": 36}, "pore_diameter": {"diameter": -2.4662852942405724, "atom": 12}, "pore_volume": -7.854681190483008, "pore_diameter_opt": {"diameter": -2.4662852942405724, "atom_1": 12, "centre_of_mass": [10.72777159093765, 7.052481490789378, 26.397100138850497]}, "pore_volume_opt": -7.854681190483008, "windows": {"diameters": null, "centre_of_mass": null}}