{"no_of_atoms": 38, "centre_of_mass": [0.6017715909376492, 9.686005981252041, 8.217062407328289], "maximum_diameter": {"diameter": 12.259177426081461, "atom_1": 5, "atom_2": 35}, "pore_diameter": {"diameter": -2.4684370548625214, "atom": 10}, "pore_volume": -7.875258060452559, "pore_diameter_opt": {"diameter": -2.4684370548625214, "atom_1": 10, "centre_of_mass": [0.6017715909376492, 9.686005981252041, 8.217062407328289]}, "pore_volume_opt": -7.875258060452559, "windows": {"diameters": null, "centre_of_mass": null}}