{"no_of_atoms": 138, "centre_of_mass": [10.907865006525094, 5.100143532592723, 10.548226371853495], "maximum_diameter": {"diameter": 19.849938002154957, "atom_1": 66, "atom_2": 70}, "pore_diameter": {"diameter": -2.152649373272287, "atom": 9}, "pore_volume": -5.2229818117101035, "pore_diameter_opt": {"diameter": -2.152649373272287, "atom_1": 9, "centre_of_mass": [10.907865006525094, 5.100143532592723, 10.548226371853495]}, "pore_volume_opt": -5.2229818117101035, "windows": {"diameters": null, "centre_of_mass": null}}