{"no_of_atoms": 168, "centre_of_mass": [12.322448985327236, 1.101019663933253, 25.2268180910793], "maximum_diameter": {"diameter": 29.03522491935694, "atom_1": 22, "atom_2": 158}, "pore_diameter": {"diameter": 6.789120121016037, "atom": 87}, "pore_volume": 163.8472288933942, "pore_diameter_opt": {"diameter": 6.886461020146077, "atom_1": 30, "centre_of_mass": [12.15252632684171, 1.100822227386557, 25.2259813826556]}, "pore_volume_opt": 170.996374703362, "windows": {"diameters": [6.408700530715716, 6.335742862494117], "centre_of_mass": [[13.762605096532598, 1.2232509756211627, 25.150134961124284], [10.376258586339512, 1.416577156887933, 25.16958472740715]]}}