{"no_of_atoms": 168, "centre_of_mass": [3.5465510146727595, 15.589027999913469, 8.408928822335934], "maximum_diameter": {"diameter": 29.036030522773586, "atom_1": 22, "atom_2": 158}, "pore_diameter": {"diameter": 6.788755681956543, "atom": 87}, "pore_volume": 163.82084441780307, "pore_diameter_opt": {"diameter": 6.88160374186856, "atom_1": 87, "centre_of_mass": [3.7117345958606247, 15.597964294663365, 8.402024430863865]}, "pore_volume_opt": 170.63479945823383, "windows": {"diameters": [6.41241873139205, 6.335270754039703], "centre_of_mass": [[2.000584619099869, 15.712115838030329, 8.332083401794138], [5.4355622297245505, 15.274844627494437, 8.465645234520682]]}}