{"no_of_atoms": 24, "centre_of_mass": [10.960999999999999, 14.519453861413238, 14.339910349545116], "maximum_diameter": {"diameter": 6.860063764227544, "atom_1": 0, "atom_2": 18}, "pore_diameter": {"diameter": -2.1889049901115145, "atom": 8}, "pore_volume": -5.491352924127899, "pore_diameter_opt": {"diameter": -2.1889049901115145, "atom_1": 8, "centre_of_mass": [10.960999999999999, 14.519453861413238, 14.339910349545116]}, "pore_volume_opt": -5.491352924127899, "windows": {"diameters": null, "centre_of_mass": null}}