{"no_of_atoms": 504, "centre_of_mass": [10.960999999999993, 23.510932603660947, 0.00016269484973634952], "maximum_diameter": {"diameter": 24.9721078446027, "atom_1": 96, "atom_2": 370}, "pore_diameter": {"diameter": -0.1819999782982764, "atom": 47}, "pore_volume": -0.003156549694247591, "pore_diameter_opt": {"diameter": -0.1819999782982764, "atom_1": 47, "centre_of_mass": [10.960999999999993, 23.510932603660947, 0.00016269484973634952]}, "pore_volume_opt": -0.003156549694247591, "windows": {"diameters": null, "centre_of_mass": null}}