{"no_of_atoms": 504, "centre_of_mass": [-3.7325913233754044e-17, 23.510932603660944, 11.804671267202457], "maximum_diameter": {"diameter": 24.972611456346993, "atom_1": 116, "atom_2": 359}, "pore_diameter": {"diameter": -0.18199992119828767, "atom": 41}, "pore_volume": -0.003156546723276433, "pore_diameter_opt": {"diameter": -0.18199992119828767, "atom_1": 41, "centre_of_mass": [-3.7325913233754044e-17, 23.510932603660944, 11.804671267202457]}, "pore_volume_opt": -0.003156546723276433, "windows": {"diameters": null, "centre_of_mass": null}}