{"no_of_atoms": 46, "centre_of_mass": [10.961030368862772, 8.735360641679438, 15.165838455792114], "maximum_diameter": {"diameter": 6.99705618837963, "atom_1": 2, "atom_2": 36}, "pore_diameter": {"diameter": -2.1971987014475154, "atom": 15}, "pore_volume": -5.554009565025126, "pore_diameter_opt": {"diameter": -2.1971987014475154, "atom_1": 15, "centre_of_mass": [10.961030368862772, 8.735360641679438, 15.165838455792114]}, "pore_volume_opt": -5.554009565025126, "windows": {"diameters": null, "centre_of_mass": null}}