{"no_of_atoms": 504, "centre_of_mass": [1.546106548165926e-16, 11.755341726564254, 0.0002441811969104803], "maximum_diameter": {"diameter": 25.165889693461942, "atom_1": 91, "atom_2": 471}, "pore_diameter": {"diameter": -1.1539998129358457, "atom": 229}, "pore_volume": -0.804666345258594, "pore_diameter_opt": {"diameter": -1.1539998129358457, "atom_1": 229, "centre_of_mass": [1.546106548165926e-16, 11.755341726564254, 0.0002441811969104803]}, "pore_volume_opt": -0.804666345258594, "windows": {"diameters": null, "centre_of_mass": null}}