{"no_of_atoms": 24, "centre_of_mass": [2.8858659919116184e-17, 20.739229304329974, 9.307722607565493], "maximum_diameter": {"diameter": 6.864700459491841, "atom_1": 11, "atom_2": 16}, "pore_diameter": {"diameter": -2.1256574106738158, "atom": 1}, "pore_volume": -5.028962947532558, "pore_diameter_opt": {"diameter": -2.1256574106738158, "atom_1": 1, "centre_of_mass": [2.8858659919116184e-17, 20.739229304329974, 9.307722607565493]}, "pore_volume_opt": -5.028962947532558, "windows": {"diameters": null, "centre_of_mass": null}}