{"no_of_atoms": 754, "centre_of_mass": [10.633636211663358, 18.41662636059103, 13.045791203990236], "maximum_diameter": {"diameter": 80.16956884078482, "atom_1": 681, "atom_2": 748}, "pore_diameter": {"diameter": 3.8158485962727826, "atom": 87}, "pore_volume": 29.091895985766065, "pore_diameter_opt": {"diameter": 7.51064892607717, "atom_1": 68, "centre_of_mass": [8.725711913526967, 20.32455065872742, 11.381114443668382]}, "pore_volume_opt": 221.83548033130486, "windows": {"diameters": [7.775775187754758e+44], "centre_of_mass": [[-7.560522608537118e+43, 3.0406547153514563e+44, -2.3018413984231363e+44]]}}