{"no_of_atoms": 297, "centre_of_mass": [-2.6940419534978144, 11.398836606845267, 36.41837270870963], "maximum_diameter": {"diameter": 29.119289467244684, "atom_1": 32, "atom_2": 272}, "pore_diameter": {"diameter": 6.868068828890238, "atom": 172}, "pore_volume": 169.62995184294132, "pore_diameter_opt": {"diameter": 7.491352664907424, "atom_1": 154, "centre_of_mass": [-2.913316009321069, 11.212159030944926, 36.29924630760248]}, "pore_volume_opt": 220.1300589319735, "windows": {"diameters": [7.866393869447174, 5.3800676822023625, 6.435502210420717], "centre_of_mass": [[-1.9436081999231039, 12.287094202030111, 45.45642566931821], [-2.883698508447373, 7.951606803843262, 32.483726642309236], [-2.461711700731948, 17.587502937099828, 34.125969888352685]]}}