{"no_of_atoms": 297, "centre_of_mass": [-2.835396253186169, 30.59789397001775, 33.41556647729945], "maximum_diameter": {"diameter": 29.119289467244666, "atom_1": 268, "atom_2": 282}, "pore_diameter": {"diameter": 6.868743809917283, "atom": 170}, "pore_volume": 169.67996950651724, "pore_diameter_opt": {"diameter": 7.492046045976969, "atom_1": 170, "centre_of_mass": [-2.6160962038904905, 30.41122790850552, 33.53468713028942]}, "pore_volume_opt": 220.1911886706437, "windows": {"diameters": [8.346366347755618, 5.033432237301762, 7.364481616025311], "centre_of_mass": [[-3.120803777039455, 38.05765137774066, 40.058951306146604], [-2.935074377153872, 25.620881410878262, 33.34158546961452], [-1.8788380148485917, 30.860649470673128, 31.424802456488564]]}}