{"no_of_atoms": 278, "centre_of_mass": [6.425701242474212, -0.5546655006859997, 13.072619972094921], "maximum_diameter": {"diameter": 27.761294625587894, "atom_1": 66, "atom_2": 243}, "pore_diameter": {"diameter": -0.7372198307729323, "atom": 50}, "pore_volume": -0.20979235070025293, "pore_diameter_opt": {"diameter": -0.7372198307729323, "atom_1": 50, "centre_of_mass": [6.425701242474212, -0.5546655006859997, 13.072619972094921]}, "pore_volume_opt": -0.20979235070025293, "windows": {"diameters": null, "centre_of_mass": null}}