{"no_of_atoms": 80, "centre_of_mass": [-1.9223795676830764, 11.965733211482386, 12.24612787155236], "maximum_diameter": {"diameter": 26.683392756866944, "atom_1": 5, "atom_2": 70}, "pore_diameter": {"diameter": 5.3242022457720175, "atom": 49}, "pore_volume": 79.0245907017554, "pore_diameter_opt": {"diameter": 7.284330100841245, "atom_1": 48, "centre_of_mass": [-4.584480690569086, 11.96569892317063, 12.246069999549917]}, "pore_volume_opt": 202.37994671348758, "windows": {"diameters": [5.780413396615771e+43, 5.675478486686796], "centre_of_mass": [[-1.8817811775664653e+43, 8.03893759376312e+42, -2.041065697702099e+43], [-0.8776286080282008, 11.79980904641272, 10.94245242216532]]}}