{"no_of_atoms": 120, "centre_of_mass": [7.592137751096098, 8.50569849605618, 6.819707997349904], "maximum_diameter": {"diameter": 26.96884828700702, "atom_1": 53, "atom_2": 119}, "pore_diameter": {"diameter": 0.9105364616415135, "atom": 10}, "pore_volume": 0.3952670810461966, "pore_diameter_opt": {"diameter": 1.207502722115617, "atom_1": 26, "centre_of_mass": [7.761739519685181, 8.46863870375376, 6.389963312487018]}, "pore_volume_opt": 0.9218557687095822, "windows": {"diameters": [0.7076289497048127], "centre_of_mass": [[7.419989635041769, 8.516862642034306, 7.748169132746829]]}}