{"no_of_atoms": 120, "centre_of_mass": [4.906181269754091, -1.7254980770986825, 23.527799514106384], "maximum_diameter": {"diameter": 25.332564941142696, "atom_1": 10, "atom_2": 119}, "pore_diameter": {"diameter": 0.4855730448255957, "atom": 33}, "pore_volume": 0.05994629309272902, "pore_diameter_opt": {"diameter": 0.7718758895643321, "atom_1": 33, "centre_of_mass": [4.753129478653784, -1.4827115546858847, 23.60442254044049]}, "pore_volume_opt": 0.24079144262223684, "windows": {"diameters": [9.276267149599809e+39], "centre_of_mass": [[-1.8358374260801406e+38, 4.186484544460764e+39, -1.9879454786606503e+39]]}}