{"no_of_atoms": 55, "centre_of_mass": [19.33803586891463, 23.145856963520895, 5.24364566378285], "maximum_diameter": {"diameter": 10.613444461142576, "atom_1": 9, "atom_2": 51}, "pore_diameter": {"diameter": -3.1074542059081987, "atom": 5}, "pore_volume": -15.71132578093482, "pore_diameter_opt": {"diameter": -3.1074542059081987, "atom_1": 5, "centre_of_mass": [19.33803586891463, 23.145856963520895, 5.24364566378285]}, "pore_volume_opt": -15.71132578093482, "windows": {"diameters": null, "centre_of_mass": null}}