{"no_of_atoms": 902, "centre_of_mass": [12.964178579450067, 7.499091460121763, 25.468024404411207], "maximum_diameter": {"diameter": 33.325504876305985, "atom_1": 374, "atom_2": 763}, "pore_diameter": {"diameter": 3.027119483199305, "atom": 697}, "pore_volume": 14.524035849535709, "pore_diameter_opt": {"diameter": 3.074210460042677, "atom_1": 629, "centre_of_mass": [12.944640815788944, 7.5397156243771875, 25.44841123018698]}, "pore_volume_opt": 15.212458626494241, "windows": {"diameters": [1.1594005314349722, 2.648795775358065, 2.7452166837307774, 0.8236162004308811, 1.1572362153524525], "centre_of_mass": [[12.27338958970174, 6.713576296344123, 27.400828915690166], [16.043479146043616, 7.5567603908613155, 26.76368809411225], [9.566594672288378, 7.5447888552433255, 24.03928950183743], [13.653279166936489, 9.577632470982735, 24.601088025163534], [13.95933139559783, 7.028238286648135, 23.587234125373417]]}}