{"no_of_atoms": 24, "centre_of_mass": [10.70033912494451, 7.0962032590502355, 0.6764742796570802], "maximum_diameter": {"diameter": 11.008719220961458, "atom_1": 7, "atom_2": 23}, "pore_diameter": {"diameter": -1.7713018137327556, "atom": 4}, "pore_volume": -2.9098883400086306, "pore_diameter_opt": {"diameter": -1.7713018137327556, "atom_1": 4, "centre_of_mass": [10.70033912494451, 7.0962032590502355, 0.6764742796570802]}, "pore_volume_opt": -2.9098883400086306, "windows": {"diameters": null, "centre_of_mass": null}}