{"no_of_atoms": 386, "centre_of_mass": [16.86680935322639, 8.638356688884874, 21.400650194109932], "maximum_diameter": {"diameter": 29.605767828354306, "atom_1": 355, "atom_2": 379}, "pore_diameter": {"diameter": 8.043194296562516, "atom": 244}, "pore_volume": 272.4484252867006, "pore_diameter_opt": {"diameter": 8.231746914793707, "atom_1": 244, "centre_of_mass": [16.897759549549658, 8.71886293717953, 21.3625859177187]}, "pore_volume_opt": 292.06172840696587, "windows": {"diameters": [2.5687012840920898, 2.458014300750287, 2.1419876514423577, 1.7090564000291635, 3.1779413427741257, 1.9151054140657453], "centre_of_mass": [[19.80234475753921, 9.349381892595144, 26.50774523349185], [12.876164706039916, 8.828490985429642, 27.613023543259768], [11.787314314800508, 11.441470256456554, 23.974283917076463], [21.49937628595613, 6.723359480195611, 24.193539070919655], [14.229896672796404, 10.93812423553668, 13.917001884275582], [19.242492642612604, 5.77931539087405, 16.157173007553514]]}}