{"no_of_atoms": 386, "centre_of_mass": [9.610158178481193, 15.29574327422367, 7.687123752575569], "maximum_diameter": {"diameter": 29.60576782835431, "atom_1": 343, "atom_2": 382}, "pore_diameter": {"diameter": 8.043668005202534, "atom": 237}, "pore_volume": 272.49656615071854, "pore_diameter_opt": {"diameter": 8.232180970912669, "atom_1": 63, "centre_of_mass": [9.57934955753817, 15.215160780517705, 7.72509184511639]}, "pore_volume_opt": 292.10793167329945, "windows": {"diameters": [2.86639952671972, 1.9082964221804084, 2.1405941323229, 1.211017609768414, 2.4909287473347876, 2.2291457153058674], "centre_of_mass": [[11.72532321624342, 13.580010854182007, 13.978291885424184], [6.617612449859687, 18.403274808812565, 13.86821028123602], [14.69401412864199, 12.488694974824284, 5.1126284940486375], [13.874795112775459, 21.473288779681106, 3.921600090864081], [13.079687330321834, 15.36758389250812, 2.5024567769246087], [6.3968205952530095, 14.813831640239101, 1.8081359503452195]]}}