{"no_of_atoms": 52, "centre_of_mass": [3.7768911466924497, 18.578656406418858, 5.5424315934105], "maximum_diameter": {"diameter": 17.43254611532121, "atom_1": 12, "atom_2": 45}, "pore_diameter": {"diameter": -3.3824053481743532, "atom": 17}, "pore_volume": -20.26168593332075, "pore_diameter_opt": {"diameter": -3.3824053481743532, "atom_1": 17, "centre_of_mass": [3.7768911466924497, 18.578656406418858, 5.5424315934105]}, "pore_volume_opt": -20.26168593332075, "windows": {"diameters": null, "centre_of_mass": null}}