{"no_of_atoms": 52, "centre_of_mass": [1.1892815503953122, 18.578656406418858, 17.365007769395934], "maximum_diameter": {"diameter": 17.43254611532121, "atom_1": 13, "atom_2": 42}, "pore_diameter": {"diameter": -3.382633690591672, "atom": 17}, "pore_volume": -20.265789741894075, "pore_diameter_opt": {"diameter": -3.382633690591672, "atom_1": 17, "centre_of_mass": [1.1892815503953122, 18.578656406418858, 17.365007769395934]}, "pore_volume_opt": -20.265789741894075, "windows": {"diameters": null, "centre_of_mass": null}}