{"no_of_atoms": 52, "centre_of_mass": [6.1554666010181425, 11.020445038322617, 17.365007769395934], "maximum_diameter": {"diameter": 17.43254611532121, "atom_1": 13, "atom_2": 47}, "pore_diameter": {"diameter": -3.382349446630005, "atom": 17}, "pore_volume": -20.260681345728212, "pore_diameter_opt": {"diameter": -3.382349446630005, "atom_1": 17, "centre_of_mass": [6.1554666010181425, 11.020445038322617, 17.365007769395934]}, "pore_volume_opt": -20.260681345728212, "windows": {"diameters": null, "centre_of_mass": null}}