{"no_of_atoms": 52, "centre_of_mass": [6.155466601018142, 1.1538493046470615, 18.102186319748593], "maximum_diameter": {"diameter": 17.433460263166516, "atom_1": 9, "atom_2": 45}, "pore_diameter": {"diameter": -3.3826287759370137, "atom": 17}, "pore_volume": -20.265701409054316, "pore_diameter_opt": {"diameter": -3.3826287759370137, "atom_1": 17, "centre_of_mass": [6.155466601018142, 1.1538493046470615, 18.102186319748593]}, "pore_volume_opt": -20.265701409054316, "windows": {"diameters": null, "centre_of_mass": null}}