{"no_of_atoms": 232, "centre_of_mass": [6.51721941010177, 6.65747584499294, 8.97676361094426], "maximum_diameter": {"diameter": 31.09236191557164, "atom_1": 223, "atom_2": 226}, "pore_diameter": {"diameter": 8.547518836686946, "atom": 9}, "pore_volume": 326.97821749226193, "pore_diameter_opt": {"diameter": 8.981120159968137, "atom_1": 118, "centre_of_mass": [6.399641393923591, 6.432597664529503, 8.708539632651945]}, "pore_volume_opt": 379.30637600429486, "windows": {"diameters": [6.038977727766875, 1.6846159249901637e+44, 6.543160076604352, 5.794894159396023], "centre_of_mass": [[9.79791311799304, 8.471610601645688, 10.209989100840657], [-1.4790067207868107e+43, 1.3133937997295343e+43, -8.187539692420495e+43], [3.511838278761005, 4.894970829907549, 7.290282436771194], [9.35747291492516, 2.542773286155768, 7.7004042683173335]]}}