{"no_of_atoms": 534, "centre_of_mass": [22.927186096576655, 15.161855510884799, 11.3549007939079], "maximum_diameter": {"diameter": 33.59493574718878, "atom_1": 191, "atom_2": 412}, "pore_diameter": {"diameter": 15.048688163597012, "atom": 0}, "pore_volume": 1784.409599965892, "pore_diameter_opt": {"diameter": 15.04912984021132, "atom_1": 0, "centre_of_mass": [22.927036157687148, 15.162015956936173, 11.354877449702606]}, "pore_volume_opt": 1784.5667209947537, "windows": {"diameters": [4.850391276297751, 5.1764563655118705, 4.8604217607273466, 5.131316348310622, 4.850365964356255, 5.128755840778707, 5.1626204623214855, 5.12849660795939, 4.853005431649054, 4.8543051096577265, 5.129712586694756, 4.8504088575361735], "centre_of_mass": [[18.96685344394003, 13.446601507673027, 19.11638787122344], [26.28056598534244, 19.45568450989179, 19.296417211391073], [26.11120994608317, 8.421511529446938, 16.4699589021444], [31.995031375324878, 14.834822807729791, 13.185972447416278], [18.094518626512308, 21.504020072669167, 15.16415682883151], [17.893175228529028, 7.579835932304615, 12.164192846786907], [13.55826949803151, 15.524363081963074, 9.479743825583839], [27.923519312611408, 22.648453938290373, 10.562677444729202], [19.85147991835357, 21.652574791539216, 6.395244242785982], [27.837858697617833, 8.734792240086838, 7.48540296525476], [19.69626929164292, 11.046056094840688, 3.8008328397595914], [26.891184722841214, 16.8796158187947, 3.584421037360701]]}}