{"no_of_atoms": 159, "centre_of_mass": [7.988821572983503, 9.770238063299413, 12.97119736450403], "maximum_diameter": {"diameter": 18.907151404927088, "atom_1": 78, "atom_2": 154}, "pore_diameter": {"diameter": 5.984529606903479, "atom": 102}, "pore_volume": 112.2247591321381, "pore_diameter_opt": {"diameter": 5.985325826316604, "atom_1": 102, "centre_of_mass": [7.9888194100794045, 9.770466092112187, 12.97152369182568]}, "pore_volume_opt": 112.26955835279853, "windows": {"diameters": [5.427400146749816, 1.906609566388433, 2.1802951838893896, 5.427537212890654, 1.9072552754193892], "centre_of_mass": [[8.013837990427561, 8.683576566934782, 14.578330143083125], [10.829870335346962, 12.520895533812583, 14.847829708139653], [3.426514948417707, 10.34057417116864, 13.358061057182239], [8.013723327597203, 10.857235379598706, 11.362861138539857], [10.82312231902352, 7.026740432538194, 11.100376002373453]]}}