{"no_of_atoms": 184, "centre_of_mass": [15.506658479561693, 25.30143865344724, 17.20230439309262], "maximum_diameter": {"diameter": 46.506592024693056, "atom_1": 171, "atom_2": 178}, "pore_diameter": {"diameter": 0.8431429854031367, "atom": 1}, "pore_volume": 0.3138356792260544, "pore_diameter_opt": {"diameter": 1.1375550268716341, "atom_1": 1, "centre_of_mass": [15.546910374578637, 25.412638108922884, 17.313504455284683]}, "pore_volume_opt": 0.7707541363729955, "windows": {"diameters": [0.8564659216535948], "centre_of_mass": [[14.512871169870715, 26.059080268495176, 16.262880775354603]]}}