{"no_of_atoms": 410, "centre_of_mass": [19.016029332057645, 6.723208111582847, 11.644938334030988], "maximum_diameter": {"diameter": 31.88546679259485, "atom_1": 241, "atom_2": 306}, "pore_diameter": {"diameter": 9.54874387079561, "atom": 229}, "pore_volume": 455.8661604212787, "pore_diameter_opt": {"diameter": 9.548887662182644, "atom_1": 183, "centre_of_mass": [19.0160211849137, 6.723153406935063, 11.644984279174638]}, "pore_volume_opt": 455.88675494622066, "windows": {"diameters": [4.41911925259096, 1.9054150891783084, 1.8736823202783035, 4.36484775866394, 4.44405567971495, 4.365991823013225], "centre_of_mass": [[21.6837365718057, 2.596356474611622, 17.131729647028006], [17.893320871518775, 12.00382250329233, 16.475934914636166], [12.895708256542587, 6.509898691392384, 15.67911126991675], [22.351680829201086, 12.816040003385684, 10.010427537733642], [16.607948150577045, 1.4416839294113677, 12.15041952429658], [14.379003228449566, 7.894910082613006, 6.338620335963772]]}}