{"no_of_atoms": 26, "centre_of_mass": [-2.128597778065002, 16.430934205578925, 31.31551035179659], "maximum_diameter": {"diameter": 8.294382435841452, "atom_1": 1, "atom_2": 17}, "pore_diameter": {"diameter": -1.6717242001595012, "atom": 8}, "pore_volume": -2.4462030908890204, "pore_diameter_opt": {"diameter": -1.6717242001595012, "atom_1": 8, "centre_of_mass": [-2.128597778065002, 16.430934205578925, 31.31551035179659]}, "pore_volume_opt": -2.4462030908890204, "windows": {"diameters": null, "centre_of_mass": null}}