{"no_of_atoms": 1030, "centre_of_mass": [14.416535675412979, 30.768838038229116, 39.48784805705939], "maximum_diameter": {"diameter": 57.28568718276618, "atom_1": 535, "atom_2": 910}, "pore_diameter": {"diameter": -1.571329237027044, "atom": 443}, "pore_volume": -2.0314222092760117, "pore_diameter_opt": {"diameter": -1.571329237027044, "atom_1": 443, "centre_of_mass": [14.416535675412979, 30.768838038229116, 39.48784805705939]}, "pore_volume_opt": -2.0314222092760117, "windows": {"diameters": null, "centre_of_mass": null}}