{"no_of_atoms": 26, "centre_of_mass": [16.18250820153691, 28.383065794421075, 13.52991621624797], "maximum_diameter": {"diameter": 8.295735918113037, "atom_1": 6, "atom_2": 19}, "pore_diameter": {"diameter": -1.6722421336891213, "atom": 8}, "pore_volume": -2.4484774430355656, "pore_diameter_opt": {"diameter": -1.6722421336891213, "atom_1": 8, "centre_of_mass": [16.18250820153691, 28.383065794421075, 13.52991621624797]}, "pore_volume_opt": -2.4484774430355656, "windows": {"diameters": null, "centre_of_mass": null}}