{"no_of_atoms": 469, "centre_of_mass": [21.575748428670412, 6.2615914995458395, 7.242898602095373], "maximum_diameter": {"diameter": 39.52168955306773, "atom_1": 16, "atom_2": 464}, "pore_diameter": {"diameter": -2.1358632091213128, "atom": 192}, "pore_volume": -5.101747110448336, "pore_diameter_opt": {"diameter": -2.1358632091213128, "atom_1": 192, "centre_of_mass": [21.575748428670412, 6.2615914995458395, 7.242898602095373]}, "pore_volume_opt": -5.101747110448336, "windows": {"diameters": null, "centre_of_mass": null}}