{"no_of_atoms": 469, "centre_of_mass": [10.046744658895806, 21.199591499545832, 10.542681782289959], "maximum_diameter": {"diameter": 39.52168955306773, "atom_1": 280, "atom_2": 458}, "pore_diameter": {"diameter": -2.1360596453944813, "atom": 55}, "pore_volume": -5.1031548696495115, "pore_diameter_opt": {"diameter": -2.1360596453944813, "atom_1": 55, "centre_of_mass": [10.046744658895806, 21.199591499545832, 10.542681782289959]}, "pore_volume_opt": -5.1031548696495115, "windows": {"diameters": null, "centre_of_mass": null}}