{"no_of_atoms": 28, "centre_of_mass": [9.850086725081148, 10.22428364129571, 32.28084650875082], "maximum_diameter": {"diameter": 8.906314369697583, "atom_1": 15, "atom_2": 26}, "pore_diameter": {"diameter": -1.89587852514914, "atom": 13}, "pore_volume": -3.568043530586459, "pore_diameter_opt": {"diameter": -1.89587852514914, "atom_1": 13, "centre_of_mass": [9.850086725081148, 10.22428364129571, 32.28084650875082]}, "pore_volume_opt": -3.568043530586459, "windows": {"diameters": null, "centre_of_mass": null}}