{"no_of_atoms": 20, "centre_of_mass": [3.782482422126916, 6.30183611171867, 35.1257069055112], "maximum_diameter": {"diameter": 8.473239364247085, "atom_1": 0, "atom_2": 19}, "pore_diameter": {"diameter": -1.3908226439119022, "atom": 10}, "pore_volume": -1.40868496930074, "pore_diameter_opt": {"diameter": -1.3908226439119022, "atom_1": 10, "centre_of_mass": [3.782482422126916, 6.30183611171867, 35.1257069055112]}, "pore_volume_opt": -1.40868496930074, "windows": {"diameters": null, "centre_of_mass": null}}