{"no_of_atoms": 454, "centre_of_mass": [7.6695778197769195, 14.944247608953217, 36.78821887884421], "maximum_diameter": {"diameter": 35.33428567947027, "atom_1": 239, "atom_2": 380}, "pore_diameter": {"diameter": 4.495337693084053, "atom": 395}, "pore_volume": 47.56479044867376, "pore_diameter_opt": {"diameter": 4.495936372931553, "atom_1": 76, "centre_of_mass": [7.669559691870553, 14.943999800732893, 36.78805193418992]}, "pore_volume_opt": 47.58379672316815, "windows": {"diameters": [2.029790299470012, 4.554440199514463, 4.693735814075234, 3.2850786625408204, 4.958161448929737e+43, 2.43170838815734], "centre_of_mass": [[7.163327827262857, 15.2664181655993, 41.56463242746468], [7.648395838746596, 14.697925674110603, 37.155509742650814], [7.536439090448516, 15.700601042780548, 35.879627006393505], [9.616365616859508, 25.32553847000478, 37.87432725416982], [-2.436058149763845e+43, 3.9313643690249486e+42, -2.385490963345313e+42], [7.830304683963275, 15.27104754825424, 33.350275626563985]]}}