{"no_of_atoms": 424, "centre_of_mass": [0.6417547256023459, 18.488416814835066, 18.393895469348454], "maximum_diameter": {"diameter": 35.890977735837836, "atom_1": 159, "atom_2": 419}, "pore_diameter": {"diameter": 5.124610732352668, "atom": 305}, "pore_volume": 70.4662674236731, "pore_diameter_opt": {"diameter": 5.125048556648538, "atom_1": 305, "centre_of_mass": [0.6417478771063928, 18.488494940811883, 18.39409985124192]}, "pore_volume_opt": 70.4843299545366, "windows": {"diameters": [1.5839024942842959, 5.037255515912669, 5.038027338204499, 1.8541019246810133e+43, 1.6016559223046211e+44, 1.5723289991614924], "centre_of_mass": [[1.4514778335491898, 16.846964997192337, 22.875994398809297], [-0.2532429568219059, 18.635136584383677, 18.47648356657161], [1.4651146839482494, 18.340247983991365, 18.328872892721286], [8.474237541991412e+42, -2.1398231900525627e+42, -3.0904374245181823e+42], [7.789229892985867e+43, -1.8586052207243755e+43, -7.763146300389777e+41], [-0.16543256156866304, 20.107592420363236, 13.945875353563965]]}}