{"no_of_atoms": 192, "centre_of_mass": [3.4194287614364596, 11.628059294189995, 18.466940705810003], "maximum_diameter": {"diameter": 24.545641886608127, "atom_1": 77, "atom_2": 176}, "pore_diameter": {"diameter": 4.778323323364699, "atom": 39}, "pore_volume": 57.124869458309874, "pore_diameter_opt": {"diameter": 4.7786914608752475, "atom_1": 48, "centre_of_mass": [3.4192604655356256, 11.627977408614687, 18.466956668921032]}, "pore_volume_opt": 57.13807373063866, "windows": {"diameters": [3.561143439029301, 3.9273461747333998, 3.557347911560918, 3.259799639735888, 3.558887573469874], "centre_of_mass": [[4.830421149411542, 14.332412763442901, 20.990055464493913], [6.188186775199689, 8.858874524738843, 21.235687419303645], [1.4804534302598098, 10.32269562649903, 19.430248816548698], [0.6724619736865898, 14.37510967585714, 15.71971291426172], [5.9075033132444315, 10.23846696941185, 15.809892851534528]]}}