{"no_of_atoms": 240, "centre_of_mass": [8.658000000000005, 4.998728482977759, 91.22250000000011], "maximum_diameter": {"diameter": 25.703627462617337, "atom_1": 114, "atom_2": 206}, "pore_diameter": {"diameter": 2.022625232143518, "atom": 52}, "pore_volume": 4.3325629800491985, "pore_diameter_opt": {"diameter": 2.022625232143518, "atom_1": 52, "centre_of_mass": [8.658000000000005, 4.998728482977759, 91.22250000000011]}, "pore_volume_opt": 4.3325629800491985, "windows": {"diameters": [1.7978105824452135, 1.8008972450058622], "centre_of_mass": [[8.65754219286604, 4.998723588270735, 92.08813668006553], [8.65844359781437, 4.998782418218581, 90.31846373599689]]}}