{"no_of_atoms": 224, "centre_of_mass": [6.518037248287899, 11.289651070539463, -2.0998237941670742e-16], "maximum_diameter": {"diameter": 26.206107466670503, "atom_1": 37, "atom_2": 195}, "pore_diameter": {"diameter": 2.5001159667233464, "atom": 42}, "pore_volume": 8.182369422179654, "pore_diameter_opt": {"diameter": 3.5143785976139648, "atom_1": 94, "centre_of_mass": [6.7410753200610944, 11.821384298094895, 0.12144611866258583]}, "pore_volume_opt": 22.72711233703714, "windows": {"diameters": [3.886812343342801, 4.040653791390161, 4.037257726863585], "centre_of_mass": [[4.393179686383503, 12.94561030865701, 4.209688628954864], [5.4299328487118235, 12.34015980369862, 2.2373800437908393], [8.391635108815102, 13.332471176161757, -0.7383499243415631]]}}