{"no_of_atoms": 168, "centre_of_mass": [8.578414844820987, 4.952659509032274, 78.07910566794443], "maximum_diameter": {"diameter": 22.408318120891835, "atom_1": 105, "atom_2": 130}, "pore_diameter": {"diameter": 5.612712461312242, "atom": 110}, "pore_volume": 92.5799632587609, "pore_diameter_opt": {"diameter": 5.634886972852593, "atom_1": 19, "centre_of_mass": [8.57812649216444, 4.952936220902253, 77.9108812325978]}, "pore_volume_opt": 93.68158929792462, "windows": {"diameters": [4.099471400685351, 3.991118233526912, 3.99566999828663, 3.9828474528723636], "centre_of_mass": [[8.578429304819227, 4.953035754745054, 81.02925606925817], [8.872866011581657, 7.659389839865627, 77.01380957743281], [10.801609152772375, 3.324679330833781, 77.0026761290558], [6.179289322298143, 3.89487804824292, 77.04815512566572]]}}