{"no_of_atoms": 168, "centre_of_mass": [3.132303936824392e-05, 9.047307140244438e-05, 47.70320035649475], "maximum_diameter": {"diameter": 22.310859420302954, "atom_1": 10, "atom_2": 165}, "pore_diameter": {"diameter": 5.221903576897359, "atom": 135}, "pore_volume": 74.5564407554119, "pore_diameter_opt": {"diameter": 5.222536754912776, "atom_1": 135, "centre_of_mass": [0.00019305316181858327, 0.0003803284956680976, 47.70310623766211]}, "pore_volume_opt": 74.58356490056711, "windows": {"diameters": [3.5269454695757223, 3.693228808171597, 3.6917547993524047, 3.688730638816255], "centre_of_mass": [[2.307153753663808e-05, 0.0003697992112719373, 50.54626721426496], [2.129248059329869, -0.9652125458944563, 46.72874275594229], [-0.2588848086762673, 2.5479436793299657, 46.65146503489925], [-1.9732879671869774, -1.4170168426762415, 46.69697580563986]]}}