{"no_of_atoms": 224, "centre_of_mass": [6.453845345708091, -6.985604270507228e-05, 8.76500065112157], "maximum_diameter": {"diameter": 26.206047198821533, "atom_1": 123, "atom_2": 181}, "pore_diameter": {"diameter": 2.5009566556427942, "atom": 146}, "pore_volume": 8.190626407935321, "pore_diameter_opt": {"diameter": 3.5439644861110273, "atom_1": 79, "centre_of_mass": [5.8410175415765435, -0.18612762591134271, 9.076861026492733]}, "pore_volume_opt": 23.30594439197484, "windows": {"diameters": [3.822381046495184, 4.109806041239816, 3.798639724339877], "centre_of_mass": [[6.086636490350658, -3.239033723325572, 13.694316789622794], [6.0549950674520705, -1.51036658267452, 11.010284878247816], [6.08404061213226, 2.9339128316865772, 4.220261056331035]]}}