{"no_of_atoms": 224, "centre_of_mass": [6.564113156273054, 11.369352996386539, 26.179908170542166], "maximum_diameter": {"diameter": 26.03785346589253, "atom_1": 10, "atom_2": 211}, "pore_diameter": {"diameter": 2.0014662588788616, "atom": 58}, "pore_volume": 4.198009736838617, "pore_diameter_opt": {"diameter": 3.6375113900223854, "atom_1": 156, "centre_of_mass": [7.561702660333981, 12.370086112411586, 25.74588150955028]}, "pore_volume_opt": 25.20064798638863, "windows": {"diameters": [3.8808361133909313, 3.699709038408114, 3.938827240851681], "centre_of_mass": [[3.539303265390539, 13.493928998226204, 31.23065411597129], [7.844957787064652, 12.368526196591278, 25.49681275442951], [9.992151700635826, 9.766827388661804, 21.024356930809567]]}}