{"no_of_atoms": 228, "centre_of_mass": [11.276489616218965, 6.510502458305741, 80.47048864496873], "maximum_diameter": {"diameter": 29.49353688191994, "atom_1": 3, "atom_2": 219}, "pore_diameter": {"diameter": 6.242719630361739, "atom": 62}, "pore_volume": 127.38553459901509, "pore_diameter_opt": {"diameter": 6.243083124168473, "atom_1": 54, "centre_of_mass": [11.276491351967245, 6.510260806936434, 80.47059037602813]}, "pore_volume_opt": 127.40778766425682, "windows": {"diameters": [4.007539453159925, 5.4291315247003435, 5.239804740379993, 5.232249408763588, 3.9752552684605917], "centre_of_mass": [[11.276643276675069, 6.510235227111657, 88.59800872003851], [12.81047046183102, 6.240247035108081, 83.62167736827529], [10.191176722527057, 9.32663158601326, 83.14404185259637], [9.293492268466228, 4.081911476418375, 83.14690328496913], [11.276879342180605, 6.510092447293166, 72.38971312556762]]}}