{"no_of_atoms": 252, "centre_of_mass": [11.130027844857057, 6.425889067581393, 24.704088651522913], "maximum_diameter": {"diameter": 29.802515906412285, "atom_1": 113, "atom_2": 228}, "pore_diameter": {"diameter": 2.2743562544949207, "atom": 87}, "pore_volume": 6.159906251591009, "pore_diameter_opt": {"diameter": 2.274663094724953, "atom_1": 79, "centre_of_mass": [11.130079304368701, 6.42575395344087, 24.70401761625906]}, "pore_volume_opt": 6.1623997422993755, "windows": {"diameters": [2.113107431337419, 2.112692059645165], "centre_of_mass": [[11.129901189730136, 6.425785766168481, 25.510543130135023], [11.129992778207752, 6.42565503449856, 23.912292010691253]]}}