{"no_of_atoms": 216, "centre_of_mass": [-11.364475927493045, 19.68393441005548, 23.840780744534502], "maximum_diameter": {"diameter": 25.74932915888783, "atom_1": 108, "atom_2": 176}, "pore_diameter": {"diameter": 1.194899361553405, "atom": 67}, "pore_volume": 0.8932902823665577, "pore_diameter_opt": {"diameter": 1.195759079293643, "atom_1": 50, "centre_of_mass": [-11.364865912921221, 19.683949885261434, 23.84050627498366]}, "pore_volume_opt": 0.8952198093511426, "windows": {"diameters": [1.1264283395077688, 0.9835074086137294], "centre_of_mass": [[-11.364898834294037, 19.683914778644834, 24.363659157559333], [-11.364280205499295, 19.683998799712185, 22.849237735999935]]}}