{"no_of_atoms": 192, "centre_of_mass": [-8.352812513133795e-17, 10.101316908420246, 43.55400000000001], "maximum_diameter": {"diameter": 24.417490865652994, "atom_1": 93, "atom_2": 165}, "pore_diameter": {"diameter": 4.107475635541009, "atom": 38}, "pore_volume": 36.28470614803971, "pore_diameter_opt": {"diameter": 4.107475635541009, "atom_1": 38, "centre_of_mass": [-8.352812513133795e-17, 10.101316908420246, 43.55400000000001]}, "pore_volume_opt": 36.28470614803971, "windows": {"diameters": [3.5392888957667075, 3.2533615621730854, 3.4109503633674323, 3.3075570169089867, 3.5345857612529543], "centre_of_mass": [[-0.00030318036910775863, 10.101093052001104, 48.41952496316108], [0.5527469193130108, 6.341876449969591, 44.09986533126754], [-3.2167693934151496, 12.734142765400067, 42.89049998054056], [3.6601694968430216, 11.513306991814211, 42.95431253616914], [0.0003145361398961369, 10.101082176017124, 38.74876575494631]]}}