{"no_of_atoms": 76, "centre_of_mass": [2.9140000000000006, 8.719736120309815, 10.88435911405558], "maximum_diameter": {"diameter": 17.3726852823643, "atom_1": 10, "atom_2": 74}, "pore_diameter": {"diameter": 4.399464788102442, "atom": 21}, "pore_volume": 44.58596395632789, "pore_diameter_opt": {"diameter": 4.399805725568724, "atom_1": 61, "centre_of_mass": [2.913884786672821, 8.719859339914786, 10.884334566568166]}, "pore_volume_opt": 44.59633035611903, "windows": {"diameters": [3.1136664369954605, 3.1034405491683756], "centre_of_mass": [[2.4853236308093956, 5.203821463751016, 11.068810436050144], [3.343895231665295, 12.211908216214677, 10.701540361667801]]}}