{"no_of_atoms": 108, "centre_of_mass": [13.034672735845271, 12.407354415954412, 9.605070214879014], "maximum_diameter": {"diameter": 14.78227066841527, "atom_1": 11, "atom_2": 105}, "pore_diameter": {"diameter": 5.051016769832708, "atom": 23}, "pore_volume": 67.473781983535, "pore_diameter_opt": {"diameter": 5.078931009626606, "atom_1": 75, "centre_of_mass": [13.04364936264593, 12.41147129401798, 9.59520751562709]}, "pore_volume_opt": 68.59864905304877, "windows": {"diameters": [3.596490092794788, 3.7448824095043163], "centre_of_mass": [[11.546447481606368, 14.942872711837945, 11.550742300980284], [14.440039145114504, 10.128751545672213, 7.939140422452294]]}}