{"no_of_atoms": 198, "centre_of_mass": [0.0002715297838660545, 0.0002075858486277104, -2.585468337589832e-05], "maximum_diameter": {"diameter": 27.43238826329106, "atom_1": 81, "atom_2": 197}, "pore_diameter": {"diameter": 0.724234207770182, "atom": 86}, "pore_volume": 0.19890043105733285, "pore_diameter_opt": {"diameter": 0.724634808138878, "atom_1": 55, "centre_of_mass": [0.00012973930782462836, 0.0002122220132472744, 0.00011593086946476886]}, "pore_volume_opt": 0.19923067091747587, "windows": {"diameters": [1.1537722483170194, 0.9857738024549278], "centre_of_mass": [[-0.1622332760628443, -1.1719477868984738, -0.06541342701733627], [-0.6448728480680669, 3.5005282367350095, -1.62817144554168]]}}