{"no_of_atoms": 80, "centre_of_mass": [-2.8540069115723785, 6.701367082242049, 8.76650409339462], "maximum_diameter": {"diameter": 14.989755813441565, "atom_1": 35, "atom_2": 57}, "pore_diameter": {"diameter": 3.3220181226528234, "atom": 1}, "pore_volume": 19.195729188313976, "pore_diameter_opt": {"diameter": 3.6657064627836484, "atom_1": 67, "centre_of_mass": [-3.057387186752145, 6.583517137736085, 8.811307425193084]}, "pore_volume_opt": 25.791207641806544, "windows": {"diameters": [4.025254311235145, 3.743481908927538, 3.61627034561613], "centre_of_mass": [[-1.2847668283260092, 8.830772049627125, 10.096414228620661], [-2.5499474440212184, 6.02177171688224, 9.039990055299223], [-3.7664566949932645, 5.5389356130771645, 7.994987377932801]]}}