{"no_of_atoms": 88, "centre_of_mass": [8.639176978551234, 5.406541013356807, 3.4897837314418254], "maximum_diameter": {"diameter": 15.026013895368477, "atom_1": 7, "atom_2": 81}, "pore_diameter": {"diameter": 2.943245990880324, "atom": 26}, "pore_volume": 13.349909010443652, "pore_diameter_opt": {"diameter": 3.199064553114902, "atom_1": 30, "centre_of_mass": [8.602681684733424, 5.426982451623927, 3.368529751118082]}, "pore_volume_opt": 17.14224245643447, "windows": {"diameters": [3.3115104892292195, 3.3101975771932923, 2.658455544710338], "centre_of_mass": [[8.046802629307772, 6.013221519978877, 3.6270803190458683], [8.635576838185834, 4.711847986964726, 3.291625145017604], [10.504358411215991, 8.156814491153497, 0.9417084152474797]]}}