{"no_of_atoms": 120, "centre_of_mass": [8.911592463385023, 6.272205946215335, 7.180504386552298], "maximum_diameter": {"diameter": 20.42513307707017, "atom_1": 64, "atom_2": 100}, "pore_diameter": {"diameter": 3.0183505743156998, "atom": 112}, "pore_volume": 14.39818217599221, "pore_diameter_opt": {"diameter": 3.290378248255308, "atom_1": 93, "centre_of_mass": [8.551374164904297, 6.1396210165219225, 6.879001811838141]}, "pore_volume_opt": 18.652459206803773, "windows": {"diameters": [3.9548851179965108, 3.9857649312070884, 3.6536802688305916], "centre_of_mass": [[8.18178539271012, 7.639446867618648, 5.6665595887991715], [6.376038300442318, 6.435137273206434, 4.836018754252132], [7.263986966557194, 5.171292104189414, 6.296093566283427]]}}