{"no_of_atoms": 88, "centre_of_mass": [-7.700790903968624e-19, -1.8481898169524697e-17, 0.0001943608240271244], "maximum_diameter": {"diameter": 13.02909231226281, "atom_1": 43, "atom_2": 65}, "pore_diameter": {"diameter": 1.4416256893196429, "atom": 7}, "pore_volume": 1.5687587471842213, "pore_diameter_opt": {"diameter": 1.4417451435657944, "atom_1": 82, "centre_of_mass": [1.2869619308657378e-05, -4.8398474357269515e-05, 0.00015310011617366399]}, "pore_volume_opt": 1.5691487452739719, "windows": {"diameters": [1.7878422773555172, 1.7774680075649445, 0.6729019431157108], "centre_of_mass": [[0.8613794887943088, -0.059437441788512, 0.6811313612987545], [-0.8309276070878646, 0.06766999622381593, -0.6831136634440531], [1.4782558546296174, 1.10239976739196, -0.15419126307271427]]}}