{"no_of_atoms": 160, "centre_of_mass": [14.851806960275496, 9.351886853893012, 10.535833496933295], "maximum_diameter": {"diameter": 17.673397890250392, "atom_1": 20, "atom_2": 159}, "pore_diameter": {"diameter": 5.687551676811342, "atom": 128}, "pore_volume": 96.33291216325277, "pore_diameter_opt": {"diameter": 6.70250518201634, "atom_1": 86, "centre_of_mass": [14.386391078256281, 9.339307977848769, 11.914376418839346]}, "pore_volume_opt": 157.65585262110542, "windows": {"diameters": [6.6964392445191585, 6.127947328370251], "centre_of_mass": [[14.323046558034319, 9.30893449103383, 12.344636771519498], [14.595035832607053, 9.239270111885869, 8.780639839801607]]}}