{"no_of_atoms": 129, "centre_of_mass": [4.6064154516460345, 14.631986840488052, 14.857056495074302], "maximum_diameter": {"diameter": 20.683617051809083, "atom_1": 25, "atom_2": 85}, "pore_diameter": {"diameter": 3.5540150050326473, "atom": 28}, "pore_volume": 23.504790979275263, "pore_diameter_opt": {"diameter": 4.049850698499911, "atom_1": 20, "centre_of_mass": [4.869518376512962, 14.924321373801988, 15.477231433402928]}, "pore_volume_opt": 34.77888550347744, "windows": {"diameters": [4.046191190938745, 3.930574120641516, 4.178491910949932], "centre_of_mass": [[5.146461332372866, 13.638162407051441, 16.507889660902375], [5.291470594695749, 11.306028469723266, 15.237729040755683], [4.38627256002364, 15.294380425174731, 13.123395558890815]]}}