{"no_of_atoms": 56, "centre_of_mass": [15.136827336022357, 0.2990695492811595, 11.118531303173828], "maximum_diameter": {"diameter": 12.359759181827439, "atom_1": 2, "atom_2": 53}, "pore_diameter": {"diameter": 1.1801892757041315, "atom": 26}, "pore_volume": 0.8607035893058822, "pore_diameter_opt": {"diameter": 1.2911293239044253, "atom_1": 24, "centre_of_mass": [15.184763889024877, 0.2916117144314233, 11.076906708097082]}, "pore_volume_opt": 1.1269583270274373, "windows": {"diameters": [0.46872355246170283, 0.4903262360504077, 0.7385178302268476], "centre_of_mass": [[14.220450206289081, -0.7505872645098536, 11.583802500644481], [14.993745204365844, 1.362835668006761, 11.848685387324874], [14.925274558860675, 0.5034296490255009, 9.813501249312358]]}}