{"no_of_atoms": 56, "centre_of_mass": [8.329011726835036, 3.8469165034840196, 4.3017547099812], "maximum_diameter": {"diameter": 12.358751347783283, "atom_1": 14, "atom_2": 45}, "pore_diameter": {"diameter": 1.179899253756561, "atom": 25}, "pore_volume": 0.8600692124344718, "pore_diameter_opt": {"diameter": 1.2905057666726756, "atom_1": 31, "centre_of_mass": [8.377247839584157, 3.8548689582095292, 4.26041656025159]}, "pore_volume_opt": 1.1253263053403586, "windows": {"diameters": [0.5233745479200995, 0.47091734208893765, 0.7563206837090939], "centre_of_mass": [[9.199780348334102, 2.8288369610883652, 4.812832680710428], [7.403668375106124, 4.90937038093436, 4.77348815000117], [8.686883639235155, 4.090377193548917, 3.060056827902997]]}}