{"no_of_atoms": 108, "centre_of_mass": [31.54248594518016, 2.4089698464413836, 7.224637883393041], "maximum_diameter": {"diameter": 17.85059658744549, "atom_1": 74, "atom_2": 77}, "pore_diameter": {"diameter": 3.6070160536044784, "atom": 47}, "pore_volume": 24.57213247035783, "pore_diameter_opt": {"diameter": 4.946275518401077, "atom_1": 94, "centre_of_mass": [31.51102044708304, 3.1436106537535853, 6.544914598586073]}, "pore_volume_opt": 63.36267940219971, "windows": {"diameters": [4.247909380639856, 4.328388371246527], "centre_of_mass": [[31.28783314810482, 4.178718495228277, 10.070055416429676], [31.857740331030925, 2.1242276704691125, 2.38858020574465]]}}