{"no_of_atoms": 108, "centre_of_mass": [4.450609670176389, 9.655818148757247, 1.5402507932269867], "maximum_diameter": {"diameter": 17.85117958170657, "atom_1": 48, "atom_2": 102}, "pore_diameter": {"diameter": 3.606762912248, "atom": 70}, "pore_volume": 24.566959396831702, "pore_diameter_opt": {"diameter": 4.89805080837831, "atom_1": 6, "centre_of_mass": [4.548164523743017, 8.952252375084207, 1.1079440283446702]}, "pore_volume_opt": 61.52738817891563, "windows": {"diameters": [4.298472767532523, 4.269959876426697], "centre_of_mass": [[4.743672974223985, 7.766409575006104, 4.719314943461191], [4.2194245831210395, 9.635002670660485, -2.594864841965955]]}}