{"no_of_atoms": 124, "centre_of_mass": [2.9817269092689287, 4.224372930670517, 15.30966145630798], "maximum_diameter": {"diameter": 17.570843480630923, "atom_1": 79, "atom_2": 92}, "pore_diameter": {"diameter": 2.124248735588615, "atom": 60}, "pore_volume": 5.0189714769582485, "pore_diameter_opt": {"diameter": 4.769856917372696, "atom_1": 54, "centre_of_mass": [3.3777643328837725, 3.1622485628762096, 14.572485308077423]}, "pore_volume_opt": 56.821759428571596, "windows": {"diameters": [3.5258240111283112, 4.453896223221358], "centre_of_mass": [[0.3032339806550053, 2.4197445782287077, 14.398717236978225], [6.898814484397977, 3.697036783435153, 14.563670197652298]]}}