{"no_of_atoms": 108, "centre_of_mass": [22.447187968038442, 8.441446850627045, 1.5402507932269862], "maximum_diameter": {"diameter": 17.851179581706567, "atom_1": 49, "atom_2": 87}, "pore_diameter": {"diameter": 3.6071344433697745, "atom": 11}, "pore_volume": 24.574552075180332, "pore_diameter_opt": {"diameter": 4.898264547030799, "atom_1": 7, "centre_of_mass": [22.546530856880626, 9.14073638134359, 1.1098089889969316]}, "pore_volume_opt": 61.535443233118094, "windows": {"diameters": [4.2972466939941185, 4.248466492919897], "centre_of_mass": [[22.73914655213935, 10.328922641090498, 4.714712474314416], [22.18640723966574, 8.354274870392063, -2.84320534172412]]}}