{"no_of_atoms": 144, "centre_of_mass": [4.005445053117854, 11.643012055344887, 13.901908869778504], "maximum_diameter": {"diameter": 17.842019697344277, "atom_1": 45, "atom_2": 107}, "pore_diameter": {"diameter": 7.620881287284872, "atom": 49}, "pore_volume": 231.74704861455456, "pore_diameter_opt": {"diameter": 7.621060788585657, "atom_1": 49, "centre_of_mass": [4.005444408793292, 11.642983110624778, 13.901993822514031]}, "pore_volume_opt": 231.7634246247301, "windows": {"diameters": [6.40648255850109, 6.425279528935998], "centre_of_mass": [[0.9112664304198681, 10.46305288762687, 14.70929457721819], [7.1193214690892646, 13.33033323510223, 13.182839048234214]]}}