{"no_of_atoms": 126, "centre_of_mass": [12.439492145178763, 30.290876849988823, 5.266810795542486], "maximum_diameter": {"diameter": 16.099647984054766, "atom_1": 62, "atom_2": 66}, "pore_diameter": {"diameter": 6.38025638377216, "atom": 8}, "pore_volume": 135.99189153627785, "pore_diameter_opt": {"diameter": 6.562650727217058, "atom_1": 8, "centre_of_mass": [12.3460262946879, 30.4046304461531, 5.262557288126222]}, "pore_volume_opt": 147.99140584363036, "windows": {"diameters": [5.300433632224096, 5.0210188296334115], "centre_of_mass": [[10.724846842376154, 32.57371336694122, 6.868416623308801], [14.077224572407594, 28.106079612419244, 3.5211218675640037]]}}