{"no_of_atoms": 168, "centre_of_mass": [12.486209657213827, 12.486209657213825, 24.972874484138472], "maximum_diameter": {"diameter": 22.312199705943712, "atom_1": 98, "atom_2": 128}, "pore_diameter": {"diameter": 5.654128168918199, "atom": 136}, "pore_volume": 94.64454094953021, "pore_diameter_opt": {"diameter": 5.6542251329340925, "atom_1": 25, "centre_of_mass": [12.486191110484757, 12.486191050261178, 24.972808900865815]}, "pore_volume_opt": 94.64941027962684, "windows": {"diameters": [3.866910603952318, 3.8635474353876336, 3.8569925893942822, 3.866179430455609], "centre_of_mass": [[10.816671173250347, 10.816650276385039, 26.64231091023212], [14.138794039503772, 14.139148125582727, 26.625199250367736], [14.055938713041176, 10.916997148537002, 23.403426369908175], [10.817391221113258, 14.155199513577484, 23.303446772728545]]}}