{"no_of_atoms": 168, "centre_of_mass": [3.9260965912145335e-16, 12.456999999999997, 12.45699999999999], "maximum_diameter": {"diameter": 22.306116167805452, "atom_1": 13, "atom_2": 164}, "pore_diameter": {"diameter": 5.51260006956441, "atom": 30}, "pore_volume": 87.7138312660818, "pore_diameter_opt": {"diameter": 5.51260006956441, "atom_1": 30, "centre_of_mass": [3.9260965912145335e-16, 12.456999999999997, 12.45699999999999]}, "pore_volume_opt": 87.7138312660818, "windows": {"diameters": [3.74527341758948, 3.742727503434796, 3.7362246906442516, 3.7452085724631314], "centre_of_mass": [[-1.6451994557337835, 10.81177136237362, 14.102215603027336], [1.6297737552142235, 14.08682400124004, 14.086835616428154], [1.5471082616845042, 10.909927069922757, 10.909910825863232], [-1.6449848923735915, 14.10195684199888, 10.812065463402385]]}}