{"no_of_atoms": 168, "centre_of_mass": [6.2285, 6.2285, 6.228500000000002], "maximum_diameter": {"diameter": 22.305031031031977, "atom_1": 46, "atom_2": 162}, "pore_diameter": {"diameter": 5.513008190280084, "atom": 0}, "pore_volume": 87.73331416787053, "pore_diameter_opt": {"diameter": 5.513008190280084, "atom_1": 0, "centre_of_mass": [6.2285, 6.2285, 6.228500000000002]}, "pore_volume_opt": 87.73331416787053, "windows": {"diameters": [3.740629609060695, 3.7394731566687276, 3.748037712792289, 3.7515345604086803], "centre_of_mass": [[4.622900421806818, 7.834129504511349, 7.834123326581411], [7.822103341149675, 4.634874309579322, 7.822103973521037], [7.883768451194573, 7.883854418409617, 4.57322150083875], [4.556424981863487, 4.556441783024406, 4.556454767758306]]}}