{"no_of_atoms": 168, "centre_of_mass": [18.744000000000003, 6.247999999999999, 18.743999999999996], "maximum_diameter": {"diameter": 22.338523854687377, "atom_1": 9, "atom_2": 164}, "pore_diameter": {"diameter": 5.623777479525932, "atom": 143}, "pore_volume": 93.12858560598251, "pore_diameter_opt": {"diameter": 5.623777479525932, "atom_1": 143, "centre_of_mass": [18.744000000000003, 6.247999999999999, 18.743999999999996]}, "pore_volume_opt": 93.12858560598251, "windows": {"diameters": [3.8318915252413377, 3.8307451860525386, 3.839470664478553, 3.8428739949502417], "centre_of_mass": [[17.11934573837189, 7.872687536876703, 20.368742095395824], [20.35642064122721, 4.635590337068192, 20.356435475930578], [20.419141554299188, 7.923077740517579, 17.068935897366334], [17.052511278517304, 4.556501982527299, 17.05253524635611]]}}