{"no_of_atoms": 168, "centre_of_mass": [2.1458422664532875e-16, 12.444999999999999, 12.444999999999999], "maximum_diameter": {"diameter": 22.2899868721986, "atom_1": 13, "atom_2": 164}, "pore_diameter": {"diameter": 5.422360908509678, "atom": 30}, "pore_volume": 83.47643315669873, "pore_diameter_opt": {"diameter": 5.422360908509678, "atom_1": 30, "centre_of_mass": [2.1458422664532875e-16, 12.444999999999999, 12.444999999999999]}, "pore_volume_opt": 83.47643315669873, "windows": {"diameters": [3.660939337514749, 3.6584821491393966, 3.6520103068765155, 3.6608995888738396], "centre_of_mass": [[-1.6331441513669358, 10.811893944016225, 14.078082664712255], [1.6176677584101533, 14.062674741134115, 14.062655899302927], [1.5360422325228849, 10.908993156200033, 10.908984863702083], [-1.6327916941684266, 14.07778816796957, 10.812151119119854]]}}