{"no_of_atoms": 168, "centre_of_mass": [18.673500000000015, 6.224500000000003, 18.673499999999997], "maximum_diameter": {"diameter": 22.239652290107127, "atom_1": 9, "atom_2": 164}, "pore_diameter": {"diameter": 5.481014975778324, "atom": 38}, "pore_volume": 86.21475301791475, "pore_diameter_opt": {"diameter": 5.481014975778324, "atom_1": 38, "centre_of_mass": [18.673500000000015, 6.224500000000003, 18.673499999999997]}, "pore_volume_opt": 86.21475301791475, "windows": {"diameters": [3.7013637915591615, 3.7000244944875997, 3.7107417537836738, 3.7090297930961307], "centre_of_mass": [[17.06445111274339, 7.8335330819134725, 20.282493242242047], [20.268414377907508, 4.629607567097311, 20.26840152263029], [17.00605976904033, 4.557100697820916, 17.00608597065057], [20.332682216581766, 7.883703967024077, 17.014205537296057]]}}