{"no_of_atoms": 104, "centre_of_mass": [-0.0001307287430653335, 9.152857607136008, 0.7443714566265298], "maximum_diameter": {"diameter": 16.273921881435275, "atom_1": 19, "atom_2": 80}, "pore_diameter": {"diameter": 1.3372651141162435, "atom": 58}, "pore_volume": 1.25213503573053, "pore_diameter_opt": {"diameter": 1.4737236174724706, "atom_1": 62, "centre_of_mass": [0.004813743760435021, 9.151966287019723, 0.9038249945815721]}, "pore_volume_opt": 1.6758947970921145, "windows": {"diameters": [2.1365837858725283, 2.2001401999248347, 2.186092229828747], "centre_of_mass": [[-0.5868126387059469, 12.585992282598216, 3.4825409871084663], [-0.0003428381059428984, 9.153262071730058, 2.4706222562607696], [-0.012921795545802544, 9.145185564036513, 2.4766415851729993]]}}