{"no_of_atoms": 143, "centre_of_mass": [3.1005958664322177, 10.400128067700726, 14.556970183339084], "maximum_diameter": {"diameter": 19.247490413063073, "atom_1": 89, "atom_2": 132}, "pore_diameter": {"diameter": 4.50841227839061, "atom": 68}, "pore_volume": 47.98102197041611, "pore_diameter_opt": {"diameter": 4.87500730882093, "atom_1": 19, "centre_of_mass": [3.008239195069102, 9.988086942920233, 14.614160155615952]}, "pore_volume_opt": 60.663077083410485, "windows": {"diameters": [3.237769578572402, 1.1203377654112563, 3.2228074223124863], "centre_of_mass": [[0.31780245778779115, 9.31968754203691, 18.079861796074795], [-0.7479132628452878, 12.353999376857935, 15.054243779925848], [5.671566055208524, 9.680224984143713, 11.741764999110572]]}}