{"no_of_atoms": 143, "centre_of_mass": [17.68010709672978, 12.277121382058851, 4.8523752328119], "maximum_diameter": {"diameter": 19.247223470734774, "atom_1": 23, "atom_2": 103}, "pore_diameter": {"diameter": 4.506494330060841, "atom": 49}, "pore_volume": 47.9198124102139, "pore_diameter_opt": {"diameter": 4.810093119974878, "atom_1": 43, "centre_of_mass": [17.589002826471468, 12.75998159337207, 4.956150075139356]}, "pore_volume_opt": 58.27188601153565, "windows": {"diameters": [4.072923741993801, 4.107073860923844], "centre_of_mass": [[13.792077062826701, 14.293339915735881, 10.008590632830666], [21.586318885969604, 14.314664428491213, -0.33040748822780586]]}}