{"no_of_atoms": 154, "centre_of_mass": [2.3420678303267217, 18.689476943082656, 17.84329710001744], "maximum_diameter": {"diameter": 18.52232706383291, "atom_1": 65, "atom_2": 96}, "pore_diameter": {"diameter": 4.162978068004424, "atom": 9}, "pore_volume": 37.77556693577039, "pore_diameter_opt": {"diameter": 4.973171125011623, "atom_1": 68, "centre_of_mass": [2.841347665954374, 18.93305685678091, 17.9463014318821]}, "pore_volume_opt": 64.40192258733545, "windows": {"diameters": [3.7544895478062723, 3.0616431629930463], "centre_of_mass": [[1.394409195514234, 19.204043175564962, 22.686422416891705], [7.164662253399457, 20.80740367964363, 13.72198541441103]]}}