{"no_of_atoms": 108, "centre_of_mass": [5.198616511175315, 7.261600779017716e-17, 14.458041163075318], "maximum_diameter": {"diameter": 14.683427050213073, "atom_1": 28, "atom_2": 104}, "pore_diameter": {"diameter": 4.98622146023207, "atom": 55}, "pore_volume": 64.91025465268746, "pore_diameter_opt": {"diameter": 4.986292681372227, "atom_1": 44, "centre_of_mass": [5.1986119722996245, -3.0419002259761376e-05, 14.458023199270425]}, "pore_volume_opt": 64.91303614669903, "windows": {"diameters": [3.404499271770863, 3.3959206726603117], "centre_of_mass": [[8.112964211827677, 1.234414240451907, 14.335048166648493], [2.4302583221882945, -1.180888428477284, 14.595420045713123]]}}