{"no_of_atoms": 92, "centre_of_mass": [8.426878953020804, 7.049539757486451, 5.073713735358025], "maximum_diameter": {"diameter": 21.71276905612719, "atom_1": 58, "atom_2": 69}, "pore_diameter": {"diameter": 1.84094657269006, "atom": 89}, "pore_volume": 3.2667972140118104, "pore_diameter_opt": {"diameter": 1.841150376881942, "atom_1": 8, "centre_of_mass": [8.42681530165669, 7.04947610464785, 5.073765377735849]}, "pore_volume_opt": 3.2678822982053184, "windows": {"diameters": [2.0545706715046053, 1.9159755809653336], "centre_of_mass": [[7.753004271995848, 7.439962651880153, 4.58132490882158], [9.533160436309666, 5.343606670571798, 4.812721445218325]]}}