{"no_of_atoms": 88, "centre_of_mass": [1.4187482746119564, 0.5317119112197219, 10.341763333154308], "maximum_diameter": {"diameter": 22.042314819778685, "atom_1": 12, "atom_2": 81}, "pore_diameter": {"diameter": 1.2616980202995358, "atom": 32}, "pore_volume": 1.0516346501359295, "pore_diameter_opt": {"diameter": 1.312269396701097, "atom_1": 46, "centre_of_mass": [1.4028287695118475, 0.5226273902565121, 10.362785275538279]}, "pore_volume_opt": 1.1832257835024076, "windows": {"diameters": [1.3706312879241982, 1.3482289913452177], "centre_of_mass": [[1.853879816377818, 0.8104982856400865, 10.65962752064376], [0.902047760524068, 0.24853504683588445, 10.131109541110272]]}}