{"no_of_atoms": 92, "centre_of_mass": [7.060174745872774, 8.414744023327252, 35.449037470965806], "maximum_diameter": {"diameter": 21.76887258113646, "atom_1": 10, "atom_2": 91}, "pore_diameter": {"diameter": 1.7175215670089439, "atom": 43}, "pore_volume": 2.6528043436994118, "pore_diameter_opt": {"diameter": 1.7176541527641778, "atom_1": 43, "centre_of_mass": [7.0602158681151, 8.414785270217054, 35.44900198639988]}, "pore_volume_opt": 2.6534187485951675, "windows": {"diameters": [1.9902693780578855, 1.8222785729426412], "centre_of_mass": [[7.519810139433579, 7.630186898868427, 34.88224822349992], [5.874673957953162, 10.079719705200754, 35.66009402727197]]}}