{"no_of_atoms": 92, "centre_of_mass": [4.084431379405079, 7.7374437835610275, 10.128312511551238], "maximum_diameter": {"diameter": 18.01564441379005, "atom_1": 36, "atom_2": 84}, "pore_diameter": {"diameter": 1.9000952659873445, "atom": 88}, "pore_volume": 3.591904241816846, "pore_diameter_opt": {"diameter": 2.4582956358921693, "atom_1": 76, "centre_of_mass": [3.134383746411407, 7.788762344407383, 10.154635998179387]}, "pore_volume_opt": 7.778591286988373, "windows": {"diameters": [1.6692103394505402, 2.655268645558594], "centre_of_mass": [[5.018306532470984, 7.779859096162, 9.111241357426126], [2.9568217909915866, 8.414286346668641, 10.577926516829567]]}}