{"no_of_atoms": 150, "centre_of_mass": [6.345789648650612, 12.573966802453869, 0.0002144249654463079], "maximum_diameter": {"diameter": 18.83178657081576, "atom_1": 10, "atom_2": 149}, "pore_diameter": {"diameter": 5.117050297120871, "atom": 92}, "pore_volume": 70.1548466656712, "pore_diameter_opt": {"diameter": 5.117871016801223, "atom_1": 37, "centre_of_mass": [6.345441180604686, 12.573775519161382, 0.0003163011375956836]}, "pore_volume_opt": 70.18860832245667, "windows": {"diameters": [3.5161052558002224, 3.4854722873999986], "centre_of_mass": [[8.03117641292081, 13.733153552996885, 2.352563777229165], [5.00791048784688, 10.90473012736458, -2.1935634809260045]]}}