{"no_of_atoms": 147, "centre_of_mass": [11.809287109896415, 7.308310560385277, 13.549535835212206], "maximum_diameter": {"diameter": 17.534972972949188, "atom_1": 38, "atom_2": 95}, "pore_diameter": {"diameter": 5.630405459418487, "atom": 117}, "pore_volume": 93.45824773493561, "pore_diameter_opt": {"diameter": 5.945580230052908, "atom_1": 117, "centre_of_mass": [11.898468879278948, 7.342853565841974, 13.288809899024864]}, "pore_volume_opt": 110.04779723999954, "windows": {"diameters": [5.359579909350039, 5.9455774965797765], "centre_of_mass": [[12.150516471390063, 9.177290928360915, 16.43034215547194], [11.898506950849956, 7.342862594222303, 13.288794661130565]]}}