{"no_of_atoms": 147, "centre_of_mass": [3.097378667773287, 17.521787598448256, 19.22947204152999], "maximum_diameter": {"diameter": 17.53580626343013, "atom_1": 2, "atom_2": 129}, "pore_diameter": {"diameter": 5.630854700595716, "atom": 26}, "pore_volume": 93.48062017874965, "pore_diameter_opt": {"diameter": 6.364184484847577, "atom_1": 111, "centre_of_mass": [3.082573249970915, 17.11446871664003, 20.085358045311512]}, "pore_volume_opt": 134.96678528569493, "windows": {"diameters": [6.272313629596345, 5.3615538161587395], "centre_of_mass": [[3.184563971346406, 16.752260054040764, 20.81475739813691], [2.754338558790395, 19.394922072953822, 16.342224736038894]]}}