{"no_of_atoms": 97, "centre_of_mass": [4.4164360009156285, 7.8396193364455495, 9.14481743581918], "maximum_diameter": {"diameter": 13.846112099723992, "atom_1": 26, "atom_2": 84}, "pore_diameter": {"diameter": 4.791715668313113, "atom": 33}, "pore_volume": 57.60653348348709, "pore_diameter_opt": {"diameter": 5.091673391025926, "atom_1": 60, "centre_of_mass": [4.411384705309414, 7.7596175496513995, 8.984946697816218]}, "pore_volume_opt": 69.11626093521737, "windows": {"diameters": [3.7191524750766543, 3.218179834307701], "centre_of_mass": [[4.019338899480458, 4.708001601367791, 8.754747979176972], [4.5216467035074634, 11.384923717315843, 9.131523791308224]]}}