{"no_of_atoms": 97, "centre_of_mass": [31.563301471251293, 18.177279029986888, 2.1100200758863243], "maximum_diameter": {"diameter": 13.84613713293102, "atom_1": 24, "atom_2": 84}, "pore_diameter": {"diameter": 4.793584197255123, "atom": 36}, "pore_volume": 57.67395074818269, "pore_diameter_opt": {"diameter": 5.093182611006245, "atom_1": 36, "centre_of_mass": [31.568470993714165, 18.097974961842066, 2.2686622417617177]}, "pore_volume_opt": 69.17773928779253, "windows": {"diameters": [3.7143457310001087, 3.2247014584985165], "centre_of_mass": [[31.960280201907555, 15.014387955043109, 2.5019787395829014], [31.45644014416147, 21.761366498364747, 2.119161178094265]]}}