{"no_of_atoms": 97, "centre_of_mass": [3.9682692049971213, 1.5839523261863309, 13.029557679848505], "maximum_diameter": {"diameter": 15.02604954840203, "atom_1": 46, "atom_2": 56}, "pore_diameter": {"diameter": 4.560019950601465, "atom": 72}, "pore_volume": 49.64766760086122, "pore_diameter_opt": {"diameter": 4.904628855944145, "atom_1": 5, "centre_of_mass": [4.087729907613242, 1.4648401242459743, 12.993551562189324]}, "pore_volume_opt": 61.775613786325295, "windows": {"diameters": [4.56303549106028, 3.953783475871075], "centre_of_mass": [[4.7231499039114215, -1.0047916022667513, 15.099733396855623], [4.082850242495428, 3.256453639090865, 10.062611760057834]]}}