{"no_of_atoms": 97, "centre_of_mass": [3.636875908520217, 12.587895411444, 20.15324472714913], "maximum_diameter": {"diameter": 14.921294160146314, "atom_1": 23, "atom_2": 93}, "pore_diameter": {"diameter": 4.70655621087511, "atom": 50}, "pore_volume": 54.589406411184875, "pore_diameter_opt": {"diameter": 4.871362074722912, "atom_1": 50, "centre_of_mass": [3.6312659616703797, 12.671681468870599, 20.14436965852132]}, "pore_volume_opt": 60.52709832734888, "windows": {"diameters": [4.147119028549312, 3.3479775986301257], "centre_of_mass": [[6.0888856408323795, 12.828238635688763, 21.21327763015761], [0.9161470215645919, 13.085876147247664, 18.503810559952058]]}}