{"no_of_atoms": 151, "centre_of_mass": [4.597369966564756, 3.722146004744233, 25.5485124366365], "maximum_diameter": {"diameter": 20.027922764288288, "atom_1": 86, "atom_2": 103}, "pore_diameter": {"diameter": 4.760518087738772, "atom": 14}, "pore_volume": 56.488661097308466, "pore_diameter_opt": {"diameter": 5.619595261834304, "atom_1": 33, "centre_of_mass": [4.433017102720113, 4.021616686851879, 25.949943689999618]}, "pore_volume_opt": 92.92097011348174, "windows": {"diameters": [4.435439522687696, 4.010590631203803, 4.050021677247484, 4.164947182939191], "centre_of_mass": [[3.7106021262683893, 4.422337131332142, 28.172277083006097], [7.628628300083911, 3.762029046176928, 25.925165061217218], [3.222897600840421, 1.1242093228353633, 24.79136738577934], [3.619524717888236, 5.943543574250924, 24.34192511802595]]}}