{"no_of_atoms": 168, "centre_of_mass": [8.778915764691988, 15.205510805799852, 9.173013908127443], "maximum_diameter": {"diameter": 22.373546419586628, "atom_1": 105, "atom_2": 122}, "pore_diameter": {"diameter": 5.25482489893983, "atom": 28}, "pore_volume": 75.97546546936952, "pore_diameter_opt": {"diameter": 5.366589733185203, "atom_1": 128, "centre_of_mass": [8.778873868125018, 15.205177427651575, 9.004994333329325]}, "pore_volume_opt": 80.92706848349309, "windows": {"diameters": [3.4536666890860936, 3.66134623580488, 3.6692309177314724, 3.6625908210292617], "centre_of_mass": [[8.779185000110486, 15.205663975368768, 11.981829622457816], [6.546759270994539, 16.531884364287958, 8.12835616902788], [11.108909271954197, 16.512381456592156, 8.10295278193974], [8.74665836287699, 12.59437008576489, 8.123065596537927]]}}