{"no_of_atoms": 240, "centre_of_mass": [0.5102386177789502, 15.271996084711917, 10.944822687819524], "maximum_diameter": {"diameter": 20.02727886821966, "atom_1": 92, "atom_2": 231}, "pore_diameter": {"diameter": 6.1183174394347475, "atom": 172}, "pore_volume": 119.92083397572813, "pore_diameter_opt": {"diameter": 7.032031724505817, "atom_1": 172, "centre_of_mass": [0.9375283970547427, 15.030902197762861, 10.987081084088237]}, "pore_volume_opt": 182.0711294873212, "windows": {"diameters": [3.484421402942512, 3.446963903691261, 3.6154470565326613, 4.05058966282682, 3.315592245855011, 3.686253262599975], "centre_of_mass": [[-3.0858568843242824, 14.491029772774283, 15.70346978253005], [4.264031738113179, 15.866248387223031, 13.582199479876788], [1.4694208443739225, 10.988939598797405, 11.701656220623788], [-0.5351130352675214, 20.944110412962303, 10.072978266908262], [5.184324488853109, 15.136927832182094, 6.495566033661104], [-1.6659098104200005, 14.185854255912304, 7.6648459466161745]]}}