{"no_of_atoms": 240, "centre_of_mass": [8.597670185652737, 25.862003915288096, 7.2715100124354635], "maximum_diameter": {"diameter": 20.027278868219657, "atom_1": 36, "atom_2": 200}, "pore_diameter": {"diameter": 6.118491590061792, "atom": 85}, "pore_volume": 119.93107447881974, "pore_diameter_opt": {"diameter": 7.0260213598332495, "atom_1": 25, "centre_of_mass": [8.172682348095888, 26.097966179109047, 7.230658245844119]}, "pore_volume_opt": 181.60467304760184, "windows": {"diameters": [3.356974054227447, 3.683333222332305, 3.4491725300147125, 3.5884980223404086, 3.444642585638275, 3.4737091246803478], "centre_of_mass": [[3.544365166071115, 25.187931887025044, 11.401924661914789], [10.805343812915545, 26.97133954964469, 10.562340939768132], [9.239187994032298, 21.82885386947792, 7.639846259265716], [6.146901199234508, 29.875751982114163, 6.575106501928106], [4.840663419948661, 25.26232769888015, 4.625738119061657], [12.166622646647742, 26.619828311415684, 2.587410106533648]]}}