{"no_of_atoms": 145, "centre_of_mass": [4.967628888118056, 5.284190184920884, 14.118576642297112], "maximum_diameter": {"diameter": 17.876332827499866, "atom_1": 62, "atom_2": 110}, "pore_diameter": {"diameter": 5.464964292926345, "atom": 38}, "pore_volume": 85.45955132811251, "pore_diameter_opt": {"diameter": 7.714232455383604, "atom_1": 42, "centre_of_mass": [4.517938604574647, 2.5532806559333734, 11.386094495833941]}, "pore_volume_opt": 240.36807570665334, "windows": {"diameters": [5.409719833893102, 7.894870290730423], "centre_of_mass": [[5.079021008847682, 6.483432795047448, 15.40130009390402], [4.489568004441917, 2.830475513640954, 7.808630691506465]]}}