{"no_of_atoms": 82, "centre_of_mass": [-10.713017629788274, 1.1734587716586105, 19.01572390723465], "maximum_diameter": {"diameter": 19.599342467498595, "atom_1": 2, "atom_2": 80}, "pore_diameter": {"diameter": 3.848789724420079, "atom": 65}, "pore_volume": 29.851844832960857, "pore_diameter_opt": {"diameter": 4.5868879053135725, "atom_1": 18, "centre_of_mass": [-10.808351681916555, 3.0978536338686498, 18.995889556596346]}, "pore_volume_opt": 50.530431065653154, "windows": {"diameters": [5.167317670647398, 3.021576463164854], "centre_of_mass": [[-11.163358655724174, 3.801369950245606, 18.921013218189284], [-10.73742676181608, -0.949073767349141, 19.015831874021107]]}}