{"no_of_atoms": 86, "centre_of_mass": [9.42634944339864, 8.516489858002737, 13.705221488995786], "maximum_diameter": {"diameter": 18.845507162999873, "atom_1": 6, "atom_2": 84}, "pore_diameter": {"diameter": 3.467945548380046, "atom": 17}, "pore_volume": 21.838129236292676, "pore_diameter_opt": {"diameter": 4.669277880670062, "atom_1": 56, "centre_of_mass": [9.376706845679545, 6.7825170838127145, 13.837506342948553]}, "pore_volume_opt": 53.302525222063785, "windows": {"diameters": [4.8284963543784425, 2.5599768326634282], "centre_of_mass": [[9.512680978851359, 6.548138714312488, 13.475786546318226], [9.446804232633564, 10.621935664965708, 13.710043228040185]]}}