{"no_of_atoms": 134, "centre_of_mass": [1.042550466566881, 4.438130114894907, 5.349076178897473], "maximum_diameter": {"diameter": 17.60340434101862, "atom_1": 20, "atom_2": 112}, "pore_diameter": {"diameter": 5.6129415569699574, "atom": 70}, "pore_volume": 92.5913003084243, "pore_diameter_opt": {"diameter": 5.718298348800474, "atom_1": 51, "centre_of_mass": [1.0455564921935225, 4.403281079442304, 5.3892211622608865]}, "pore_volume_opt": 97.90368855737988, "windows": {"diameters": [5.819593657425964, 5.656859655588708], "centre_of_mass": [[0.9015086325882038, 4.512710205523471, 5.5745289219111385], [-0.10011956278635425, 4.505550018684916, 5.182852859115859]]}}