{"no_of_atoms": 134, "centre_of_mass": [1.0331071435545338, 4.438378050343887, 5.424287944482322], "maximum_diameter": {"diameter": 17.625739679563733, "atom_1": 26, "atom_2": 111}, "pore_diameter": {"diameter": 5.80243566023838, "atom": 61}, "pore_volume": 102.28916251618705, "pore_diameter_opt": {"diameter": 6.262219801888645, "atom_1": 76, "centre_of_mass": [1.4826174236983438, 4.517470541467193, 5.867718227915745]}, "pore_volume_opt": 128.5829969129789, "windows": {"diameters": [6.312055844827096, 5.856039490705728], "centre_of_mass": [[1.526195564094991, 4.555543197697364, 5.8804664732158285], [-0.20750544866232268, 4.490604527937572, 5.18936276499004]]}}