{"no_of_atoms": 120, "centre_of_mass": [0.7828474074693142, 12.085558537553613, 14.911354898817416], "maximum_diameter": {"diameter": 17.362816442251184, "atom_1": 41, "atom_2": 81}, "pore_diameter": {"diameter": 5.030081978775364, "atom": 21}, "pore_volume": 66.63828501508381, "pore_diameter_opt": {"diameter": 5.084723766053319, "atom_1": 106, "centre_of_mass": [0.7522234190195003, 12.088029685187474, 14.908263216063494]}, "pore_volume_opt": 68.83363668822862, "windows": {"diameters": [3.6138735747865836, 3.599503180513355], "centre_of_mass": [[3.22247945254212, 14.000554275333975, 15.813469416372515], [-1.4556850363010887, 10.44246520399308, 13.673525483862647]]}}