{"no_of_atoms": 148, "centre_of_mass": [-0.7509453914688661, 15.896405008404505, 3.5780080360979007], "maximum_diameter": {"diameter": 20.536910578852858, "atom_1": 49, "atom_2": 114}, "pore_diameter": {"diameter": 3.312319584088899, "atom": 11}, "pore_volume": 19.028095368505678, "pore_diameter_opt": {"diameter": 3.664060685958677, "atom_1": 131, "centre_of_mass": [-0.5552699639072683, 16.036051510754792, 3.6312527369337597]}, "pore_volume_opt": 25.75648512538412, "windows": {"diameters": [3.930194162554724, 3.784057894218034], "centre_of_mass": [[-2.6078381338978733, 15.949640955348942, 3.60908169807077], [-0.5423308501883405, 16.30258171510373, 2.950858102025464]]}}