{"no_of_atoms": 148, "centre_of_mass": [6.983427407531638, 5.765405008404504, 6.747324982851806], "maximum_diameter": {"diameter": 20.535406015667427, "atom_1": 20, "atom_2": 138}, "pore_diameter": {"diameter": 3.312298135748461, "atom": 67}, "pore_volume": 19.027725731686875, "pore_diameter_opt": {"diameter": 3.6049730588171713, "atom_1": 67, "centre_of_mass": [6.962270319231277, 5.9051685633271385, 6.709008797432833]}, "pore_volume_opt": 24.53040353729506, "windows": {"diameters": [3.940318292951608, 1.0076037760061274, 3.9180407168822504], "centre_of_mass": [[6.427612208899693, 6.9175560864606975, 8.820291559949391], [11.36661038635693, 6.092661595358599, 7.659752629846802], [8.76775440900813, 5.987646844528435, 6.938026046973745]]}}