{"no_of_atoms": 168, "centre_of_mass": [4.8352189334462015, 0.3326365931306526, 14.637050390041447], "maximum_diameter": {"diameter": 19.82530362447753, "atom_1": 71, "atom_2": 138}, "pore_diameter": {"diameter": 2.0957988319387666, "atom": 100}, "pore_volume": 4.820004061967889, "pore_diameter_opt": {"diameter": 3.5343226316342213, "atom_1": 10, "centre_of_mass": [3.787319517476818, -0.5903618002307461, 14.636454133296715]}, "pore_volume_opt": 23.116240134908377, "windows": {"diameters": [3.2436351866120128, 3.5608466027589514], "centre_of_mass": [[2.8062338437187013, 0.2674064278611481, 16.21554883512504], [4.381932150492966, -1.6707484406339952, 13.591288191206415]]}}