{"no_of_atoms": 164, "centre_of_mass": [17.603242565141556, 9.905306185909653, 3.269020552555557], "maximum_diameter": {"diameter": 19.52543882408283, "atom_1": 78, "atom_2": 162}, "pore_diameter": {"diameter": 1.030481604560471, "atom": 23}, "pore_volume": 0.5729534682743189, "pore_diameter_opt": {"diameter": 2.673721764676633, "atom_1": 23, "centre_of_mass": [18.079887815815074, 10.420546988189889, 3.7023301897838503]}, "pore_volume_opt": 10.007999068712252, "windows": {"diameters": [3.442486087783347, 3.702071494709196], "centre_of_mass": [[14.181576557858765, 10.25226200529333, 5.437755352857954], [17.895284824303133, 11.94761065969109, 3.8401891714283094]]}}