{"no_of_atoms": 122, "centre_of_mass": [7.888871241938345, 0.0031446624460085794, 2.8493870339033185], "maximum_diameter": {"diameter": 15.773289851982115, "atom_1": 49, "atom_2": 57}, "pore_diameter": {"diameter": 1.6057678156085387, "atom": 99}, "pore_volume": 2.1679380589046113, "pore_diameter_opt": {"diameter": 3.0964712423074627, "atom_1": 104, "centre_of_mass": [7.085987334134075, -0.3487696063265016, 3.652270934189265]}, "pore_volume_opt": 15.545323894138605, "windows": {"diameters": [3.168326153736009, 2.4503645519533133, 1.3451086858889263], "centre_of_mass": [[4.158572340098173, -1.2152495432106676, 4.707493607125901], [7.360308178678476, -2.133935965448448, 4.009842182861282], [10.166912721986378, 0.8737241150710882, 2.441417546404882]]}}