{"no_of_atoms": 298, "centre_of_mass": [1.0826699790151203e-05, 16.829175092190535, 25.186298798345394], "maximum_diameter": {"diameter": 30.580765975585937, "atom_1": 186, "atom_2": 200}, "pore_diameter": {"diameter": 10.110752017544318, "atom": 249}, "pore_volume": 541.1890471588503, "pore_diameter_opt": {"diameter": 10.196215787277504, "atom_1": 249, "centre_of_mass": [7.329396092066642e-05, 16.829039670812936, 25.070880105337213]}, "pore_volume_opt": 555.029001444495, "windows": {"diameters": [9.123182241886862, 8.733605786336303, 9.067593187844775, 8.731765808939995], "centre_of_mass": [[-6.932257541729192e-05, 16.829581817654457, 29.772057266017185], [-0.13863226693387576, 19.85543664301289, 23.818399436456183], [-3.9893872566714346, 14.39575473040257, 23.627072739930615], [2.7622534805830736, 15.398570295294492, 23.820511309565106]]}}