{"no_of_atoms": 298, "centre_of_mass": [14.574482860354419, 25.243861941775048, 13.825701201654624], "maximum_diameter": {"diameter": 30.580765975585944, "atom_1": 61, "atom_2": 293}, "pore_diameter": {"diameter": 10.110327965644673, "atom": 16}, "pore_volume": 541.1209564911567, "pore_diameter_opt": {"diameter": 10.111370920233723, "atom_1": 16, "centre_of_mass": [14.57486789938685, 25.244134160499687, 13.825927804647483]}, "pore_volume_opt": 541.2884355700971, "windows": {"diameters": [8.736235103480302, 9.024648177492864, 8.732885156251644, 9.125593227520643], "centre_of_mass": [[11.667591453403363, 26.749301049183742, 15.188768704004712], [14.703910195943966, 20.688110217087612, 15.335155628586987], [17.144372287768505, 26.889118522740162, 15.193584818083865], [14.575130675367559, 25.243453000055123, 9.21412115619199]]}}