{"no_of_atoms": 108, "centre_of_mass": [10.60806945810571, 6.124518984963355, 4.083783779489429], "maximum_diameter": {"diameter": 17.221949142315303, "atom_1": 28, "atom_2": 107}, "pore_diameter": {"diameter": 4.937161171039376, "atom": 65}, "pore_volume": 63.01305514693802, "pore_diameter_opt": {"diameter": 5.138751920173741, "atom_1": 46, "centre_of_mass": [10.611269162194558, 6.123310027268976, 4.191271860882236]}, "pore_volume_opt": 71.05122638789966, "windows": {"diameters": [3.645504267444712, 3.4518185826820793, 3.4452061027158174, 3.448328011500275], "centre_of_mass": [[10.608427526698847, 6.124133786162673, 6.739320195539671], [9.37270733022116, 9.646882548657578, 3.24391994695801], [14.237068815170659, 5.446895087519689, 3.250779183950487], [8.19230488007422, 3.30795149061628, 3.247364797232036]]}}