{"no_of_atoms": 108, "centre_of_mass": [-1.260409888562762e-05, 12.249198205287287, 0.8288131213776612], "maximum_diameter": {"diameter": 17.426090515276368, "atom_1": 12, "atom_2": 105}, "pore_diameter": {"diameter": 5.251757366453036, "atom": 92}, "pore_volume": 75.84248985682007, "pore_diameter_opt": {"diameter": 5.475949357567895, "atom_1": 73, "centre_of_mass": [0.00184416561597086, 12.249934635034275, 0.9476821694683571]}, "pore_volume_opt": 85.97593182298311, "windows": {"diameters": [3.8669604003171165, 3.652707772875926, 3.6597700781704927, 3.650392321818813], "centre_of_mass": [[-0.00044188740864931704, 12.249328617109635, 3.6326408532798715], [-1.6565796542808966, 14.321308710962803, 0.00953355593143701], [2.707755722833244, 12.661640616597237, -0.021484428468923844], [-0.9380369855191827, 9.851508904281925, 0.037834977988701946]]}}