{"no_of_atoms": 144, "centre_of_mass": [8.661963395329236, 0.044415400415312646, 19.391692318225594], "maximum_diameter": {"diameter": 18.25977879201079, "atom_1": 14, "atom_2": 140}, "pore_diameter": {"diameter": 7.075147459673074, "atom": 77}, "pore_volume": 185.44072211145394, "pore_diameter_opt": {"diameter": 7.234013045970908, "atom_1": 77, "centre_of_mass": [8.691409463782978, 0.15428599211489624, 19.297962186563467]}, "pore_volume_opt": 198.21498559304055, "windows": {"diameters": [5.653210524801481, 6.429438466789715], "centre_of_mass": [[8.609842302170023, -2.4567199128933987, 21.24879462443554], [8.633220887758778, 2.447196332231761, 17.547087651144608]]}}