{"no_of_atoms": 170, "centre_of_mass": [5.714077685255254, 7.5468555698666515, 15.924917161367803], "maximum_diameter": {"diameter": 32.27382940072599, "atom_1": 77, "atom_2": 163}, "pore_diameter": {"diameter": 8.122728507066896, "atom": 140}, "pore_volume": 280.6108345281153, "pore_diameter_opt": {"diameter": 8.632898994353027, "atom_1": 128, "centre_of_mass": [5.336781246312481, 7.446632120470355, 15.824092214975847]}, "pore_volume_opt": 336.8748594120982, "windows": {"diameters": [8.529475967845572, 9.107685334577937, 9.15271473813653], "centre_of_mass": [[5.437386141844558, 8.729825763039301, 16.58158758614244], [5.2324553590566225, 5.583374795825804, 15.134534379651019], [5.929237518306047, 4.878477932187943, 14.994138954391572]]}}