{"no_of_atoms": 176, "centre_of_mass": [16.197291813913797, 6.3772918139137955, 14.91750000000001], "maximum_diameter": {"diameter": 33.6301988705954, "atom_1": 65, "atom_2": 173}, "pore_diameter": {"diameter": 9.054190759503339, "atom": 170}, "pore_volume": 388.64004080739664, "pore_diameter_opt": {"diameter": 9.054190759503339, "atom_1": 170, "centre_of_mass": [16.197291813913797, 6.3772918139137955, 14.91750000000001]}, "pore_volume_opt": 388.64004080739664, "windows": {"diameters": [10.168983940567607, 10.017834660198018, 10.168692046621366], "centre_of_mass": [[16.12300944974223, 8.077976121850513, 15.698176754540366], [13.804326024071884, 7.848585551522978, 16.402790615995364], [17.87271427874591, 6.239781117531691, 14.13378387051433]]}}