{"no_of_atoms": 176, "centre_of_mass": [23.082708186086208, 26.017291813913804, 4.9725], "maximum_diameter": {"diameter": 33.6301988705954, "atom_1": 86, "atom_2": 153}, "pore_diameter": {"diameter": 9.054190759503298, "atom": 138}, "pore_volume": 388.6400408073914, "pore_diameter_opt": {"diameter": 9.054190759503298, "atom_1": 138, "centre_of_mass": [23.082708186086208, 26.017291813913804, 4.9725]}, "pore_volume_opt": 388.6400408073914, "windows": {"diameters": [10.168346799469662, 10.072698473560937, 10.168608949265435], "centre_of_mass": [[21.42281922414906, 25.835631669510764, 5.759130184237621], [21.633301979228403, 23.410950407088265, 6.533765940545921], [23.224256188335197, 27.691243352839475, 4.18854254071588]]}}