{"no_of_atoms": 186, "centre_of_mass": [1.8121759272679069e-16, 2.9896564012628573, 25.785080787620576], "maximum_diameter": {"diameter": 23.038202087979624, "atom_1": 15, "atom_2": 178}, "pore_diameter": {"diameter": 4.6464301740746485, "atom": 83}, "pore_volume": 52.523888093227114, "pore_diameter_opt": {"diameter": 7.872430744777734, "atom_1": 50, "centre_of_mass": [3.324892747964474e-06, 1.44333118949493, 25.050859815460953]}, "pore_volume_opt": 255.46132981319923, "windows": {"diameters": [4.463312587435931, 8.004136191382193], "centre_of_mass": [[4.142731450355307, 6.971110768219834, 26.74998598224353], [2.2999828064754854e-06, 1.3511840792004668, 24.808713698598652]]}}