{"no_of_atoms": 142, "centre_of_mass": [4.282464240340239, 4.023519599335895, 15.808460277692632], "maximum_diameter": {"diameter": 20.804865444959614, "atom_1": 57, "atom_2": 112}, "pore_diameter": {"diameter": 4.624593139971958, "atom": 32}, "pore_volume": 51.786816476571474, "pore_diameter_opt": {"diameter": 4.8739286339625565, "atom_1": 23, "centre_of_mass": [4.401676774542011, 4.080090997487621, 15.83398764611441]}, "pore_volume_opt": 60.62281790781457, "windows": {"diameters": [5.8464714662582145, 4.906635814229503], "centre_of_mass": [[4.185493843003106, 3.8861784076760038, 19.466282456967118], [4.543173039065775, 4.009351823807996, 15.285977656350177]]}}