{"no_of_atoms": 624, "centre_of_mass": [5.806271617774795e-05, 0.00039995568131798295, 7.793098870121966], "maximum_diameter": {"diameter": 32.21992894465632, "atom_1": 144, "atom_2": 622}, "pore_diameter": {"diameter": 2.5594641345453515, "atom": 556}, "pore_volume": 8.779014512480497, "pore_diameter_opt": {"diameter": 3.267074778374776, "atom_1": 605, "centre_of_mass": [-0.00040598935298334014, 0.00026853947186495925, 8.308748016005714]}, "pore_volume_opt": 18.258952007167395, "windows": {"diameters": [2.5441849611492278, 2.543952904931585], "centre_of_mass": [[3.485019223222106, -3.259789013486939, 7.203816584027764], [-4.326813597997569, -1.278013384292267, 7.250464696371158]]}}