{"no_of_atoms": 615, "centre_of_mass": [11.603594881098823, 6.699343877552709, 25.119724377414137], "maximum_diameter": {"diameter": 32.231724076997644, "atom_1": 154, "atom_2": 611}, "pore_diameter": {"diameter": 2.2036412509375602, "atom": 56}, "pore_volume": 5.603008778468764, "pore_diameter_opt": {"diameter": 2.3105989800178945, "atom_1": 102, "centre_of_mass": [11.60355196812351, 6.699837076016709, 25.19597339289916]}, "pore_volume_opt": 6.45910514344799, "windows": {"diameters": [1.1573177935357912, 1.20803895393604, 0.8696022737194689], "centre_of_mass": [[8.58753594376001, 3.4926259080602016, 26.469302051731184], [10.396365428020284, 10.795185211752472, 26.4095831880393], [11.60353527139904, 6.699176594554419, 21.159020172552296]]}}