{"no_of_atoms": 175, "centre_of_mass": [5.160666521779439, 6.676649963806549, 4.693685463161359], "maximum_diameter": {"diameter": 22.83123378880787, "atom_1": 48, "atom_2": 99}, "pore_diameter": {"diameter": 0.2702013103323262, "atom": 8}, "pore_volume": 0.010329064149972245, "pore_diameter_opt": {"diameter": 0.5880778679056831, "atom_1": 8, "centre_of_mass": [5.025565866613276, 6.689111443379674, 4.828786118327523]}, "pore_volume_opt": 0.10648860256806814, "windows": {"diameters": [0.5773506279834102, 0.6208410231791999], "centre_of_mass": [[3.9591030074249813, 5.510363925042316, 4.968319092482498], [5.579514189258963, 6.72098140433763, 4.8926084939149]]}}