{"no_of_atoms": 145, "centre_of_mass": [1.1893808784611342, 4.536499857138127, 5.324639869612406], "maximum_diameter": {"diameter": 17.895952178389148, "atom_1": 26, "atom_2": 125}, "pore_diameter": {"diameter": 5.548658785765804, "atom": 63}, "pore_volume": 89.44636139657447, "pore_diameter_opt": {"diameter": 6.205171526940573, "atom_1": 99, "centre_of_mass": [1.6484330682896124, 4.387267893344913, 5.6000724151072365]}, "pore_volume_opt": 125.10077362074888, "windows": {"diameters": [6.28112018857083, 5.693353071153444], "centre_of_mass": [[2.05775905688288, 4.505647827974672, 5.656311073094455], [0.15706776962481528, 4.29688487551158, 4.976466306378951]]}}