{"no_of_atoms": 132, "centre_of_mass": [4.487076598854442, 4.027328347744002, 3.0234582273054795], "maximum_diameter": {"diameter": 23.405644630964687, "atom_1": 95, "atom_2": 130}, "pore_diameter": {"diameter": 3.868791868349351, "atom": 30}, "pore_volume": 30.31968754173617, "pore_diameter_opt": {"diameter": 4.862619069235693, "atom_1": 75, "centre_of_mass": [4.550551551513696, 4.162343136593145, 3.4974882455317466]}, "pore_volume_opt": 60.20178507566654, "windows": {"diameters": [4.40881347079222, 4.525952696579514], "centre_of_mass": [[4.723564314590661, 1.7697970208875105, 4.33449301546285], [4.336509105927435, 8.987603542226346, 1.90630014284533]]}}