{"no_of_atoms": 104, "centre_of_mass": [11.007881980123388, 4.175407994617576, 6.310114115305523], "maximum_diameter": {"diameter": 14.953317423441728, "atom_1": 27, "atom_2": 52}, "pore_diameter": {"diameter": 4.194485539143619, "atom": 6}, "pore_volume": 38.63978726592723, "pore_diameter_opt": {"diameter": 4.314114243474863, "atom_1": 82, "centre_of_mass": [11.078722635445745, 4.151028225955553, 6.296114727716663]}, "pore_volume_opt": 42.041049312567985, "windows": {"diameters": [3.091117889771699, 3.2232142649151823, 3.3398831721240305], "centre_of_mass": [[8.89859253948309, 5.849478764133689, 6.376802763459969], [10.70016789185386, 1.7417915517654499, 6.975709747605675], [12.932722541700935, 4.798224635395769, 6.434621451171412]]}}