{"no_of_atoms": 71, "centre_of_mass": [0.13088249904982166, 3.030153305282993, 11.119736444565786], "maximum_diameter": {"diameter": 12.002954087238727, "atom_1": 21, "atom_2": 41}, "pore_diameter": {"diameter": 1.7071107750553742, "atom": 38}, "pore_volume": 2.6048560784789343, "pore_diameter_opt": {"diameter": 1.7728526327938625, "atom_1": 38, "centre_of_mass": [0.1621304761995159, 3.0638146473073067, 11.13497972654543]}, "pore_volume_opt": 2.917538073801398, "windows": {"diameters": [1.703391628423422, 1.4678838763995778, 1.9769892489292142], "centre_of_mass": [[0.9709894621753761, 2.366740723437448, 12.331509115780277], [-0.38947157624588824, 2.686631078181474, 10.44120705404297], [0.42143995082357855, 3.1343089878841544, 10.769028748234621]]}}