{"no_of_atoms": 522, "centre_of_mass": [26.1933925272887, 26.312423265848228, 5.206204406471585], "maximum_diameter": {"diameter": 25.993567519378526, "atom_1": 125, "atom_2": 516}, "pore_diameter": {"diameter": 1.8216299566162912, "atom": 377}, "pore_volume": 3.1650392575980604, "pore_diameter_opt": {"diameter": 4.177694965392616, "atom_1": 370, "centre_of_mass": [25.282577548980555, 25.401608287540082, 5.477707718029929]}, "pore_volume_opt": 38.17761575531921, "windows": {"diameters": [2.8507189467549234, 3.129200022911841, 2.9244989858889503, 2.6687355783082434], "centre_of_mass": [[27.542666613605796, 24.76388669028415, 6.765184073335119], [21.822697491251947, 25.43961356956691, 7.756547449559642], [24.72201843737232, 22.976809230585246, 4.086468406585334], [25.15694316923736, 27.230559250445413, 3.878057000429915]]}}