{"no_of_atoms": 552, "centre_of_mass": [5.082223003169906, 5.0822230031699, 5.082223003169899], "maximum_diameter": {"diameter": 28.765635990135724, "atom_1": 128, "atom_2": 551}, "pore_diameter": {"diameter": 5.153778641553451, "atom": 153}, "pore_volume": 71.67635410997713, "pore_diameter_opt": {"diameter": 5.153778641553451, "atom_1": 153, "centre_of_mass": [5.082223003169906, 5.0822230031699, 5.082223003169899]}, "pore_volume_opt": 71.67635410997713, "windows": {"diameters": [3.113509280580487, 3.1060466914156364, 3.1060554150264363, 3.1070736301825064], "centre_of_mass": [[6.903324296262695, 3.261778869234031, 6.9029926029410085], [3.3334845123662964, 6.831256154552463, 6.8315565481496945], [3.3238771855796636, 3.323897033729593, 3.323935600590291], [6.850064996992791, 6.85034250472884, 3.314751031883156]]}}