{"no_of_atoms": 372, "centre_of_mass": [9.863460265654645, 9.863460265654645, 9.863460265654647], "maximum_diameter": {"diameter": 28.10379187749314, "atom_1": 189, "atom_2": 370}, "pore_diameter": {"diameter": 5.14001329400503, "atom": 24}, "pore_volume": 71.10356058875387, "pore_diameter_opt": {"diameter": 5.140118781332674, "atom_1": 24, "centre_of_mass": [9.863499999301077, 9.863499999300538, 9.863499999301078]}, "pore_volume_opt": 71.10793840536411, "windows": {"diameters": [3.091475062550224, 3.090890500629206, 3.087297234984209, 3.09333085640291], "centre_of_mass": [[8.046041581455906, 8.045682480043656, 11.680879653762501], [11.673641240414808, 11.67358843112349, 11.673628991501008], [11.653866498456074, 8.072986198467282, 8.072614224251609], [8.035659890883686, 11.690846185246734, 8.036130730260808]]}}