{"no_of_atoms": 105, "centre_of_mass": [7.463999999999998, 11.196000000000002, 34.0731066927692], "maximum_diameter": {"diameter": 14.182390837747803, "atom_1": 0, "atom_2": 103}, "pore_diameter": {"diameter": 5.1084801726237945, "atom": 27}, "pore_volume": 69.8029470337236, "pore_diameter_opt": {"diameter": 5.1084801726237945, "atom_1": 27, "centre_of_mass": [7.463999999999998, 11.196000000000002, 34.0731066927692]}, "pore_volume_opt": 69.8029470337236, "windows": {"diameters": [3.4190610184033585, 3.4272198067257116], "centre_of_mass": [[9.949379173645696, 13.655993979620284, 34.09625813847725], [4.927517070394435, 8.686705390601613, 34.099827534960546]]}}