{"no_of_atoms": 92, "centre_of_mass": [0.3712511941061386, 8.55642497840915, 7.621288898778575], "maximum_diameter": {"diameter": 18.10175630030729, "atom_1": 53, "atom_2": 75}, "pore_diameter": {"diameter": 0.6604386230451769, "atom": 86}, "pore_volume": 0.15083287603056195, "pore_diameter_opt": {"diameter": 0.6619929906643054, "atom_1": 86, "centre_of_mass": [0.37170650691851337, 8.556880291221525, 7.62083357758569]}, "pore_volume_opt": 0.15190035732041832, "windows": {"diameters": [0.7694807418876528, 0.900516752112472], "centre_of_mass": [[0.6990786626882254, 8.401074399679262, 7.899050403516771], [0.7208350393669136, 6.4248517283055975, 6.879637552796639]]}}