{"no_of_atoms": 180, "centre_of_mass": [-0.05806141411960396, 13.2154998073908, 4.787678138977972], "maximum_diameter": {"diameter": 25.439267228354378, "atom_1": 56, "atom_2": 178}, "pore_diameter": {"diameter": 6.060427201634202, "atom": 91}, "pore_volume": 116.54894288309353, "pore_diameter_opt": {"diameter": 6.556651941236009, "atom_1": 91, "centre_of_mass": [-0.07149139131937275, 13.792941996849338, 4.825845658143454]}, "pore_volume_opt": 147.5859488583151, "windows": {"diameters": [5.532086432543284, 5.624795478208407, 5.5363749426402435], "centre_of_mass": [[-0.9149209008088397, 15.07328519452911, 7.436501735220579], [-1.5468429821286953, 11.6604145902524, 4.606566372484647], [1.0132130328395805, 15.018072465562188, 2.170946545348833]]}}