{"no_of_atoms": 116, "centre_of_mass": [8.882280512108801, 2.739611680441035, 13.721098718047228], "maximum_diameter": {"diameter": 20.990105608422297, "atom_1": 10, "atom_2": 115}, "pore_diameter": {"diameter": 1.356156321587855, "atom": 77}, "pore_volume": 1.3059540016740259, "pore_diameter_opt": {"diameter": 3.0841383991942464, "atom_1": 81, "centre_of_mass": [8.204202351314875, 2.4042585767727207, 13.043020557253302]}, "pore_volume_opt": 15.36031768726392, "windows": {"diameters": [4.240047074236298, 4.0394509452000165, 3.9784434007558525], "centre_of_mass": [[7.152249136440497, 0.32465943217195736, 15.457985720670155], [7.4992981418459115, 2.255643417502054, 14.105117278936918], [7.741455085515656, 1.9719182967305515, 12.943193071291086]]}}