{"no_of_atoms": 83, "centre_of_mass": [9.321421634875499, 1.4566522608755705, 11.562451790915054], "maximum_diameter": {"diameter": 15.239053373043545, "atom_1": 34, "atom_2": 67}, "pore_diameter": {"diameter": 2.0239392644938783, "atom": 55}, "pore_volume": 4.34101263339387, "pore_diameter_opt": {"diameter": 3.3399860099491865, "atom_1": 30, "centre_of_mass": [9.317408512634406, 0.4446826286286314, 11.007555370728474]}, "pore_volume_opt": 19.50889024446618, "windows": {"diameters": [1.7864902171888288, 2.6938700681928283, 3.455943512138353], "centre_of_mass": [[11.452040001484118, 3.043829250610644, 11.305187841975066], [8.490792417061366, 1.9456439828510135, 10.372105242712713], [9.345650812938892, -0.08640406990840244, 11.061105832836327]]}}