{"no_of_atoms": 137, "centre_of_mass": [4.387996827311976, 14.926821010664806, 5.230945363458483], "maximum_diameter": {"diameter": 17.34149291310002, "atom_1": 34, "atom_2": 120}, "pore_diameter": {"diameter": 3.2112277296164558, "atom": 90}, "pore_volume": 17.338516594928663, "pore_diameter_opt": {"diameter": 5.0097297126383875, "atom_1": 8, "centre_of_mass": [4.388337864522074, 13.958740950264193, 5.231037468418325]}, "pore_volume_opt": 65.83267586919399, "windows": {"diameters": [4.392428861253618, 4.68899928347712], "centre_of_mass": [[0.31890390974786875, 13.815576978170364, 6.691896952978341], [8.923567424873845, 13.81026414086778, 3.500186960190767]]}}