{"no_of_atoms": 126, "centre_of_mass": [22.822205321673632, 2.9736143037713463, 33.52112223941943], "maximum_diameter": {"diameter": 15.980312750079257, "atom_1": 29, "atom_2": 94}, "pore_diameter": {"diameter": 6.25679318335837, "atom": 123}, "pore_volume": 128.2490100488104, "pore_diameter_opt": {"diameter": 6.282939502173148, "atom_1": 7, "centre_of_mass": [22.814950567803216, 2.9714198676048285, 33.510470425906874]}, "pore_volume_opt": 129.86354564557323, "windows": {"diameters": [4.823920861067985, 4.825093921338698], "centre_of_mass": [[23.06104651906694, 0.4814473231100913, 35.176888957195615], [22.98114438435773, 5.291680825664358, 31.562869348079015]]}}