{"no_of_atoms": 126, "centre_of_mass": [9.562976243787508, 15.723918448296617, 26.703877760580593], "maximum_diameter": {"diameter": 15.981192194879396, "atom_1": 66, "atom_2": 77}, "pore_diameter": {"diameter": 6.2571716974815, "atom": 8}, "pore_volume": 128.27228730776562, "pore_diameter_opt": {"diameter": 6.318863847812171, "atom_1": 8, "centre_of_mass": [9.653071058565088, 15.686015680227712, 26.687027072204682]}, "pore_volume_opt": 132.10389282504389, "windows": {"diameters": [4.8259543101358435, 4.9755126134738985], "centre_of_mass": [[9.396615768354168, 13.481556439545951, 28.59808705066987], [9.319797716407928, 18.815866143229794, 24.542914147384685]]}}