{"no_of_atoms": 126, "centre_of_mass": [2.2062467824038263, 27.62635037317925, 9.431122239419421], "maximum_diameter": {"diameter": 15.980171013433138, "atom_1": 3, "atom_2": 124}, "pore_diameter": {"diameter": 6.2570278170294635, "atom": 86}, "pore_volume": 128.26343884498067, "pore_diameter_opt": {"diameter": 6.2831222019879664, "atom_1": 45, "centre_of_mass": [2.211759265633508, 27.621142593007278, 9.420505167936035]}, "pore_volume_opt": 129.87487477057715, "windows": {"diameters": [4.82476320294937, 4.828125380017925], "centre_of_mass": [[4.228671849579591, 29.0683705368991, 11.071257601537429], [0.06663972635062221, 26.56793432544505, 7.418765747180686]]}}