{"no_of_atoms": 126, "centre_of_mass": [25.028314395776363, 11.902589422861954, 26.703877760580593], "maximum_diameter": {"diameter": 15.980874936032132, "atom_1": 46, "atom_2": 98}, "pore_diameter": {"diameter": 6.256908691096385, "atom": 44}, "pore_volume": 128.25611306121633, "pore_diameter_opt": {"diameter": 6.32453560282249, "atom_1": 44, "centre_of_mass": [24.95364911064717, 11.821613078489584, 26.6756892289356]}, "pore_volume_opt": 132.4599379931842, "windows": {"diameters": [4.825768538611321, 4.943098132656519], "centre_of_mass": [[23.143365376509884, 13.180357909481797, 28.62250300707844], [27.768318855320643, 10.600796733630123, 24.60021171650775]]}}