{"no_of_atoms": 126, "centre_of_mass": [13.98633755008685, 0.4199241809833363, 26.703877760580596], "maximum_diameter": {"diameter": 15.980569010008258, "atom_1": 41, "atom_2": 102}, "pore_diameter": {"diameter": 6.255959357325263, "atom": 49}, "pore_volume": 128.19774267770998, "pore_diameter_opt": {"diameter": 6.282486680923958, "atom_1": 49, "centre_of_mass": [13.980750512210152, 0.4251905645629577, 26.714693255766125]}, "pore_volume_opt": 129.83546926434488, "windows": {"diameters": [4.824576954404577, 4.824431168469789], "centre_of_mass": [[16.04650601090199, 1.4223898055392015, 28.634469994048015], [11.929944556494899, -1.0426206628971157, 25.030352800805392]]}}