{"no_of_atoms": 127, "centre_of_mass": [7.729724744843008, 7.310091353305927, 4.741861832547353], "maximum_diameter": {"diameter": 19.849764789578774, "atom_1": 35, "atom_2": 125}, "pore_diameter": {"diameter": 1.0517751623532, "atom": 54}, "pore_volume": 0.6092104643217853, "pore_diameter_opt": {"diameter": 2.0137735400462424, "atom_1": 63, "centre_of_mass": [7.443354156967602, 6.7842037721293265, 5.071606286906652]}, "pore_volume_opt": 4.275929270203875, "windows": {"diameters": [4.842816214994228, 4.767342422561333], "centre_of_mass": [[2.643486192047538, 5.010060763142564, 5.666970596712557], [6.966122971290993, 5.063818796600638, 5.2131897074846885]]}}