{"no_of_atoms": 228, "centre_of_mass": [14.587517021730525, 8.422092724531883, 0.06286183632130843], "maximum_diameter": {"diameter": 25.365751766979653, "atom_1": 155, "atom_2": 186}, "pore_diameter": {"diameter": 4.822908195118892, "atom": 165}, "pore_volume": 58.73887273985063, "pore_diameter_opt": {"diameter": 4.872354716005706, "atom_1": 36, "centre_of_mass": [14.587422618845283, 8.42217683692602, -0.31617516804365287]}, "pore_volume_opt": 60.56410683092457, "windows": {"diameters": [3.1615356908637637, 3.3741740429485714, 3.3734781519196493, 3.387500321724677], "centre_of_mass": [[14.587134831273401, 8.422249884279262, 2.836923036794878], [13.12187740636146, 10.270378655639322, -0.9850053367713807], [16.988459111559834, 8.776268700470203, -1.0069701071660981], [13.627447109506528, 6.005457118306081, -1.0625693945804]]}}