{"no_of_atoms": 228, "centre_of_mass": [15.064004187191605, 8.697155234613843, 1.4734570677588312], "maximum_diameter": {"diameter": 26.938644399215555, "atom_1": 155, "atom_2": 191}, "pore_diameter": {"diameter": 3.594703374302926, "atom": 112}, "pore_volume": 24.321356873868016, "pore_diameter_opt": {"diameter": 4.620889502434753, "atom_1": 165, "centre_of_mass": [15.063958800931955, 8.697057509303573, 2.0252958539506407]}, "pore_volume_opt": 51.6624945987762, "windows": {"diameters": [3.3528944800243843, 3.1903174495489615, 3.180073132835609, 3.3099390600716316], "centre_of_mass": [[15.063607397519833, 8.69706990223846, 4.331766522565644], [17.701767093189556, 7.34087182633742, 1.101442462511939], [14.930037473595348, 11.575362149261904, 1.1416749773417143], [12.237277815216835, 6.835879971802562, 0.8993429998785085]]}}