{"no_of_atoms": 228, "centre_of_mass": [15.293534371078398, 8.829679175173204, 12.72211454788944], "maximum_diameter": {"diameter": 26.82501224617647, "atom_1": 167, "atom_2": 193}, "pore_diameter": {"diameter": 4.051022659609776, "atom": 179}, "pore_volume": 34.80908757799787, "pore_diameter_opt": {"diameter": 5.160447697726118, "atom_1": 162, "centre_of_mass": [15.293140076851964, 8.829950598013202, 12.130456882124047]}, "pore_volume_opt": 71.95496471069819, "windows": {"diameters": [3.412480683374073, 3.4538301141033227, 3.414083159730166, 3.972823048483137], "centre_of_mass": [[16.69491184796304, 11.048681108904866, 13.053651243025252], [12.286904461462955, 8.964775963469254, 13.216584806051024], [16.560533894572853, 6.4096225415267485, 13.098679494658116], [15.293083583656463, 8.829845811092646, 9.78291053232285]]}}