{"no_of_atoms": 368, "centre_of_mass": [-9.846563064214914, 16.542776962076264, 16.076014325139187], "maximum_diameter": {"diameter": 25.70690388646528, "atom_1": 31, "atom_2": 226}, "pore_diameter": {"diameter": 8.777386103279538, "atom": 358}, "pore_volume": 354.0741574761851, "pore_diameter_opt": {"diameter": 8.854605889903421, "atom_1": 359, "centre_of_mass": [-9.844955326353894, 16.431609976732936, 16.078582241112635]}, "pore_volume_opt": 363.50160273812133, "windows": {"diameters": [5.364868558422908, 5.546647678576838, 5.457424536593398, 5.344911915651108], "centre_of_mass": [[-8.279425021118097, 20.43185561195294, 20.908785585082338], [-15.107805958664795, 12.184267507692901, 16.60815946509161], [-6.487099968108229, 13.22260458526219, 15.971806424682462], [-12.806956439275922, 20.826109537806627, 12.345146204870288]]}}