{"no_of_atoms": 246, "centre_of_mass": [6.913286625586781, 8.517422249925595, 52.34878278234946], "maximum_diameter": {"diameter": 23.70397628227647, "atom_1": 9, "atom_2": 240}, "pore_diameter": {"diameter": 1.257636822125535, "atom": 40}, "pore_volume": 1.041512186386659, "pore_diameter_opt": {"diameter": 1.3558406671548533, "atom_1": 46, "centre_of_mass": [6.950086941634854, 8.490062709109912, 52.37168935220623]}, "pore_volume_opt": 1.305042305386174, "windows": {"diameters": [1.2860278294635603, 1.3451462981638111], "centre_of_mass": [[7.63122948357991, 8.824620514533542, 55.81629882511939], [4.184721672312688, 6.912095167700746, 51.16607966013853]]}}