{"no_of_atoms": 84, "centre_of_mass": [7.535626891414092, 13.422087272051847, 32.11212707649239], "maximum_diameter": {"diameter": 23.970887827218355, "atom_1": 76, "atom_2": 77}, "pore_diameter": {"diameter": 1.5550793746569718, "atom": 23}, "pore_volume": 1.969048013343295, "pore_diameter_opt": {"diameter": 1.818826935747937, "atom_1": 34, "centre_of_mass": [7.716428776509341, 13.495421513853076, 32.27200363800753]}, "pore_volume_opt": 3.1504511792120953, "windows": {"diameters": [1.2285135637927547, 1.1131480368675981, 1.1012923744377168], "centre_of_mass": [[8.92065919483532, 14.031650895407248, 33.37743836884296], [6.975829967117356, 12.21882856878719, 32.14594542899416], [7.500443442729699, 14.61434104796411, 31.261785041472933]]}}