{"no_of_atoms": 84, "centre_of_mass": [6.037047065613248, 21.25815133037473, 0.27026994102701885], "maximum_diameter": {"diameter": 23.971255722488113, "atom_1": 76, "atom_2": 77}, "pore_diameter": {"diameter": 1.5542038766226978, "atom": 23}, "pore_volume": 1.965724207496814, "pore_diameter_opt": {"diameter": 1.8315952554351047, "atom_1": 35, "centre_of_mass": [6.082503928752544, 21.49841906531684, 0.08999975893020658]}, "pore_volume_opt": 3.217267352095782, "windows": {"diameters": [1.0994009921897923, 1.095717717897155, 1.1830221333777184], "centre_of_mass": [[5.168657792134669, 21.461552797702655, 1.219020691363752], [6.838020707175178, 20.289585434135542, 0.11349157518292505], [6.172155451123909, 22.564803898590164, -0.8080904016337018]]}}