{"no_of_atoms": 84, "centre_of_mass": [19.930084227215136, 2.8053757859194506, 48.30327453415322], "maximum_diameter": {"diameter": 23.970124987466658, "atom_1": 76, "atom_2": 77}, "pore_diameter": {"diameter": 1.5551500580692728, "atom": 22}, "pore_volume": 1.9693165244451807, "pore_diameter_opt": {"diameter": 1.8313856370745758, "atom_1": 23, "centre_of_mass": [19.975788026447216, 2.5649009271003025, 48.48343059014652]}, "pore_volume_opt": 3.2161628704261105, "windows": {"diameters": [1.2355877444306507, 1.1110202170117858, 1.0800193976574497], "centre_of_mass": [[20.096719694459555, 1.2831949627994266, 49.584748078679894], [20.677039538417247, 3.8689248779212475, 48.33639246079595], [19.02607350921965, 2.464151185319181, 47.432766559046726]]}}