{"no_of_atoms": 84, "centre_of_mass": [6.3574992550432174, 21.443145691788214, 15.920917303826931], "maximum_diameter": {"diameter": 23.97088782721835, "atom_1": 0, "atom_2": 76}, "pore_diameter": {"diameter": 1.5549111217069203, "atom": 35}, "pore_volume": 1.968408954722844, "pore_diameter_opt": {"diameter": 1.8300194500459326, "atom_1": 31, "centre_of_mass": [6.124040088593347, 21.5168743729252, 16.10388569364942]}, "pore_volume_opt": 3.208970606353654, "windows": {"diameters": [1.1809489215790383, 1.1043127937152586, 1.15233423221474], "centre_of_mass": [[5.223000568060543, 21.686366129002742, 17.13754002191542], [6.713836570189135, 20.2100844588514, 16.201353075817398], [6.4405981952243065, 22.792829763676366, 14.908615036299572]]}}