{"no_of_atoms": 84, "centre_of_mass": [-1.498542664198956, 8.206168281955863, 48.843725465846745], "maximum_diameter": {"diameter": 23.970765372246113, "atom_1": 0, "atom_2": 77}, "pore_diameter": {"diameter": 1.5536997755188255, "atom": 28}, "pore_volume": 1.9638120985587666, "pore_diameter_opt": {"diameter": 1.8152753918985254, "atom_1": 30, "centre_of_mass": [-1.6602650972130246, 8.08454415202906, 48.68557130741078]}, "pore_volume_opt": 3.132031947608865, "windows": {"diameters": [1.101746459133301, 1.0967915471434355, 1.1834815915137669], "centre_of_mass": [[-2.123775687310983, 8.87376221683311, 49.81672255963709], [-0.23370084486633003, 8.004939608817985, 48.699691253497626], [-2.5613150378028795, 7.436265358945234, 47.7663430279356]]}}