{"no_of_atoms": 138, "centre_of_mass": [5.151462918292906, 8.286516671325394, 4.179152070198325], "maximum_diameter": {"diameter": 17.758402132439645, "atom_1": 44, "atom_2": 124}, "pore_diameter": {"diameter": 5.0713218181418345, "atom": 133}, "pore_volume": 68.29078980780018, "pore_diameter_opt": {"diameter": 5.136419652949966, "atom_1": 19, "centre_of_mass": [5.184095281114437, 8.227616164544838, 4.159821627820186]}, "pore_volume_opt": 70.95452863832652, "windows": {"diameters": [3.4365571300504936, 3.5504658542183973], "centre_of_mass": [[6.812074487610996, 8.450802048195108, 6.919030908687525], [3.4550074809615188, 7.851403535196091, 1.251221374088801]]}}