{"no_of_atoms": 78, "centre_of_mass": [0.2748354085011645, 4.3265375752573, 0.8089234352541854], "maximum_diameter": {"diameter": 12.310695385806445, "atom_1": 73, "atom_2": 77}, "pore_diameter": {"diameter": 1.128947915184067, "atom": 74}, "pore_volume": 0.753390847680538, "pore_diameter_opt": {"diameter": 1.7263296147231726, "atom_1": 74, "centre_of_mass": [0.36875896762555943, 4.326142697816168, 1.104540343205464]}, "pore_volume_opt": 2.693827516228767, "windows": {"diameters": [1.091874519417349, 0.8561302133382815, 1.2861173600295417], "centre_of_mass": [[0.8786189945313689, 3.969303878653989, 2.2213902697064687], [-0.9735122830546101, 4.79628628683353, 0.8585772736177659], [1.0514762903306052, 4.532754156836302, -0.44507569279464043]]}}