{"no_of_atoms": 147, "centre_of_mass": [9.129937937615145, 13.162959830376908, 19.81129130553919], "maximum_diameter": {"diameter": 17.576075404059676, "atom_1": 84, "atom_2": 96}, "pore_diameter": {"diameter": 5.843151041515895, "atom": 139}, "pore_volume": 104.45758003562176, "pore_diameter_opt": {"diameter": 6.370462337886359, "atom_1": 9, "centre_of_mass": [9.257529037183112, 13.0607969187423, 19.29384247522266]}, "pore_volume_opt": 135.3665872058664, "windows": {"diameters": [5.873714132327811, 6.376111860048926], "centre_of_mass": [[9.453486804540315, 13.059045300745476, 21.202189483500707], [8.987587053914702, 13.126620304972919, 17.979614472200705]]}}