{"no_of_atoms": 70, "centre_of_mass": [3.483618912022487, 5.134907599571022, 5.352520143485818], "maximum_diameter": {"diameter": 10.733166781958596, "atom_1": 37, "atom_2": 61}, "pore_diameter": {"diameter": 1.19850890454966, "atom": 69}, "pore_volume": 0.9014100949944353, "pore_diameter_opt": {"diameter": 1.2074710819570385, "atom_1": 2, "centre_of_mass": [3.4845814480285626, 5.131757404314654, 5.349366809530559]}, "pore_volume_opt": 0.9217833045290014, "windows": {"diameters": [1.2565923019120633, 1.183655410953484, 1.5176589480505727, 1.1337912663730756], "centre_of_mass": [[2.656457578194438, 3.8235518428867747, 5.812536815378745], [4.454507691665413, 5.372474582506991, 5.784621582487224], [1.6197821860546087, 5.416147220184582, 2.406639533173545], [5.004914174451253, 4.457408001357718, 5.027588235925336]]}}