{"no_of_atoms": 70, "centre_of_mass": [-0.7496009886222157, 12.817881461484411, 19.996584152459853], "maximum_diameter": {"diameter": 10.746551523220997, "atom_1": 4, "atom_2": 56}, "pore_diameter": {"diameter": 1.217418228939351, "atom": 33}, "pore_volume": 0.9447524424318852, "pore_diameter_opt": {"diameter": 1.2311436663805755, "atom_1": 21, "centre_of_mass": [-0.7538696070314638, 12.813612843075163, 19.992732726172566]}, "pore_volume_opt": 0.9770680854900946, "windows": {"diameters": [1.1955945385347184, 1.2205824996011043, 1.2209319455814263], "centre_of_mass": [[-0.639072521851797, 12.073385368846758, 20.55415673718118], [-2.27854997381815, 13.19231021254156, 20.027348383013347], [-0.2668335682529069, 12.976658109513073, 19.26494826783083]]}}