{"no_of_atoms": 160, "centre_of_mass": [9.07401422313837, 6.613149853296877, 0.899099967584012], "maximum_diameter": {"diameter": 18.785228513935, "atom_1": 79, "atom_2": 126}, "pore_diameter": {"diameter": 5.083964035570902, "atom": 56}, "pore_volume": 68.8027871074965, "pore_diameter_opt": {"diameter": 6.6106880568556665, "atom_1": 84, "centre_of_mass": [7.473510117083376, 6.593766817147917, 0.7401409516087095]}, "pore_volume_opt": 151.26505693276542, "windows": {"diameters": [4.88677399511735, 6.5881486243955845], "centre_of_mass": [[11.664730328329952, 8.37078782104672, 0.9613861218415339], [6.97702922714195, 6.469604735891813, 0.6526843765995072]]}}