{"no_of_atoms": 160, "centre_of_mass": [2.591014223138366, 3.0238501467031274, 27.22090003241599], "maximum_diameter": {"diameter": 18.785228513935, "atom_1": 94, "atom_2": 119}, "pore_diameter": {"diameter": 5.083964035570937, "atom": 39}, "pore_volume": 68.80278710749795, "pore_diameter_opt": {"diameter": 6.566337572856094, "atom_1": 52, "centre_of_mass": [0.9174136464169385, 3.095599349693389, 27.34122666610926]}, "pore_volume_opt": 148.24096722143292, "windows": {"diameters": [6.583135790759307, 4.880434713679728], "centre_of_mass": [[0.5850431325904308, 3.144590817538849, 27.451324761303987], [5.138099845898379, 1.283481527122507, 27.16478722402511]]}}