{"no_of_atoms": 77, "centre_of_mass": [10.557783980547203, 5.994053315270527, 27.319679421099362], "maximum_diameter": {"diameter": 18.14861241795047, "atom_1": 32, "atom_2": 62}, "pore_diameter": {"diameter": 5.754884805416508, "atom": 14}, "pore_volume": 99.79494125817476, "pore_diameter_opt": {"diameter": 7.561311596518492, "atom_1": 4, "centre_of_mass": [11.144530319129135, 5.407212676695669, 24.442237018391108]}, "pore_volume_opt": 226.35496684775504, "windows": {"diameters": [4.371254110969743, 7.607871518811732], "centre_of_mass": [[10.212391679468261, 5.8530049118006655, 30.45911309503142], [11.159468636745277, 5.410500536969765, 24.364047662031783]]}}