{"no_of_atoms": 168, "centre_of_mass": [18.703500000000005, 18.703500000000016, 18.703500000000002], "maximum_diameter": {"diameter": 22.370548531429257, "atom_1": 3, "atom_2": 164}, "pore_diameter": {"diameter": 5.898542412657976, "atom": 38}, "pore_volume": 107.45651259111165, "pore_diameter_opt": {"diameter": 5.898542412657976, "atom_1": 38, "centre_of_mass": [18.703500000000005, 18.703500000000016, 18.703500000000002]}, "pore_volume_opt": 107.45651259111165, "windows": {"diameters": [4.192929122773917, 4.1918283149160604, 4.2006657143291655, 4.203635932553707], "centre_of_mass": [[17.03272655256153, 20.37428060624447, 20.37431498187474], [20.363445083934508, 17.04351597510093, 20.36350638081079], [20.42652273589742, 20.426520396608506, 16.98047538140741], [16.965454242020932, 16.965486394351764, 16.965494235447007]]}}