{"no_of_atoms": 168, "centre_of_mass": [8.840414018905678, 5.104051108319285, 19.75521134931117], "maximum_diameter": {"diameter": 22.43747200417663, "atom_1": 110, "atom_2": 117}, "pore_diameter": {"diameter": 5.799172063488667, "atom": 138}, "pore_volume": 102.11666106899388, "pore_diameter_opt": {"diameter": 5.972020182147196, "atom_1": 128, "centre_of_mass": [8.840397782652634, 5.105820829337831, 19.664431956202318]}, "pore_volume_opt": 111.5224810140298, "windows": {"diameters": [4.270199141552689, 4.281850911335853, 4.272662028743978, 4.3486463217993325], "centre_of_mass": [[11.21128038441139, 6.354219934489172, 20.585791557269516], [8.725164088820447, 2.2352156016520808, 20.654627396060867], [6.504391689948268, 6.577285027884909, 20.615099796160123], [8.840561360400278, 5.104325035422834, 16.822592182994185]]}}