{"no_of_atoms": 168, "centre_of_mass": [16.837184323178963, 20.051280882789825, 15.066745844473807], "maximum_diameter": {"diameter": 22.46090049775897, "atom_1": 111, "atom_2": 117}, "pore_diameter": {"diameter": 4.834401734794238, "atom": 22}, "pore_volume": 59.159818586460325, "pore_diameter_opt": {"diameter": 5.355587460580294, "atom_1": 19, "centre_of_mass": [17.19193413909774, 20.05314242940585, 14.671939188010867]}, "pore_volume_opt": 80.43035219750227, "windows": {"diameters": [3.8874639465623813, 3.886808895165324, 4.09913606444262, 4.095074441148215], "centre_of_mass": [[15.602902612404453, 22.180382634496414, 16.90956950473646], [16.993056460631625, 16.873858562158365, 15.993269696886527], [19.628832988754745, 20.802886172648325, 14.64227583722355], [16.0614573898832, 20.26422946958994, 12.421944665899138]]}}