{"no_of_atoms": 168, "centre_of_mass": [8.293786530869372, 6.163832271186565, 17.951687753904086], "maximum_diameter": {"diameter": 22.518195937693193, "atom_1": 16, "atom_2": 167}, "pore_diameter": {"diameter": 5.305269667005199, "atom": 107}, "pore_volume": 78.18456321939497, "pore_diameter_opt": {"diameter": 5.522500247963416, "atom_1": 132, "centre_of_mass": [8.26973436601317, 6.13667038285229, 17.846917864025375]}, "pore_volume_opt": 88.18726106920613, "windows": {"diameters": [4.003361754402695, 3.9734288546505527, 3.9589306098547383, 4.0862858230228465], "centre_of_mass": [[6.215449283381042, 7.942580811317836, 19.43964768580172], [8.378759826805135, 3.4879061263109365, 18.93426048606991], [11.019495572027532, 7.368748926768333, 17.90238813625536], [7.518335796803445, 5.913634033870292, 15.333152294777308]]}}