{"no_of_atoms": 168, "centre_of_mass": [13.93527272206652, 7.988719117210179, 32.87015989917211], "maximum_diameter": {"diameter": 22.461662801654114, "atom_1": 85, "atom_2": 123}, "pore_diameter": {"diameter": 4.833561000266192, "atom": 127}, "pore_volume": 59.12895909918246, "pore_diameter_opt": {"diameter": 5.28890005465434, "atom_1": 30, "centre_of_mass": [13.743120962330162, 7.801310292515397, 32.70875253731384]}, "pore_volume_opt": 77.46306962664082, "windows": {"diameters": [3.866246061069687, 3.810410089817531, 4.09157100825769, 4.103505458665573], "centre_of_mass": [[14.982544648794352, 6.079455614320244, 34.467180030025], [13.69618931883887, 10.437468570979636, 33.5418217392438], [11.498559404447423, 7.341823962329169, 32.45318108026712], [14.786649171592288, 7.768217015293816, 30.08269600687654]]}}