{"no_of_atoms": 168, "centre_of_mass": [4.41968061506083, 5.232653527186303, 3.160966154473903], "maximum_diameter": {"diameter": 22.502455634100915, "atom_1": 90, "atom_2": 139}, "pore_diameter": {"diameter": 5.588657894627051, "atom": 125}, "pore_volume": 91.39473934686063, "pore_diameter_opt": {"diameter": 5.8263576541959825, "atom_1": 125, "centre_of_mass": [4.498976026891036, 5.453235485790959, 3.126620963775479]}, "pore_volume_opt": 103.55952359051606, "windows": {"diameters": [4.252221206069121, 4.143423193625209, 4.209020158779982, 4.201338481702514], "centre_of_mass": [[4.705730253326044, 7.698579475767864, 4.72758542055592], [4.679612404010462, 2.911513349399733, 4.949847754341831], [1.8935255804515139, 5.435974232637271, 1.7266064588837948], [6.622775163071925, 5.380694097611228, 1.242264438406542]]}}