{"no_of_atoms": 108, "centre_of_mass": [7.00097389952249, 15.936877505918702, 3.519426144431899e-17], "maximum_diameter": {"diameter": 14.450619381270043, "atom_1": 26, "atom_2": 90}, "pore_diameter": {"diameter": 5.203612080476697, "atom": 50}, "pore_volume": 73.77570394258137, "pore_diameter_opt": {"diameter": 5.203628534009868, "atom_1": 50, "centre_of_mass": [7.00098142093498, 15.936876455780073, 3.1631078540192265e-06]}, "pore_volume_opt": 73.7764037688625, "windows": {"diameters": [3.863708027626375, 3.867726527395499], "centre_of_mass": [[5.571535462749715, 18.564831407009233, 1.0916136799530962], [8.304006218350661, 13.522995787430155, -1.0124572249647976]]}}