{"no_of_atoms": 168, "centre_of_mass": [5.5040530281702935, 7.311319718902489, 9.652304556861253], "maximum_diameter": {"diameter": 19.119021488858202, "atom_1": 73, "atom_2": 151}, "pore_diameter": {"diameter": 5.243205039727327, "atom": 18}, "pore_volume": 75.47257136628981, "pore_diameter_opt": {"diameter": 5.243732409146022, "atom_1": 18, "centre_of_mass": [5.503943630771753, 7.311474290665528, 9.6524880491096]}, "pore_volume_opt": 75.49534708987422, "windows": {"diameters": [3.702302212138777, 3.7052679142879237], "centre_of_mass": [[7.023918196958258, 9.817584840209832, 10.170916461746298], [3.949606387868578, 4.73943485312736, 9.120088386330726]]}}