{"no_of_atoms": 108, "centre_of_mass": [-0.24494349025720177, 4.148461697158623, 10.26567722283592], "maximum_diameter": {"diameter": 17.54455280833126, "atom_1": 40, "atom_2": 81}, "pore_diameter": {"diameter": 5.355374361392421, "atom": 4}, "pore_volume": 80.42075159203297, "pore_diameter_opt": {"diameter": 5.600195522734779, "atom_1": 82, "centre_of_mass": [-0.30698230861423603, 4.042690009996016, 10.104072548186748]}, "pore_volume_opt": 91.96195439545902, "windows": {"diameters": [3.7533231489835273, 3.8989095877733617, 4.0120559824715, 4.188062003810229], "centre_of_mass": [[-0.2929676144768186, 3.1909961570173815, 12.977674355232296], [-0.30322384666800495, 7.070371168216699, 10.015336620756672], [1.9667684778527348, 3.1578088480454003, 8.792060546297105], [-2.389047507531469, 3.164645861102857, 8.84850573383676]]}}