{"no_of_atoms": 108, "centre_of_mass": [10.69933462968287, 6.177253788165388, 9.871031025377174], "maximum_diameter": {"diameter": 17.264189404803957, "atom_1": 3, "atom_2": 104}, "pore_diameter": {"diameter": 5.114287034370328, "atom": 34}, "pore_volume": 70.04125489053095, "pore_diameter_opt": {"diameter": 5.323132390828446, "atom_1": 21, "centre_of_mass": [10.698316604064397, 6.176407438481691, 9.981372318488498]}, "pore_volume_opt": 78.97696223593164, "windows": {"diameters": [3.8298409256333517, 3.593138734073206, 3.6326678404386263, 3.637052861866071], "centre_of_mass": [[10.699563414828932, 6.177586636813573, 12.566337598224447], [9.584936362601654, 9.052984908835846, 9.149639233684841], [14.38558354030063, 5.529104090035595, 9.040890452065897], [8.274935301092775, 3.2910396712337886, 9.035590611638112]]}}