{"no_of_atoms": 147, "centre_of_mass": [8.381574218911764, 11.200528385787676, 8.904687228135653], "maximum_diameter": {"diameter": 17.960766616359297, "atom_1": 8, "atom_2": 145}, "pore_diameter": {"diameter": 5.515924481730556, "atom": 80}, "pore_volume": 87.8726163089154, "pore_diameter_opt": {"diameter": 5.722152113921062, "atom_1": 80, "centre_of_mass": [8.343453200445584, 11.290827074764932, 8.872660288399905]}, "pore_volume_opt": 98.10176434602364, "windows": {"diameters": [5.956393237716906, 5.615785966142286], "centre_of_mass": [[8.471144689154208, 11.554052891689675, 9.137756728040786], [8.176583402019647, 10.512092188985404, 7.664421437864355]]}}