{"no_of_atoms": 168, "centre_of_mass": [0.00022066673450923802, 0.00022066673450908979, 3.931132773326918], "maximum_diameter": {"diameter": 18.466421982743785, "atom_1": 4, "atom_2": 161}, "pore_diameter": {"diameter": 7.483757958524205, "atom": 118}, "pore_volume": 219.46123625486985, "pore_diameter_opt": {"diameter": 9.412837304975744, "atom_1": 94, "centre_of_mass": [0.0004904687864886435, 0.0006101522206887058, 7.67301175258902]}, "pore_volume_opt": 436.67696081517124, "windows": {"diameters": [9.412912617324466, 7.385582612201279], "centre_of_mass": [[0.0004961739529679724, 0.0004540590073244577, 7.673011459049898], [0.000477288779292901, 0.0004810541930103546, 2.954577792148096]]}}