{"no_of_atoms": 190, "centre_of_mass": [43.743011153254415, 5.092599916856312, 1.4241244575302903], "maximum_diameter": {"diameter": 18.878620302288457, "atom_1": 3, "atom_2": 188}, "pore_diameter": {"diameter": 4.531409371812238, "atom": 83}, "pore_volume": 48.719017101336036, "pore_diameter_opt": {"diameter": 4.827659852103459, "atom_1": 14, "centre_of_mass": [43.45163616236619, 5.1214589711352625, 1.3047719130976911]}, "pore_volume_opt": 58.912657127307405, "windows": {"diameters": [1.8104242888719964, 4.348803097625625], "centre_of_mass": [[47.328954978315174, 5.816719764424598, 3.2793853067809815], [38.834928006498124, 6.351314645426848, -0.27014353875490316]]}}