{"no_of_atoms": 108, "centre_of_mass": [17.576926737490467, 15.172500000000003, 5.941680742145179], "maximum_diameter": {"diameter": 14.694437662156457, "atom_1": 14, "atom_2": 101}, "pore_diameter": {"diameter": 4.96614203693813, "atom": 39}, "pore_volume": 64.12923103028773, "pore_diameter_opt": {"diameter": 4.966143754177482, "atom_1": 39, "centre_of_mass": [17.57692750966639, 15.172499667786486, 5.941680567198691]}, "pore_volume_opt": 64.12929755593865, "windows": {"diameters": [3.32993313284718, 3.3971780206976714], "centre_of_mass": [[18.43058518403752, 12.558617666652863, 7.724540717749392], [16.632129992199605, 17.976919676030327, 3.996031440206405]]}}