{"no_of_atoms": 204, "centre_of_mass": [6.57378969913024, 6.57378969913024, 19.72121030086977], "maximum_diameter": {"diameter": 22.7970564581853, "atom_1": 126, "atom_2": 161}, "pore_diameter": {"diameter": 5.354435941278316, "atom": 153}, "pore_volume": 80.37848271094677, "pore_diameter_opt": {"diameter": 5.35502076140456, "atom_1": 156, "centre_of_mass": [6.573499126903617, 6.573483058502459, 19.721499633662106]}, "pore_volume_opt": 80.40482279006109, "windows": {"diameters": [3.558381572727415, 3.5582376359187795, 3.5663050029695964, 3.5643938484406514], "centre_of_mass": [[4.982538169493029, 8.164473615789401, 21.31255413682252], [8.162971116862531, 4.983984089462633, 21.311019941385197], [4.927583292486829, 4.9275579961397336, 18.07561340837218], [8.208897981615124, 8.208927379266408, 18.086047700924134]]}}