{"no_of_atoms": 144, "centre_of_mass": [29.091965368815465, 5.598743996779824, 2.2911513369748397], "maximum_diameter": {"diameter": 17.858271620303043, "atom_1": 11, "atom_2": 140}, "pore_diameter": {"diameter": 7.616253555118957, "atom": 58}, "pore_volume": 231.32512412206617, "pore_diameter_opt": {"diameter": 7.616429422223764, "atom_1": 75, "centre_of_mass": [29.091975458039446, 5.598766152479098, 2.291066836377714]}, "pore_volume_opt": 231.34114909509046, "windows": {"diameters": [6.303795224604397, 6.304502683712026], "centre_of_mass": [[29.197111688288597, 8.10869689688232, 3.96168847393916], [28.992441023501453, 3.1212941369288654, 0.6449174740043406]]}}