{"no_of_atoms": 106, "centre_of_mass": [4.844001034353816, 9.839405461669603, 10.583157281086901], "maximum_diameter": {"diameter": 14.713200189895636, "atom_1": 36, "atom_2": 78}, "pore_diameter": {"diameter": 4.929348951829228, "atom": 93}, "pore_volume": 62.71440582770816, "pore_diameter_opt": {"diameter": 4.991642559065188, "atom_1": 5, "centre_of_mass": [4.833732674991741, 9.839408470720151, 10.553751768542579]}, "pore_volume_opt": 65.12219928172969, "windows": {"diameters": [3.4851848057586983, 3.773338451694454], "centre_of_mass": [[2.5856147105155136, 10.261159525772984, 12.863579101101475], [6.985218858863398, 9.555385516365765, 8.40635110551501]]}}