{"no_of_atoms": 83, "centre_of_mass": [-6.423178309493215, 18.39163896130668, 14.733829108221508], "maximum_diameter": {"diameter": 16.64301011854933, "atom_1": 37, "atom_2": 51}, "pore_diameter": {"diameter": 1.1390275013406357, "atom": 34}, "pore_volume": 0.773751052002269, "pore_diameter_opt": {"diameter": 1.6904762452341617, "atom_1": 34, "centre_of_mass": [-6.415065974084432, 18.057678263862293, 14.84379922030109]}, "pore_volume_opt": 2.5294484880701193, "windows": {"diameters": [1.2857171439808637, 1.2810976638660936, 1.4370961254901098], "centre_of_mass": [[-5.87548670203345, 17.160258653487098, 15.504631599898106], [-6.252614021816148, 19.260983553059994, 15.077580968332462], [-8.005427758620929, 18.406437197644244, 15.219467904755597]]}}