{"no_of_atoms": 204, "centre_of_mass": [5.889633800963269, 15.462711294857685, 7.590340859591283], "maximum_diameter": {"diameter": 14.787241926765748, "atom_1": 45, "atom_2": 171}, "pore_diameter": {"diameter": 4.958962606981183, "atom": 145}, "pore_volume": 63.85150274483283, "pore_diameter_opt": {"diameter": 4.95943888737718, "atom_1": 11, "centre_of_mass": [5.8896666850300905, 15.462530264878557, 7.590499965444193]}, "pore_volume_opt": 63.86990224227355, "windows": {"diameters": [3.123113260657271, 3.1187287122486174], "centre_of_mass": [[2.9462551408123, 16.621892698341064, 7.590490852207378], [8.80251297681858, 14.315415945230793, 7.590581218669505]]}}