{"no_of_atoms": 77, "centre_of_mass": [15.583985522867188, 4.636284864848359, 12.324816694241303], "maximum_diameter": {"diameter": 15.523501789260568, "atom_1": 18, "atom_2": 69}, "pore_diameter": {"diameter": 0.9436149201594746, "atom": 43}, "pore_volume": 0.4399294339849639, "pore_diameter_opt": {"diameter": 1.2763351611849494, "atom_1": 41, "centre_of_mass": [15.589939040735569, 4.585157876064214, 12.164406775229788]}, "pore_volume_opt": 1.0886613959582, "windows": {"diameters": [0.8763546957170818, 1.1913875156339153], "centre_of_mass": [[13.884354141759808, 4.124571708309219, 14.403927668149496], [17.23725212889043, 3.612963370064737, 12.3641373358936]]}}