{"no_of_atoms": 108, "centre_of_mass": [7.131030523072681, 4.117128804608037, 3.7448315753454655], "maximum_diameter": {"diameter": 13.688493519748498, "atom_1": 80, "atom_2": 91}, "pore_diameter": {"diameter": 4.092464561007684, "atom": 57}, "pore_volume": 35.88834276896035, "pore_diameter_opt": {"diameter": 4.1728928852121925, "atom_1": 62, "centre_of_mass": [7.130675281489786, 4.1169613799762965, 3.6763318764267856]}, "pore_volume_opt": 38.04611645581132, "windows": {"diameters": [1.9796911714247263, 1.3155316545048188, 1.3951954824243282, 1.341538541852184], "centre_of_mass": [[7.1314169212518665, 4.11716033805665, 7.775637830755286], [4.1635619357125915, 3.1425979591965403, 2.72705242363822], [9.07658934630346, 1.5165793154289227, 3.2668752685821434], [8.37344166768049, 7.184598466490292, 3.1841307951352924]]}}