{"no_of_atoms": 503, "centre_of_mass": [38.96104168939582, 31.937346651749635, 15.328240861494972], "maximum_diameter": {"diameter": 33.141232544989, "atom_1": 359, "atom_2": 405}, "pore_diameter": {"diameter": 11.535183329701805, "atom": 225}, "pore_volume": 803.6595796703172, "pore_diameter_opt": {"diameter": 11.535444289576015, "atom_1": 32, "centre_of_mass": [38.96097231011181, 31.937399087647872, 15.328339550432661]}, "pore_volume_opt": 803.7141243554105, "windows": {"diameters": [4.709774995936488, 4.795398108055197, 4.312617827477254, 4.485419613459012, 4.310852158200422, 4.337610935368492], "centre_of_mass": [[38.3199405096365, 36.86684364390882, 19.987180506642233], [43.43766174912329, 32.61523949533931, 10.539926199296257], [33.1084020567685, 31.726459175754563, 9.551109233005828], [33.56103359113057, 25.98052935760849, 14.88209851214814], [33.18414917705831, 37.79541224491969, 15.538705955254908], [39.1808011718526, 37.7163551176879, 9.587622282898874]]}}