{"no_of_atoms": 410, "centre_of_mass": [8.500008325436998, 15.132745856445954, 32.13287791040147], "maximum_diameter": {"diameter": 33.302231547364734, "atom_1": 110, "atom_2": 325}, "pore_diameter": {"diameter": 10.757611346663285, "atom": 188}, "pore_volume": 651.8477520125037, "pore_diameter_opt": {"diameter": 12.115193242111918, "atom_1": 178, "centre_of_mass": [8.91246183044319, 14.719096128351454, 32.548061058933484]}, "pore_volume_opt": 931.0857059533214, "windows": {"diameters": [4.792788210767863, 4.395294791874081, 5.079310190159362, 5.211272931267857, 4.444896913695851, 5.251633737027312], "centre_of_mass": [[7.521681649614626, 19.704537673818965, 37.36452716968666], [13.735918921856488, 14.989614367334706, 37.447510829511714], [1.474447809833105, 15.619270461902278, 37.92715566264188], [13.583020780738373, 19.946500390320256, 31.27527367151702], [13.739681248561496, 10.096489660085815, 32.28554393730633], [7.625656791807103, 10.122346036873513, 27.403137494021667]]}}