{"no_of_atoms": 410, "centre_of_mass": [38.765537857986, 38.765537857986, 38.76553785798599], "maximum_diameter": {"diameter": 33.30319627636544, "atom_1": 213, "atom_2": 309}, "pore_diameter": {"diameter": 10.757456035375526, "atom": 392}, "pore_volume": 651.8195195781166, "pore_diameter_opt": {"diameter": 12.114857044980358, "atom_1": 18, "centre_of_mass": [38.35179725531924, 38.35182171722548, 38.351798432373755]}, "pore_volume_opt": 931.0081950995892, "windows": {"diameters": [5.051786125725233, 4.421372318799214, 5.046585409085939, 5.263139078103267, 4.415524489313455, 5.181505212575432], "centre_of_mass": [[39.263451317987915, 32.98725587988049, 45.644249524969716], [33.64092718686403, 38.61716879673932, 33.489175814965364], [45.624193773385095, 39.26524049909622, 32.99219803838207], [33.772284270058684, 43.473442327861314, 39.64317463779231], [33.48130918727991, 33.6186116080874, 38.61833816874416], [38.6217030610271, 33.290971559336406, 30.67602766355079]]}}