{"no_of_atoms": 108, "centre_of_mass": [-0.00012348521327397167, 27.7957921943341, 6.24552910998756], "maximum_diameter": {"diameter": 14.505789264789495, "atom_1": 3, "atom_2": 106}, "pore_diameter": {"diameter": 4.826459876706895, "atom": 45}, "pore_volume": 58.86873760672934, "pore_diameter_opt": {"diameter": 4.826983314535774, "atom_1": 54, "centre_of_mass": [-0.0003590464560550042, 27.795705327856695, 6.245603017193914]}, "pore_volume_opt": 58.887892929856974, "windows": {"diameters": [3.5485115424860476, 3.557941507019345], "centre_of_mass": [[2.6510425633769827, 26.12492108392248, 7.857693382871317], [-2.6493355520542026, 29.337687345654942, 4.491655413862632]]}}