{"no_of_atoms": 108, "centre_of_mass": [8.023891537257732, 13.897856397215204, 6.24552910998756], "maximum_diameter": {"diameter": 14.505729755272101, "atom_1": 29, "atom_2": 82}, "pore_diameter": {"diameter": 4.82672956651065, "atom": 8}, "pore_volume": 58.87860644590345, "pore_diameter_opt": {"diameter": 4.827019932115006, "atom_1": 8, "centre_of_mass": [8.0239163752103, 13.897993156390102, 6.245571071170785]}, "pore_volume_opt": 58.88923311375818, "windows": {"diameters": [3.516626343268829, 3.494042752897129], "centre_of_mass": [[5.4800798202661944, 12.449033609701715, 7.939553396316068], [10.05536808077895, 15.019898813816372, 4.81366399859297]]}}