{"no_of_atoms": 108, "centre_of_mass": [8.02392968279764, 4.632569261867501, 2.081856468440271], "maximum_diameter": {"diameter": 14.505474311360192, "atom_1": 46, "atom_2": 69}, "pore_diameter": {"diameter": 4.827107259706704, "atom": 5}, "pore_volume": 58.89242933918228, "pore_diameter_opt": {"diameter": 4.827377045444937, "atom_1": 91, "centre_of_mass": [8.024029134420369, 4.6324864728617925, 2.081894566374662]}, "pore_volume_opt": 58.90230433761233, "windows": {"diameters": [3.554301799877215, 3.4842179909315787], "centre_of_mass": [[8.035579313386483, 7.68505889268835, 3.8298802844654496], [7.9828488761856375, 2.2552238356099084, 0.6246833107387013]]}}