{"no_of_atoms": 86, "centre_of_mass": [6.87130616159171e-06, -0.00013483915826497989, 1.3017196005066695e-16], "maximum_diameter": {"diameter": 15.846221021189436, "atom_1": 10, "atom_2": 74}, "pore_diameter": {"diameter": 2.58332501550263, "atom": 6}, "pore_volume": 9.026840539136721, "pore_diameter_opt": {"diameter": 2.583678359693654, "atom_1": 62, "centre_of_mass": [9.059042817670449e-05, -0.0004008625548802314, -4.086771909856081e-05]}, "pore_volume_opt": 9.030545088044606, "windows": {"diameters": [1.4402136805705088, 1.4354479559968447, 1.4503508209364022, 1.3671405533228191, 1.2787104291684108, 1.2664936027839873], "centre_of_mass": [[0.8243224800031077, -0.09693455701392101, 2.1576253488422186], [-0.502088413729266, -0.6738956645388176, 2.1595908725370805], [-0.3195951761741286, 0.7415519142519329, 2.1553869028681065], [1.0129234473846622, 0.11905086317889794, -2.179007276087725], [-0.9676533376299038, -1.9348449641901257, -2.4675301564246674], [-1.1700157194689307, 1.7586417976916955, -2.4582390440676525]]}}