{"no_of_atoms": 100, "centre_of_mass": [3.5266087897842904, 2.789059784561924, 5.301640116542778], "maximum_diameter": {"diameter": 17.39895508896718, "atom_1": 47, "atom_2": 54}, "pore_diameter": {"diameter": 3.7555988989118867, "atom": 96}, "pore_volume": 27.735514815295957, "pore_diameter_opt": {"diameter": 4.21743975466533, "atom_1": 96, "centre_of_mass": [3.4912115353407134, 2.9686863896955837, 5.442374154791439]}, "pore_volume_opt": 39.277630910762916, "windows": {"diameters": [4.077168461863755, 4.611027636808615, 4.453279050295189], "centre_of_mass": [[2.3063105397518693, 1.6769379481020272, 5.846152886090414], [-0.7791511267576525, 3.829896153277317, 6.084160921504051], [4.173068936677351, 3.1830836126097393, 5.4086786655216255]]}}