{"no_of_atoms": 125, "centre_of_mass": [5.979489827076174, 9.197637051631817, 6.926231635126242], "maximum_diameter": {"diameter": 16.794353217296788, "atom_1": 16, "atom_2": 118}, "pore_diameter": {"diameter": 3.8760831426185063, "atom": 69}, "pore_volume": 30.491435774013564, "pore_diameter_opt": {"diameter": 4.761840051732495, "atom_1": 78, "centre_of_mass": [5.955633325484687, 8.928672006263655, 7.336029243163751]}, "pore_volume_opt": 56.53573373536102, "windows": {"diameters": [3.824238336924975, 4.361710967175132], "centre_of_mass": [[10.285239626905668, 10.293588736726786, 9.758076259406309], [3.8089122451367383, 7.4173592163743605, 6.154449646749952]]}}