{"no_of_atoms": 88, "centre_of_mass": [-0.5531749521761946, 8.635603575358466, 5.39334159570686], "maximum_diameter": {"diameter": 14.743568402329014, "atom_1": 55, "atom_2": 62}, "pore_diameter": {"diameter": 3.6418670846015035, "atom": 72}, "pore_volume": 25.291285077146856, "pore_diameter_opt": {"diameter": 3.9768583570228917, "atom_1": 67, "centre_of_mass": [-0.35494025080624814, 8.387798851572825, 5.383994638666588]}, "pore_volume_opt": 32.932067094351744, "windows": {"diameters": [3.409691834889576, 3.986631717477446, 3.6675620757407965], "centre_of_mass": [[-1.411270471413682, 8.13265550898851, 6.862625920074617], [0.3509684956986786, 7.972964506336625, 5.238765226994777], [-0.5703802067513575, 9.291348262205695, 4.512795281796771]]}}