{"no_of_atoms": 147, "centre_of_mass": [9.065861057439419, 16.46769840888045, 28.238987259765963], "maximum_diameter": {"diameter": 17.771798738935953, "atom_1": 2, "atom_2": 142}, "pore_diameter": {"diameter": 6.134074187199099, "atom": 33}, "pore_volume": 120.84973287366527, "pore_diameter_opt": {"diameter": 7.341952230617817, "atom_1": 31, "centre_of_mass": [9.545581005246879, 16.48850375004223, 25.171950166166415]}, "pore_volume_opt": 207.22077127552637, "windows": {"diameters": [5.960440758498246, 7.487396204811304], "centre_of_mass": [[8.94194997137184, 16.50177464422411, 29.248741687746755], [9.57933198503579, 16.487760285873907, 24.97667702970164]]}}