{"no_of_atoms": 178, "centre_of_mass": [1.2130573492225982, 6.31043482645178, 22.271358513939557], "maximum_diameter": {"diameter": 19.668820114576054, "atom_1": 94, "atom_2": 109}, "pore_diameter": {"diameter": 3.7916048768762214, "atom": 127}, "pore_volume": 28.540911697908605, "pore_diameter_opt": {"diameter": 3.9977025601235066, "atom_1": 30, "centre_of_mass": [1.2229446221916245, 6.224983281854344, 22.33054375660746]}, "pore_volume_opt": 33.4526138341344, "windows": {"diameters": [2.297113002542402, 3.0109835372638147, 2.698365686531338, 2.8741958839465993], "centre_of_mass": [[0.5877243119781173, 3.242144734515435, 23.556894251784247], [1.8789405190754878, 10.971877279613448, 22.181605603021257], [-1.2127960352037581, 6.324740531306492, 20.648867145504383], [3.206537217181932, 5.783828531697643, 20.368201906457685]]}}