{"no_of_atoms": 99, "centre_of_mass": [-1.8850781849345264, 5.635117486828182, 6.2702728812111435], "maximum_diameter": {"diameter": 18.351157286972384, "atom_1": 57, "atom_2": 74}, "pore_diameter": {"diameter": 3.4887118944811966, "atom": 1}, "pore_volume": 22.23278868109396, "pore_diameter_opt": {"diameter": 3.6848780824581557, "atom_1": 88, "centre_of_mass": [-1.923570270090168, 5.7078148533197135, 6.510743934703851]}, "pore_volume_opt": 26.197991236351527, "windows": {"diameters": [3.970591284709205, 3.6972642212473485, 3.8767332441235145], "centre_of_mass": [[-2.2927999697591006, 3.9305912652781783, 4.923544888242368], [-2.142801488257656, 8.437381988730687, 4.837069828875402], [-2.127343701354113, 3.344836684259006, 6.397954591577766]]}}