{"no_of_atoms": 112, "centre_of_mass": [6.255322983895753, 22.081481147683736, 5.148448218237138], "maximum_diameter": {"diameter": 20.245962498577263, "atom_1": 20, "atom_2": 103}, "pore_diameter": {"diameter": 3.4109024211277235, "atom": 27}, "pore_volume": 20.77813235019997, "pore_diameter_opt": {"diameter": 4.187130155801865, "atom_1": 21, "centre_of_mass": [6.6331592718044385, 21.86174796862419, 4.474784276148914]}, "pore_volume_opt": 38.436869161199105, "windows": {"diameters": [4.410471969107853, 3.940896110679788, 4.2473927224564925], "centre_of_mass": [[4.955655859564386, 19.93477911947793, 8.100904807467092], [6.847509203129427, 23.02232334450374, 3.158929073801433], [6.700553098153059, 21.86313458733429, 4.14427710333648]]}}