{"no_of_atoms": 112, "centre_of_mass": [-0.49051661518839557, 4.429518852316266, 15.892783832237193], "maximum_diameter": {"diameter": 20.245795138880545, "atom_1": 27, "atom_2": 83}, "pore_diameter": {"diameter": 3.409301926325178, "atom": 13}, "pore_volume": 20.748896957200607, "pore_diameter_opt": {"diameter": 3.9539540795122696, "atom_1": 79, "centre_of_mass": [-0.7561581584500032, 4.365651317524686, 15.905652794503442]}, "pore_volume_opt": 32.366332094078466, "windows": {"diameters": [3.9468751079248556, 3.9696408623077994, 3.6310426116678136], "centre_of_mass": [[-0.7858441418642859, 4.918973581428402, 15.562144036871537], [-1.0778126978275535, 3.1069766266367966, 18.189707633029407], [-0.3347738554945163, 4.401672953175517, 13.370422463063676]]}}