{"no_of_atoms": 99, "centre_of_mass": [4.527376051265379, 2.741765286748821, 17.334924368138523], "maximum_diameter": {"diameter": 18.351106764844513, "atom_1": 2, "atom_2": 96}, "pore_diameter": {"diameter": 3.4892226569741367, "atom": 32}, "pore_volume": 22.242555039723932, "pore_diameter_opt": {"diameter": 3.7132608030525183, "atom_1": 36, "centre_of_mass": [4.549103370725262, 2.6550695434396427, 17.075451738974767]}, "pore_volume_opt": 26.808035009456923, "windows": {"diameters": [3.945617686471003, 3.4418489733270996, 3.8636245132938223], "centre_of_mass": [[4.614905210390572, 4.980962154939024, 16.72968746903424], [4.157089758703688, 1.399318262798681, 16.814339618968923], [4.909401692247217, 4.518282331365606, 18.280545006796554]]}}