{"no_of_atoms": 165, "centre_of_mass": [6.522214887407136, 13.150000718385268, 15.667586147375694], "maximum_diameter": {"diameter": 20.977436109078592, "atom_1": 75, "atom_2": 80}, "pore_diameter": {"diameter": 7.770529530572423, "atom": 95}, "pore_volume": 245.66906223071308, "pore_diameter_opt": {"diameter": 8.914364433535662, "atom_1": 10, "centre_of_mass": [5.971471641531297, 13.262375874191317, 15.795477401454605]}, "pore_volume_opt": 370.9110541064371, "windows": {"diameters": [6.224250507355858, 5.000722705035621, 6.211987652083343, 6.3616554021733815], "centre_of_mass": [[9.11978523076579, 14.591545914163447, 20.123503137504862], [4.176815420870945, 8.75639915778852, 16.66373906343727], [2.4479335799474526, 15.349935849735013, 16.199046893121356], [8.888238007456405, 12.425410896440082, 11.333666009013212]]}}