{"no_of_atoms": 108, "centre_of_mass": [11.78966920892413, 11.78966920892413, 11.78966920892413], "maximum_diameter": {"diameter": 17.37264970306365, "atom_1": 12, "atom_2": 104}, "pore_diameter": {"diameter": 5.388950629016305, "atom": 65}, "pore_volume": 81.94288244751955, "pore_diameter_opt": {"diameter": 5.389119373283959, "atom_1": 63, "centre_of_mass": [11.789316336360644, 11.789316337320022, 11.7893163366659]}, "pore_volume_opt": 81.95058032357471, "windows": {"diameters": [3.587116270828251, 3.5740807863503554, 3.578628923581084, 3.574019503258866], "centre_of_mass": [[10.11887753293404, 13.460124296116621, 13.460091641294248], [13.365428467238381, 10.21353749201852, 13.36569620326327], [10.16737546392071, 10.167402857781427, 10.167367808083398], [13.360812884784306, 13.36071965063075, 10.21826997479352]]}}