{"no_of_atoms": 186, "centre_of_mass": [17.820224962761397, 5.940118298924032, 17.820224962761394], "maximum_diameter": {"diameter": 22.20256527021451, "atom_1": 13, "atom_2": 185}, "pore_diameter": {"diameter": 5.605928226882659, "atom": 142}, "pore_volume": 92.24465730690598, "pore_diameter_opt": {"diameter": 5.6063427173440985, "atom_1": 158, "centre_of_mass": [17.82041450651661, 5.939797608565187, 17.82026815654215]}, "pore_volume_opt": 92.26511994364063, "windows": {"diameters": [3.8150133658289884, 3.8129501266684955, 3.805901497614997, 3.8139356944849374], "centre_of_mass": [[16.155463324652754, 4.2750152360280325, 19.484586829007547], [19.470303987278353, 7.59022625040234, 19.470212636711505], [19.382649662355384, 4.377660058780423, 16.25774415863084], [16.159633154649953, 7.600377118172261, 16.159895217703628]]}}