{"no_of_atoms": 192, "centre_of_mass": [17.68455440468057, 5.8949298526809955, 17.684554404680572], "maximum_diameter": {"diameter": 21.846526129441372, "atom_1": 97, "atom_2": 146}, "pore_diameter": {"diameter": 5.617311587555051, "atom": 35}, "pore_volume": 92.80773330679915, "pore_diameter_opt": {"diameter": 5.617323303131229, "atom_1": 35, "centre_of_mass": [17.684550290889725, 5.894927638343171, 17.684557967506358]}, "pore_volume_opt": 92.80831399294425, "windows": {"diameters": [3.8213072351749235, 3.8206380041795254, 3.8125508539485256, 3.818523580553831], "centre_of_mass": [[16.01870179633557, 4.22871427601647, 19.35034181963035], [19.3431196839804, 7.553408411161076, 19.343028237841096], [19.261321650988542, 4.317655457063254, 16.10758234192862], [16.04030295232462, 7.538997215543345, 16.04034198413641]]}}