{"no_of_atoms": 108, "centre_of_mass": [0.00010104716795549872, 11.880126255365722, 0.0001010471679555921], "maximum_diameter": {"diameter": 17.393334710049604, "atom_1": 37, "atom_2": 86}, "pore_diameter": {"diameter": 5.468409391367262, "atom": 31}, "pore_volume": 85.62127363203504, "pore_diameter_opt": {"diameter": 5.468775490918393, "atom_1": 66, "centre_of_mass": [9.265584149441311e-07, 11.879998634109782, 9.664499520276706e-07]}, "pore_volume_opt": 85.6384713249267, "windows": {"diameters": [3.670743952601802, 3.657772093114555, 3.662163851894334, 3.6574994778113887], "centre_of_mass": [[-1.6782451459475376, 13.558239240874105, 1.6782645725680758], [1.5825405636035141, 10.297491695907489, 1.5825108331975923], [-1.629266463941829, 10.250707717323808, -1.6292790313491707], [1.5777001002339668, 13.457675059709295, -1.5777320451740229]]}}