{"no_of_atoms": 252, "centre_of_mass": [17.390556741496145, 1.7234734876491518, 24.86790901078835], "maximum_diameter": {"diameter": 23.994520966548865, "atom_1": 125, "atom_2": 234}, "pore_diameter": {"diameter": 9.793594619445436, "atom": 116}, "pore_volume": 491.8412991625293, "pore_diameter_opt": {"diameter": 9.870570869507361, "atom_1": 55, "centre_of_mass": [17.359565682946936, 1.7828697469586963, 24.861227021484087]}, "pore_volume_opt": 503.530098291134, "windows": {"diameters": [3.828003389890575, 3.382853687476952, 2.9968947565858755, 3.929934688108687], "centre_of_mass": [[22.757638076560916, 2.4081548475330075, 27.205953162456677], [16.363775454405346, -3.3138731697569277, 22.033982476688816], [18.80598007293992, 7.0668268208237315, 21.92575335710944], [11.12640822785222, 1.1807349804606075, 27.01126055279989]]}}