{"no_of_atoms": 144, "centre_of_mass": [5.168512795684366, 18.592780131214642, 11.082914942217407], "maximum_diameter": {"diameter": 17.466631218159222, "atom_1": 13, "atom_2": 137}, "pore_diameter": {"diameter": 8.065164325556948, "atom": 45}, "pore_volume": 274.6871122212688, "pore_diameter_opt": {"diameter": 8.065240388258548, "atom_1": 45, "centre_of_mass": [5.168516547413095, 18.59277257999677, 11.08295202708338]}, "pore_volume_opt": 274.6948840310128, "windows": {"diameters": [6.776421001025477, 6.781748890965866], "centre_of_mass": [[2.441271166134148, 19.460480028740243, 12.637279998562132], [7.931640553014265, 17.713923597076853, 9.50742569086366]]}}