{"no_of_atoms": 98, "centre_of_mass": [2.03609198275459, 2.287229463468719, 18.814925723512395], "maximum_diameter": {"diameter": 16.068711027305596, "atom_1": 2, "atom_2": 95}, "pore_diameter": {"diameter": 2.2508210159725395, "atom": 45}, "pore_volume": 5.970648533363517, "pore_diameter_opt": {"diameter": 2.364911612281784, "atom_1": 43, "centre_of_mass": [2.0839389881566945, 2.305196234568573, 18.783115209503368]}, "pore_volume_opt": 6.925376096971969, "windows": {"diameters": [1.1808252414227631, 0.8452550925278364, 1.3907104146083302], "centre_of_mass": [[1.4245694909670779, 3.1310075893920493, 22.194225024566244], [3.518081586739709, 0.5283241488699517, 21.085193271541748], [3.7222872111460115, 3.5232217936218184, 20.240113256229208]]}}