{"no_of_atoms": 72, "centre_of_mass": [-1.3403479581344107, 5.658987065736321, 0.8536329856775624], "maximum_diameter": {"diameter": 15.02099848142659, "atom_1": 61, "atom_2": 65}, "pore_diameter": {"diameter": 3.5270342647456374, "atom": 42}, "pore_volume": 22.97352613093672, "pore_diameter_opt": {"diameter": 3.715689960137536, "atom_1": 42, "centre_of_mass": [-1.3536275737017596, 5.7170196623342635, 0.9655863844643093]}, "pore_volume_opt": 26.86068162547681, "windows": {"diameters": [3.6258820900519204, 3.6233984451686725], "centre_of_mass": [[-1.3971713829013872, 6.562443764809452, 0.7335051764216345], [-1.5011098381736936, 4.250463796443641, 0.9023775442220044]]}}