{"no_of_atoms": 72, "centre_of_mass": [9.522114173705468, 16.649289954094748, 13.08537688762395], "maximum_diameter": {"diameter": 15.057685312197997, "atom_1": 47, "atom_2": 70}, "pore_diameter": {"diameter": 3.5330440049299057, "atom": 22}, "pore_volume": 23.091160633119255, "pore_diameter_opt": {"diameter": 3.595782142344028, "atom_1": 22, "centre_of_mass": [9.539549173797559, 16.52476774845909, 13.072185743307909]}, "pore_volume_opt": 24.343259913676796, "windows": {"diameters": [3.6315938003087416, 3.3599803301023927], "centre_of_mass": [[9.472310379538884, 16.083626321370105, 13.025608320813324], [9.655606510924207, 17.50889360383881, 13.183064734109525]]}}