{"no_of_atoms": 72, "centre_of_mass": [5.419644030481086, 5.882878119720895, 7.613422311788466], "maximum_diameter": {"diameter": 15.177595662275388, "atom_1": 19, "atom_2": 61}, "pore_diameter": {"diameter": 3.557976838807357, "atom": 30}, "pore_volume": 23.583484446460858, "pore_diameter_opt": {"diameter": 3.663961830043574, "atom_1": 30, "centre_of_mass": [5.401544705827624, 5.864890155369127, 7.6626857923363545]}, "pore_volume_opt": 25.754400461048483, "windows": {"diameters": [3.5714513117441937, 3.4944061382847416], "centre_of_mass": [[5.636215066445236, 5.2760437666381605, 7.490542411758206], [5.625418445643425, 6.798357116430681, 7.7101634243608785]]}}