{"no_of_atoms": 123, "centre_of_mass": [5.168651043456884, 10.861593789871444, 7.012570041925156], "maximum_diameter": {"diameter": 20.559267123582487, "atom_1": 55, "atom_2": 86}, "pore_diameter": {"diameter": 3.4044702838301633, "atom": 12}, "pore_volume": 20.660806275241292, "pore_diameter_opt": {"diameter": 4.265584437315791, "atom_1": 16, "centre_of_mass": [5.682104019740188, 11.730472476926861, 7.0227403291286095]}, "pore_volume_opt": 40.63818022581171, "windows": {"diameters": [4.588657718092568, 4.496811648816242, 4.3209185251354985], "centre_of_mass": [[5.479919287923855, 14.448279496804368, 7.405211791578013], [5.342083932692272, 13.543391478516043, 8.275169422535239], [5.827793168676577, 11.898799163633633, 5.376157424966877]]}}