{"no_of_atoms": 123, "centre_of_mass": [3.689500405458171, 23.220152821577265, 6.834898716660939], "maximum_diameter": {"diameter": 20.559267123582487, "atom_1": 6, "atom_2": 115}, "pore_diameter": {"diameter": 3.4039022241680787, "atom": 43}, "pore_volume": 20.650465801012228, "pore_diameter_opt": {"diameter": 4.368826489670392, "atom_1": 46, "centre_of_mass": [3.1309462931864562, 24.075927795762656, 7.374466190596665]}, "pore_volume_opt": 43.6609330737348, "windows": {"diameters": [4.334148590401686, 4.487377773794131, 4.28477361646212], "centre_of_mass": [[2.838181754947997, 24.707798939410136, 9.582871572244859], [3.4135536729227924, 26.571583020964788, 6.218503236029433], [3.284681840446767, 24.80814851325335, 6.505177736674921]]}}