{"no_of_atoms": 174, "centre_of_mass": [-8.791509222877602, 15.227158950759954, 12.086229228301468], "maximum_diameter": {"diameter": 19.284237252797915, "atom_1": 149, "atom_2": 171}, "pore_diameter": {"diameter": 4.52280376619416, "atom": 15}, "pore_volume": 48.44197684336827, "pore_diameter_opt": {"diameter": 4.523382171309423, "atom_1": 112, "centre_of_mass": [-8.791808672038847, 15.227370829454124, 12.086180836818777]}, "pore_volume_opt": 48.460564431109, "windows": {"diameters": [2.905085793514609, 2.9140409186250182, 2.9129018692382185], "centre_of_mass": [[-10.1157919853744, 17.263790068403573, 10.739944535847714], [-6.48180931384643, 15.374868700921297, 10.72947819238138], [-9.837266019350905, 13.132613523222304, 10.732567811411577]]}}