{"no_of_atoms": 147, "centre_of_mass": [13.566456549722592, 1.121667760952328, 20.951092019556167], "maximum_diameter": {"diameter": 17.81444454756569, "atom_1": 81, "atom_2": 93}, "pore_diameter": {"diameter": 4.914633147036456, "atom": 18}, "pore_volume": 62.15440862454696, "pore_diameter_opt": {"diameter": 5.984735581494938, "atom_1": 30, "centre_of_mass": [13.50746485916486, 0.0007116001009024984, 21.103506172202913]}, "pore_volume_opt": 112.23634713287932, "windows": {"diameters": [6.182408468100249, 4.989079230097335], "centre_of_mass": [[13.723444754166282, -0.2726504854828674, 20.894521815875514], [13.11361759980412, 4.464476472301809, 21.337193664475873]]}}