{"no_of_atoms": 126, "centre_of_mass": [-1.186640270683933, 5.556047818535139, 10.633545610414622], "maximum_diameter": {"diameter": 15.87969565355377, "atom_1": 13, "atom_2": 114}, "pore_diameter": {"diameter": 6.616086809900569, "atom": 58}, "pore_volume": 151.63596074297863, "pore_diameter_opt": {"diameter": 6.686345424289513, "atom_1": 103, "centre_of_mass": [-1.1865660956622186, 5.513593437633711, 10.633625830297335]}, "pore_volume_opt": 156.5182737072917, "windows": {"diameters": [5.115727271068535, 5.116248223777004], "centre_of_mass": [[-1.2374219821654038, 5.480663494070429, 13.85660964514475], [-1.1366067013431453, 5.480557738765475, 7.403983507533193]]}}