{"no_of_atoms": 144, "centre_of_mass": [5.49909477248104, 6.657147821114726, 17.530973093475385], "maximum_diameter": {"diameter": 17.719384222034027, "atom_1": 61, "atom_2": 100}, "pore_diameter": {"diameter": 7.082369362290507, "atom": 141}, "pore_volume": 186.0091635423365, "pore_diameter_opt": {"diameter": 7.606364165652989, "atom_1": 21, "centre_of_mass": [5.549662517914724, 7.045941241399943, 17.14871303030338]}, "pore_volume_opt": 230.42519540606668, "windows": {"diameters": [5.6681905007326305, 6.611650872843248], "centre_of_mass": [[6.038209803671762, 4.340830230155263, 19.166288838358657], [5.835082124309405, 8.886747331094755, 15.524774325356061]]}}