{"no_of_atoms": 168, "centre_of_mass": [-1.7208509245240475, 15.333738183952716, 18.36077700376181], "maximum_diameter": {"diameter": 22.59787768109115, "atom_1": 106, "atom_2": 129}, "pore_diameter": {"diameter": 5.091668190163833, "atom": 30}, "pore_volume": 69.11604914014723, "pore_diameter_opt": {"diameter": 5.262513206364385, "atom_1": 28, "centre_of_mass": [-1.6617276384388904, 15.389307387618699, 18.48035419555658]}, "pore_volume_opt": 76.30943156164925, "windows": {"diameters": [3.6323948301754805, 3.67555554044416, 3.610763269407362, 3.5982902590262937], "centre_of_mass": [[-2.991805451652299, 14.352364967707967, 20.630457691779448], [-0.8352604932058535, 18.049370434708557, 19.134525112788772], [0.705743082369138, 13.725163882014256, 17.81920752723253], [-3.420309657963355, 15.466103100305606, 16.252154377409642]]}}