{"no_of_atoms": 168, "centre_of_mass": [17.303276516981818, 15.33373818395274, 3.799531262191871], "maximum_diameter": {"diameter": 22.598236995392135, "atom_1": 10, "atom_2": 166}, "pore_diameter": {"diameter": 5.092100071122601, "atom": 22}, "pore_volume": 69.13363813245451, "pore_diameter_opt": {"diameter": 5.269808629391584, "atom_1": 37, "centre_of_mass": [17.248986949959914, 15.387672601914273, 3.681757464257062]}, "pore_volume_opt": 76.6272350628921, "windows": {"diameters": [3.600395935529369, 3.594543147316337, 3.660010353660939, 3.6305589785708556], "centre_of_mass": [[19.042133249729215, 15.466216340439049, 5.959855007156248], [14.974509347797003, 13.79734690839947, 4.309621020127409], [16.465699126415405, 17.913635909558582, 3.058520379721145], [18.564310648592095, 14.360269786331832, 1.5467245001376106]]}}