{"no_of_atoms": 168, "centre_of_mass": [4.922801915443456, 9.79312202160444, 13.329411681645894], "maximum_diameter": {"diameter": 22.458530272186888, "atom_1": 96, "atom_2": 104}, "pore_diameter": {"diameter": 4.7237786580260614, "atom": 134}, "pore_volume": 55.190870162557246, "pore_diameter_opt": {"diameter": 5.066409531342746, "atom_1": 134, "centre_of_mass": [5.01291011617351, 9.758602745340967, 13.119579458033941]}, "pore_volume_opt": 68.09253433222344, "windows": {"diameters": [3.462535376803815, 3.3622376392147406, 3.432722505831061, 3.7344617175192734], "centre_of_mass": [[2.632633781657558, 8.43932382819675, 14.127284854014077], [5.0871138257288155, 12.299108239468408, 14.228606811329543], [7.1978429074269945, 8.282629985475186, 14.05521304903645], [5.022214426493014, 9.776934660017776, 10.329468192106262]]}}