{"no_of_atoms": 169, "centre_of_mass": [-1.8656740011228756, 6.823553109544805, 18.570599027674973], "maximum_diameter": {"diameter": 22.575941238393487, "atom_1": 111, "atom_2": 134}, "pore_diameter": {"diameter": 5.193708335567013, "atom": 31}, "pore_volume": 73.35526559689964, "pore_diameter_opt": {"diameter": 5.289734368020387, "atom_1": 37, "centre_of_mass": [-1.7748482982553895, 6.845862269802501, 18.718971972932486]}, "pore_volume_opt": 77.49973434099243, "windows": {"diameters": [3.6657962324685047, 3.706101367813884, 3.665260318773527, 3.6003755800729995], "centre_of_mass": [[-3.106031326269555, 5.815162840778408, 20.791249627195516], [-0.9538652552924017, 9.524338216693758, 19.344489466065905], [0.5427361704614266, 5.250850429575774, 18.063564393453376], [-3.6137373505965327, 6.908013660956971, 16.43911757903993]]}}