{"no_of_atoms": 168, "centre_of_mass": [4.111977868512137, 7.139935331636762, 26.687548482033872], "maximum_diameter": {"diameter": 22.466378015801638, "atom_1": 102, "atom_2": 109}, "pore_diameter": {"diameter": 5.033373890251397, "atom": 118}, "pore_volume": 66.76920391338103, "pore_diameter_opt": {"diameter": 5.133040616892629, "atom_1": 135, "centre_of_mass": [4.137462017672496, 7.127335895050289, 26.62639640660063]}, "pore_volume_opt": 70.81458667402667, "windows": {"diameters": [3.439130576914064, 3.459407853151363, 3.4713221913217924, 3.622305094430424], "centre_of_mass": [[4.27066440110467, 9.744796637086642, 27.702821277668924], [1.8294281475249514, 5.865312046210022, 27.507705668763652], [6.287945600928609, 5.6420529093467, 27.45987707302299], [4.129158647363221, 7.155974227063801, 24.084173056988476]]}}