{"no_of_atoms": 96, "centre_of_mass": [23.44963897630731, 14.228895172239898, 12.918645694730007], "maximum_diameter": {"diameter": 21.380265258584316, "atom_1": 30, "atom_2": 94}, "pore_diameter": {"diameter": 4.090576521917853, "atom": 22}, "pore_volume": 35.83869493129986, "pore_diameter_opt": {"diameter": 4.272537073833188, "atom_1": 22, "centre_of_mass": [23.49930728469474, 14.198819153602386, 12.84860354414769]}, "pore_volume_opt": 40.83721738720092, "windows": {"diameters": [3.914859972673369, 4.514177360839467], "centre_of_mass": [[24.71726231476679, 15.097803018220944, 13.907590166871676], [23.28098417614554, 14.888103330462556, 12.366288005705234]]}}