{"no_of_atoms": 636, "centre_of_mass": [12.339972888323421, 7.124396902519684, 59.31196496538786], "maximum_diameter": {"diameter": 34.50247714826327, "atom_1": 383, "atom_2": 411}, "pore_diameter": {"diameter": 5.659245580624681, "atom": 220}, "pore_volume": 94.90175491388995, "pore_diameter_opt": {"diameter": 5.661502367896501, "atom_1": 180, "centre_of_mass": [12.339759109719067, 7.124258933807721, 59.313596794363804]}, "pore_volume_opt": 95.01533462440891, "windows": {"diameters": [1.048240198985785, 1.3923626458901022, 1.3922007077793785, 1.40556584090184], "centre_of_mass": [[12.340429928707595, 7.124682147934321, 64.03087452956898], [16.834917280007136, 6.982670626530512, 57.871410733291185], [9.969633797782539, 3.302739919449876, 57.87149003642304], [10.176326333718126, 11.175009033800954, 57.844172755751536]]}}