{"no_of_atoms": 108, "centre_of_mass": [2.861720910075839, 10.145442787207577, 11.67885640022471], "maximum_diameter": {"diameter": 14.48061909011087, "atom_1": 41, "atom_2": 77}, "pore_diameter": {"diameter": 5.42238505716959, "atom": 24}, "pore_volume": 83.47754845666124, "pore_diameter_opt": {"diameter": 5.422662111818475, "atom_1": 24, "centre_of_mass": [2.861776059162485, 10.145569491604581, 11.678866116111982]}, "pore_volume_opt": 83.49034486877243, "windows": {"diameters": [3.980033785925997, 3.9711546740578623], "centre_of_mass": [[0.968417695086941, 12.4054737655287, 13.129462024194527], [4.689645112041649, 7.965367380495703, 10.280118334757688]]}}