{"no_of_atoms": 181, "centre_of_mass": [13.164795294154192, 15.856114229769613, 16.39227771746573], "maximum_diameter": {"diameter": 19.752879246156553, "atom_1": 3, "atom_2": 161}, "pore_diameter": {"diameter": 4.047875229538922, "atom": 160}, "pore_volume": 34.7280161460015, "pore_diameter_opt": {"diameter": 4.961368041734856, "atom_1": 45, "centre_of_mass": [13.291676771685905, 15.618665515383986, 16.885679445879465]}, "pore_volume_opt": 63.944464811651535, "windows": {"diameters": [3.2893136826135767, 1.673174692108938, 1.1357104037990178, 1.9120845960480293, 1.8435113738426554], "centre_of_mass": [[9.822379040263495, 18.653281141793922, 16.481395920632732], [15.906656597368196, 11.810464135190907, 17.870116169319672], [14.349573344344655, 19.780411170813373, 18.044361777597064], [13.971843480916752, 13.039659126770564, 15.092183844675471], [12.161254293318274, 16.396028754674877, 13.369011967539315]]}}