{"no_of_atoms": 109, "centre_of_mass": [0.2203804833637424, 7.0992031743661945, 7.872356050975458], "maximum_diameter": {"diameter": 19.84146746451155, "atom_1": 54, "atom_2": 108}, "pore_diameter": {"diameter": 5.689085736342276, "atom": 37}, "pore_volume": 96.41088259431295, "pore_diameter_opt": {"diameter": 5.891450939688859, "atom_1": 37, "centre_of_mass": [0.25946131634093966, 7.115736717690506, 7.965009037047123]}, "pore_volume_opt": 107.06941228893483, "windows": {"diameters": [4.766185411294177, 4.729978273025517], "centre_of_mass": [[-3.18392245465225, 4.887989482997152, 8.8035302804136], [3.1075396686058663, 9.239711974494224, 6.969549456711845]]}}