{"no_of_atoms": 113, "centre_of_mass": [13.267426253608548, 11.426771634819268, 6.090184913871186], "maximum_diameter": {"diameter": 16.782774599771127, "atom_1": 28, "atom_2": 50}, "pore_diameter": {"diameter": 2.8100236513813788, "atom": 53}, "pore_volume": 11.61792445497675, "pore_diameter_opt": {"diameter": 4.403108058194816, "atom_1": 55, "centre_of_mass": [13.426256730737425, 11.473759786997709, 5.264470296443927]}, "pore_volume_opt": 44.69682284861523, "windows": {"diameters": [3.022014493188366, 2.841820159995778, 3.005894316171173], "centre_of_mass": [[16.721137061809323, 12.047125924209837, 9.372411559146606], [11.669171953359982, 13.086838106836748, 5.691841923580967], [12.955416597522396, 9.455521147365939, 5.224394701696903]]}}