{"no_of_atoms": 168, "centre_of_mass": [1.9174454600607764, 22.479687226857372, 17.690181174320937], "maximum_diameter": {"diameter": 22.50978723449904, "atom_1": 3, "atom_2": 164}, "pore_diameter": {"diameter": 5.496829612264831, "atom": 134}, "pore_volume": 86.96318710036441, "pore_diameter_opt": {"diameter": 5.6192156888407325, "atom_1": 130, "centre_of_mass": [1.9286470789231318, 22.631360511528346, 17.788497586904256]}, "pore_volume_opt": 92.90214247187077, "windows": {"diameters": [3.9815844500859368, 4.071277939540982, 3.9672831131376136, 3.836690521313281], "centre_of_mass": [[3.7555982474233547, 21.760924937437434, 19.67354555188421], [-0.5487263263466948, 22.929786329685623, 19.04130515646714], [2.7368504782884844, 24.899571478028733, 16.679820817217337], [1.7895175283313747, 20.48332134748917, 15.575671396838699]]}}