{"no_of_atoms": 168, "centre_of_mass": [6.220000000000001, 6.2200000000000015, 6.220000000000001], "maximum_diameter": {"diameter": 22.28448407694164, "atom_1": 40, "atom_2": 164}, "pore_diameter": {"diameter": 5.817889129296352, "atom": 0}, "pore_volume": 103.10861289861575, "pore_diameter_opt": {"diameter": 5.817889129296352, "atom_1": 0, "centre_of_mass": [6.220000000000001, 6.2200000000000015, 6.220000000000001]}, "pore_volume_opt": 103.10861289861575, "windows": {"diameters": [4.03624412251733, 4.034999243983707, 4.044110098309037, 4.047275535957679], "centre_of_mass": [[4.571944287359524, 7.8681269106474145, 7.868039767386668], [7.855196910938257, 4.584823810768839, 7.8552178608510514], [7.920081077843727, 7.920124476763364, 4.519929193046114], [4.504459639896563, 4.5044046057490945, 4.504459919862189]]}}