{"no_of_atoms": 168, "centre_of_mass": [18.66, 18.659999999999993, 6.220000000000002], "maximum_diameter": {"diameter": 22.284484076941645, "atom_1": 9, "atom_2": 164}, "pore_diameter": {"diameter": 5.81788912929632, "atom": 29}, "pore_volume": 103.10861289861404, "pore_diameter_opt": {"diameter": 5.81788912929632, "atom_1": 29, "centre_of_mass": [18.66, 18.659999999999993, 6.220000000000002]}, "pore_volume_opt": 103.10861289861404, "windows": {"diameters": [4.036244122517337, 4.034999243983746, 4.044110098309041, 4.047275536869087], "centre_of_mass": [[17.011944287359523, 20.308126910647406, 7.86803976738667], [20.295197065970704, 17.024823662397864, 7.8552180187782055], [20.360081077843727, 20.360124476763357, 4.519929193046115], [16.944459621167578, 16.944404586918274, 4.504459896187397]]}}