{"no_of_atoms": 168, "centre_of_mass": [18.692304586469657, 18.692304586469657, 18.692304586469657], "maximum_diameter": {"diameter": 22.343414641374615, "atom_1": 84, "atom_2": 116}, "pore_diameter": {"diameter": 5.6667797532939215, "atom": 35}, "pore_volume": 95.28128881669855, "pore_diameter_opt": {"diameter": 5.6667797532939215, "atom_1": 35, "centre_of_mass": [18.692304586469657, 18.692304586469657, 18.692304586469657]}, "pore_volume_opt": 95.28128881669855, "windows": {"diameters": [4.054003005928207, 4.052739385165237, 4.061775519629839, 4.065925975359731], "centre_of_mass": [[17.06203775563922, 20.322733043356205, 20.323037289464665], [20.31049182823314, 17.074456861792193, 20.310234103582307], [20.37486725016715, 20.375171482329872, 17.009797059886925], [16.992210412281068, 16.99220189959833, 16.992210439142035]]}}