{"no_of_atoms": 97, "centre_of_mass": [18.844437407936688, 9.817917202099592, 8.191429313235131], "maximum_diameter": {"diameter": 18.60855030122865, "atom_1": 30, "atom_2": 74}, "pore_diameter": {"diameter": 3.226721858246936, "atom": 23}, "pore_volume": 17.590703786108147, "pore_diameter_opt": {"diameter": 3.799234494697042, "atom_1": 9, "centre_of_mass": [18.81031039732495, 10.07862983713182, 7.6306405023166395]}, "pore_volume_opt": 28.713552092098173, "windows": {"diameters": [3.687451619690966, 1.9835215754155104, 3.8904864649502726], "centre_of_mass": [[19.71347062898714, 10.37761835526603, 6.988296906538315], [17.252494324531703, 7.979751695391759, 9.299974597044821], [16.76199172211732, 9.817462553696215, 7.737141062730432]]}}