{"no_of_atoms": 144, "centre_of_mass": [11.547092774918745, 18.193305493860603, 6.146595412754304], "maximum_diameter": {"diameter": 17.745924868121396, "atom_1": 13, "atom_2": 137}, "pore_diameter": {"diameter": 7.619050419227877, "atom": 81}, "pore_volume": 231.58006149357698, "pore_diameter_opt": {"diameter": 7.769054611743821, "atom_1": 40, "centre_of_mass": [11.483806394512847, 18.216849000132385, 6.179607359064516]}, "pore_volume_opt": 245.5291979579327, "windows": {"diameters": [6.162483585578413, 6.806213767351335], "centre_of_mass": [[13.064282699882023, 16.021373739095118, 7.78010716231654], [10.095792465572561, 20.66724241627286, 4.5029787405596595]]}}