{"no_of_atoms": 94, "centre_of_mass": [-0.6383990178188063, 15.4657629898979, 3.7936226205810777], "maximum_diameter": {"diameter": 16.673645090176592, "atom_1": 71, "atom_2": 90}, "pore_diameter": {"diameter": 3.5896637491871677, "atom": 51}, "pore_volume": 24.219207614482553, "pore_diameter_opt": {"diameter": 3.980811058860547, "atom_1": 13, "centre_of_mass": [-0.620941272354054, 14.328899377446104, 3.8650902233242745]}, "pore_volume_opt": 33.030360812587745, "windows": {"diameters": [4.0184822449375766, 3.8923938324513387, 3.9721471706332303], "centre_of_mass": [[0.008807133316753202, 14.077156647792593, 4.178150792422294], [0.7823983993746665, 16.493749422719418, 4.337262466444907], [-1.8695478463195663, 13.406248340482675, 3.3962554244133423]]}}