{"no_of_atoms": 102, "centre_of_mass": [-0.5863775618135102, 0.09398022144439729, 19.134088259557817], "maximum_diameter": {"diameter": 16.669203877370215, "atom_1": 13, "atom_2": 91}, "pore_diameter": {"diameter": 3.458569765483212, "atom": 32}, "pore_volume": 21.661485886947062, "pore_diameter_opt": {"diameter": 3.625790769714883, "atom_1": 32, "centre_of_mass": [-0.5117930081853659, 0.12166037869791015, 19.162044083606105]}, "pore_volume_opt": 24.957830989864306, "windows": {"diameters": [3.8581916995719427, 3.679565809656712, 3.905212257897643], "centre_of_mass": [[-0.6859316936644844, 1.5154420464303087, 19.415027395567673], [-0.24821365251464966, -0.9996472944370315, 18.11277785980478], [-0.8193841042590185, 1.7275538958954912, 19.99673792214289]]}}