{"no_of_atoms": 151, "centre_of_mass": [5.823487547768216, 5.045439021325638, 10.619806213984278], "maximum_diameter": {"diameter": 17.61028829502011, "atom_1": 58, "atom_2": 117}, "pore_diameter": {"diameter": 5.766251824118918, "atom": 80}, "pore_volume": 100.38745340098305, "pore_diameter_opt": {"diameter": 6.627166106609403, "atom_1": 80, "centre_of_mass": [5.9308740889461955, 4.997434452060226, 9.777866579542463]}, "pore_volume_opt": 152.39902572995112, "windows": {"diameters": [5.863191430958402, 6.549273836381147], "centre_of_mass": [[5.644292845397108, 4.658020819670174, 11.721418063957824], [6.042287124581546, 5.178501859782533, 8.94718481633728]]}}