{"no_of_atoms": 89, "centre_of_mass": [15.82157021042498, 14.106449714438764, 20.486743615950903], "maximum_diameter": {"diameter": 14.683500229935618, "atom_1": 57, "atom_2": 66}, "pore_diameter": {"diameter": 4.730083060287912, "atom": 5}, "pore_volume": 55.41214007165039, "pore_diameter_opt": {"diameter": 4.850003831820947, "atom_1": 23, "centre_of_mass": [15.828171194429185, 14.135480696047217, 20.588408770621907]}, "pore_volume_opt": 59.73444974748418, "windows": {"diameters": [4.756286368576831, 4.588436241566548], "centre_of_mass": [[16.98136722086921, 17.4485622408072, 21.093219907715206], [14.669114446137186, 11.085305517495891, 21.20383007464385]]}}