{"no_of_atoms": 144, "centre_of_mass": [14.57561249531893, 2.9470854512545235, 3.3613395830732697], "maximum_diameter": {"diameter": 19.998957825866245, "atom_1": 61, "atom_2": 105}, "pore_diameter": {"diameter": 5.9714563344392, "atom": 119}, "pore_volume": 111.49089584354658, "pore_diameter_opt": {"diameter": 5.971671408732563, "atom_1": 20, "centre_of_mass": [14.575495839151872, 2.94699320443101, 3.3614913616815256]}, "pore_volume_opt": 111.50294299986194, "windows": {"diameters": [4.24256637798786, 4.246504555032116, 4.24518004171766, 4.24785538800994], "centre_of_mass": [[16.199950968282618, 1.2802253147532319, 4.987911102048055], [12.904883051640727, 4.659434487676143, 5.032328429435285], [12.913063833885467, 1.2429347633924623, 1.6979291027686658], [16.256540390646222, 4.66900800634505, 1.6800235070351488]]}}