{"no_of_atoms": 144, "centre_of_mass": [20.40594582865228, 20.629914548745468, 10.084147927849209], "maximum_diameter": {"diameter": 19.998101470134245, "atom_1": 61, "atom_2": 87}, "pore_diameter": {"diameter": 5.970781989933851, "atom": 114}, "pore_volume": 111.45312878364227, "pore_diameter_opt": {"diameter": 5.971450894083878, "atom_1": 33, "centre_of_mass": [20.405645244501144, 20.62976282731586, 10.084214663935205]}, "pore_volume_opt": 111.49059111911993, "windows": {"diameters": [4.248429570241907, 4.248893522385629, 4.242601387753934, 4.243929629660791], "centre_of_mass": [[18.719262653341822, 18.902141663781507, 11.770700436399542], [22.095347740934827, 22.36032220234475, 11.773125719106961], [22.044644410268567, 18.949772390241716, 8.44394222036402], [18.752749354399743, 22.324566046291594, 8.429905893427302]]}}