{"no_of_atoms": 108, "centre_of_mass": [7.034154595987871, 18.31148508819716, 21.45764972584981], "maximum_diameter": {"diameter": 17.54962423093031, "atom_1": 8, "atom_2": 107}, "pore_diameter": {"diameter": 5.637042916710394, "atom": 35}, "pore_volume": 93.78915997347168, "pore_diameter_opt": {"diameter": 5.722561383969749, "atom_1": 72, "centre_of_mass": [6.991748708898672, 18.34286052209843, 21.514442930352306]}, "pore_volume_opt": 98.1228156837867, "windows": {"diameters": [4.12511370254866, 4.0912371658131566, 3.969651676190335, 4.040198496151694], "centre_of_mass": [[8.331677012307203, 20.43432818963759, 22.740249851750914], [4.2232329263388575, 18.24778952532022, 22.483970175373987], [8.297536787407081, 15.911202350627232, 21.99970058393765], [7.064314783015594, 18.851035314461445, 18.635957639089114]]}}