{"no_of_atoms": 216, "centre_of_mass": [3.231354916299942, 3.231354916299938, 3.2313549162999387], "maximum_diameter": {"diameter": 19.839922451698367, "atom_1": 28, "atom_2": 209}, "pore_diameter": {"diameter": 5.769055704291157, "atom": 108}, "pore_volume": 100.53396691953498, "pore_diameter_opt": {"diameter": 5.769055704291157, "atom_1": 108, "centre_of_mass": [3.231354916299942, 3.231354916299938, 3.2313549162999387]}, "pore_volume_opt": 100.53396691953498, "windows": {"diameters": [3.9776862120143393, 3.970000744840616, 3.972933079646206, 3.9795872427787944], "centre_of_mass": [[1.552971311131904, 4.9101102792365126, 4.910045501193916], [4.841250442979912, 1.62174948464725, 4.84130283448775], [1.5874015596057365, 1.5873943087223394, 1.5874045757116237], [4.920980137761357, 4.920871660232358, 1.5420918931609053]]}}