{"no_of_atoms": 108, "centre_of_mass": [-1.0297506305202044, 18.363145201236822, 9.748488823398858], "maximum_diameter": {"diameter": 17.610540042396444, "atom_1": 53, "atom_2": 62}, "pore_diameter": {"diameter": 5.645052616379111, "atom": 27}, "pore_volume": 94.1895246343757, "pore_diameter_opt": {"diameter": 5.741442621449682, "atom_1": 82, "centre_of_mass": [-1.0045982507709437, 18.378249510413493, 9.806270947424668]}, "pore_volume_opt": 99.09727428042007, "windows": {"diameters": [4.156574790294492, 4.117165314771775, 4.027860732842436, 4.040835520109702], "centre_of_mass": [[0.3441034036056281, 20.489930182119643, 11.161552566391117], [-3.652925584397884, 18.22020539999869, 10.707948498882969], [0.30200041889160123, 15.910545765187855, 10.255732420785993], [-0.9898430880097345, 19.015526538305302, 6.974694281239683]]}}