{"no_of_atoms": 144, "centre_of_mass": [8.745387504681066, 20.629914548745468, 23.52966041692672], "maximum_diameter": {"diameter": 19.99895782586624, "atom_1": 2, "atom_2": 138}, "pore_diameter": {"diameter": 5.971456334439212, "atom": 98}, "pore_volume": 111.49089584354728, "pore_diameter_opt": {"diameter": 5.97166702961527, "atom_1": 32, "centre_of_mass": [8.74550719178294, 20.630008101767814, 23.52950974583323]}, "pore_volume_opt": 111.50269769963975, "windows": {"diameters": [4.248755180335028, 4.248857341741568, 4.243170855744067, 4.244757981958216], "centre_of_mass": [[7.058435337691592, 18.90209522362873, 25.216815427128914], [10.434959550749491, 22.36063058708572, 25.219162022195494], [10.383487623625077, 18.94955028521501, 21.890001111810985], [7.09244714156907, 22.324936768293966, 21.875540897873964]]}}