{"no_of_atoms": 216, "centre_of_mass": [22.6190015840144, 9.693938265041973, 9.69393826504197], "maximum_diameter": {"diameter": 19.840915151826085, "atom_1": 23, "atom_2": 215}, "pore_diameter": {"diameter": 5.768360157493031, "atom": 177}, "pore_volume": 100.49760863904433, "pore_diameter_opt": {"diameter": 5.769313770663956, "atom_1": 32, "centre_of_mass": [22.618667597790783, 9.693649802365027, 9.694123412363354]}, "pore_volume_opt": 100.54745903926938, "windows": {"diameters": [3.979324949318612, 3.979023888637997, 3.974573283286144, 3.9733562758560805], "centre_of_mass": [[20.93764093707378, 8.012725032596558, 11.375075483298575], [24.300233533728477, 11.37492219854978, 11.375549272879454], [24.26603791476324, 8.046956625066622, 8.046604149132392], [20.981124867148516, 11.332192975567745, 8.055755705516601]]}}