{"no_of_atoms": 227, "centre_of_mass": [6.119058115842009, 4.0344753669764195, 33.840165236670444], "maximum_diameter": {"diameter": 21.04833345981799, "atom_1": 114, "atom_2": 146}, "pore_diameter": {"diameter": 0.8920185701326915, "atom": 199}, "pore_volume": 0.37163816691887486, "pore_diameter_opt": {"diameter": 2.323532665350988, "atom_1": 199, "centre_of_mass": [6.5650674009083545, 4.480484652042765, 33.3941559516041]}, "pore_volume_opt": 6.568178841546428, "windows": {"diameters": [4.701660571346244, 4.11476331445261], "centre_of_mass": [[7.650238046262874, 4.654953479959468, 32.58466325700925], [6.307709680602835, 5.820042286640508, 33.386773672104404]]}}