{"no_of_atoms": 150, "centre_of_mass": [7.309835931924811, 12.003622966014412, 35.185908125539626], "maximum_diameter": {"diameter": 19.447280690436838, "atom_1": 100, "atom_2": 103}, "pore_diameter": {"diameter": 4.332083477143472, "atom": 81}, "pore_volume": 42.56857108942151, "pore_diameter_opt": {"diameter": 4.761771263433003, "atom_1": 29, "centre_of_mass": [7.33858871060751, 11.992852109504364, 34.84878966874453]}, "pore_volume_opt": 56.53328366935957, "windows": {"diameters": [4.650830279159214, 4.208330673436981], "centre_of_mass": [[4.5197879831252, 17.783070128369975, 34.099319525403516], [8.085043697733973, 7.846567568253124, 33.97987479325567]]}}