{"no_of_atoms": 120, "centre_of_mass": [3.382455658814644, 5.957766120191956, 15.153219006845143], "maximum_diameter": {"diameter": 17.540366225809002, "atom_1": 45, "atom_2": 111}, "pore_diameter": {"diameter": 4.270579235070446, "atom": 102}, "pore_volume": 40.781103616375475, "pore_diameter_opt": {"diameter": 4.638010209681118, "atom_1": 33, "centre_of_mass": [3.5208414142421334, 5.729953390850416, 15.223558395005867]}, "pore_volume_opt": 52.23886390098041, "windows": {"diameters": [3.386847789465532, 2.597589003812996], "centre_of_mass": [[4.549311372879858, 2.7336981732968253, 14.687183348536136], [2.7819575364765443, 10.15150769732049, 15.93665315521229]]}}