{"no_of_atoms": 190, "centre_of_mass": [6.130403528138711, 10.454290353677012, 4.106919978158101], "maximum_diameter": {"diameter": 20.797122313129325, "atom_1": 84, "atom_2": 175}, "pore_diameter": {"diameter": 4.06155585749177, "atom": 109}, "pore_volume": 35.08131896704042, "pore_diameter_opt": {"diameter": 4.910758791924001, "atom_1": 109, "centre_of_mass": [6.352253262310544, 10.254083362836026, 3.739776596622163]}, "pore_volume_opt": 62.00752982992421, "windows": {"diameters": [4.069024229871063, 4.8696849646124125], "centre_of_mass": [[5.184448638837761, 6.348783500788098, 5.0069540314385454], [8.250311949218718, 15.002090251598702, 0.2418066205064049]]}}