{"no_of_atoms": 120, "centre_of_mass": [12.77312971182189, 22.167091169520845, 4.784976132128331], "maximum_diameter": {"diameter": 17.541569184499995, "atom_1": 51, "atom_2": 103}, "pore_diameter": {"diameter": 4.271139420042168, "atom": 117}, "pore_volume": 40.79715386873689, "pore_diameter_opt": {"diameter": 4.63841273745836, "atom_1": 117, "centre_of_mass": [12.635122872297398, 22.392082917001222, 4.712550875725568]}, "pore_volume_opt": 52.25246634114465, "windows": {"diameters": [3.4288742023377075, 2.576179569867547], "centre_of_mass": [[11.418556766053632, 25.826604176832227, 5.310757608629162], [12.696625534905188, 19.36676304236155, 3.8573431177716726]]}}