{"no_of_atoms": 150, "centre_of_mass": [12.23261178520529, 5.490064391598793, 13.145530986486902], "maximum_diameter": {"diameter": 17.765290381157886, "atom_1": 73, "atom_2": 97}, "pore_diameter": {"diameter": 4.613339537922199, "atom": 9}, "pore_volume": 51.40967765473035, "pore_diameter_opt": {"diameter": 4.670832385663511, "atom_1": 68, "centre_of_mass": [12.242637190229388, 5.4736559187603095, 13.166899495805275]}, "pore_volume_opt": 53.35577968606821, "windows": {"diameters": [4.020313458832861, 4.136624243557739], "centre_of_mass": [[10.409823776349068, 8.053318629522968, 17.07257089323426], [14.035572408234884, 2.3033567119304883, 10.173120327272825]]}}