{"no_of_atoms": 150, "centre_of_mass": [2.0429525762256966, 5.781093782313346, 25.201757539348154], "maximum_diameter": {"diameter": 19.447833022335164, "atom_1": 122, "atom_2": 127}, "pore_diameter": {"diameter": 4.331651918762445, "atom": 9}, "pore_volume": 42.55585042485381, "pore_diameter_opt": {"diameter": 4.954529429977368, "atom_1": 9, "centre_of_mass": [1.8658469082792368, 5.314395922160485, 25.647376882243925]}, "pore_volume_opt": 63.680411293415496, "windows": {"diameters": [4.421377724693025, 4.125800956658278], "centre_of_mass": [[0.9614742524711732, 0.8071599862283483, 26.651816357102955], [4.098410597836754, 10.514947345288302, 25.53643596042764]]}}