{"no_of_atoms": 275, "centre_of_mass": [6.629251575664272, 18.600748887421844, 7.352502758991699], "maximum_diameter": {"diameter": 23.27190608805733, "atom_1": 16, "atom_2": 256}, "pore_diameter": {"diameter": 5.190267718178287, "atom": 48}, "pore_volume": 73.20957764519613, "pore_diameter_opt": {"diameter": 5.6293824138413076, "atom_1": 43, "centre_of_mass": [6.2090103520601145, 18.8669960299491, 7.23555923509913]}, "pore_volume_opt": 93.40731285501637, "windows": {"diameters": [4.366766240714311, 3.9666298937189723], "centre_of_mass": [[7.683227662396588, 20.205206857295188, 10.66834528176458], [3.439711461089042, 16.557075446360678, 3.734453143002513]]}}