{"no_of_atoms": 144, "centre_of_mass": [7.165679158390513, 4.3941409150415325, 21.94213611412063], "maximum_diameter": {"diameter": 17.52569623705617, "atom_1": 4, "atom_2": 142}, "pore_diameter": {"diameter": 7.9487099413326305, "atom": 59}, "pore_volume": 262.9593213458964, "pore_diameter_opt": {"diameter": 8.031795347164438, "atom_1": 40, "centre_of_mass": [7.1804244664831, 4.473447576015492, 21.89512087706781]}, "pore_volume_opt": 271.2917107650231, "windows": {"diameters": [6.461203492319551, 6.64185262572624], "centre_of_mass": [[6.561929409968328, 1.932174272342686, 23.742409675572766], [7.86845738018278, 6.954399074779248, 20.10401475160019]]}}