{"no_of_atoms": 144, "centre_of_mass": [-7.388356996358493, 20.990694180359938, 4.293138371253159], "maximum_diameter": {"diameter": 17.5260553889265, "atom_1": 70, "atom_2": 85}, "pore_diameter": {"diameter": 7.948132330577719, "atom": 117}, "pore_volume": 262.90199993290804, "pore_diameter_opt": {"diameter": 8.0286782644639, "atom_1": 86, "centre_of_mass": [-7.4636200091474985, 20.96637798094995, 4.2488902346569395]}, "pore_volume_opt": 270.9759741763876, "windows": {"diameters": [6.475385705402352, 6.634299855319967], "centre_of_mass": [[-4.628591863252639, 21.523883794081442, 6.013742927053567], [-9.829654177356128, 20.351550576769814, 2.546117921717676]]}}