{"no_of_atoms": 157, "centre_of_mass": [4.988864101947471, 15.1001418919458, 26.790596419164512], "maximum_diameter": {"diameter": 15.862907220324187, "atom_1": 34, "atom_2": 87}, "pore_diameter": {"diameter": 4.463306678852119, "atom": 70}, "pore_volume": 46.5552655830145, "pore_diameter_opt": {"diameter": 4.6115796878896, "atom_1": 80, "centre_of_mass": [4.941523294693284, 15.091526679614615, 27.065203908770858]}, "pore_volume_opt": 51.3508663660565, "windows": {"diameters": [2.6316298971834704, 2.6508374034955637, 3.2261405761469573, 3.121601073763839], "centre_of_mass": [[5.5561948532973435, 12.804399722965758, 28.787560547285867], [4.219817923566509, 17.19045107826994, 29.184503146204364], [6.192439694273775, 15.591769891102192, 24.525316767694623], [1.6919643286305908, 13.904025995890404, 23.15140708665553]]}}