{"no_of_atoms": 96, "centre_of_mass": [-2.8677773913317575, 17.6071004817577, 19.187565002133603], "maximum_diameter": {"diameter": 22.06403077849157, "atom_1": 41, "atom_2": 95}, "pore_diameter": {"diameter": 3.8361371661500887, "atom": 27}, "pore_volume": 29.558405650034235, "pore_diameter_opt": {"diameter": 4.1673381206189735, "atom_1": 27, "centre_of_mass": [-2.7468876166716822, 17.62152451050413, 19.299819747425655]}, "pore_volume_opt": 37.89438285365516, "windows": {"diameters": [4.18711269714046, 4.361887214444883], "centre_of_mass": [[-3.0017275039004456, 18.173641568818045, 19.441920000603208], [-2.3753195394445674, 18.408085582299105, 18.734032463799792]]}}