{"no_of_atoms": 96, "centre_of_mass": [12.412766723320274, 15.029810425799129, 12.517370843112346], "maximum_diameter": {"diameter": 21.928269620399657, "atom_1": 53, "atom_2": 87}, "pore_diameter": {"diameter": 5.3611395439321665, "atom": 49}, "pore_volume": 80.68075560672398, "pore_diameter_opt": {"diameter": 5.54026260883788, "atom_1": 49, "centre_of_mass": [12.425704588595176, 14.945940356679408, 12.546001093623106]}, "pore_volume_opt": 89.04092740212417, "windows": {"diameters": [5.070780669695457, 5.327812116134039], "centre_of_mass": [[11.09479201254148, 15.19067705128395, 13.309012129698761], [13.209482832555866, 14.79330922896257, 11.804416787857951]]}}