{"no_of_atoms": 96, "centre_of_mass": [-8.857101167904805, 26.961984600482964, 3.4960929195922876], "maximum_diameter": {"diameter": 21.928589747118657, "atom_1": 58, "atom_2": 81}, "pore_diameter": {"diameter": 5.361088229270047, "atom": 27}, "pore_volume": 80.67843889809201, "pore_diameter_opt": {"diameter": 5.540133697356461, "atom_1": 27, "centre_of_mass": [-8.936223276486778, 26.99263216327412, 3.524636755243011]}, "pore_volume_opt": 89.03471210245876, "windows": {"diameters": [5.06441798734355, 5.339973711168563], "centre_of_mass": [[-7.9730292690480695, 27.86138575378353, 4.48967971438989], [-9.803359686256487, 26.064952947826036, 2.754788110636379]]}}