{"no_of_atoms": 150, "centre_of_mass": [1.35738243020348e-05, 9.497806240834855e-05, 9.667264026220597], "maximum_diameter": {"diameter": 21.405536585489624, "atom_1": 80, "atom_2": 112}, "pore_diameter": {"diameter": 5.2840478292737885, "atom": 117}, "pore_volume": 77.25006302463026, "pore_diameter_opt": {"diameter": 5.497787715805266, "atom_1": 116, "centre_of_mass": [0.00015472455373311138, 0.0005896025239601662, 9.4029917224055]}, "pore_volume_opt": 87.00866836878296, "windows": {"diameters": [3.7345511021219884, 3.9132582480573803, 3.8927837319467273, 3.8926432521346395], "centre_of_mass": [[0.0002761037507198209, 0.00019986059989455433, 12.377616719100821], [-2.5186374621052905, -1.211107875488638, 8.50103553256445], [2.12907415591547, -1.4641701252554564, 8.572793093799548], [0.20144477680423223, 2.496230389265465, 8.599963559142484]]}}