{"no_of_atoms": 95, "centre_of_mass": [2.372994894009376, 25.33308465506293, 3.711242613710497], "maximum_diameter": {"diameter": 14.66881115238756, "atom_1": 41, "atom_2": 44}, "pore_diameter": {"diameter": 3.757579972618393, "atom": 63}, "pore_volume": 27.779429319782277, "pore_diameter_opt": {"diameter": 3.7996268999862344, "atom_1": 20, "centre_of_mass": [2.349817839304449, 25.31631356600835, 3.7110127075098025]}, "pore_volume_opt": 28.722450079458884, "windows": {"diameters": [3.2102804492717896, 3.3879577653098365, 3.0891494017331524], "centre_of_mass": [[2.8658301776631347, 23.454072918696557, 4.887055970834454], [2.9528978830480237, 26.529848020150503, 3.479322489862353], [0.8183810473435145, 25.313939015715, 2.175202975701241]]}}