{"no_of_atoms": 102, "centre_of_mass": [5.544761985874994, 4.192753829024938, 1.9189407498338658], "maximum_diameter": {"diameter": 27.045026728680178, "atom_1": 60, "atom_2": 63}, "pore_diameter": {"diameter": 2.7131979830989272, "atom": 6}, "pore_volume": 10.457866149180749, "pore_diameter_opt": {"diameter": 4.447283305371798, "atom_1": 0, "centre_of_mass": [6.233502480270162, 2.8361548374754744, 2.4092635552617248]}, "pore_volume_opt": 46.05566006086577, "windows": {"diameters": [4.652309055983473, 5.089865308374815, 5.426051121241883], "centre_of_mass": [[6.748716258539962, 4.234203619219212, 3.0871618239991854], [6.798087568316351, 7.197878062164501, 1.913043322713425], [2.790199914889209, 3.261696179242797, -3.7086913843908045]]}}