{"no_of_atoms": 151, "centre_of_mass": [-2.8316292461504387, 10.227495238542941, 28.273604288339044], "maximum_diameter": {"diameter": 19.897807987133593, "atom_1": 86, "atom_2": 105}, "pore_diameter": {"diameter": 3.9895451533463873, "atom": 98}, "pore_volume": 33.24824886056174, "pore_diameter_opt": {"diameter": 5.660209857826153, "atom_1": 28, "centre_of_mass": [-2.385192946354025, 11.707565423777565, 28.540043449596418]}, "pore_volume_opt": 94.95027402700813, "windows": {"diameters": [6.210672722749495, 4.144856745636156], "centre_of_mass": [[-2.995248370768506, 12.199749750055004, 28.41692415735926], [-0.16089739763155153, 8.3592410907271, 28.381624429659617]]}}