{"no_of_atoms": 102, "centre_of_mass": [2.1381681781343125, 12.04469696421803, 16.32652273386909], "maximum_diameter": {"diameter": 27.045026728680178, "atom_1": 18, "atom_2": 85}, "pore_diameter": {"diameter": 2.713421894348421, "atom": 28}, "pore_volume": 10.460455522101963, "pore_diameter_opt": {"diameter": 4.444329721676414, "atom_1": 72, "centre_of_mass": [1.4557503337738913, 13.40140791139224, 15.845538134833355]}, "pore_volume_opt": 45.9639598592534, "windows": {"diameters": [4.269128864254094, 4.801220230596867, 5.0781761661937885], "centre_of_mass": [[3.7042889393032508, 13.277855442536321, 18.177738140148175], [0.915476243682564, 12.154494205210746, 15.001872607656985], [0.7171581706281518, 13.200362010002783, 14.753353663755398]]}}