{"no_of_atoms": 181, "centre_of_mass": [2.138457436515159, 3.1534429600503686, 20.57638921055693], "maximum_diameter": {"diameter": 20.133082862327626, "atom_1": 62, "atom_2": 166}, "pore_diameter": {"diameter": 3.0860497753973473, "atom": 113}, "pore_volume": 15.388893783016018, "pore_diameter_opt": {"diameter": 6.281937807893087, "atom_1": 87, "centre_of_mass": [0.5954325488164853, 2.9236031133457083, 19.64058362866371]}, "pore_volume_opt": 129.80144278786463, "windows": {"diameters": [4.592172967900097, 6.301743611703299], "centre_of_mass": [[5.152083266450639, 1.8570555312588237, 20.7081372732774], [0.612168703107253, 2.9405853465363183, 19.660754365321512]]}}