{"no_of_atoms": 340, "centre_of_mass": [25.638098103275794, 26.967329070313166, 10.753106228817222], "maximum_diameter": {"diameter": 23.651448414114974, "atom_1": 92, "atom_2": 100}, "pore_diameter": {"diameter": 5.38968297354908, "atom": 287}, "pore_volume": 81.97629446874046, "pore_diameter_opt": {"diameter": 5.58352106348609, "atom_1": 31, "centre_of_mass": [25.536589984821852, 26.933304235551997, 10.837625912323803]}, "pore_volume_opt": 91.14295369763121, "windows": {"diameters": [1.2452544026070878, 0.8792234287489373, 1.0075481776798285], "centre_of_mass": [[26.154339210129695, 27.874588619863637, 15.990741518730037], [26.813889245887218, 22.309022011736488, 11.542813435079223], [30.44810922782638, 26.858566373393483, 9.134742069464709]]}}