{"no_of_atoms": 340, "centre_of_mass": [12.543698751572448, 11.214430644873882, 10.753106228817222], "maximum_diameter": {"diameter": 23.651560423034002, "atom_1": 90, "atom_2": 332}, "pore_diameter": {"diameter": 5.389136483498971, "atom": 202}, "pore_volume": 81.95136089442747, "pore_diameter_opt": {"diameter": 5.563051564685091, "atom_1": 202, "centre_of_mass": [12.642582824498476, 11.212432981042486, 10.789571557284699]}, "pore_volume_opt": 90.14421866668101, "windows": {"diameters": [1.709576644007769, 1.4952919445247361], "centre_of_mass": [[12.131948016981767, 10.101666154980489, 14.283741613080402], [9.004367186803888, 10.683299632957283, 9.569394713143263]]}}