{"no_of_atoms": 120, "centre_of_mass": [3.7941463442926397, 14.684715554849491, 8.900972547521429], "maximum_diameter": {"diameter": 17.226643699755915, "atom_1": 61, "atom_2": 71}, "pore_diameter": {"diameter": 2.2113550921759066, "atom": 10}, "pore_volume": 5.662054946792489, "pore_diameter_opt": {"diameter": 2.2314345846319923, "atom_1": 102, "centre_of_mass": [3.7984213245325047, 14.697389334051444, 8.897840373731903]}, "pore_volume_opt": 5.817697046816148, "windows": {"diameters": [1.2166234893189527e+44, 2.5139295564994737, 9.161649083024206e+43], "centre_of_mass": [[4.243570010540927e+43, -4.228474634986136e+43, 1.056614260731951e+43], [2.7156154505895334, 15.35100257712178, 9.023758934531065], [-3.733785833139286e+43, 1.2846974138884364e+43, -2.322143274459245e+43]]}}