{"no_of_atoms": 287, "centre_of_mass": [13.84393156459953, 6.57730510436009, 5.755696607070225], "maximum_diameter": {"diameter": 25.93916486614582, "atom_1": 53, "atom_2": 250}, "pore_diameter": {"diameter": 6.563352067231461, "atom": 145}, "pore_volume": 148.03885773077144, "pore_diameter_opt": {"diameter": 7.977770491610881, "atom_1": 145, "centre_of_mass": [14.101516134419507, 7.1677034860968165, 6.047629493344988]}, "pore_volume_opt": 265.8540231119425, "windows": {"diameters": [7.752346560687839, 6.793474001316943, 7.0492024920761285, 6.7855924699026176], "centre_of_mass": [[14.671614040681769, 6.219297961399847, 8.014747306064256], [10.204115764712654, 5.831385724672557, 7.115344376746978], [13.450226040524752, 9.768365211980132, 5.245507234636547], [15.694982772102637, 6.150239195740989, 3.6029138174128015]]}}