{"no_of_atoms": 287, "centre_of_mass": [12.963623425146844, 22.122839871600327, 7.291372961339939], "maximum_diameter": {"diameter": 25.937607824567966, "atom_1": 43, "atom_2": 252}, "pore_diameter": {"diameter": 6.564511713068024, "atom": 78}, "pore_volume": 148.1173403309848, "pore_diameter_opt": {"diameter": 7.976924196680139, "atom_1": 78, "centre_of_mass": [12.702964797892994, 22.709545137531833, 6.997119038596836]}, "pore_volume_opt": 265.7694253991778, "windows": {"diameters": [6.773766612322611, 7.102071794788646, 6.7903115546467046, 7.481653642055107], "centre_of_mass": [[11.07377406237953, 21.657941071995968, 9.520210159895559], [13.333632807674679, 25.151519137728812, 7.789325599959147], [16.714963862149293, 21.349392365800195, 5.954692061383394], [10.88404741142032, 21.763586332545746, 3.3409824895498716]]}}