{"no_of_atoms": 528, "centre_of_mass": [-1.112269647907376e-16, 10.373251319960572, 2.551623805137213], "maximum_diameter": {"diameter": 33.93108799240538, "atom_1": 198, "atom_2": 510}, "pore_diameter": {"diameter": 14.176892194112519, "atom": 55}, "pore_volume": 1491.9069354268504, "pore_diameter_opt": {"diameter": 14.177439023322869, "atom_1": 254, "centre_of_mass": [5.842133883377813e-06, 10.372999236616344, 2.5515068823233507]}, "pore_volume_opt": 1492.0795789967424, "windows": {"diameters": [9.070844714899179, 9.019301929905284, 8.766188566348939, 9.070199498766296, 9.122511777832427, 9.0777435459085], "centre_of_mass": [[-0.17971861557820146, 10.427667642030514, 9.384184820920856], [1.7002928753887951, 1.104026891910733, 2.5080771444351755], [0.15252678961846644, 16.748446209077795, 1.4652985633655204], [-9.334248333800732, 8.68199204613302, 2.5971414008762337], [9.405003953093965, 12.052913028810174, 2.597335850113394], [0.050915942239608956, 10.542393654143341, -4.183225766592884]]}}