{"no_of_atoms": 264, "centre_of_mass": [11.476941256209672, 6.626186964922834, 8.612405798678688], "maximum_diameter": {"diameter": 24.667985125395294, "atom_1": 45, "atom_2": 234}, "pore_diameter": {"diameter": 10.189546674049616, "atom": 107}, "pore_volume": 553.9406180403563, "pore_diameter_opt": {"diameter": 10.885800859867999, "atom_1": 142, "centre_of_mass": [11.476941381607961, 6.626354649186967, 8.021608124302139]}, "pore_volume_opt": 675.4291161122568, "windows": {"diameters": [8.097896912861268, 8.649975328416296, 8.601641456231329, 8.606434539471277], "centre_of_mass": [[11.476839945254879, 6.625575067544148, 12.958590036639622], [15.157046391842375, 7.148858843957527, 6.932353607490849], [8.856274970040843, 9.96221796157261, 6.744569874628413], [9.856437028279126, 2.5794370101870543, 6.702772364106257]]}}