{"no_of_atoms": 80, "centre_of_mass": [8.229189344292214, 7.9255781035873, 15.258907266507174], "maximum_diameter": {"diameter": 18.071664890753265, "atom_1": 38, "atom_2": 49}, "pore_diameter": {"diameter": 3.328230943294202, "atom": 14}, "pore_volume": 19.30362998464048, "pore_diameter_opt": {"diameter": 3.6267907510132136, "atom_1": 14, "centre_of_mass": [8.307316797553442, 8.032237489571475, 15.189593704797861]}, "pore_volume_opt": 24.97848655132521, "windows": {"diameters": [4.411757455967484, 4.280128759841807], "centre_of_mass": [[10.069516258775282, 7.1822051212188915, 15.151524011488613], [7.391089717697184, 7.323976937088889, 13.557297549158486]]}}