{"no_of_atoms": 125, "centre_of_mass": [18.030652048137238, 3.097147462641641, 19.77589736548324], "maximum_diameter": {"diameter": 18.161998074624766, "atom_1": 57, "atom_2": 116}, "pore_diameter": {"diameter": 3.4762258268881614, "atom": 112}, "pore_volume": 21.99492917790327, "pore_diameter_opt": {"diameter": 4.750565663247718, "atom_1": 72, "centre_of_mass": [18.202292536756136, 2.4449880630950864, 18.643663063433767]}, "pore_volume_opt": 56.13511263936506, "windows": {"diameters": [3.731117517044147, 4.7082549846013055], "centre_of_mass": [[17.50444579660772, 3.4157313400655074, 20.274812958956435], [18.626105036651964, 1.794754379262975, 18.337121756407054]]}}