{"no_of_atoms": 48, "centre_of_mass": [12.92152925648089, 9.686162025522393, 1.2016699795410783], "maximum_diameter": {"diameter": 15.048563114084804, "atom_1": 1, "atom_2": 46}, "pore_diameter": {"diameter": 4.006863877646715, "atom": 12}, "pore_volume": 33.68312588688667, "pore_diameter_opt": {"diameter": 4.349579044680901, "atom_1": 12, "centre_of_mass": [12.96489145882549, 9.86387692075512, 1.2787027233348671]}, "pore_volume_opt": 43.08640955616821, "windows": {"diameters": [2.6846483457275387, 3.8207609318040245, 3.7490113035445867, 2.433692197782236], "centre_of_mass": [[12.435179991965166, 11.366872631057424, 3.290326818704872], [12.423974913155153, 6.757173255983525, 3.8871967024379135], [15.745747236795577, 8.4439997209653, -0.5813061084873163], [11.599399822718066, 10.570348243836198, -1.5740104157543966]]}}