{"no_of_atoms": 108, "centre_of_mass": [2.982253771771861, 9.38082483896514, 31.46371546893048], "maximum_diameter": {"diameter": 17.750572597049857, "atom_1": 48, "atom_2": 66}, "pore_diameter": {"diameter": 5.456106004666079, "atom": 87}, "pore_volume": 85.04465442337973, "pore_diameter_opt": {"diameter": 5.665307268449045, "atom_1": 89, "centre_of_mass": [2.9255053462853344, 9.469027075408524, 31.316269455595727]}, "pore_volume_opt": 95.20703299237705, "windows": {"diameters": [3.9402158244468954, 4.026566041782353, 4.0405316838108245, 4.19550480224332], "centre_of_mass": [[4.078015568270484, 10.320105734315131, 33.6898610926338], [2.974130625144645, 6.339421015121598, 31.143901738804338], [0.3811309755508785, 10.425529566535815, 31.259586933267453], [4.339226933628766, 10.435529922249938, 29.17956999144037]]}}