{"no_of_atoms": 168, "centre_of_mass": [-3.290291475228374e-16, 12.434500000000002, -8.9807472633045e-17], "maximum_diameter": {"diameter": 22.276863834937032, "atom_1": 48, "atom_2": 164}, "pore_diameter": {"diameter": 5.443380405704589, "atom": 56}, "pore_volume": 84.4509772044633, "pore_diameter_opt": {"diameter": 5.443380405704589, "atom_1": 56, "centre_of_mass": [-3.290291475228374e-16, 12.434500000000002, -8.9807472633045e-17]}, "pore_volume_opt": 84.4509772044633, "windows": {"diameters": [3.7060356035024777, 3.7036502302498566, 3.6970536299980252, 3.7060725201158298], "centre_of_mass": [[-1.6532578870883805, 10.781658941948255, 1.652928138506561], [1.6385795621415018, 14.072590111968246, 1.6382405192688385], [1.556180285427798, 10.878768068905172, -1.5557768923001234], [-1.6534087404563071, 14.087422460226817, -1.6530450223465882]]}}