{"no_of_atoms": 168, "centre_of_mass": [3.2242910371729215e-05, 14.519338709388768, 6.8923551605837075], "maximum_diameter": {"diameter": 22.293271265510242, "atom_1": 111, "atom_2": 134}, "pore_diameter": {"diameter": 4.672449095663575, "atom": 37}, "pore_volume": 53.41120279458199, "pore_diameter_opt": {"diameter": 4.6729787925123265, "atom_1": 26, "centre_of_mass": [0.00028365707490549477, 14.519455637053918, 6.892344187663722]}, "pore_volume_opt": 53.429369896676945, "windows": {"diameters": [3.448636632603208, 3.585503691183758, 3.552026228681068, 3.1265026623493477], "centre_of_mass": [[2.077962679784771, 14.857674197508612, 8.049434082533654], [-1.0527008930016284, 11.681990394988055, 8.33366586985688], [-1.876999625072517, 16.787166199010443, 8.308027759756834], [-0.0003499557878968428, 14.519809825616937, 4.140780573924334]]}}