{"no_of_atoms": 168, "centre_of_mass": [18.6, 6.1999999999999975, 6.1999999999999975], "maximum_diameter": {"diameter": 22.179369990077188, "atom_1": 3, "atom_2": 166}, "pore_diameter": {"diameter": 5.397020177310035, "atom": 22}, "pore_volume": 82.31154385154474, "pore_diameter_opt": {"diameter": 5.397020177310035, "atom_1": 22, "centre_of_mass": [18.6, 6.1999999999999975, 6.1999999999999975]}, "pore_volume_opt": 82.31154385154474, "windows": {"diameters": [3.632512047463208, 3.631154937143354, 3.6417726915281405, 3.6401548403323676], "centre_of_mass": [[17.00806489541035, 7.791869739021893, 7.79185873241677], [20.177884348616665, 4.622113278456975, 7.777946968183511], [16.950301262203812, 4.5502238155944825, 4.550305227582107], [20.241580720570678, 7.841591383613979, 4.558367788565033]]}}