{"no_of_atoms": 36, "centre_of_mass": [1.8198980381302146, 5.554727818134356, 8.779841607932092], "maximum_diameter": {"diameter": 11.941886267095809, "atom_1": 13, "atom_2": 22}, "pore_diameter": {"diameter": 1.7763568542241654, "atom": 14}, "pore_volume": 2.9348727141486157, "pore_diameter_opt": {"diameter": 1.9666405076520594, "atom_1": 14, "centre_of_mass": [1.8177353545385744, 5.462738118526891, 8.807456978401833]}, "pore_volume_opt": 3.9826630337566336, "windows": {"diameters": [1.3404383993760072, 1.263396404019384, 1.1758524238979553], "centre_of_mass": [[1.8971720426434318, 6.556892698878639, 9.654055483193913], [1.921010194654363, 4.114400449853787, 9.299774134622474], [2.0710746149780985, 5.678112888304374, 7.349649834179347]]}}