{"no_of_atoms": 150, "centre_of_mass": [4.138679825350836, 1.4656806827264934, 26.761581729382833], "maximum_diameter": {"diameter": 21.735328097477677, "atom_1": 97, "atom_2": 102}, "pore_diameter": {"diameter": 5.6726593238935905, "atom": 34}, "pore_volume": 95.57817410565605, "pore_diameter_opt": {"diameter": 5.750535629289404, "atom_1": 34, "centre_of_mass": [4.0970917956194866, 1.439115489044154, 26.762252575398197]}, "pore_volume_opt": 99.56885618558337, "windows": {"diameters": [4.357495698777308, 4.244406174905805, 4.383932923006212, 4.066143491516877], "centre_of_mass": [[2.0941514538886676, 1.8905036352428584, 28.19189949979796], [6.272912757694933, 2.095638719615402, 28.43672127069429], [4.249299132521428, -1.1916904527706997, 26.553189974623663], [4.109869901811962, 2.8439590625226527, 24.15750304813401]]}}