{"no_of_atoms": 75, "centre_of_mass": [-0.12764093731852588, -3.2114729134391484, 11.238100350510818], "maximum_diameter": {"diameter": 14.295049731635443, "atom_1": 9, "atom_2": 65}, "pore_diameter": {"diameter": 1.6149809114494018, "atom": 43}, "pore_volume": 2.205468212941743, "pore_diameter_opt": {"diameter": 1.7046962452746564, "atom_1": 43, "centre_of_mass": [-0.09605009026706333, -3.2168222063200513, 11.206508748797196]}, "pore_volume_opt": 2.593818814199868, "windows": {"diameters": [1.287282566753785, 1.2394430347431364, 1.244988832614982], "centre_of_mass": [[0.0044972506230401416, -2.320346591199769, 11.919918951062915], [0.051778152580516004, -4.389338142045217, 11.451400221012715], [-0.4186235855872056, -1.9668659403084743, 10.619200525546441]]}}