{"no_of_atoms": 117, "centre_of_mass": [4.737619672885599, 5.482454373613029, 10.433973733985827], "maximum_diameter": {"diameter": 17.3390060690007, "atom_1": 78, "atom_2": 103}, "pore_diameter": {"diameter": 2.1923384530578924, "atom": 31}, "pore_volume": 5.517234285113831, "pore_diameter_opt": {"diameter": 3.7110012452420444, "atom_1": 63, "centre_of_mass": [4.841041226710336, 5.058161718747477, 11.076359269523914]}, "pore_volume_opt": 26.759125879060136, "windows": {"diameters": [3.6756843783385826, 1.9829378342124913, 1.7556234711658059, 1.210131259065566], "centre_of_mass": [[4.83493901595382, 4.945419444942903, 11.544840467725336], [6.8110275880819815, 7.7700900465429745, 9.258893779670002], [1.394934132773983, 7.091224333474429, 9.05423447111128], [4.899317964752093, 4.144690475797299, 8.634052854600084]]}}