{"no_of_atoms": 135, "centre_of_mass": [12.949937841782102, 3.8643272081214395, 24.01249960993909], "maximum_diameter": {"diameter": 14.76988935614607, "atom_1": 31, "atom_2": 49}, "pore_diameter": {"diameter": 2.729246006980913, "atom": 89}, "pore_volume": 10.644534479510906, "pore_diameter_opt": {"diameter": 3.9803048694932257, "atom_1": 75, "centre_of_mass": [12.953955221148904, 4.695290965823074, 23.392129003653412]}, "pore_volume_opt": 33.01776225571362, "windows": {"diameters": [3.9003568016060375, 2.8739747671341003, 3.133157237204943], "centre_of_mass": [[13.284771464663127, 4.982025363876158, 24.35523231639869], [12.275388412991212, 2.49204007966965, 23.51968768827908], [12.071605513319193, 5.886981404300904, 22.172134335748446]]}}