{"no_of_atoms": 972, "centre_of_mass": [14.75899999999998, 8.521181432140365, 104.74166826202433], "maximum_diameter": {"diameter": 35.77865320217463, "atom_1": 310, "atom_2": 641}, "pore_diameter": {"diameter": 18.851797633995158, "atom": 104}, "pore_volume": 3507.978554842301, "pore_diameter_opt": {"diameter": 18.852715296355917, "atom_1": 104, "centre_of_mass": [14.759059171564214, 8.521465847969491, 104.74203950314876]}, "pore_volume_opt": 3508.4908608803034, "windows": {"diameters": [5.7881911705259235, 5.453266751640994, 5.644558324767161, 5.506514524662215, 5.5115027215642165, 5.7186059223347705, 5.640577427176762, 5.433825660295403, 5.5254104819229966, 5.782599027710862, 5.496632107691935, 5.870165191958662], "centre_of_mass": [[19.254447353178136, 13.051083737015379, 113.93177489084509], [7.310987989364244, 9.804821314123757, 115.3031492911389], [17.592445192887755, 1.192850607985351, 115.64602464481476], [26.360647070837103, 10.488491748013, 105.50468645839422], [10.004680205503067, -3.6697851736203457, 105.77246414619512], [6.304570400479593, 19.153484784058346, 105.90421829486175], [1.4822796638611475, 6.525488005506211, 103.62154563557247], [22.725664210248873, -1.3540988081101517, 103.81427646548944], [19.53428241577527, 20.7522921766046, 103.69967156043221], [20.935279788224356, 6.895121605829759, 95.54457194947663], [9.898087598197819, 2.6267075456325646, 94.08597512544355], [13.150101019493594, 14.617898835606542, 95.6414623643688]]}}