{"no_of_atoms": 93, "centre_of_mass": [7.547563341471404, 2.617459377139965, 13.031252493524283], "maximum_diameter": {"diameter": 17.23019478279268, "atom_1": 11, "atom_2": 87}, "pore_diameter": {"diameter": 3.0819646783392742, "atom": 45}, "pore_volume": 15.327862416497158, "pore_diameter_opt": {"diameter": 3.402158118027589, "atom_1": 38, "centre_of_mass": [7.502750162579467, 2.8342142702547943, 12.699941980542352]}, "pore_volume_opt": 20.618739137924997, "windows": {"diameters": [3.033753880714413, 3.913007303571324, 3.7609724878967135], "centre_of_mass": [[7.829489987825535, 1.5839532303128938, 17.364742502999903], [7.5564920569860305, 3.9674777905695997, 10.998755168093679], [7.303611182793649, 3.2975038081739023, 10.485479265470747]]}}