{"no_of_atoms": 97, "centre_of_mass": [3.8440319638342335, 15.69896125920633, 20.38835033664945], "maximum_diameter": {"diameter": 17.463279327421844, "atom_1": 17, "atom_2": 79}, "pore_diameter": {"diameter": 3.6125837955705085, "atom": 63}, "pore_volume": 24.686095851609505, "pore_diameter_opt": {"diameter": 4.035883474400789, "atom_1": 24, "centre_of_mass": [4.1139863227099305, 15.609209958570052, 20.21232131792011]}, "pore_volume_opt": 34.42028628590112, "windows": {"diameters": [4.018495301930551, 4.371105885275595, 3.966510723877913], "centre_of_mass": [[1.7591343966016648, 15.117280616646589, 20.053748275402704], [2.5287738442928993, 14.103150122086163, 20.009712338046835], [5.551131751444892, 14.2865076464951, 20.13269499618189]]}}