{"no_of_atoms": 94, "centre_of_mass": [3.7781929088545425, 14.41912129371213, 18.761329876019747], "maximum_diameter": {"diameter": 16.796285882535273, "atom_1": 6, "atom_2": 92}, "pore_diameter": {"diameter": 3.740979334610802, "atom": 62}, "pore_volume": 27.412872726053877, "pore_diameter_opt": {"diameter": 4.409014060834236, "atom_1": 40, "centre_of_mass": [3.47510071737687, 14.582243953021122, 16.890941070198018]}, "pore_volume_opt": 44.876923217129125, "windows": {"diameters": [3.561870104569937, 4.116328738638325, 4.7984856580502075], "centre_of_mass": [[4.279609652073421, 11.422290861144058, 19.734294613919715], [3.5809359508517673, 15.500151700998831, 18.116074026953406], [3.534948953321069, 13.076694128932548, 16.819706664160076]]}}