{"no_of_atoms": 144, "centre_of_mass": [26.254888572137947, 26.25488857213795, 6.377771077103648], "maximum_diameter": {"diameter": 17.67346623580405, "atom_1": 58, "atom_2": 98}, "pore_diameter": {"diameter": 7.711295827762006, "atom": 5}, "pore_volume": 240.09367270160178, "pore_diameter_opt": {"diameter": 7.711618604399666, "atom_1": 5, "centre_of_mass": [26.255002674997858, 26.255002674993307, 6.377773772507387]}, "pore_volume_opt": 240.12382322649415, "windows": {"diameters": [6.526471789389876, 6.540746130918785], "centre_of_mass": [[27.056927918726352, 26.86475705938374, 9.515975592826436], [25.618133999451096, 25.425560157509736, 3.135380342703602]]}}