{"no_of_atoms": 100, "centre_of_mass": [28.879305490765876, 0.000959760830497442, 3.111486724754331], "maximum_diameter": {"diameter": 17.072161830976718, "atom_1": 24, "atom_2": 63}, "pore_diameter": {"diameter": 4.83112177336492, "atom": 33}, "pore_volume": 59.0394870666618, "pore_diameter_opt": {"diameter": 5.249903102790666, "atom_1": 27, "centre_of_mass": [29.561232793012298, 0.024315946832714066, 2.3954932152520905]}, "pore_volume_opt": 75.76218398085079, "windows": {"diameters": [4.316294058577784, 4.328421811711818, 5.091343396433475], "centre_of_mass": [[27.897473446074834, 1.4119835199811972, 4.949629674921852], [28.421503492479914, -2.2117469223924893, 3.788143594713639], [30.315979896784896, 0.46297021754727663, 1.770349748682353]]}}