{"no_of_atoms": 130, "centre_of_mass": [7.005972040132222, 4.04493234787467, 3.6493041819917154], "maximum_diameter": {"diameter": 18.28717212921002, "atom_1": 67, "atom_2": 98}, "pore_diameter": {"diameter": 2.0941619853909175, "atom": 83}, "pore_volume": 4.808719419654492, "pore_diameter_opt": {"diameter": 2.0945289615002083, "atom_1": 112, "centre_of_mass": [7.00601219177514, 4.045051681913695, 3.6494712607677613]}, "pore_volume_opt": 4.811247869334632, "windows": {"diameters": [1.2191816738352563, 1.2007831693862419, 3.3954537520602313], "centre_of_mass": [[8.289424757449693, 5.2506350477757415, 3.321058863337531], [5.350787339895701, 3.563914985619441, 3.96005021802499], [3.7684687112295103, 7.633235723235835, 1.9996258490841503]]}}