{"no_of_atoms": 100, "centre_of_mass": [18.73138442411005, 13.298040239169506, 13.72693282916874], "maximum_diameter": {"diameter": 17.07216183097673, "atom_1": 17, "atom_2": 74}, "pore_diameter": {"diameter": 4.831766644189008, "atom": 30}, "pore_volume": 59.06313246006349, "pore_diameter_opt": {"diameter": 4.852483701371357, "atom_1": 69, "centre_of_mass": [18.73903919443077, 13.294701845794851, 13.733061438773879]}, "pore_volume_opt": 59.826125591709086, "windows": {"diameters": [4.5932786254063505, 4.505947506833316, 4.900332013237756], "centre_of_mass": [[17.795242540040324, 9.871871047809625, 14.08016878300549], [18.10807690596425, 14.937340626063513, 14.306315566585518], [18.89076066772001, 13.555733449941826, 13.704348779838659]]}}