{"no_of_atoms": 100, "centre_of_mass": [14.534550994388795, 6.6485582079493755, 18.119202303512022], "maximum_diameter": {"diameter": 17.073495022995772, "atom_1": 38, "atom_2": 65}, "pore_diameter": {"diameter": 4.832012799366579, "atom": 93}, "pore_volume": 59.07215986408662, "pore_diameter_opt": {"diameter": 4.85250975701806, "atom_1": 22, "centre_of_mass": [14.52696502791303, 6.6452545940029015, 18.11315487101559]}, "pore_volume_opt": 59.82708931473718, "windows": {"diameters": [4.906579925814386, 4.525989972223023, 4.45828627903556], "centre_of_mass": [[14.484868855985045, 6.385383975142628, 18.285041023310626], [15.529639876203829, 4.5225720756346135, 15.993170710366718], [15.123031616674732, 7.925891706586209, 17.55090099730044]]}}