{"no_of_atoms": 155, "centre_of_mass": [6.597829578381912, 2.9535039016000617, 18.719822256980983], "maximum_diameter": {"diameter": 21.8729510739249, "atom_1": 12, "atom_2": 136}, "pore_diameter": {"diameter": 1.0873464706352798, "atom": 53}, "pore_volume": 0.6731354607493534, "pore_diameter_opt": {"diameter": 1.240759819811546, "atom_1": 69, "centre_of_mass": [6.549154338442434, 2.835686920511679, 18.758902576811263]}, "pore_volume_opt": 1.0001422763516918, "windows": {"diameters": [1.1742847473769582, 1.1558843460232677, 1.2257076872260284], "centre_of_mass": [[6.871449643778394, 3.3509208564828015, 19.707312474751657], [6.8295771139079555, 2.2356865651848827, 19.103883354138407], [6.425569364561837, 2.4970319986777083, 18.314978982657543]]}}