{"no_of_atoms": 344, "centre_of_mass": [7.697967958906662, 10.541201579681188, 10.80197834652592], "maximum_diameter": {"diameter": 32.99818607575728, "atom_1": 242, "atom_2": 325}, "pore_diameter": {"diameter": 4.842892734127975, "atom": 252}, "pore_volume": 59.47208603633735, "pore_diameter_opt": {"diameter": 5.085160095990636, "atom_1": 42, "centre_of_mass": [7.695277479590474, 10.43254043562732, 10.748500242371241]}, "pore_volume_opt": 68.8513584496031, "windows": {"diameters": [2.165250899307473, 1.7897648787329472, 2.871910038285066, 2.244631888407063, 2.168312138549856, 1.7886740379233195], "centre_of_mass": [[10.32971322453081, 11.609617857290766, 17.18080226219097], [4.340689831067965, 10.299907604864744, 12.38620367293916], [10.101411676416825, 4.55836432166167, 10.880424705099164], [7.675306449266905, 14.11249564808318, 9.829977886749678], [10.687465843734365, 11.06268638419228, 9.994125546780761], [5.415995779147368, 9.39440912872865, 5.638449429544495]]}}