{"no_of_atoms": 109, "centre_of_mass": [2.858643503753183, 2.8593438601907484, 4.242169764552194], "maximum_diameter": {"diameter": 17.542219533648126, "atom_1": 64, "atom_2": 80}, "pore_diameter": {"diameter": 3.5886445016139272, "atom": 68}, "pore_volume": 24.19858309768515, "pore_diameter_opt": {"diameter": 4.286327218593028, "atom_1": 74, "centre_of_mass": [3.244668617477227, 3.198404167349263, 4.31519780227748]}, "pore_volume_opt": 41.2339166261922, "windows": {"diameters": [4.232163268740971, 4.231009348122256, 3.893570573421781], "centre_of_mass": [[2.395169979979865, 1.5520349053555618, 5.7507530876715425], [2.3118153164145925, 1.5725547366475654, 5.734543075238765], [4.385629028399412, 4.156862091623459, 3.3779797756361467]]}}