{"no_of_atoms": 109, "centre_of_mass": [1.4667153411033491, 10.221739772512715, 15.665775321865418], "maximum_diameter": {"diameter": 17.542469137479173, "atom_1": 96, "atom_2": 106}, "pore_diameter": {"diameter": 3.5893852902716863, "atom": 29}, "pore_volume": 24.21357182381951, "pore_diameter_opt": {"diameter": 4.1097319134385675, "atom_1": 33, "centre_of_mass": [1.461544378876664, 10.439049444275318, 15.52280102965815]}, "pore_volume_opt": 36.344533667762036, "windows": {"diameters": [3.994508102179594, 4.186528685721205, 4.350867357502233], "centre_of_mass": [[1.2985511451935574, 11.92085728498682, 16.87272941061447], [1.703834101595541, 8.940236901165452, 14.176189581970924], [-0.46529267694708754, 8.723490884429946, 13.725912431825678]]}}