{"no_of_atoms": 126, "centre_of_mass": [-0.40418904194397154, 3.6251293857160056, 13.74033533508745], "maximum_diameter": {"diameter": 15.879941824694, "atom_1": 34, "atom_2": 99}, "pore_diameter": {"diameter": 6.306793572950884, "atom": 95}, "pore_volume": 131.34830460189323, "pore_diameter_opt": {"diameter": 6.4984715076527415, "atom_1": 38, "centre_of_mass": [-0.38356393468395206, 3.6131391693677184, 13.62904135739315]}, "pore_volume_opt": 143.69189745627907, "windows": {"diameters": [4.9349477394031105, 4.960690125716648], "centre_of_mass": [[2.4602536520914784, 3.8025363849237306, 14.091937827662772], [-3.715755246320071, 3.5769603912273107, 13.107153721693633]]}}