{"no_of_atoms": 113, "centre_of_mass": [12.576467832865166, 17.36141905196629, 2.889564744382022], "maximum_diameter": {"diameter": 16.585743785032413, "atom_1": 50, "atom_2": 96}, "pore_diameter": {"diameter": 2.571177638274786, "atom": 109}, "pore_volume": 8.900099651851033, "pore_diameter_opt": {"diameter": 2.8204120884166435, "atom_1": 1, "centre_of_mass": [12.495697566573543, 17.26273760173159, 2.8965300475813796]}, "pore_volume_opt": 11.747253062874277, "windows": {"diameters": [2.769597454727934, 0.6393266102874269, 2.5977703374518497], "centre_of_mass": [[12.926988665078094, 17.169058731035605, 3.3648654517012426], [9.103423024728418, 17.342000805790363, 3.448227405489516], [12.772283736438617, 17.44737383415067, 1.9707844919751556]]}}