{"no_of_atoms": 64, "centre_of_mass": [32.97503427664991, 7.994926874426753, 14.596092485865645], "maximum_diameter": {"diameter": 13.271800819015194, "atom_1": 0, "atom_2": 61}, "pore_diameter": {"diameter": 0.24925617982910708, "atom": 51}, "pore_volume": 0.00810842354674191, "pore_diameter_opt": {"diameter": 0.2675036334043446, "atom_1": 8, "centre_of_mass": [32.974378157385125, 8.009550061751032, 14.597931345077328]}, "pore_volume_opt": 0.01002276800837968, "windows": {"diameters": [0.25167262701777826, 0.24357612027326692], "centre_of_mass": [[32.73030485060855, 8.025956385301608, 15.044308211847046], [33.14553933930402, 8.044826342653309, 14.281228619451367]]}}