{"no_of_atoms": 118, "centre_of_mass": [14.5333997595023, 12.143735569509117, 8.307960824786353], "maximum_diameter": {"diameter": 16.597648178534527, "atom_1": 19, "atom_2": 95}, "pore_diameter": {"diameter": 3.5304493228665543, "atom": 93}, "pore_volume": 23.040323256266884, "pore_diameter_opt": {"diameter": 4.78954572622102, "atom_1": 32, "centre_of_mass": [14.748473023553009, 11.343223088659697, 8.049194485748682]}, "pore_volume_opt": 57.528307070807614, "windows": {"diameters": [4.510442678190794, 3.2833435759526775, 4.254512388494284], "centre_of_mass": [[14.396681834546383, 10.488450862226989, 9.553330222512383], [18.47262262143976, 13.733508141088894, 9.389841280871655], [12.90269444165198, 12.913542183035965, 7.144877624726854]]}}