{"no_of_atoms": 176, "centre_of_mass": [15.99061125380802, 14.27213670795694, 15.244732950575308], "maximum_diameter": {"diameter": 34.9383584753571, "atom_1": 122, "atom_2": 134}, "pore_diameter": {"diameter": 11.339297518643274, "atom": 69}, "pore_volume": 763.4086446560704, "pore_diameter_opt": {"diameter": 11.339831933497333, "atom_1": 90, "centre_of_mass": [15.990421492680992, 14.272123690295045, 15.244920625871465]}, "pore_volume_opt": 763.5165868315305, "windows": {"diameters": [10.896366300070762, 11.22221549890921, 10.862021483080504], "centre_of_mass": [[19.033758358235822, 11.773418385855553, 17.9125640967625], [16.034336529588654, 16.3847370238323, 15.224769521762212], [13.636726587526898, 12.622351774546285, 13.630457841497744]]}}