{"no_of_atoms": 120, "centre_of_mass": [19.073291163476267, 0.08705555355060281, 13.365129502121663], "maximum_diameter": {"diameter": 17.212775137531196, "atom_1": 12, "atom_2": 112}, "pore_diameter": {"diameter": 5.042185256905755, "atom": 50}, "pore_volume": 67.1204743360941, "pore_diameter_opt": {"diameter": 5.1919117220569735, "atom_1": 30, "centre_of_mass": [19.032100262217178, 0.18922790282038016, 13.268564553631608]}, "pore_volume_opt": 73.27916651587635, "windows": {"diameters": [3.507437585603056, 3.902601641105101], "centre_of_mass": [[19.678939487305655, -2.086371945484851, 15.7881469363371], [18.212492602823215, 2.2459570072065294, 11.125747842599315]]}}