{"no_of_atoms": 195, "centre_of_mass": [3.038165481631312, -0.20518182718198832, 5.182242229419774], "maximum_diameter": {"diameter": 20.397415653638667, "atom_1": 97, "atom_2": 183}, "pore_diameter": {"diameter": 4.961732686762588, "atom": 36}, "pore_volume": 63.95856500219528, "pore_diameter_opt": {"diameter": 5.042137802075315, "atom_1": 101, "centre_of_mass": [3.089624010611834, -0.19226739648051036, 5.178299905204879]}, "pore_volume_opt": 67.11857922876133, "windows": {"diameters": [4.632314239076868, 4.309497514220759], "centre_of_mass": [[1.5567119356163586, 3.831659613152955, 6.097769732317369], [4.936635392251052, -5.962647994140212, 3.750987691012734]]}}