{"no_of_atoms": 120, "centre_of_mass": [16.53404506282578, 8.409575089783088, 13.536314806149138], "maximum_diameter": {"diameter": 19.866590287559667, "atom_1": 8, "atom_2": 116}, "pore_diameter": {"diameter": 1.2354679127331032, "atom": 27}, "pore_volume": 0.9873997974570999, "pore_diameter_opt": {"diameter": 1.442124628809573, "atom_1": 27, "centre_of_mass": [16.60260122862326, 8.478131261778861, 13.491039513853]}, "pore_volume_opt": 1.5703881298045672, "windows": {"diameters": [1.0302499501868994, 1.095619006070089], "centre_of_mass": [[17.436359296681875, 11.331396185653361, 14.562084055733271], [17.599421508791746, 5.103416592993419, 11.580541326526285]]}}