{"no_of_atoms": 120, "centre_of_mass": [-0.13950063972029042, 2.0133909694666074e-16, 7.466085865639527], "maximum_diameter": {"diameter": 19.666, "atom_1": 20, "atom_2": 104}, "pore_diameter": {"diameter": 7.1004087172222565, "atom": 72}, "pore_volume": 187.43412703653732, "pore_diameter_opt": {"diameter": 9.443300804341328, "atom_1": 36, "centre_of_mass": [3.410703718890838, 2.0133909694666074e-16, 8.714711881763296]}, "pore_volume_opt": 440.9304521664272, "windows": {"diameters": [10.023042772552294, 7.117341006372039], "centre_of_mass": [[3.9421478845799163, -0.4171006755771346, 8.943791099081354], [-0.33573562371667487, 0.35239502345015916, 7.402443225537276]]}}