{"no_of_atoms": 120, "centre_of_mass": [13.757385779734602, 12.69255401691252, 5.756006796157078], "maximum_diameter": {"diameter": 16.121165365413482, "atom_1": 34, "atom_2": 96}, "pore_diameter": {"diameter": 4.769565940948226, "atom": 71}, "pore_volume": 56.81136113942981, "pore_diameter_opt": {"diameter": 4.839827903841675, "atom_1": 24, "centre_of_mass": [13.786465644147661, 12.510925473668976, 5.721162283243086]}, "pore_volume_opt": 59.35924654110888, "windows": {"diameters": [3.2255688339472854, 3.3378106926602937], "centre_of_mass": [[11.557562321973395, 12.12161578130315, 8.00987912636905], [15.823007546272471, 13.69721868041859, 3.6869612873663224]]}}