{"no_of_atoms": 168, "centre_of_mass": [7.292913618366088, 9.264254580018648, 6.231066616113916], "maximum_diameter": {"diameter": 19.14058501349526, "atom_1": 97, "atom_2": 130}, "pore_diameter": {"diameter": 5.226958871705854, "atom": 140}, "pore_volume": 74.77318343139444, "pore_diameter_opt": {"diameter": 5.2274771897233325, "atom_1": 18, "centre_of_mass": [7.293009812371423, 9.263999999455026, 6.231041306844079]}, "pore_volume_opt": 74.79542971213438, "windows": {"diameters": [3.8810726953470898, 3.833024310383122], "centre_of_mass": [[10.140633620103277, 9.264076868410289, 8.189917141744333], [4.800577957395345, 9.264472793848952, 4.483997282951874]]}}