{"no_of_atoms": 168, "centre_of_mass": [-0.20309391838303845, 18.528918159032305, 6.231066616113916], "maximum_diameter": {"diameter": 19.140585013495258, "atom_1": 84, "atom_2": 136}, "pore_diameter": {"diameter": 5.227214693783729, "atom": 40}, "pore_volume": 74.78416279885185, "pore_diameter_opt": {"diameter": 5.227478224886067, "atom_1": 40, "centre_of_mass": [-0.202989855889041, 18.528999999851088, 6.231039386743574]}, "pore_volume_opt": 74.79547414587596, "windows": {"diameters": [3.881835250621344, 3.833224117360648], "centre_of_mass": [[2.645036170458915, 18.52899186107322, 8.1894127248081], [-2.6947358210733476, 18.529035159801783, 4.484439897160362]]}}