{"no_of_atoms": 126, "centre_of_mass": [3.4442287424075064, 2.6424032379218545, 3.0276329229733157], "maximum_diameter": {"diameter": 16.375035761029718, "atom_1": 33, "atom_2": 65}, "pore_diameter": {"diameter": 4.94639842103199, "atom": 2}, "pore_volume": 63.367402734010504, "pore_diameter_opt": {"diameter": 5.165245651470128, "atom_1": 37, "centre_of_mass": [3.3231270625808724, 2.7828573247606334, 2.9937914577948135]}, "pore_volume_opt": 72.15585290739091, "windows": {"diameters": [3.731264271588257, 3.436507226174177], "centre_of_mass": [[1.7869630672974073, 4.699375178080292, 4.560435181421498], [5.151468055657688, 0.37458654326774177, 1.3614531132510796]]}}