{"no_of_atoms": 120, "centre_of_mass": [7.388669517393073, 0.22169779894163796, 5.867254854940605], "maximum_diameter": {"diameter": 16.02130522662069, "atom_1": 28, "atom_2": 84}, "pore_diameter": {"diameter": 4.817485208431982, "atom": 101}, "pore_volume": 58.54095351401263, "pore_diameter_opt": {"diameter": 5.162049278500858, "atom_1": 44, "centre_of_mass": [7.253849569531911, 0.4551796286459089, 5.783821813440138]}, "pore_volume_opt": 72.0219806740244, "windows": {"diameters": [3.5150822931372083, 3.8739311674570596], "centre_of_mass": [[5.248443491540581, -1.0897169527645005, 8.177017213117562], [8.92755889563946, 2.0701741204643964, 3.662980669295066]]}}