{"no_of_atoms": 168, "centre_of_mass": [3.4417958673557667, 33.22347625898722, 14.896499999999994], "maximum_diameter": {"diameter": 32.63992788519005, "atom_1": 72, "atom_2": 141}, "pore_diameter": {"diameter": 9.213158805009085, "atom": 68}, "pore_volume": 409.4720789630064, "pore_diameter_opt": {"diameter": 10.487590428761203, "atom_1": 124, "centre_of_mass": [2.236969125561993, 31.896385254610276, 14.995481135513229]}, "pore_volume_opt": 603.984478328781, "windows": {"diameters": [9.954671348681414, 10.503886052424088, 10.191626943696892], "centre_of_mass": [[5.259930725576963, 31.64676186106682, 16.122221451745855], [1.7391751976360414, 30.764270247197548, 15.536936954345883], [1.9880914373368004, 36.275065860568255, 13.220271643663548]]}}