{"no_of_atoms": 168, "centre_of_mass": [18.853521495273586, 6.284521495273583, 18.85352149527359], "maximum_diameter": {"diameter": 22.256834461637624, "atom_1": 15, "atom_2": 164}, "pore_diameter": {"diameter": 5.627560748537734, "atom": 108}, "pore_volume": 93.3166625180762, "pore_diameter_opt": {"diameter": 5.627617458664751, "atom_1": 27, "centre_of_mass": [18.853492098391293, 6.284492098437176, 18.853492098437187]}, "pore_volume_opt": 93.31948366209375, "windows": {"diameters": [3.8476382474123167, 3.846397759174178, 3.8552174594908153, 3.857849357541116], "centre_of_mass": [[17.231018204012493, 7.907283861073317, 20.475954278596838], [20.463358388672614, 4.674626201706044, 20.46366650254301], [20.526617111038576, 7.957393522194746, 17.180609452131392], [17.16573185478493, 4.596699944247661, 17.16574055351505]]}}