{"no_of_atoms": 492, "centre_of_mass": [7.828566858153882, 12.637547666639476, 26.577891439385578], "maximum_diameter": {"diameter": 28.959600239734726, "atom_1": 360, "atom_2": 417}, "pore_diameter": {"diameter": 5.113523632089898, "atom": 260}, "pore_volume": 70.00989469951679, "pore_diameter_opt": {"diameter": 5.268067277418334, "atom_1": 71, "centre_of_mass": [7.7281147795136516, 12.637832808419237, 26.57797113731094]}, "pore_volume_opt": 76.5512982068963, "windows": {"diameters": [3.6193366464274432, 3.579276274445618, 3.582463874071959, 3.620714637453862], "centre_of_mass": [[9.314052070727893, 12.639160398639419, 28.726290335647068], [6.0859813713778355, 10.392284489192319, 26.55646939240013], [6.059169657965409, 14.917677763957, 26.59961448782333], [9.326923815260372, 12.636516232381, 24.41273682496017]]}}