{"no_of_atoms": 164, "centre_of_mass": [19.128983817333026, 0.00016078788120987565, 12.057987303267879], "maximum_diameter": {"diameter": 21.853094266027398, "atom_1": 87, "atom_2": 92}, "pore_diameter": {"diameter": 7.714025731481069, "atom": 58}, "pore_volume": 240.34875226959866, "pore_diameter_opt": {"diameter": 7.806000331289313, "atom_1": 57, "centre_of_mass": [19.128993131956168, 0.0001528007508961602, 12.011999994999996]}, "pore_volume_opt": 249.04872255069955, "windows": {"diameters": [8.184138569172012, 8.045869275805384, 8.035246855685738], "centre_of_mass": [[20.877631561219392, -3.3523696275838244, 11.256449526776242], [18.390192550833078, 0.8182183883660575, 12.01198456688335], [18.663484916814394, -0.9695806728209703, 12.0120033070621]]}}