{"no_of_atoms": 112, "centre_of_mass": [10.919631792205115, 12.314922273850588, 15.511269394532262], "maximum_diameter": {"diameter": 15.470664414769438, "atom_1": 61, "atom_2": 89}, "pore_diameter": {"diameter": 1.8227785054779484, "atom": 54}, "pore_volume": 3.1710297630608553, "pore_diameter_opt": {"diameter": 1.8269577499729768, "atom_1": 20, "centre_of_mass": [10.92955374546119, 12.31106171140313, 15.501704724547334]}, "pore_volume_opt": 3.1928913063937783, "windows": {"diameters": [2.0717748440959984, 1.7822262880093924], "centre_of_mass": [[11.374538031416941, 12.163768625659687, 15.766802812893664], [10.651609047938983, 12.402972850993368, 15.302372855480135]]}}