{"no_of_atoms": 97, "centre_of_mass": [8.036160058260963, 0.7758121166318568, 9.41375423903484], "maximum_diameter": {"diameter": 17.07450603410533, "atom_1": 21, "atom_2": 82}, "pore_diameter": {"diameter": 4.039612238415748, "atom": 23}, "pore_volume": 34.51577745206582, "pore_diameter_opt": {"diameter": 4.2509519253912105, "atom_1": 4, "centre_of_mass": [7.507045944956327, 0.6693689588570255, 9.356945340949261]}, "pore_volume_opt": 40.2214018193211, "windows": {"diameters": [4.14584970538804, 4.3424821411263705, 4.662287884385021], "centre_of_mass": [[7.797937103864569, 1.9691526986154, 9.700877851533397], [8.609842745340368, 3.6934871058402123, 10.176045222242305], [7.193433591647661, -1.2311898595874493, 8.86681449485988]]}}