{"no_of_atoms": 90, "centre_of_mass": [7.9420192885518235, 6.240069921752739, 2.0161336246539068], "maximum_diameter": {"diameter": 12.885023867325097, "atom_1": 17, "atom_2": 86}, "pore_diameter": {"diameter": 3.9213328672707566, "atom": 21}, "pore_volume": 31.571829647003064, "pore_diameter_opt": {"diameter": 4.006897641568711, "atom_1": 45, "centre_of_mass": [7.94196899204698, 6.239958237873891, 1.9547110107707562]}, "pore_volume_opt": 33.683977388749256, "windows": {"diameters": [2.257568326168859, 2.260127480070552], "centre_of_mass": [[8.43395429702193, 3.1691604585442006, 1.95699874752266], [7.444578729325277, 9.343399841543391, 1.957512625140355]]}}