{"no_of_atoms": 210, "centre_of_mass": [2.5565824509379896e-05, 15.117410830391966, 3.604202078302063], "maximum_diameter": {"diameter": 22.28185001436435, "atom_1": 105, "atom_2": 158}, "pore_diameter": {"diameter": 4.438958455633841, "atom": 42}, "pore_volume": 45.79750974236074, "pore_diameter_opt": {"diameter": 4.7209898976082325, "atom_1": 42, "centre_of_mass": [0.00017270780482271907, 15.11742971948978, 3.7548488683257615]}, "pore_volume_opt": 55.09317934504212, "windows": {"diameters": [0.9732061654464874, 1.1371098682026557, 1.3211885902669538, 1.3770095996803078], "centre_of_mass": [[0.8298722666843606, 13.793701033523, 7.042589564831644], [3.714477574776449, 13.754736551491952, 2.5152611856947082], [-2.8869927083253235, 11.882181710926098, 3.572075639153301], [-1.2683361039117826, 19.108752433724202, 3.5993589422865266]]}}