{"no_of_atoms": 212, "centre_of_mass": [8.490117987722861, 8.845093849121005, 16.40108371189611], "maximum_diameter": {"diameter": 22.359994524280726, "atom_1": 125, "atom_2": 137}, "pore_diameter": {"diameter": 4.483992340828564, "atom": 25}, "pore_volume": 47.20556593130159, "pore_diameter_opt": {"diameter": 4.484778859789662, "atom_1": 25, "centre_of_mass": [8.490213312041213, 8.845220875534697, 16.40144349053156]}, "pore_volume_opt": 47.23041070090704, "windows": {"diameters": [1.090050562877816, 2.432555828163402, 2.2047931510940555, 1.1415126999659058], "centre_of_mass": [[9.728512708916496, 9.997743141212776, 20.28477698194201], [4.408270893215833, 6.052706467368672, 18.92318537472523], [12.389192411661917, 6.252070392073256, 14.030477828884347], [6.8768819549454525, 12.703490005310739, 13.894514820692226]]}}