{"no_of_atoms": 192, "centre_of_mass": [6.23368243091338e-16, -1.8931149664351034e-16, 12.303500000000007], "maximum_diameter": {"diameter": 21.945879793219426, "atom_1": 48, "atom_2": 189}, "pore_diameter": {"diameter": 5.230870002496841, "atom": 91}, "pore_volume": 74.94115868570829, "pore_diameter_opt": {"diameter": 5.230870002496841, "atom_1": 91, "centre_of_mass": [6.23368243091338e-16, -1.8931149664351034e-16, 12.303500000000007]}, "pore_volume_opt": 74.94115868570829, "windows": {"diameters": [1.0580726492777193, 1.2833152111655268, 1.0785448855725526, 1.120521741882933], "centre_of_mass": [[-2.4275347055362566, -3.7049677436229502, 13.298322823023852], [4.223490058061717, 1.090524635823604, 15.205586177861438], [-2.1446928468510387, 3.398558129359182, 11.416804572957778], [2.3525814017988558, -2.352874605179549, 9.950697463245328]]}}