{"no_of_atoms": 216, "centre_of_mass": [1.7388730233443978e-05, 0.0003927648637056477, 77.15605622336074], "maximum_diameter": {"diameter": 22.12008450333149, "atom_1": 112, "atom_2": 160}, "pore_diameter": {"diameter": 4.877580024006662, "atom": 22}, "pore_volume": 60.75916998377162, "pore_diameter_opt": {"diameter": 4.963289751677982, "atom_1": 173, "centre_of_mass": [-0.0007542945069043384, 0.0001704988834236353, 77.31590272237348]}, "pore_volume_opt": 64.01879732378444, "windows": {"diameters": [1.2951768396633665, 1.2957725775815407, 1.2948618624596508, 1.423103673836013], "centre_of_mass": [[-2.1805792809042726, 3.4184808312755535, 78.80747653265854], [-1.8702512424107245, -3.596901654811892, 78.80739558468032], [4.051908658868792, 0.18020431846404555, 78.80806535400549], [0.0004624546134076061, 0.00019851131774587547, 72.9575184233103]]}}