{"no_of_atoms": 186, "centre_of_mass": [20.887398139808226, 10.748071963795057, 0.0003333020289508533], "maximum_diameter": {"diameter": 19.7314576317752, "atom_1": 100, "atom_2": 167}, "pore_diameter": {"diameter": 3.347169876527451, "atom": 38}, "pore_volume": 19.635044296705686, "pore_diameter_opt": {"diameter": 3.34772549863743, "atom_1": 38, "centre_of_mass": [20.887616923553328, 10.748094990895636, 0.00016364824090012712]}, "pore_volume_opt": 19.64482402963442, "windows": {"diameters": [1.0649668649668746, 1.6533699635767847], "centre_of_mass": [[18.06075427211828, 13.876497035357488, 1.0440121915350131], [24.415040504881965, 6.372775900129307, -1.5068161112259124]]}}