{"no_of_atoms": 132, "centre_of_mass": [30.22887041761013, 10.323953359776167, 16.41277785592549], "maximum_diameter": {"diameter": 24.524001476906502, "atom_1": 54, "atom_2": 130}, "pore_diameter": {"diameter": 3.4630936884288874, "atom": 69}, "pore_volume": 21.746598927415608, "pore_diameter_opt": {"diameter": 4.906959305178702, "atom_1": 29, "centre_of_mass": [30.283847975731806, 10.013858992243106, 15.725741804038432]}, "pore_volume_opt": 61.86371424344464, "windows": {"diameters": [4.534624678350042, 3.464562435479333], "centre_of_mass": [[31.762315396896774, 8.974336952631072, 15.985633314506442], [26.85011850237761, 13.478891905926375, 14.451633113293122]]}}