{"no_of_atoms": 72, "centre_of_mass": [16.778191701315407, 1.3343563716145561, 17.58053095745586], "maximum_diameter": {"diameter": 16.70379953698878, "atom_1": 2, "atom_2": 67}, "pore_diameter": {"diameter": 2.3882871735032274, "atom": 39}, "pore_volume": 7.132770670306601, "pore_diameter_opt": {"diameter": 3.7335988839274523, "atom_1": 21, "centre_of_mass": [15.584048114563794, 1.4279160250495426, 17.76424537889059]}, "pore_volume_opt": 27.250946836567284, "windows": {"diameters": [3.9599474766397074, 2.16247783116707], "centre_of_mass": [[15.367102756848688, 1.4850248135799688, 18.00608823426128], [18.97666744933726, 2.7364003570881485, 19.19452984721881]]}}