{"no_of_atoms": 153, "centre_of_mass": [-1.6417526079566944, 10.032159171249827, 15.945851520301819], "maximum_diameter": {"diameter": 23.866211955987147, "atom_1": 133, "atom_2": 144}, "pore_diameter": {"diameter": 2.0462382749468984, "atom": 18}, "pore_volume": 4.486082271859862, "pore_diameter_opt": {"diameter": 4.2446772479388315, "atom_1": 18, "centre_of_mass": [-1.0401796706501958, 11.055278308723276, 15.720231039727807]}, "pore_volume_opt": 40.043556489249944, "windows": {"diameters": [2.940456618441194, 3.2934003093800244], "centre_of_mass": [[2.2050896923845897, 10.095919636903231, 17.35539876314946], [-3.851381880084535, 12.689241253000217, 15.025128106843795]]}}