{"no_of_atoms": 153, "centre_of_mass": [11.904638556841018, 4.167169198452587, 5.573898506809804], "maximum_diameter": {"diameter": 23.86621195598715, "atom_1": 140, "atom_2": 147}, "pore_diameter": {"diameter": 2.0442306042843117, "atom": 62}, "pore_volume": 4.472890638292912, "pore_diameter_opt": {"diameter": 4.199159069471376, "atom_1": 32, "centre_of_mass": [11.4428946242383, 5.189284500594743, 5.83530613820237]}, "pore_volume_opt": 38.7690895360936, "windows": {"diameters": [3.417680197239689, 2.907816987066188], "centre_of_mass": [[14.781124973808458, 7.1488753723255405, 6.879683273851855], [8.802775742636076, 4.585000698999648, 4.533782411910618]]}}