{"no_of_atoms": 96, "centre_of_mass": [5.63175612506543, 2.706125386246373, 10.28111047671426], "maximum_diameter": {"diameter": 16.13940796440052, "atom_1": 58, "atom_2": 89}, "pore_diameter": {"diameter": 4.156565848748073, "atom": 19}, "pore_volume": 37.601278981266304, "pore_diameter_opt": {"diameter": 4.199859534907038, "atom_1": 19, "centre_of_mass": [5.652391591170529, 2.710405903265779, 10.276166740477334]}, "pore_volume_opt": 38.78849409089536, "windows": {"diameters": [4.191816642639241, 4.061360506534513, 4.247334904675691], "centre_of_mass": [[6.036135179882302, 4.23798722226425, 12.239641410807916], [6.433540164674613, 1.8306166167119766, 12.648477700729066], [4.949086588838457, 2.4449329746299466, 7.464650069844936]]}}