{"no_of_atoms": 144, "centre_of_mass": [21.27244879694837, 21.27248870305164, 16.396265055826415], "maximum_diameter": {"diameter": 17.798251214524623, "atom_1": 12, "atom_2": 142}, "pore_diameter": {"diameter": 7.6815528713577965, "atom": 73}, "pore_volume": 237.32620499447856, "pore_diameter_opt": {"diameter": 7.68177328661427, "atom_1": 73, "centre_of_mass": [21.272408736254285, 21.27240864646139, 16.39632933494274]}, "pore_volume_opt": 237.34663516721693, "windows": {"diameters": [6.442125385366837, 6.445088037060985], "centre_of_mass": [[23.758546785392912, 22.580927486657394, 17.752825794350734], [18.718744933549885, 19.916883128269056, 14.994674138830991]]}}