{"no_of_atoms": 208, "centre_of_mass": [13.640456051090757, 1.0985690181946774, 8.67233630265146], "maximum_diameter": {"diameter": 20.458189625890192, "atom_1": 100, "atom_2": 161}, "pore_diameter": {"diameter": 0.8652482729454118, "atom": 103}, "pore_volume": 0.3391726664067082, "pore_diameter_opt": {"diameter": 1.147191453840127, "atom_1": 190, "centre_of_mass": [13.920944771298041, 1.2880333212266006, 8.439357779904672]}, "pore_volume_opt": 0.7905081127185716, "windows": {"diameters": [1.0914685349207396, 0.631383723626858, 1.4469289246291979, 0.7054209558848785], "centre_of_mass": [[13.134695673568805, 0.9025773652443179, 9.462690010369567], [14.224587153742792, -0.0005837882690076235, 8.138589634619427], [14.88772687283773, 3.096357987068141, 7.3750066721311445], [14.756575576072121, 0.44006728771229275, 7.704893741223815]]}}