{"no_of_atoms": 104, "centre_of_mass": [6.249654258660477, 8.160125171093611, 17.45176521328017], "maximum_diameter": {"diameter": 14.589325203249373, "atom_1": 11, "atom_2": 102}, "pore_diameter": {"diameter": 3.429202426248519, "atom": 60}, "pore_volume": 21.114363271581055, "pore_diameter_opt": {"diameter": 3.673122569605511, "atom_1": 49, "centre_of_mass": [6.30784926738613, 8.293569088931683, 17.419094832578097]}, "pore_volume_opt": 25.94805945772925, "windows": {"diameters": [2.5835706018137796, 3.7406839388001445, 3.5048597007771813], "centre_of_mass": [[5.647466533964846, 7.18550849072435, 19.565007293242136], [6.432010852815729, 8.84222472220257, 17.071808351438314], [6.760847428285627, 6.885177903364525, 16.502228840980226]]}}