{"no_of_atoms": 108, "centre_of_mass": [15.973816276433528, 5.797, 7.4759457766542265], "maximum_diameter": {"diameter": 14.34446040726838, "atom_1": 52, "atom_2": 67}, "pore_diameter": {"diameter": 5.320653592685023, "atom": 84}, "pore_volume": 78.86668310807781, "pore_diameter_opt": {"diameter": 5.32108302152673, "atom_1": 84, "centre_of_mass": [15.973672662639517, 5.7971573973616914, 7.4759999935401655]}, "pore_volume_opt": 78.88578058998063, "windows": {"diameters": [3.695796741618853, 3.692706185795891], "centre_of_mass": [[14.94206721292327, 2.7612737626914483, 7.476051196804827], [16.99501046287363, 8.800729271189537, 7.47599784707989]]}}