{"no_of_atoms": 188, "centre_of_mass": [11.341864639828106, 12.962941396094388, 11.123818943846999], "maximum_diameter": {"diameter": 20.94018134240711, "atom_1": 2, "atom_2": 185}, "pore_diameter": {"diameter": 4.024356324629876, "atom": 178}, "pore_volume": 34.126197785403335, "pore_diameter_opt": {"diameter": 4.024612911352403, "atom_1": 36, "centre_of_mass": [11.341928116583437, 12.962838744611995, 11.123775428767624]}, "pore_volume_opt": 34.13272570204703, "windows": {"diameters": [4.009427957016834, 3.7242963751009754, 2.0089471211510097, 0.9922730760892864], "centre_of_mass": [[6.093098179705374, 14.714849970017475, 10.3188384539021], [16.206923087839392, 11.565546530131366, 11.8484075757953], [10.677386512890273, 15.751672710587231, 10.295739400228342], [7.695238689827136, 10.921102746936253, 8.405707738078755]]}}