{"no_of_atoms": 188, "centre_of_mass": [5.8059223406783005, 6.481466376896929, 0.0002629432202829495], "maximum_diameter": {"diameter": 20.93993019709828, "atom_1": 105, "atom_2": 125}, "pore_diameter": {"diameter": 4.024764859667375, "atom": 78}, "pore_volume": 34.136591867129916, "pore_diameter_opt": {"diameter": 4.025073827358174, "atom_1": 133, "centre_of_mass": [5.80599878169092, 6.481589979093901, 0.00021055337607575657]}, "pore_volume_opt": 34.14445412543459, "windows": {"diameters": [3.6247186990794282, 4.573321366388534], "centre_of_mass": [[10.456884274527404, 7.613048023523991, 0.6385498688102229], [3.7763249392647262, 6.897374710347581, -0.6084615704792157]]}}