{"no_of_atoms": 141, "centre_of_mass": [8.294785072990052, 0.40936100069808, 15.9062746755692], "maximum_diameter": {"diameter": 17.540860890131125, "atom_1": 47, "atom_2": 118}, "pore_diameter": {"diameter": 4.860402373923687, "atom": 99}, "pore_volume": 60.11949103570731, "pore_diameter_opt": {"diameter": 4.970116747127108, "atom_1": 60, "centre_of_mass": [8.257436318887997, 0.45953239782089167, 15.923029994533557]}, "pore_volume_opt": 64.28333405562273, "windows": {"diameters": [4.564416965406245, 3.928727973036571], "centre_of_mass": [[10.481912889875971, 0.5424505223534167, 20.426329507421713], [6.4062931169330355, 0.49582071593928295, 12.205341273151642]]}}