{"no_of_atoms": 135, "centre_of_mass": [5.978345045474694, 0.042732446095235896, 37.60941557978131], "maximum_diameter": {"diameter": 17.31452457053242, "atom_1": 57, "atom_2": 89}, "pore_diameter": {"diameter": 4.908189261276659, "atom": 22}, "pore_volume": 61.9102453363612, "pore_diameter_opt": {"diameter": 5.047480038944244, "atom_1": 54, "centre_of_mass": [5.8703116676038904, 0.04671290804471825, 37.485287581187904]}, "pore_volume_opt": 67.33214541906116, "windows": {"diameters": [4.232695145194766, 4.506964312182676], "centre_of_mass": [[7.3226375700760515, -0.33422485084096704, 40.65180580424452], [4.057389936396806, -0.38534715586694096, 34.11182619302359]]}}