{"no_of_atoms": 162, "centre_of_mass": [4.988118010708949, 17.03327639037727, 9.926844606157182], "maximum_diameter": {"diameter": 17.431547167418785, "atom_1": 63, "atom_2": 161}, "pore_diameter": {"diameter": 6.661214804064336, "atom": 92}, "pore_volume": 154.76007731559193, "pore_diameter_opt": {"diameter": 6.679800174962995, "atom_1": 39, "centre_of_mass": [4.9890020141095155, 17.023160000877606, 9.926806261966014]}, "pore_volume_opt": 156.05907729064543, "windows": {"diameters": [5.605751790748997, 5.60399472843751], "centre_of_mass": [[1.3344128586901105, 16.97224179224942, 10.000182607951178], [8.524968934395208, 16.971442118064786, 9.853480125313036]]}}