{"no_of_atoms": 120, "centre_of_mass": [16.632400702204198, 14.81518268496368, 5.876003391575567], "maximum_diameter": {"diameter": 16.086478068812287, "atom_1": 12, "atom_2": 116}, "pore_diameter": {"diameter": 5.209818166953109, "atom": 25}, "pore_volume": 74.03998460371476, "pore_diameter_opt": {"diameter": 5.210268648719831, "atom_1": 25, "centre_of_mass": [16.632471881127437, 14.815318521679034, 5.875838420659392]}, "pore_volume_opt": 74.05919249894602, "windows": {"diameters": [3.621483646028139, 3.6450233953744746], "centre_of_mass": [[19.51578479368988, 15.517413334249575, 5.9968193062478115], [13.472875756569387, 14.037523199097102, 5.7482514036012535]]}}