{"no_of_atoms": 140, "centre_of_mass": [5.82746155483088, 5.227742824661199, 4.752230345102597], "maximum_diameter": {"diameter": 19.49638489985713, "atom_1": 54, "atom_2": 139}, "pore_diameter": {"diameter": 4.438035115268558, "atom": 96}, "pore_volume": 45.768936895088295, "pore_diameter_opt": {"diameter": 4.698202807337484, "atom_1": 17, "centre_of_mass": [6.3274040624676555, 5.227999637954962, 4.965789947209178]}, "pore_volume_opt": 54.29925892938535, "windows": {"diameters": [3.730678013396933, 3.9624373646856097], "centre_of_mass": [[8.462431153658095, 5.227530406255296, 7.1122762751435555], [2.501529766392226, 5.228014832035635, 3.9744919064642668]]}}