{"no_of_atoms": 144, "centre_of_mass": [6.216890393771169, 3.9267418706756123, 4.633795479241982], "maximum_diameter": {"diameter": 19.24175984475224, "atom_1": 62, "atom_2": 104}, "pore_diameter": {"diameter": 3.719683228260146, "atom": 106}, "pore_volume": 26.947376603502953, "pore_diameter_opt": {"diameter": 4.445283020376539, "atom_1": 106, "centre_of_mass": [7.352444438190498, 3.933370691130983, 4.780958901952234]}, "pore_volume_opt": 45.993543701137035, "windows": {"diameters": [3.9924414307595693, 3.721583981899006], "centre_of_mass": [[5.602957878920138, 3.92647377240996, 3.425961447724287], [9.67373767132704, 3.9266493682627197, 5.113693600795387]]}}