{"no_of_atoms": 144, "centre_of_mass": [4.355600405057782, 4.182386191368316, 13.763530334454364], "maximum_diameter": {"diameter": 19.612238553897775, "atom_1": 44, "atom_2": 117}, "pore_diameter": {"diameter": 4.742512710319167, "atom": 102}, "pore_volume": 55.850122861289236, "pore_diameter_opt": {"diameter": 4.828462573520868, "atom_1": 27, "centre_of_mass": [4.362680533740709, 4.182007045176148, 13.71417469389956]}, "pore_volume_opt": 58.94204920344339, "windows": {"diameters": [4.81511895336863, 3.925248423606732], "centre_of_mass": [[3.914499967593639, 4.181995399501976, 12.884244463628868], [8.3431788311865, 4.181990415664359, 14.943274844107346]]}}