{"no_of_atoms": 150, "centre_of_mass": [4.296540688164184, 5.732938048792195, 6.114432544254162], "maximum_diameter": {"diameter": 18.49170984348692, "atom_1": 4, "atom_2": 146}, "pore_diameter": {"diameter": 3.8636186082634887, "atom": 32}, "pore_volume": 30.198221727773955, "pore_diameter_opt": {"diameter": 3.864577628256685, "atom_1": 102, "centre_of_mass": [4.296840368016577, 5.732779672493314, 6.114771718626269]}, "pore_volume_opt": 30.220714543833246, "windows": {"diameters": [4.076672120585263, 4.061974784218947], "centre_of_mass": [[3.7174889223504546, 5.8245860344726115, 6.669684270993275], [4.867874681283212, 5.683571222397762, 5.587115464784683]]}}