{"no_of_atoms": 102, "centre_of_mass": [11.48469299860413, 12.018408272373302, 13.164504072165489], "maximum_diameter": {"diameter": 20.055543124615824, "atom_1": 6, "atom_2": 101}, "pore_diameter": {"diameter": 1.4000832694876957, "atom": 95}, "pore_volume": 1.4370114223248702, "pore_diameter_opt": {"diameter": 3.8141462506974086, "atom_1": 95, "centre_of_mass": [10.784651363860283, 11.318366637629454, 12.464462437421641]}, "pore_volume_opt": 29.05297748440591, "windows": {"diameters": [5.604034798288614, 1.4686687366981075], "centre_of_mass": [[10.289703572579434, 10.807392702771006, 11.001291204760745], [9.53412539197391, 14.47570045835562, 12.577962606915547]]}}