{"no_of_atoms": 135, "centre_of_mass": [-1.3740268786431225, 14.543832145780172, 19.436398415169297], "maximum_diameter": {"diameter": 19.534327587089052, "atom_1": 31, "atom_2": 121}, "pore_diameter": {"diameter": 0.5113727739428411, "atom": 104}, "pore_volume": 0.07001827841181507, "pore_diameter_opt": {"diameter": 0.5570430474448753, "atom_1": 104, "centre_of_mass": [-1.35902012457776, 14.528825390852726, 19.42139161544567]}, "pore_volume_opt": 0.09050340034415075, "windows": {"diameters": [1.2539671591350534, 0.6751026240783093, 0.42645128746739447], "centre_of_mass": [[-0.8204140755985014, 12.952283567327633, 19.812734065282587], [-0.9498633611308556, 14.3485166327401, 19.65106724735379], [-2.394705539765279, 14.68279348932392, 19.247231670403867]]}}