{"no_of_atoms": 108, "centre_of_mass": [10.45129817724008, 4.771255011837407, 8.968878497050683], "maximum_diameter": {"diameter": 14.643206569739586, "atom_1": 39, "atom_2": 81}, "pore_diameter": {"diameter": 5.190739037043217, "atom": 77}, "pore_volume": 73.22952354607153, "pore_diameter_opt": {"diameter": 5.190851026943612, "atom_1": 19, "centre_of_mass": [10.451258613336947, 4.771217579129147, 8.968891519958756]}, "pore_volume_opt": 73.23426341678706, "windows": {"diameters": [3.5905303393644674, 3.5880398041880213], "centre_of_mass": [[12.400258048337948, 5.577424756403393, 11.333506104250478], [8.516217441249685, 3.973712116744795, 6.62323400951544]]}}