{"no_of_atoms": 83, "centre_of_mass": [14.022910228029529, 18.697660153770627, 23.817543207734186], "maximum_diameter": {"diameter": 16.735587415147492, "atom_1": 11, "atom_2": 80}, "pore_diameter": {"diameter": 3.115724558451817, "atom": 16}, "pore_volume": 15.837104948808365, "pore_diameter_opt": {"diameter": 3.4617528869501863, "atom_1": 20, "centre_of_mass": [14.25469098604897, 18.842672873637635, 24.02005156917356]}, "pore_volume_opt": 21.721349898314088, "windows": {"diameters": [3.6224589666433213, 3.6173059134862693, 2.5043557585734852], "centre_of_mass": [[15.16097153424946, 18.872024460456895, 24.156250323089633], [15.143090691585618, 18.58751769046493, 24.046195675716348], [10.121809724819258, 18.759517334178707, 24.04669627664387]]}}