{"no_of_atoms": 83, "centre_of_mass": [10.960419550256859, 9.474403094485453, 4.830183505457638], "maximum_diameter": {"diameter": 16.471231577439365, "atom_1": 17, "atom_2": 64}, "pore_diameter": {"diameter": 3.356360208146358, "atom": 46}, "pore_volume": 19.797224733546805, "pore_diameter_opt": {"diameter": 3.6492954485641866, "atom_1": 38, "centre_of_mass": [10.875373186188884, 9.25202233062921, 4.796865598833414]}, "pore_volume_opt": 25.446361855261863, "windows": {"diameters": [3.656924687475589, 2.4958598096805256, 3.553277400305434], "centre_of_mass": [[11.135899265762431, 8.971414614532446, 5.448965453850798], [14.034299950120628, 14.486125659243834, 5.073666879510133], [10.848934647425876, 9.770085226432487, 3.5421697706586937]]}}