{"no_of_atoms": 89, "centre_of_mass": [2.0716115357759395, 3.1110476324705543, 8.006771167376895], "maximum_diameter": {"diameter": 13.581074905463957, "atom_1": 41, "atom_2": 66}, "pore_diameter": {"diameter": 1.048279249399227, "atom": 61}, "pore_volume": 0.6031559126227225, "pore_diameter_opt": {"diameter": 1.472784649508538, "atom_1": 69, "centre_of_mass": [2.1198991676613828, 3.5992181088129436, 8.530910792076508]}, "pore_volume_opt": 1.6726934998288652, "windows": {"diameters": [0.6006081573048738, 0.6956467236860191, 0.7858706024978734], "centre_of_mass": [[2.4143955893754927, 1.772450867029824, 8.147987999024506], [0.574307934181125, 3.807902298542985, 8.834327427864576], [2.905336857790747, 4.664581386860431, 7.9205342316290075]]}}