{"no_of_atoms": 68, "centre_of_mass": [-4.995056974950639e-06, 0.00012403400404856996, 19.51654838589789], "maximum_diameter": {"diameter": 13.314897125703494, "atom_1": 10, "atom_2": 67}, "pore_diameter": {"diameter": 1.709700807440273, "atom": 35}, "pore_volume": 2.6167303568102103, "pore_diameter_opt": {"diameter": 1.7099341189492931, "atom_1": 33, "centre_of_mass": [9.359908790427846e-05, 9.972450293269396e-06, 19.516548310552146]}, "pore_volume_opt": 2.6178017664195523, "windows": {"diameters": [0.8523343423842467, 0.8442937825797885, 0.9216161241563543], "centre_of_mass": [[-1.1391753653791648, -1.1440971794620098, 19.516451909279436], [-0.4013132163416586, 1.4706088681216853, 19.516512990634915], [1.9711498664714304, -0.5747623116303943, 19.516464084230538]]}}