{"no_of_atoms": 123, "centre_of_mass": [4.379774592328336, 18.026945973100904, 5.205725405875357], "maximum_diameter": {"diameter": 17.194876389767586, "atom_1": 8, "atom_2": 122}, "pore_diameter": {"diameter": 3.96973217742694, "atom": 14}, "pore_volume": 32.75535005101724, "pore_diameter_opt": {"diameter": 4.848197701904265, "atom_1": 22, "centre_of_mass": [4.417381497153955, 18.501271324622454, 5.213227311977734]}, "pore_volume_opt": 59.66773969435543, "windows": {"diameters": [4.190657470804991, 4.359377674789952], "centre_of_mass": [[1.1535795832017501, 18.52048257125384, 6.048045075346389], [8.666306364467893, 18.55463302020017, 3.757989085534536]]}}