{"no_of_atoms": 145, "centre_of_mass": [7.468943447841327, 14.639835546216169, 4.891182239692907], "maximum_diameter": {"diameter": 24.718691110533022, "atom_1": 136, "atom_2": 140}, "pore_diameter": {"diameter": 4.574406929797082, "atom": 57}, "pore_volume": 50.11907073735496, "pore_diameter_opt": {"diameter": 4.794351546969407, "atom_1": 9, "centre_of_mass": [7.464039822321356, 14.167438969814835, 4.8844004432104695]}, "pore_volume_opt": 57.70165225876399, "windows": {"diameters": [1.6234608010854137, 0.9391223054479512, 0.8157284695344358, 1.542517907603409], "centre_of_mass": [[9.807321052313526, 13.493815849502825, 7.879496321414003], [10.09980384573312, 11.549708691530963, 5.916322563529818], [4.359517818321544, 10.99913742499018, 3.76272871395786], [4.951329375437881, 13.285287276227416, 1.5047009274179257]]}}