{"no_of_atoms": 145, "centre_of_mass": [13.453000904742632, 6.073699692764486, 14.687791512472975], "maximum_diameter": {"diameter": 24.156819697136342, "atom_1": 7, "atom_2": 133}, "pore_diameter": {"diameter": 4.555758840395523, "atom": 44}, "pore_volume": 49.508617842179355, "pore_diameter_opt": {"diameter": 4.797174854281556, "atom_1": 96, "centre_of_mass": [13.493252078842444, 5.619514606138629, 14.700035543110442]}, "pore_volume_opt": 57.803650692827105, "windows": {"diameters": [1.5790288171398839, 1.3706610425913794, 0.804501298192648, 1.4875685869021873], "centre_of_mass": [[15.791100630900937, 4.924608028911114, 17.66419522847083], [16.71207246347215, 4.324746403256768, 16.70005728935789], [10.337729720999619, 2.4158758898507044, 13.556086882625337], [10.929909958773358, 4.694808572356603, 11.27595869529792]]}}