{"no_of_atoms": 145, "centre_of_mass": [7.411996381029481, 2.560889809887364, 4.895915527735117], "maximum_diameter": {"diameter": 24.156819697136346, "atom_1": 136, "atom_2": 140}, "pore_diameter": {"diameter": 4.554921409782585, "atom": 80}, "pore_volume": 49.48132113069633, "pore_diameter_opt": {"diameter": 4.803892311090566, "atom_1": 40, "centre_of_mass": [7.410839481582665, 3.040660825175161, 4.894266302770351]}, "pore_volume_opt": 58.04681725508362, "windows": {"diameters": [1.4915424804042403, 1.045091581194463, 1.6572644621735568], "centre_of_mass": [[9.950116543791891, 3.959267275978024, 8.341315090600833], [10.848711288730424, -0.25389743218229155, 5.668567658184527], [4.609500801216061, 4.195376737659103, 0.870339107882689]]}}