{"no_of_atoms": 140, "centre_of_mass": [13.77289168371501, 12.334724483075956, 12.669951981827257], "maximum_diameter": {"diameter": 24.086103578683275, "atom_1": 92, "atom_2": 102}, "pore_diameter": {"diameter": 3.9104366427939783, "atom": 13}, "pore_volume": 31.30937395079767, "pore_diameter_opt": {"diameter": 4.241588588112888, "atom_1": 13, "centre_of_mass": [13.891736638207892, 12.27426264341816, 12.768113557723169]}, "pore_volume_opt": 39.9562064210542, "windows": {"diameters": [5.244655883682057, 4.0307778450680605, 4.365047146919171], "centre_of_mass": [[14.922782419215775, 16.455215552917654, 12.478168622387054], [14.085812554506346, 10.522764940704976, 12.109281494588956], [14.35128943751231, 12.414076983483728, 12.303525743345967]]}}