{"no_of_atoms": 108, "centre_of_mass": [8.584499999999997, 4.95624491548507, 7.405294879167113], "maximum_diameter": {"diameter": 17.47910641181373, "atom_1": 46, "atom_2": 79}, "pore_diameter": {"diameter": 5.2195319436574525, "atom": 90}, "pore_volume": 74.45490293338531, "pore_diameter_opt": {"diameter": 5.3571352293652765, "atom_1": 19, "centre_of_mass": [8.58440002625352, 4.956247455934394, 7.022223660857145]}, "pore_volume_opt": 80.5001056483898, "windows": {"diameters": [3.6554855594335254, 3.920277767664101, 3.886887445676693, 3.887326859906899], "centre_of_mass": [[8.58472133900146, 4.955947873192683, 10.289242776456156], [6.166126229907931, 3.4950858615063263, 6.2138602247385695], [8.558247784199242, 7.4333755996256485, 6.328384471292881], [10.797143919285176, 3.715120849763994, 6.308689209518072]]}}