{"no_of_atoms": 168, "centre_of_mass": [6.050723041873819, 6.05072304187382, 18.223276958126192], "maximum_diameter": {"diameter": 22.380504968935803, "atom_1": 103, "atom_2": 126}, "pore_diameter": {"diameter": 5.293051037311761, "atom": 27}, "pore_volume": 77.64560301969259, "pore_diameter_opt": {"diameter": 5.557075826596323, "atom_1": 37, "centre_of_mass": [5.970477619746775, 5.97047783661234, 18.30352208730996]}, "pore_volume_opt": 89.85403630761097, "windows": {"diameters": [3.971578736098795, 3.904890624183501, 3.8962243599964332, 3.89727357703412], "centre_of_mass": [[4.41024795731706, 4.410218332736643, 19.863778330207946], [7.376466623130758, 7.906957575081341, 20.045720394597794], [7.743891637783311, 4.362048507446073, 17.016248300554867], [4.377412085436861, 7.24407071305675, 16.548911975846725]]}}