{"no_of_atoms": 168, "centre_of_mass": [2.0593298900841602e-05, 9.912570781747187, 31.91789449849134], "maximum_diameter": {"diameter": 22.395119564326095, "atom_1": 119, "atom_2": 130}, "pore_diameter": {"diameter": 5.600175515727919, "atom": 37}, "pore_volume": 91.96096878154326, "pore_diameter_opt": {"diameter": 5.600725713812224, "atom_1": 136, "centre_of_mass": [0.00019647174943985838, 9.912829889311945, 31.917970753345877]}, "pore_volume_opt": 91.98807599621853, "windows": {"diameters": [4.097141531412332, 4.10661867039976, 4.142752562905789, 3.8065340294047307], "centre_of_mass": [[1.9884006596678807, 11.384929175098097, 32.992340181070574], [-2.119488429051815, 10.837183847912137, 32.93922442505756], [0.33548188534874457, 7.042526156793995, 33.12905676916686], [0.00011447835275285657, 9.912625469185237, 28.998467115087493]]}}