{"no_of_atoms": 256, "centre_of_mass": [7.52872759730227, 7.528727597302272, 7.52872759730227], "maximum_diameter": {"diameter": 28.46433649533501, "atom_1": 50, "atom_2": 253}, "pore_diameter": {"diameter": 8.876192308035403, "atom": 16}, "pore_volume": 366.1666030199728, "pore_diameter_opt": {"diameter": 8.876192308035403, "atom_1": 16, "centre_of_mass": [7.52872759730227, 7.528727597302272, 7.52872759730227]}, "pore_volume_opt": 366.1666030199728, "windows": {"diameters": [5.918356580319175, 5.908918290030442, 5.908850135655159, 5.914033839028676], "centre_of_mass": [[10.568212909409382, 4.489783766891419, 10.568312438306174], [4.572048597334389, 10.485908392988733, 10.485920677850668], [4.573029011518751, 4.572985604739159, 4.572964940250972], [10.53959829511637, 10.539598894713343, 4.518398853751969]]}}