{"no_of_atoms": 108, "centre_of_mass": [-1.0388267838322844e-16, 3.962102153969494e-17, -2.240057754894414e-16], "maximum_diameter": {"diameter": 17.407193569400764, "atom_1": 18, "atom_2": 107}, "pore_diameter": {"diameter": 6.0395444805350635, "atom": 1}, "pore_volume": 115.34829374617307, "pore_diameter_opt": {"diameter": 6.0395444805350635, "atom_1": 1, "centre_of_mass": [-1.0388267838322844e-16, 3.962102153969494e-17, -2.240057754894414e-16]}, "pore_volume_opt": 115.34829374617307, "windows": {"diameters": [4.2635985417872835, 4.249519507683713, 4.254237873829412, 4.249283989137396], "centre_of_mass": [[-1.7469550760896506, 1.7470104887159492, 1.7469681627694658], [1.6431983147691036, -1.6432504624406616, 1.6432399163351925], [-1.6938343848691328, -1.6938514841023893, -1.6937789928308562], [1.6380063679347174, 1.6380103434260491, -1.637978856139542]]}}