{"no_of_atoms": 168, "centre_of_mass": [6.127499999999999, 18.382499999999997, 18.3825], "maximum_diameter": {"diameter": 22.13567613487451, "atom_1": 84, "atom_2": 130}, "pore_diameter": {"diameter": 5.682236453649466, "atom": 37}, "pore_volume": 96.06308469126397, "pore_diameter_opt": {"diameter": 5.682236453649466, "atom_1": 37, "centre_of_mass": [6.127499999999999, 18.382499999999997, 18.3825]}, "pore_volume_opt": 96.06308469126397, "windows": {"diameters": [3.91910802290548, 3.9177727889689353, 3.91034910798227, 3.9177600569086883], "centre_of_mass": [[4.460535065999989, 16.71546408210776, 20.049477014249902], [7.786119713098618, 20.041109892327697, 20.041096169295454], [7.696767534083191, 16.81327514368186, 16.813247811860744], [4.468497257542911, 20.0414197663151, 16.723603781753244]]}}