{"no_of_atoms": 88, "centre_of_mass": [-0.17452042955856326, 24.417148326961478, 5.012940487134048], "maximum_diameter": {"diameter": 17.613072474397313, "atom_1": 20, "atom_2": 81}, "pore_diameter": {"diameter": 1.4613887086265742, "atom": 22}, "pore_volume": 1.634164849492148, "pore_diameter_opt": {"diameter": 1.980720186992213, "atom_1": 67, "centre_of_mass": [-0.3415297106736011, 24.584157631017447, 5.179949842352909]}, "pore_volume_opt": 4.068815579730982, "windows": {"diameters": [2.5007039624673815, 2.0245477220906722, 1.153763971845144], "centre_of_mass": [[0.8013293027263908, 23.362510781317305, 6.890468549496031], [-0.5185238639886621, 23.61382409582915, 5.516080073622273], [0.3993455945118504, 27.219903762092333, 4.677794612444333]]}}