{"no_of_atoms": 79, "centre_of_mass": [5.674223001142159, 18.210566456064605, 6.239300425714004], "maximum_diameter": {"diameter": 16.638105097141878, "atom_1": 2, "atom_2": 73}, "pore_diameter": {"diameter": 1.755992335281538, "atom": 50}, "pore_volume": 2.8350875190207914, "pore_diameter_opt": {"diameter": 2.8015815511393147, "atom_1": 34, "centre_of_mass": [5.966869827108745, 17.51176805484661, 6.449291876365643]}, "pore_volume_opt": 11.513528195921735, "windows": {"diameters": [2.9373200720047596, 0.9183398167566117, 2.9030281812012224], "centre_of_mass": [[5.8157223468170125, 16.884519993277117, 6.961459641532735], [5.856122976523105, 20.083910288781894, 6.679700984433828], [6.0438604890769705, 16.8679324722941, 6.278189083987118]]}}