{"no_of_atoms": 144, "centre_of_mass": [9.667000000000002, 27.90622287453354, 4.499000000000002], "maximum_diameter": {"diameter": 18.250822629846915, "atom_1": 18, "atom_2": 134}, "pore_diameter": {"diameter": 7.15190163926953, "atom": 81}, "pore_volume": 191.541648622929, "pore_diameter_opt": {"diameter": 7.151995076870872, "atom_1": 54, "centre_of_mass": [9.667004560762742, 27.906213081921983, 4.498954543002146]}, "pore_volume_opt": 191.54915603575282, "windows": {"diameters": [5.881982897721227, 5.881234643443691], "centre_of_mass": [[12.156745111213255, 26.77017639850917, 6.117644130132082], [7.199807606509085, 29.025536406714437, 2.8992037377833055]]}}