{"no_of_atoms": 144, "centre_of_mass": [29.001000000000005, 16.74367245922114, -9.021313851233668e-17], "maximum_diameter": {"diameter": 18.25082262984693, "atom_1": 26, "atom_2": 126}, "pore_diameter": {"diameter": 7.151713220592038, "atom": 54}, "pore_volume": 191.52651038062118, "pore_diameter_opt": {"diameter": 7.151785487446917, "atom_1": 84, "centre_of_mass": [29.00100352727961, 16.74366488863611, -3.516178061764602e-05]}, "pore_volume_opt": 191.532316468463, "windows": {"diameters": [5.882230179238717, 5.880217238485925], "centre_of_mass": [[31.490138759267833, 15.607375834293311, 1.6184769076993641], [26.53507751923368, 17.864706629465097, -1.6001584396134945]]}}