{"no_of_atoms": 210, "centre_of_mass": [-0.0001353814827799028, 7.818438143839658, 108.37108270358998], "maximum_diameter": {"diameter": 31.039709965793065, "atom_1": 7, "atom_2": 208}, "pore_diameter": {"diameter": 7.890907884095764, "atom": 137}, "pore_volume": 257.264311138238, "pore_diameter_opt": {"diameter": 7.891200266738371, "atom_1": 33, "centre_of_mass": [-0.0004351948739778365, 7.818493842874809, 108.37100126979853]}, "pore_volume_opt": 257.2929095228848, "windows": {"diameters": [8.340179791091003, 7.815674543539334, 7.8184502052308655], "centre_of_mass": [[2.618523819074354, 12.649610743708639, 107.54162790737142], [0.40211101753981315, 7.139351825265048, 108.36915156389459], [-0.8388198730264171, 7.820475870684038, 108.37140171271814]]}}