{"no_of_atoms": 105, "centre_of_mass": [4.26722876439087, 16.122773957785178, 12.472371983440732], "maximum_diameter": {"diameter": 23.422888470299682, "atom_1": 41, "atom_2": 76}, "pore_diameter": {"diameter": 1.337608879402493, "atom": 81}, "pore_volume": 1.2531009277189975, "pore_diameter_opt": {"diameter": 1.4360434525270036, "atom_1": 81, "centre_of_mass": [4.263805781580823, 16.085115414616766, 12.439450219536345]}, "pore_volume_opt": 1.5506056637056311, "windows": {"diameters": [1.4859213232369188, 0.8498256801583088, 0.8192343520865539, 1.9338700088891119], "centre_of_mass": [[1.6597507618069351, 16.83306822359935, 14.501978281641598], [4.51277586336311, 14.57597220757421, 12.880187383627575], [3.142795103090504, 17.240903401022816, 12.811083135586639], [6.349336408363902, 18.55919753127415, 10.644335859383514]]}}