{"no_of_atoms": 195, "centre_of_mass": [13.039477715303354, 23.423577396052487, 11.835188719272507], "maximum_diameter": {"diameter": 21.052598602206317, "atom_1": 121, "atom_2": 193}, "pore_diameter": {"diameter": 5.552369261691492, "atom": 63}, "pore_volume": 89.62592401091166, "pore_diameter_opt": {"diameter": 5.604440120932653, "atom_1": 155, "centre_of_mass": [13.060549446480655, 23.42465115230002, 11.853290947871102]}, "pore_volume_opt": 92.17121716506561, "windows": {"diameters": [5.585219459985153, 3.8163082771065864], "centre_of_mass": [[7.542541013257034, 21.682717345180006, 14.616075357989466], [16.321566835128948, 23.455388469072524, 10.070654982585541]]}}