{"no_of_atoms": 195, "centre_of_mass": [-6.284935840285447, 23.42357739605249, 23.610024022592658], "maximum_diameter": {"diameter": 21.054089143585184, "atom_1": 137, "atom_2": 190}, "pore_diameter": {"diameter": 5.554057573591079, "atom": 73}, "pore_volume": 89.70770668193492, "pore_diameter_opt": {"diameter": 5.60503619776267, "atom_1": 49, "centre_of_mass": [-6.308088711518972, 23.423734559816218, 23.59172847898882]}, "pore_volume_opt": 92.20062972157142, "windows": {"diameters": [3.9511293900101436, 3.9161510495731027], "centre_of_mass": [[-8.31837987523479, 23.791824135262676, 26.588213198976835], [-3.4337913350440985, 21.860999922916164, 22.31485945220834]]}}