{"no_of_atoms": 292, "centre_of_mass": [6.7046089253277685, 10.328089981094067, 7.821605784225293], "maximum_diameter": {"diameter": 21.61090306702187, "atom_1": 111, "atom_2": 283}, "pore_diameter": {"diameter": 4.982180039061379, "atom": 12}, "pore_volume": 64.75254979700775, "pore_diameter_opt": {"diameter": 5.904011704008998, "atom_1": 12, "centre_of_mass": [6.697775698469337, 10.775999987675322, 7.4812607158818905]}, "pore_volume_opt": 107.75569976857314, "windows": {"diameters": [4.897015000706148, 4.902634893201455, 2.0873385646099787], "centre_of_mass": [[7.788601056397395, 10.763535941383322, 11.043195453303971], [5.532858268629247, 10.764772447770191, 4.3909959206350315], [11.412035237907043, 10.990126505078585, 2.6002043740635763]]}}