{"no_of_atoms": 195, "centre_of_mass": [6.476425914225605, 9.897139153428208, 0.019712243731957003], "maximum_diameter": {"diameter": 21.054614751035317, "atom_1": 141, "atom_2": 183}, "pore_diameter": {"diameter": 5.554607242297465, "atom": 158}, "pore_volume": 89.73434363984002, "pore_diameter_opt": {"diameter": 5.606337324770887, "atom_1": 55, "centre_of_mass": [6.496234346893272, 9.898059952605847, 0.03864567468409906]}, "pore_volume_opt": 92.26485370272708, "windows": {"diameters": [5.585523499255942, 3.8162488394758776], "centre_of_mass": [[0.9798015456341798, 8.156446516142154, 2.800184992405249], [9.757881381950455, 9.929414804214098, -1.7447099878417238]]}}