{"no_of_atoms": 128, "centre_of_mass": [35.0889474859441, 0.5998500440207729, 13.588621696267117], "maximum_diameter": {"diameter": 17.413230944221915, "atom_1": 35, "atom_2": 127}, "pore_diameter": {"diameter": 4.2716841937698025, "atom": 49}, "pore_volume": 40.8127666012879, "pore_diameter_opt": {"diameter": 4.912027552021334, "atom_1": 63, "centre_of_mass": [34.952592084311995, 0.5186129370439013, 13.304350697863468]}, "pore_volume_opt": 62.055603667881435, "windows": {"diameters": [3.8749738880800755, 4.633046861921262], "centre_of_mass": [[34.65119806506372, -3.159594729204965, 13.743060626133316], [35.340494458988964, 2.311981940153847, 12.9985267219165]]}}