{"no_of_atoms": 121, "centre_of_mass": [1.0905597126637547, 4.0900389517316915, 19.50913878235024], "maximum_diameter": {"diameter": 16.619123311337155, "atom_1": 82, "atom_2": 115}, "pore_diameter": {"diameter": 4.4437546723370005, "atom": 22}, "pore_volume": 45.94612041443698, "pore_diameter_opt": {"diameter": 4.944049681589588, "atom_1": 22, "centre_of_mass": [1.1384122416378755, 4.2103858088481045, 19.728010068964746]}, "pore_volume_opt": 63.27717777950918, "windows": {"diameters": [4.8560111497683796, 3.6975282964411673], "centre_of_mass": [[-0.7653052296513396, 3.3913862763547864, 20.20026047740804], [5.54558303387401, 5.963043123841584, 18.953476207910203]]}}