{"no_of_atoms": 192, "centre_of_mass": [19.284000000000002, 19.283999999999992, 6.427999999999999], "maximum_diameter": {"diameter": 22.39089013378679, "atom_1": 3, "atom_2": 188}, "pore_diameter": {"diameter": 7.0771988622913575, "atom": 40}, "pore_volume": 185.60207163582788, "pore_diameter_opt": {"diameter": 7.0771988622913575, "atom_1": 40, "centre_of_mass": [19.284000000000002, 19.283999999999992, 6.427999999999999]}, "pore_volume_opt": 185.60207163582788, "windows": {"diameters": [5.26413407843223, 5.262748868928149, 5.275347683018223, 5.273101931884142], "centre_of_mass": [[17.50305813827988, 21.064952971877094, 8.208955729129256], [21.05146440308589, 17.516483807806573, 8.195516357387046], [17.43128611658079, 17.431341456118645, 4.575302306893503], [21.12526129141273, 21.125290818622418, 4.586756847774772]]}}