{"no_of_atoms": 198, "centre_of_mass": [12.68499999999999, 12.684999999999999, 1.243941217534114e-16], "maximum_diameter": {"diameter": 22.30250491365327, "atom_1": 35, "atom_2": 194}, "pore_diameter": {"diameter": 5.737999999999989, "atom": 8}, "pore_volume": 98.91912225168129, "pore_diameter_opt": {"diameter": 5.737999999999989, "atom_1": 8, "centre_of_mass": [12.68499999999999, 12.684999999999999, 1.243941217534114e-16]}, "pore_volume_opt": 98.91912225168129, "windows": {"diameters": [3.4118789173501285, 3.420559834829564, 3.4162023381397826, 3.4090310992303565], "centre_of_mass": [[14.446030145492934, 14.44610043585806, 1.7611186511258827], [10.872130711440928, 10.872091601995875, 1.812909387525043], [10.893923908026633, 14.476140544111306, -1.7911272166475871], [14.398886741511546, 10.971041632541777, -1.7139294376620202]]}}