{"no_of_atoms": 192, "centre_of_mass": [12.85600000000001, 12.855999999999998, -1.415808085776296e-16], "maximum_diameter": {"diameter": 22.390890133786787, "atom_1": 16, "atom_2": 188}, "pore_diameter": {"diameter": 7.077198862291368, "atom": 30}, "pore_volume": 185.6020716358287, "pore_diameter_opt": {"diameter": 7.077198862291368, "atom_1": 30, "centre_of_mass": [12.85600000000001, 12.855999999999998, -1.415808085776296e-16]}, "pore_volume_opt": 185.6020716358287, "windows": {"diameters": [5.271717113075798, 5.267212280951188, 5.260073063311296, 5.272297886681846], "centre_of_mass": [[11.022273010613885, 11.022246168345974, 1.8337487778301205], [14.66189074071513, 14.66185594378188, 1.805841074764388], [14.572237602396635, 11.139753587093493, -1.716228088335686], [11.019093125600227, 14.692935511243695, -1.836899845510188]]}}