{"no_of_atoms": 192, "centre_of_mass": [6.428000000000004, 6.4280000000000035, 6.4280000000000035], "maximum_diameter": {"diameter": 22.390890133786787, "atom_1": 47, "atom_2": 190}, "pore_diameter": {"diameter": 7.077198862291368, "atom": 0}, "pore_volume": 185.6020716358287, "pore_diameter_opt": {"diameter": 7.077198862291368, "atom_1": 0, "centre_of_mass": [6.428000000000004, 6.4280000000000035, 6.4280000000000035]}, "pore_volume_opt": 185.6020716358287, "windows": {"diameters": [5.264134078432214, 5.262748868928162, 5.275347683018207, 5.273101931884126], "centre_of_mass": [[4.64705813827988, 8.208952971877105, 8.208955729129261], [8.195464403085895, 4.660483807806584, 8.19551635738705], [4.575286116580791, 4.575341456118656, 4.575302306893508], [8.269261291412732, 8.269290818622428, 4.586756847774776]]}}