{"no_of_atoms": 120, "centre_of_mass": [6.144516041627886, 5.003345887926091, 18.055391988018396], "maximum_diameter": {"diameter": 17.111436905007437, "atom_1": 40, "atom_2": 81}, "pore_diameter": {"diameter": 5.296945761675575, "atom": 115}, "pore_volume": 77.81712836025874, "pore_diameter_opt": {"diameter": 5.347415710549191, "atom_1": 115, "centre_of_mass": [6.166954026499392, 5.029811927785499, 18.01763969146703]}, "pore_volume_opt": 80.06274301451933, "windows": {"diameters": [3.895288164531279, 3.9514007092300245], "centre_of_mass": [[4.551800656732339, 3.5055749247370245, 20.234849588097664], [7.829838913788343, 6.727830621122623, 15.685088066746701]]}}