{"no_of_atoms": 144, "centre_of_mass": [12.954500000000003, 13.491500000000004, -2.6729818818470126e-17], "maximum_diameter": {"diameter": 17.671139467450413, "atom_1": 20, "atom_2": 129}, "pore_diameter": {"diameter": 7.856069562684837, "atom": 55}, "pore_volume": 253.87187073608308, "pore_diameter_opt": {"diameter": 7.856069562684837, "atom_1": 55, "centre_of_mass": [12.954500000000003, 13.491500000000004, -2.6729818818470126e-17]}, "pore_volume_opt": 253.87187073608308, "windows": {"diameters": [6.656411572410941, 6.651180215442261], "centre_of_mass": [[12.04618780613295, 13.893562138604231, 2.953606632447784], [13.666102151185147, 12.917789405078354, -2.888885231220006]]}}