{"no_of_atoms": 100, "centre_of_mass": [16.782688953505453, 4.850196645813139, 21.236614779569422], "maximum_diameter": {"diameter": 16.964084313882957, "atom_1": 56, "atom_2": 98}, "pore_diameter": {"diameter": 2.244301959039697, "atom": 42}, "pore_volume": 5.918920243738008, "pore_diameter_opt": {"diameter": 2.524291802881662, "atom_1": 42, "centre_of_mass": [16.82533495747672, 4.8098087479005125, 20.861234261819277]}, "pore_volume_opt": 8.422039875940822, "windows": {"diameters": [2.5110200432043315, 2.5746338619018165], "centre_of_mass": [[16.686935354598518, 4.575604329316982, 20.94215577629847], [17.065025950647765, 5.211834351658194, 20.94071430677234]]}}