{"no_of_atoms": 100, "centre_of_mass": [12.832519119158817, 14.895822689223712, 7.150080917555141], "maximum_diameter": {"diameter": 16.633453462754154, "atom_1": 40, "atom_2": 79}, "pore_diameter": {"diameter": 1.6339756321846863, "atom": 86}, "pore_volume": 2.284206425499741, "pore_diameter_opt": {"diameter": 1.6341092694857648, "atom_1": 15, "centre_of_mass": [12.832454462934354, 14.895833465746124, 7.15009868628093]}, "pore_volume_opt": 2.2847669237267505, "windows": {"diameters": [1.9216989562359736, 1.986038841612579], "centre_of_mass": [[12.769618036832313, 14.241600873188407, 6.596335269576234], [12.78084929062395, 15.479479045313973, 6.695234177209197]]}}