{"no_of_atoms": 138, "centre_of_mass": [17.91251795849101, 4.153102954006597, 7.048226947560452], "maximum_diameter": {"diameter": 22.150570572720245, "atom_1": 130, "atom_2": 133}, "pore_diameter": {"diameter": 0.827546328590167, "atom": 37}, "pore_volume": 0.29673964385927987, "pore_diameter_opt": {"diameter": 0.8825360404645033, "atom_1": 55, "centre_of_mass": [17.89427184440111, 4.135324531750881, 7.028650035483213]}, "pore_volume_opt": 0.35991170581281606, "windows": {"diameters": [0.5117976571443839, 0.5695232330684923], "centre_of_mass": [[18.994791574511375, 3.976358172044747, 6.824217504183482], [16.369751369251823, 4.05294099214775, 6.85837838787553]]}}