{"no_of_atoms": 138, "centre_of_mass": [4.813517958491, 3.4164780742609397, 24.78226440888819], "maximum_diameter": {"diameter": 22.151443362962024, "atom_1": 14, "atom_2": 133}, "pore_diameter": {"diameter": 0.8264543256980255, "atom": 31}, "pore_volume": 0.29556648968180926, "pore_diameter_opt": {"diameter": 0.881469960076569, "atom_1": 69, "centre_of_mass": [4.795328754690239, 3.434190379287263, 24.801815334098976]}, "pore_volume_opt": 0.35860898902818966, "windows": {"diameters": [0.469875601567741, 0.50883029002825, 0.39769689963780586], "centre_of_mass": [[4.016281040688956, 3.3412895036192776, 26.186194310300383], [5.556904269079135, 3.5463649486847406, 25.625840740037326], [4.2954936146777625, 3.6542577678148698, 23.566751001163407]]}}