{"no_of_atoms": 126, "centre_of_mass": [6.920643530724268, 17.39849460223015, 6.278124071925862], "maximum_diameter": {"diameter": 16.679525405676216, "atom_1": 20, "atom_2": 105}, "pore_diameter": {"diameter": 5.3434891438867265, "atom": 102}, "pore_volume": 79.88650410003046, "pore_diameter_opt": {"diameter": 5.386291141028364, "atom_1": 22, "centre_of_mass": [6.920621624290763, 17.370746214687646, 6.27797848561085]}, "pore_volume_opt": 81.82162400813205, "windows": {"diameters": [3.88187000333404, 3.89212203981241], "centre_of_mass": [[9.55991242119611, 17.347351550539596, 8.032074088927889], [4.20922670721566, 17.34789873028337, 4.476595590680213]]}}