{"no_of_atoms": 135, "centre_of_mass": [22.304318402332516, 8.927216865714799, 8.698670207670732], "maximum_diameter": {"diameter": 24.96892641675877, "atom_1": 57, "atom_2": 132}, "pore_diameter": {"diameter": 3.6023430562735776, "atom": 29}, "pore_volume": 24.476754341650913, "pore_diameter_opt": {"diameter": 4.527745915425006, "atom_1": 9, "centre_of_mass": [22.69151264971006, 8.22364957445107, 8.509882278798788]}, "pore_volume_opt": 48.60095069530334, "windows": {"diameters": [4.06719262025627, 4.747903788095364], "centre_of_mass": [[22.693981062193355, 7.900251829561134, 10.202281260641517], [21.534223223333168, 9.495044993618027, 3.4128162974478577]]}}