{"no_of_atoms": 176, "centre_of_mass": [9.073570177823262, 14.877018621869704, 17.74306417486665], "maximum_diameter": {"diameter": 22.57834321703604, "atom_1": 114, "atom_2": 126}, "pore_diameter": {"diameter": 5.084381617590719, "atom": 138}, "pore_volume": 68.8197422825555, "pore_diameter_opt": {"diameter": 5.2164923285034845, "atom_1": 34, "centre_of_mass": [9.155664900792003, 14.920587170346067, 17.716033079889733]}, "pore_volume_opt": 74.32490134458428, "windows": {"diameters": [3.5373711896306053, 3.607228802939011, 3.6181812864067058, 3.6762596573557462], "centre_of_mass": [[7.81085770583298, 13.811736273400536, 19.968108263789834], [9.945701969245619, 17.601371756756542, 18.390580999111386], [11.434156927339373, 13.38086815696733, 17.109434246900804], [7.40505603927152, 14.939501119226488, 15.53670351172359]]}}