{"no_of_atoms": 78, "centre_of_mass": [5.432996503969451, 9.410114631997697, 32.527499999999996], "maximum_diameter": {"diameter": 14.169966346908561, "atom_1": 9, "atom_2": 68}, "pore_diameter": {"diameter": 1.611813635605119, "atom": 21}, "pore_volume": 2.1925176531158628, "pore_diameter_opt": {"diameter": 1.6119679068145225, "atom_1": 21, "centre_of_mass": [5.4330746979184985, 9.410073528988852, 32.52753477491497]}, "pore_volume_opt": 2.1931472694393706, "windows": {"diameters": [0.8411194329813081, 0.8405043941523478, 0.8443083471880466], "centre_of_mass": [[5.834140335855849, 10.7449993406267, 32.59444770476336], [5.828361447195029, 8.095324651261611, 32.46163993251039], [4.025519987441527, 9.742975193636227, 32.4579960273836]]}}