{"no_of_atoms": 60, "centre_of_mass": [7.345075211373995, 3.5518642495715667, 4.790642327185012], "maximum_diameter": {"diameter": 12.578266105462005, "atom_1": 48, "atom_2": 55}, "pore_diameter": {"diameter": 1.1549800287509853, "atom": 8}, "pore_volume": 0.8067185557326176, "pore_diameter_opt": {"diameter": 1.1607099979079565, "atom_1": 8, "centre_of_mass": [7.345871914415572, 3.557367676645964, 4.790753709092121]}, "pore_volume_opt": 0.8187848498404782, "windows": {"diameters": [0.3999345462739812, 0.45385589974912977, 0.40758802813446504], "centre_of_mass": [[6.3323996530254885, 4.619034897284576, 4.804636377702147], [7.058740238851497, 2.142051414491572, 4.755991621588812], [8.392073320444638, 4.657536152439427, 4.777516978173511]]}}