{"no_of_atoms": 78, "centre_of_mass": [5.432996503969453, 3.1367395717362565, 3.6140886025242165], "maximum_diameter": {"diameter": 14.169929941413336, "atom_1": 30, "atom_2": 44}, "pore_diameter": {"diameter": 1.6129462938172936, "atom": 66}, "pore_volume": 2.197143098518428, "pore_diameter_opt": {"diameter": 1.6130282950829105, "atom_1": 66, "centre_of_mass": [5.432978289329062, 3.1368010492432603, 3.6140998330861915]}, "pore_volume_opt": 2.197478220044786, "windows": {"diameters": [0.8420741179301161, 0.8414801973402368, 0.8453860849734869], "centre_of_mass": [[5.834137307440049, 4.472026788734828, 3.6809076720765534], [5.828258359547088, 1.8222629756914381, 3.548196524150141], [4.02648824004595, 3.4692832508311358, 3.544478641840084]]}}