{"no_of_atoms": 60, "centre_of_mass": [3.8702255874207094, 7.3023756243756255, 14.372002046733753], "maximum_diameter": {"diameter": 12.578006780147819, "atom_1": 8, "atom_2": 54}, "pore_diameter": {"diameter": 1.1554632717969704, "atom": 17}, "pore_volume": 0.8077315713376307, "pore_diameter_opt": {"diameter": 1.1606357777905303, "atom_1": 17, "centre_of_mass": [3.87078021047501, 7.296718064029686, 14.371814583088847]}, "pore_volume_opt": 0.8186277914313631, "windows": {"diameters": [0.38334891392230386, 0.4572629108586481, 0.3930623306745642], "centre_of_mass": [[2.5258298943171287, 6.956039512395564, 14.548992883622343], [3.5700734005975283, 8.749410602710665, 14.33585241902688], [4.7598179290636455, 6.3677106236392955, 14.353574994819551]]}}