{"no_of_atoms": 120, "centre_of_mass": [6.561932388873905, 8.525544885407447, 12.96428479848957], "maximum_diameter": {"diameter": 16.914612610060267, "atom_1": 13, "atom_2": 110}, "pore_diameter": {"diameter": 5.298867292866204, "atom": 29}, "pore_volume": 77.90184640101552, "pore_diameter_opt": {"diameter": 5.3133596049874505, "atom_1": 46, "centre_of_mass": [6.548942002606141, 8.527793181487041, 12.965899931290904]}, "pore_volume_opt": 78.54277682666319, "windows": {"diameters": [3.667196807755082, 3.5224176735893034], "centre_of_mass": [[6.658715816397497, 8.4362954396282, 16.076417245350697], [6.055480070423329, 8.50890168534676, 9.84959003379954]]}}