{"no_of_atoms": 73, "centre_of_mass": [7.685169026569723, 3.6129733636745676, 3.0405009792183697], "maximum_diameter": {"diameter": 14.240200901102266, "atom_1": 30, "atom_2": 49}, "pore_diameter": {"diameter": 4.051050558984782, "atom": 46}, "pore_volume": 34.809806773044066, "pore_diameter_opt": {"diameter": 4.065156913955674, "atom_1": 33, "centre_of_mass": [7.661892221274795, 3.6297915919590125, 3.0603972286469157]}, "pore_volume_opt": 35.17471311536535, "windows": {"diameters": [4.265471891916529, 4.073458685285953], "centre_of_mass": [[8.474836860166945, 3.481854803301178, 4.013192839191306], [7.742594667378348, 3.2677389897837337, 2.1840287774634985]]}}