{"no_of_atoms": 116, "centre_of_mass": [12.063804275107902, 10.937822832066676, 18.07648037390366], "maximum_diameter": {"diameter": 20.86063072882688, "atom_1": 90, "atom_2": 107}, "pore_diameter": {"diameter": 3.9548914755341653, "atom": 15}, "pore_volume": 32.38935760009623, "pore_diameter_opt": {"diameter": 5.031454810596527, "atom_1": 39, "centre_of_mass": [11.22616476950749, 10.961282125120494, 18.35047525746816]}, "pore_volume_opt": 66.6928615381792, "windows": {"diameters": [4.7477626413211755, 3.8176206184978336], "centre_of_mass": [[14.170241777768766, 12.88879173499515, 18.25535696818324], [8.188261065438397, 9.074359326440373, 17.937068907943587]]}}