{"no_of_atoms": 168, "centre_of_mass": [14.837883467512327, 16.69634970690172, 20.98911866859979], "maximum_diameter": {"diameter": 26.51488411725029, "atom_1": 89, "atom_2": 146}, "pore_diameter": {"diameter": 5.675737571083781, "atom": 72}, "pore_volume": 95.73385396143262, "pore_diameter_opt": {"diameter": 5.675986165990578, "atom_1": 71, "centre_of_mass": [14.837811972432155, 16.696350351269963, 20.989220346597268]}, "pore_volume_opt": 95.74643381943551, "windows": {"diameters": [5.3891616298705305, 5.547553904241413], "centre_of_mass": [[16.49003302436605, 19.101518486758742, 22.155912254701725], [13.1155206369976, 15.06468079932575, 19.21939168822134]]}}