{"no_of_atoms": 110, "centre_of_mass": [9.47398546633378, 7.266417619429229, 6.600862498390361], "maximum_diameter": {"diameter": 18.85425233706147, "atom_1": 67, "atom_2": 78}, "pore_diameter": {"diameter": 3.572745031666471, "atom": 88}, "pore_volume": 23.87837092320696, "pore_diameter_opt": {"diameter": 3.8112197714569507, "atom_1": 88, "centre_of_mass": [9.358021061479254, 7.321891759169761, 6.914688539870907]}, "pore_volume_opt": 28.986154365114476, "windows": {"diameters": [2.325611946676768, 3.9626140735785103, 3.8451668516288784], "centre_of_mass": [[11.196350242779431, 8.453555680538798, 9.672134458960588], [9.771843826185762, 7.3778863943509645, 4.814091619992613], [10.862354780042166, 8.96647142364797, 7.36571122051327]]}}