{"no_of_atoms": 108, "centre_of_mass": [6.217902615264233, -1.9245469549298486e-16, 6.727960354701826e-05], "maximum_diameter": {"diameter": 14.610695435091312, "atom_1": 12, "atom_2": 106}, "pore_diameter": {"diameter": 4.91488495673261, "atom": 19}, "pore_volume": 62.16396287867295, "pore_diameter_opt": {"diameter": 4.9151568646875, "atom_1": 19, "centre_of_mass": [6.217967802841375, -0.00011596947897912976, 9.530002679543754e-05]}, "pore_volume_opt": 62.17428080755886, "windows": {"diameters": [3.617993674241757, 3.5675984208928], "centre_of_mass": [[3.0154982258683045, 0.014724723937019386, 1.2828440172777282], [9.13843547260607, -0.0011997551641168024, -1.1741896384479722]]}}