{"no_of_atoms": 120, "centre_of_mass": [6.386056101535879, 10.565000000000003, 5.825924878531514], "maximum_diameter": {"diameter": 17.14849286285591, "atom_1": 53, "atom_2": 74}, "pore_diameter": {"diameter": 5.207652935951398, "atom": 114}, "pore_volume": 73.94770860857068, "pore_diameter_opt": {"diameter": 5.208438011795916, "atom_1": 6, "centre_of_mass": [6.385942735556858, 10.564857351317047, 5.825577185001147]}, "pore_volume_opt": 73.98115744602892, "windows": {"diameters": [3.6487681838929094, 3.65233507658996], "centre_of_mass": [[4.573572328210972, 9.891495389161117, 8.269679972709131], [8.244276738639021, 11.256629888634723, 3.317575517475532]]}}