{"no_of_atoms": 128, "centre_of_mass": [9.372324443631994, 16.56987315750608, 17.19116529686233], "maximum_diameter": {"diameter": 16.825630711441455, "atom_1": 51, "atom_2": 88}, "pore_diameter": {"diameter": 4.989960996810689, "atom": 77}, "pore_volume": 65.05640722339466, "pore_diameter_opt": {"diameter": 5.031319682015768, "atom_1": 12, "centre_of_mass": [9.419378924882757, 16.52519008365622, 17.131839529856222]}, "pore_volume_opt": 66.68748821970671, "windows": {"diameters": [3.4800146783275245, 3.329217233570928], "centre_of_mass": [[8.139511497722694, 14.825143337466633, 19.10713011790631], [10.691020911743013, 18.4743405241804, 15.186798877013489]]}}