{"no_of_atoms": 95, "centre_of_mass": [5.8821056126451925, 3.498570042812879, 3.789880877203053], "maximum_diameter": {"diameter": 14.72076572622262, "atom_1": 19, "atom_2": 69}, "pore_diameter": {"diameter": 2.622231909636979, "atom": 60}, "pore_volume": 9.440867798562804, "pore_diameter_opt": {"diameter": 3.5793114067982317, "atom_1": 60, "centre_of_mass": [5.79265900290017, 3.9793604741927413, 3.8154511753310842]}, "pore_volume_opt": 24.010271763885093, "windows": {"diameters": [3.79840348785419, 3.0153100448653816, 3.0965605511659944], "centre_of_mass": [[4.555730987250232, 0.3693128202402862, 5.601727001353443], [4.573235597997694, 6.481335328629958, 4.436721771746134], [6.022355666878992, 2.854781457205563, 0.37834964223090006]]}}