{"no_of_atoms": 104, "centre_of_mass": [3.0763719762532133, 7.832961675369252, 8.924322564886667], "maximum_diameter": {"diameter": 14.450369024605576, "atom_1": 50, "atom_2": 64}, "pore_diameter": {"diameter": 5.307972392086519, "atom": 24}, "pore_volume": 78.30411551117875, "pore_diameter_opt": {"diameter": 5.308578050864503, "atom_1": 24, "centre_of_mass": [3.0765436569707973, 7.832903944676516, 8.924565255094874]}, "pore_volume_opt": 78.33092291504757, "windows": {"diameters": [3.9166482302508445, 3.948789052659814], "centre_of_mass": [[4.180466752991327, 5.015079311393372, 8.995854326148864], [1.8367326969687368, 10.988292350507797, 8.827370656230558]]}}