{"no_of_atoms": 102, "centre_of_mass": [6.0743585798028255, 14.95098586282489, -0.00012932583226343226], "maximum_diameter": {"diameter": 14.665225228244783, "atom_1": 28, "atom_2": 78}, "pore_diameter": {"diameter": 5.033335557836033, "atom": 7}, "pore_volume": 66.76767845227555, "pore_diameter_opt": {"diameter": 5.033499930436351, "atom_1": 7, "centre_of_mass": [6.074410939085753, 14.951048096760132, -0.00014115929030476414]}, "pore_volume_opt": 66.77421992077286, "windows": {"diameters": [3.893903855732299, 3.8952690609855685], "centre_of_mass": [[4.777353444870279, 14.760909142451892, 2.800097870377499], [7.419583272450398, 15.14720000317607, -2.8973277134213253]]}}