{"no_of_atoms": 108, "centre_of_mass": [4.207319306006981, 2.860991932506724, 16.284960839252033], "maximum_diameter": {"diameter": 14.440990172086424, "atom_1": 48, "atom_2": 65}, "pore_diameter": {"diameter": 5.379077827069027, "atom": 94}, "pore_volume": 81.49333780996817, "pore_diameter_opt": {"diameter": 5.40257427561062, "atom_1": 94, "centre_of_mass": [4.207087992407779, 2.8741524563991745, 16.284838493434584]}, "pore_volume_opt": 82.5659270246087, "windows": {"diameters": [3.8030572763424173, 3.8039418734155808], "centre_of_mass": [[4.34306555404813, 2.9403543595032273, 19.459893077553986], [4.0708905468248195, 2.940270833567528, 13.099248612176934]]}}