{"no_of_atoms": 36, "centre_of_mass": [7.288403288563195, 4.207988565464984, 17.83134099416929], "maximum_diameter": {"diameter": 9.408800453740584, "atom_1": 4, "atom_2": 35}, "pore_diameter": {"diameter": 0.3634037941953867, "atom": 14}, "pore_volume": 0.02512852484434205, "pore_diameter_opt": {"diameter": 0.3646638755479801, "atom_1": 23, "centre_of_mass": [7.288022115706079, 4.2076073926130055, 17.83172216703838]}, "pore_volume_opt": 0.025390827324360817, "windows": {"diameters": [0.42008373034686697, 0.4714709322835966], "centre_of_mass": [[7.417844493352485, 4.259407266033649, 18.059087542850598], [7.601428477980662, 4.011996630024369, 17.783675213356478]]}}