{"no_of_atoms": 160, "centre_of_mass": [4.311, 11.397500000000003, 8.567378109175701], "maximum_diameter": {"diameter": 23.01173917367439, "atom_1": 76, "atom_2": 138}, "pore_diameter": {"diameter": 6.1992200320865205, "atom": 16}, "pore_volume": 124.74115935222866, "pore_diameter_opt": {"diameter": 6.19942967041162, "atom_1": 119, "centre_of_mass": [4.310981437477406, 11.397550176063584, 8.567468248246522]}, "pore_volume_opt": 124.75381485336669, "windows": {"diameters": [6.230942107406779, 6.584972801051233, 3.4168677042066937, 3.389415207031907], "centre_of_mass": [[5.561316610851735, 11.297409897991566, 8.81728165247639], [0.9964821506220831, 11.49957473065682, 8.45662615583658], [4.229286275946902, 16.067405166718437, 9.537412751262853], [4.357870138349333, 6.867702128646119, 7.624481591298106]]}}