{"no_of_atoms": 288, "centre_of_mass": [-1.2630228541252702, -7.850242463293002e-17, 14.565328430266911], "maximum_diameter": {"diameter": 31.1362711860488, "atom_1": 192, "atom_2": 286}, "pore_diameter": {"diameter": 5.8005749208330695, "atom": 237}, "pore_volume": 102.19078704604652, "pore_diameter_opt": {"diameter": 5.800619844914644, "atom_1": 237, "centre_of_mass": [-1.2630075606092708, -1.6426724099160265e-05, 14.565329332697727]}, "pore_volume_opt": 102.19316139490215, "windows": {"diameters": [2.486829408938442, 2.5541350662363898, 1.841416329284551, 2.6169216727669977, 2.4664732193116623, 1.856044341700612], "centre_of_mass": [[-4.773802657317181, -1.626532188244769, 18.066271427525734], [-1.770539967562811, 4.70677907282962, 15.960095503817929], [3.240747876176081, -0.5567004288357336, 18.56935487497072], [0.7175690329659319, -3.0469860440119367, 11.640350183619658], [1.9812587118230034, 1.463776548632807, 11.357522993359614], [-5.879116959635621, 0.5768473558708264, 10.4595941047535]]}}