{"no_of_atoms": 288, "centre_of_mass": [11.629977145874737, 9.931000000000001, 14.565328430266895], "maximum_diameter": {"diameter": 31.1362711860488, "atom_1": 145, "atom_2": 277}, "pore_diameter": {"diameter": 5.800574920833098, "atom": 143}, "pore_volume": 102.19078704604803, "pore_diameter_opt": {"diameter": 5.800619845054856, "atom_1": 196, "centre_of_mass": [11.629992435856995, 9.930983569315684, 14.565329332439868]}, "pore_volume_opt": 102.19316140231273, "windows": {"diameters": [2.4868294155650106, 2.5541350852863745, 1.8414163281810576, 2.616921633822223, 2.4664732150649216, 1.8560443457829874], "centre_of_mass": [[8.119197339037521, 8.304467807496914, 18.0662714270347], [11.122460021836234, 14.637779151660984, 15.960095529037114], [16.133747873053554, 9.37429956467122, 18.56935487362793], [13.610569093280487, 6.8840138624050855, 11.640350100738862], [14.874258766542878, 11.394776572685885, 11.357522933994272], [7.01388303622351, 10.507847350579874, 10.459594105087367]]}}