{"no_of_atoms": 115, "centre_of_mass": [8.539862684630801, 2.9321643844109335, 5.22135711915683], "maximum_diameter": {"diameter": 18.38378680757179, "atom_1": 58, "atom_2": 114}, "pore_diameter": {"diameter": 4.771723178044089, "atom": 87}, "pore_volume": 56.888482003160036, "pore_diameter_opt": {"diameter": 4.9950841037585505, "atom_1": 6, "centre_of_mass": [8.401335427045062, 2.9734781091196587, 5.319047081248999]}, "pore_volume_opt": 65.25698989321245, "windows": {"diameters": [4.215987859560046, 3.9869618244038088], "centre_of_mass": [[5.912774847938646, 5.451980829973593, 5.226316097560006], [11.059214588409203, 1.2439167762603531, 5.362742037349426]]}}