{"no_of_atoms": 176, "centre_of_mass": [10.836499105994632, 3.544804825367903e-18, 22.496677631240527], "maximum_diameter": {"diameter": 20.87688193255763, "atom_1": 91, "atom_2": 139}, "pore_diameter": {"diameter": 3.683495705897211, "atom": 144}, "pore_volume": 26.168517883043215, "pore_diameter_opt": {"diameter": 3.683618175725193, "atom_1": 55, "centre_of_mass": [10.836528921237779, -4.920978180775332e-05, 22.496656674885106]}, "pore_volume_opt": 26.171128142994558, "windows": {"diameters": [4.23545381148649, 4.24172810506988, 1.3257532379094523], "centre_of_mass": [[12.428346296401852, 0.26658621999068843, 23.33271621992188], [9.20915458181029, -0.5078258900739697, 22.06186611825666], [9.23730767998346, 4.750401663234383, 22.585853532029734]]}}