{"no_of_atoms": 238, "centre_of_mass": [5.415763096443835, 10.842482993975258, 24.547429586087244], "maximum_diameter": {"diameter": 23.661290580409734, "atom_1": 150, "atom_2": 193}, "pore_diameter": {"diameter": 5.472419717353443, "atom": 187}, "pore_volume": 85.80978608766775, "pore_diameter_opt": {"diameter": 5.873031283349924, "atom_1": 49, "centre_of_mass": [5.2179757057655785, 10.979311915581638, 24.606858969651174]}, "pore_volume_opt": 106.06828938037864, "windows": {"diameters": [4.796783660323392, 5.050372346442318], "centre_of_mass": [[4.706700478386237, 12.043628466312724, 28.032658015564238], [5.78199317430786, 10.054445334369307, 21.323857016436083]]}}