{"no_of_atoms": 237, "centre_of_mass": [13.40675854276683, 13.387064252169449, 48.80669893124306], "maximum_diameter": {"diameter": 22.574834983397157, "atom_1": 159, "atom_2": 196}, "pore_diameter": {"diameter": 5.109632452708998, "atom": 30}, "pore_volume": 69.85019241020186, "pore_diameter_opt": {"diameter": 5.886915388077879, "atom_1": 79, "centre_of_mass": [13.416923628492151, 13.581118593026494, 49.349577754766294]}, "pore_volume_opt": 106.82231946351445, "windows": {"diameters": [5.346462818654961, 5.050015411989042], "centre_of_mass": [[13.480708926505198, 12.468387834361103, 53.358993471917124], [13.560007755958207, 14.762052011560156, 45.528270931579335]]}}