{"no_of_atoms": 260, "centre_of_mass": [2.3137732441544023, 20.226811398115462, 6.073248960140789], "maximum_diameter": {"diameter": 28.498058458024595, "atom_1": 209, "atom_2": 242}, "pore_diameter": {"diameter": 3.872432890593554, "atom": 70}, "pore_volume": 30.405372108229784, "pore_diameter_opt": {"diameter": 3.8725098862436673, "atom_1": 70, "centre_of_mass": [2.313782311630797, 20.226826343412316, 6.073283260308538]}, "pore_volume_opt": 30.407185795908788, "windows": {"diameters": [0.911633025122994, 1.8969897315182673, 1.7869290712717594, 1.0421253368658814], "centre_of_mass": [[-1.8907117518241008, 21.51082565314972, 7.512649799284048], [0.8865156034017492, 14.236422623363545, 6.421608498562594], [3.4416503008581074, 24.933994081704583, 5.617071655040175], [7.024475539096521, 18.611136782698832, 4.330931361376819]]}}