{"no_of_atoms": 296, "centre_of_mass": [0.0005693907794366839, 5.0901110313999254e-05, -0.0001223172199774211], "maximum_diameter": {"diameter": 32.84071123461524, "atom_1": 157, "atom_2": 167}, "pore_diameter": {"diameter": 6.39743824109712, "atom": 74}, "pore_volume": 137.09352029576917, "pore_diameter_opt": {"diameter": 6.397573492096871, "atom_1": 225, "centre_of_mass": [0.0005134375660757809, 8.827827033289017e-05, -0.00012918104316771498]}, "pore_volume_opt": 137.1022155392347, "windows": {"diameters": [8.748700253195745, 3.776029279008608, 9.409218273658754, 5.690654711718276], "centre_of_mass": [[-1.1094495302141336, 3.1435186867293106, 5.015912365290383], [2.096182207906548, -1.1629593900993767, 3.795663233895476], [1.2924386639209027, -3.7563391607064243, -5.704333721482175], [-5.199831428486743, 3.3966735972560067, -4.858005638397989]]}}