{"no_of_atoms": 70, "centre_of_mass": [3.1992615693279713, 11.24585762620885, 5.099333495393386], "maximum_diameter": {"diameter": 13.87397860438309, "atom_1": 50, "atom_2": 68}, "pore_diameter": {"diameter": 0.93059115995479, "atom": 37}, "pore_volume": 0.421963990093983, "pore_diameter_opt": {"diameter": 1.7424027649245613, "atom_1": 37, "centre_of_mass": [2.733965989350576, 11.711153206186234, 5.472018464845311]}, "pore_volume_opt": 2.7697736353017017, "windows": {"diameters": [1.9842184288123867, 0.7162500637394325, 0.7319407986870061], "centre_of_mass": [[2.6155833325107536, 12.195896033619219, 5.5930411599591725], [3.6306443690090906, 10.319229698318459, 5.250456087579948], [3.3279668764568355, 10.658511386517052, 4.084695076882509]]}}