{"no_of_atoms": 128, "centre_of_mass": [3.9588764280232835, 9.879049194406635, 9.721466817010302], "maximum_diameter": {"diameter": 19.619727004744078, "atom_1": 82, "atom_2": 105}, "pore_diameter": {"diameter": 4.608900899492593, "atom": 8}, "pore_volume": 51.2614317961663, "pore_diameter_opt": {"diameter": 4.842861681857734, "atom_1": 110, "centre_of_mass": [3.880740433926577, 10.056749312577617, 9.662904735297744]}, "pore_volume_opt": 59.470942051813445, "windows": {"diameters": [3.0361487746600524, 3.552000016912202], "centre_of_mass": [[5.857654794383379, 7.573119887014567, 10.361783054425683], [2.7618894598342014, 12.509215319255981, 8.502987303494956]]}}