{"no_of_atoms": 121, "centre_of_mass": [2.1871371383131284, 12.777731740116423, 11.00688995315625], "maximum_diameter": {"diameter": 19.91958288686631, "atom_1": 49, "atom_2": 120}, "pore_diameter": {"diameter": 3.2401858483163397, "atom": 30}, "pore_volume": 17.811823580384722, "pore_diameter_opt": {"diameter": 3.8468261499018577, "atom_1": 12, "centre_of_mass": [2.079129869197229, 12.777993060718686, 11.318778116606856]}, "pore_volume_opt": 29.80617872003426, "windows": {"diameters": [3.6349652774143872, 5.426145852492496, 1.2841655919752264], "centre_of_mass": [[2.442285536172024, 12.777508546153392, 12.878935503900614], [6.740070897326517, 11.889115369198748, 10.852188744513782], [0.3365517377677212, 12.777987117317792, 9.199687116412303]]}}