{"no_of_atoms": 316, "centre_of_mass": [-2.8085177864498894, 10.365197077627633, 0.00023306973082545782], "maximum_diameter": {"diameter": 33.04188440455314, "atom_1": 281, "atom_2": 286}, "pore_diameter": {"diameter": 4.768502382303671, "atom": 268}, "pore_volume": 56.77336476248341, "pore_diameter_opt": {"diameter": 4.768570308135375, "atom_1": 31, "centre_of_mass": [-2.8085215839326665, 10.365168905268396, 0.0002516596011615784]}, "pore_volume_opt": 56.7757909537553, "windows": {"diameters": [3.6752912609238453, 3.4250158350618443, 3.4262798885854777, 1.8351005085699463, 3.004296714232773], "centre_of_mass": [[-2.0930302629626727, 9.698801360336658, 5.813425901448055], [-7.848441595781554, 11.47631356114412, 0.8988547623685222], [2.237203472370438, 9.252252830316948, -0.8985732325221255], [-4.265991086976505, 4.4731330809030165, -1.2316498679234078], [-3.350843693743854, 10.204442330335501, -3.5807077869011006]]}}