{"no_of_atoms": 204, "centre_of_mass": [4.921189208201801, 6.230387581198397, 6.268670962846041], "maximum_diameter": {"diameter": 24.53264042568573, "atom_1": 118, "atom_2": 194}, "pore_diameter": {"diameter": 4.958968602003733, "atom": 154}, "pore_volume": 63.85173432048194, "pore_diameter_opt": {"diameter": 4.959702882792966, "atom_1": 5, "centre_of_mass": [4.921177289757236, 6.230178714206478, 6.268369254277363]}, "pore_volume_opt": 63.88010234313758, "windows": {"diameters": [4.515024725021966, 5.382316472776601], "centre_of_mass": [[2.847196984126992, 6.005072411227417, 5.575318564851896], [8.441974089139178, 8.936371136096614, 6.785197534062237]]}}