{"no_of_atoms": 173, "centre_of_mass": [8.637969487464959, 14.967058718218254, 47.739702482517494], "maximum_diameter": {"diameter": 22.310859420302954, "atom_1": 108, "atom_2": 129}, "pore_diameter": {"diameter": 5.150958577984142, "atom": 27}, "pore_volume": 71.55875808618542, "pore_diameter_opt": {"diameter": 5.287262016222062, "atom_1": 31, "centre_of_mass": [8.658155545490395, 14.996424445473552, 47.48976042118857]}, "pore_volume_opt": 77.39111807382041, "windows": {"diameters": [3.5269740029001286, 3.696771147292741, 3.692983409476813, 3.6892945551867515], "centre_of_mass": [[8.658016198500404, 14.996387250316534, 50.54626854386014], [11.054221498635545, 13.921836485673733, 46.62867982348629], [8.39665810295751, 17.56146090053485, 46.645323017583394], [6.616792959244843, 13.52623202353551, 46.66717406864049]]}}