{"no_of_atoms": 224, "centre_of_mass": [-3.2269627517121022, 5.589260938906968, 17.53000065112158], "maximum_diameter": {"diameter": 26.206107466670503, "atom_1": 9, "atom_2": 217}, "pore_diameter": {"diameter": 2.4997319808820575, "atom": 50}, "pore_volume": 8.178599879268425, "pore_diameter_opt": {"diameter": 3.6855756456602715, "atom_1": 178, "centre_of_mass": [-2.148610488525115, 4.339394953759469, 17.91911965632061]}, "pore_volume_opt": 26.21287222884661, "windows": {"diameters": [4.00715447244669, 3.836941831542634, 3.8539914366832586], "centre_of_mass": [[-0.9473596578229042, 6.4926923783279324, 21.45562274868859], [-3.0522070929093204, 3.427581026110154, 16.297638938735812], [-2.9249744367997224, 3.3658169674196343, 16.394589079351515]]}}