{"no_of_atoms": 173, "centre_of_mass": [8.678030512535047, 14.967048360237975, 13.075297517482488], "maximum_diameter": {"diameter": 22.31085942030295, "atom_1": 102, "atom_2": 133}, "pore_diameter": {"diameter": 5.150938149934349, "atom": 28}, "pore_volume": 71.55790671062854, "pore_diameter_opt": {"diameter": 5.215251573182854, "atom_1": 138, "centre_of_mass": [8.65780313309004, 14.996390993925013, 13.082648740658366]}, "pore_volume_opt": 74.27187888530585, "windows": {"diameters": [3.688817030055572, 3.737428967586602, 3.7258933203943205, 3.5294491479977785], "centre_of_mass": [[10.685838983223155, 13.536660157166693, 14.141939585170105], [6.0476808510744595, 13.834455705746882, 14.266527698382005], [8.950098772908094, 17.78638113231501, 14.24847741805576], [8.657973258190408, 14.996388361289242, 10.241812175052075]]}}