{"no_of_atoms": 216, "centre_of_mass": [13.805383949567585, 17.366509875523224, 6.663998504032691], "maximum_diameter": {"diameter": 26.343118279725406, "atom_1": 111, "atom_2": 176}, "pore_diameter": {"diameter": 1.932095581167537, "atom": 146}, "pore_volume": 3.776456130587035, "pore_diameter_opt": {"diameter": 3.4416440052444073, "atom_1": 49, "centre_of_mass": [14.771431740151353, 16.93408063404624, 5.697950713448922]}, "pore_volume_opt": 21.34501480458751, "windows": {"diameters": [3.4441404755349496, 3.724996445702963, 3.5883491531101304], "centre_of_mass": [[16.369733361745713, 17.395453909697792, 7.885129639344245], [8.767722712192505, 17.292400821653906, 2.943295346772993], [12.959256194844317, 16.80801405559998, 4.649310735905261]]}}