{"no_of_atoms": 300, "centre_of_mass": [-0.03818415119439363, 5.630672344492684, 4.240275767959718], "maximum_diameter": {"diameter": 26.54792239810362, "atom_1": 43, "atom_2": 298}, "pore_diameter": {"diameter": 2.5822551023966427, "atom": 124}, "pore_volume": 9.01562948104256, "pore_diameter_opt": {"diameter": 3.726575531154348, "atom_1": 133, "centre_of_mass": [-0.07123434797360335, 6.278614156375818, 4.214235918167782]}, "pore_volume_opt": 27.097448929130895, "windows": {"diameters": [3.749268676464634, 1.6945234377322582, 3.7490489711298216, 1.020687573507495], "centre_of_mass": [[4.714834778034151, 6.241236266096966, 7.120404872010647], [1.6930972565924103, 8.982855850218527, 5.1064339436154755], [-4.806230072895455, 6.2418588356473625, 1.3524776220466208], [1.0287651328286875, 4.379871342757454, 1.5408754305976444]]}}