{"no_of_atoms": 283, "centre_of_mass": [0.13496388402758255, -0.13837694677365425, 23.803216306018143], "maximum_diameter": {"diameter": 25.749873249553126, "atom_1": 128, "atom_2": 268}, "pore_diameter": {"diameter": 0.9820474477675254, "atom": 61}, "pore_volume": 0.4959022013894081, "pore_diameter_opt": {"diameter": 1.2450393845609855, "atom_1": 199, "centre_of_mass": [-0.001700819851156166, -0.0016683091156419656, 23.710685872409226]}, "pore_volume_opt": 1.0105269297446275, "windows": {"diameters": [1.1268465648033072, 0.9833629686640468], "centre_of_mass": [[-9.789147884442517e-05, 0.0002360846977589189, 24.363670109662976], [-0.00018285017623364532, 6.577705275460314e-05, 22.84924129822042]]}}