{"no_of_atoms": 338, "centre_of_mass": [11.171301748279753, 19.61382284899227, 73.21760494271425], "maximum_diameter": {"diameter": 29.45484212603259, "atom_1": 139, "atom_2": 311}, "pore_diameter": {"diameter": 6.074113868303741, "atom": 199}, "pore_volume": 117.34035823791798, "pore_diameter_opt": {"diameter": 6.334086262273267, "atom_1": 85, "centre_of_mass": [11.280056618283384, 19.53622186957622, 73.2694295974816]}, "pore_volume_opt": 133.06092652060812, "windows": {"diameters": [3.983943121114049, 4.765582165998746, 4.64445284107873, 4.822524534920786, 3.8509585884501507], "centre_of_mass": [[11.276313919387224, 19.5307561503178, 81.62575133979867], [8.810544767787084, 19.139834733765795, 76.26031359305799], [13.054936312200773, 17.06015966086245, 76.09018008897938], [12.103727269539306, 21.6300116581951, 76.10607301832839], [11.276736715371559, 19.531569252332655, 65.32131862466966]]}}