{"no_of_atoms": 348, "centre_of_mass": [11.21073400435725, 19.65505399160046, 10.299843165503496], "maximum_diameter": {"diameter": 29.454564286162295, "atom_1": 166, "atom_2": 310}, "pore_diameter": {"diameter": 6.297748060965963, "atom": 248}, "pore_volume": 130.78395629315128, "pore_diameter_opt": {"diameter": 6.508254092796788, "atom_1": 113, "centre_of_mass": [11.276568610148479, 19.531032633100985, 10.278867438000356]}, "pore_volume_opt": 144.34180198072062, "windows": {"diameters": [3.8472334461074698, 4.762333084201876, 4.741119744754592, 4.774860836837966, 3.9819773913734138], "centre_of_mass": [[11.276546484000688, 19.531048363977174, 18.61978320400084], [9.69347626884617, 21.48484599707577, 7.703161301883674], [13.820639142293208, 19.91530070775645, 7.72317029806929], [10.396445080095024, 17.24866789104933, 7.743644673327225], [11.276511410669182, 19.530883425973123, 2.3752769723190568]]}}