{"no_of_atoms": 168, "centre_of_mass": [-2.3299222941633557e-05, 10.044188161940246, 55.445725227909655], "maximum_diameter": {"diameter": 22.442713589250587, "atom_1": 111, "atom_2": 131}, "pore_diameter": {"diameter": 5.364151989204315, "atom": 38}, "pore_volume": 80.81683653862362, "pore_diameter_opt": {"diameter": 5.434978166017656, "atom_1": 38, "centre_of_mass": [-3.020907546706432e-06, 10.044213634245427, 55.83539920711142]}, "pore_volume_opt": 84.06051250390861, "windows": {"diameters": [3.9670806333429787, 3.938322875853505, 3.9374664214230912, 3.801412269150339], "centre_of_mass": [[2.568359383319597, 8.910521094218133, 56.64501002628317], [-2.092913044719531, 8.505904155979636, 56.578840027463926], [-0.2843541585420829, 12.611229325635687, 56.57404375572568], [0.0003558706698727819, 10.044084768031777, 52.483025548352714]]}}