{"no_of_atoms": 168, "centre_of_mass": [-8.943687428838551e-06, 10.101377225855174, 56.146919630297795], "maximum_diameter": {"diameter": 22.326530271984822, "atom_1": 85, "atom_2": 131}, "pore_diameter": {"diameter": 5.330842111110192, "atom": 32}, "pore_volume": 79.32061662043816, "pore_diameter_opt": {"diameter": 5.331610855434214, "atom_1": 30, "centre_of_mass": [-3.9618686623281465e-05, 10.100898819144453, 56.147030779651686]}, "pore_volume_opt": 79.354937314787, "windows": {"diameters": [3.745792244679723, 3.744380431980239, 3.7453799304215765, 3.7008432023318822], "centre_of_mass": [[-2.0795434875919745, 8.61855846111478, 57.1471517682049], [-0.2417136917227366, 12.601589541508275, 57.133523936178584], [2.1976468394927546, 9.1023452893695, 57.10136255737949], [-3.4788817498143865e-05, 10.101068804963722, 53.25047981304809]]}}