{"no_of_atoms": 152, "centre_of_mass": [40.284159768982164, 8.784307199036888, 21.028747330173587], "maximum_diameter": {"diameter": 18.684873613572428, "atom_1": 81, "atom_2": 123}, "pore_diameter": {"diameter": 5.842060446741179, "atom": 23}, "pore_volume": 104.39910150474782, "pore_diameter_opt": {"diameter": 5.8595260208973965, "atom_1": 23, "centre_of_mass": [40.28437993756481, 8.792938609321494, 21.030055708784587]}, "pore_volume_opt": 105.3382463249523, "windows": {"diameters": [5.972097552649846, 3.83676609098701, 5.937863774977647, 1.0517254515419463], "centre_of_mass": [[40.48194627497148, 8.612661924928448, 21.929120206634778], [39.06344258111633, 6.159657741268207, 23.719897793863595], [39.38009513085448, 9.165056688609184, 20.249800725027082], [42.81068481495336, 11.563029482753372, 16.513473070048832]]}}