{"no_of_atoms": 152, "centre_of_mass": [11.662680662367604, 1.9148014568213498, 21.028747330173598], "maximum_diameter": {"diameter": 18.68480639086687, "atom_1": 4, "atom_2": 151}, "pore_diameter": {"diameter": 5.843013229325695, "atom": 67}, "pore_volume": 104.45018923487096, "pore_diameter_opt": {"diameter": 5.860542058329301, "atom_1": 67, "centre_of_mass": [11.66290112595095, 1.9234641172949534, 21.030060597775563]}, "pore_volume_opt": 105.39305254672226, "windows": {"diameters": [5.972296343405407, 3.8358543596859676, 5.9059460415482175, 1.0517515464689513], "centre_of_mass": [[11.86162833211131, 1.7430631264691567, 21.92816595592904], [10.442507181888393, -0.7096519399765757, 23.7201559614194], [10.720372816727293, 2.198588036400142, 20.460604376856043], [14.188703444765274, 4.693041922034948, 16.513486398596598]]}}