{"no_of_atoms": 108, "centre_of_mass": [13.0347069058224, 12.40735542714979, 9.605070214879014], "maximum_diameter": {"diameter": 14.783978498870907, "atom_1": 11, "atom_2": 105}, "pore_diameter": {"diameter": 5.0510613199557675, "atom": 23}, "pore_volume": 67.47556736177096, "pore_diameter_opt": {"diameter": 5.078931126393819, "atom_1": 75, "centre_of_mass": [13.04366958886182, 12.411465187265986, 9.595223297863441]}, "pore_volume_opt": 68.5986537844026, "windows": {"diameters": [3.596476054936695, 3.745503325563921], "centre_of_mass": [[11.546364278847964, 14.942851154833082, 11.550659506703514], [14.440548181342791, 10.129039971110618, 7.939325078167756]]}}