{"no_of_atoms": 120, "centre_of_mass": [8.91155180215288, 6.272160907212783, 7.180504386552299], "maximum_diameter": {"diameter": 20.42468769258603, "atom_1": 64, "atom_2": 100}, "pore_diameter": {"diameter": 3.0183418221778098, "atom": 112}, "pore_volume": 14.39805692760843, "pore_diameter_opt": {"diameter": 3.1399389534717117, "atom_1": 12, "centre_of_mass": [8.852417474897148, 6.3313179159568715, 7.027233590974773]}, "pore_volume_opt": 16.209224456917813, "windows": {"diameters": [3.9548835503242166, 4.664565871634961, 3.387543519143351], "centre_of_mass": [[8.181713652496835, 7.639500825728932, 5.666474411741446], [6.269969645880008, 8.057843015522156, 3.8209721062667676], [9.730738551639991, 7.692143686389574, 7.015477011827594]]}}