{"no_of_atoms": 126, "centre_of_mass": [3.637600763121808, 23.33656875497252, 1.3158619647919612], "maximum_diameter": {"diameter": 16.047143960147434, "atom_1": 26, "atom_2": 114}, "pore_diameter": {"diameter": 3.585588784269898, "atom": 34}, "pore_volume": 24.136820709536295, "pore_diameter_opt": {"diameter": 4.729380725451371, "atom_1": 34, "centre_of_mass": [3.740526333708683, 22.8553537431458, 2.1860174758717017]}, "pore_volume_opt": 55.38746052744125, "windows": {"diameters": [4.7284813921112505, 3.9166851464532413], "centre_of_mass": [[3.7960275378756085, 22.29008777239827, 2.244268030029222], [3.3787161377007515, 24.691282226448443, 0.07318854191951951]]}}