{"no_of_atoms": 108, "centre_of_mass": [9.78711345451627, 4.890730701015211, 10.42542589482765], "maximum_diameter": {"diameter": 14.779624994419478, "atom_1": 17, "atom_2": 95}, "pore_diameter": {"diameter": 4.836534518513519, "atom": 18}, "pore_volume": 59.23815140453344, "pore_diameter_opt": {"diameter": 4.952487833375196, "atom_1": 77, "centre_of_mass": [9.787115885790746, 4.871122583222228, 10.479986089131783]}, "pore_volume_opt": 63.60172199637299, "windows": {"diameters": [3.729381752967951, 3.3414727060052014], "centre_of_mass": [[9.503755795330568, 7.15420157152249, 12.84136524307374], [9.256980478229327, 2.722868156260977, 8.13922655884575]]}}