{"no_of_atoms": 144, "centre_of_mass": [21.08114685054773, 7.02706025791501, 5.473925462712173], "maximum_diameter": {"diameter": 17.583050152486038, "atom_1": 29, "atom_2": 120}, "pore_diameter": {"diameter": 7.973783173775244, "atom": 94}, "pore_volume": 265.45559797671064, "pore_diameter_opt": {"diameter": 7.973933082156412, "atom_1": 44, "centre_of_mass": [21.081123339230622, 7.027076904812392, 5.473856260813901]}, "pore_volume_opt": 265.4705700795015, "windows": {"diameters": [6.654806775114726, 6.66652656515257], "centre_of_mass": [[18.844304551559432, 5.4110540745145626, 6.965309208180301], [23.450291487070615, 8.698484584278619, 3.9237782003068107]]}}