{"no_of_atoms": 90, "centre_of_mass": [5.172276858071508, 3.768892072950524, 9.731944594919945], "maximum_diameter": {"diameter": 12.932, "atom_1": 17, "atom_2": 69}, "pore_diameter": {"diameter": 3.6400489295899408, "atom": 34}, "pore_volume": 25.25342494430114, "pore_diameter_opt": {"diameter": 3.8532809664784833, "atom_1": 34, "centre_of_mass": [5.119440104506164, 3.8614953358691246, 9.732000015031222]}, "pore_volume_opt": 29.956471260800086, "windows": {"diameters": [2.410563603165583, 1.9938957588633617], "centre_of_mass": [[6.75581169249796, 6.472069822872432, 9.731496813953733], [3.5767849295176584, 1.1026255275986303, 9.732031430823078]]}}