{"no_of_atoms": 129, "centre_of_mass": [6.295584548353967, 5.9095749396395645, 4.48259319567613], "maximum_diameter": {"diameter": 20.684548873182507, "atom_1": 81, "atom_2": 122}, "pore_diameter": {"diameter": 3.5538844819175366, "atom": 103}, "pore_volume": 23.502201396059057, "pore_diameter_opt": {"diameter": 3.9404924605955958, "atom_1": 13, "centre_of_mass": [6.107629898846061, 5.953300422470231, 4.470625199593371]}, "pore_volume_opt": 32.036873398298226, "windows": {"diameters": [4.161741545508136, 3.8896777427299165, 4.236974191417508], "centre_of_mass": [[6.51245071542852, 6.731772057494031, 6.611392599098021], [5.578026576522655, 2.9374175048518425, 3.256498107241018], [5.048817057913617, 6.132244443241305, 1.6363117606708935]]}}