{"no_of_atoms": 139, "centre_of_mass": [10.952698934665756, 0.021784301815482413, 0.007965695663337833], "maximum_diameter": {"diameter": 14.431657887812571, "atom_1": 38, "atom_2": 118}, "pore_diameter": {"diameter": 5.2157119528501585, "atom": 41}, "pore_volume": 74.29154981446376, "pore_diameter_opt": {"diameter": 5.278285712005438, "atom_1": 41, "centre_of_mass": [10.97626437875675, 0.0012146364681233477, 0.0073118256469799315]}, "pore_volume_opt": 76.99762092900592, "windows": {"diameters": [3.9566393414067047, 3.949580292365627], "centre_of_mass": [[10.14815702486695, -2.991879804277357, 0.9777669937989585], [11.74641442609202, 2.7336773703522703, -0.8918298216366456]]}}