{"no_of_atoms": 168, "centre_of_mass": [0.6064069380984969, 14.45594857162236, 10.00093346929589], "maximum_diameter": {"diameter": 24.908112399743498, "atom_1": 6, "atom_2": 160}, "pore_diameter": {"diameter": 4.283068650676615, "atom": 98}, "pore_volume": 41.139947087367, "pore_diameter_opt": {"diameter": 4.347639315433565, "atom_1": 22, "centre_of_mass": [0.6282946625944635, 14.444213469690473, 9.979307424002222]}, "pore_volume_opt": 43.02879108176264, "windows": {"diameters": [2.8940461745077983, 1.6345905572635693, 2.09260274682243], "centre_of_mass": [[4.715309672947273, 13.660648066426683, 9.856079640446406], [-3.066597783306652, 13.595391208965266, 10.707068661025499], [-0.8886381003254383, 9.790644310046554, 8.593907866147482]]}}