{"no_of_atoms": 168, "centre_of_mass": [12.135938726669023, 3.613590789692744, 12.418907599412991], "maximum_diameter": {"diameter": 24.907326309887985, "atom_1": 62, "atom_2": 130}, "pore_diameter": {"diameter": 4.282956012756303, "atom": 48}, "pore_volume": 41.13670142641971, "pore_diameter_opt": {"diameter": 4.34742232840466, "atom_1": 55, "centre_of_mass": [12.11409238702008, 3.62530584643806, 12.440509235948692]}, "pore_volume_opt": 43.02234881076573, "windows": {"diameters": [2.0943844658065056, 2.9015615512945048, 1.6405010179139738, 1.1615057026751665], "centre_of_mass": [[13.636322455937252, 8.291357803774384, 13.82984670219795], [8.16521068054382, 4.315426665991182, 12.272609776283332], [16.68809708275697, 4.3807466612448245, 11.569414870858271], [10.701005700782652, 7.24606415632047, 9.844883735565524]]}}