{"no_of_atoms": 78, "centre_of_mass": [14.84700120415466, 1.0316441172278348, 1.179160030395418], "maximum_diameter": {"diameter": 17.548811426164445, "atom_1": 29, "atom_2": 55}, "pore_diameter": {"diameter": 5.955659919026305, "atom": 6}, "pore_volume": 110.60844689380542, "pore_diameter_opt": {"diameter": 6.155598734963604, "atom_1": 62, "centre_of_mass": [14.888582418260984, 0.9650095230577909, 1.1129728781725865]}, "pore_volume_opt": 122.12639217815978, "windows": {"diameters": [5.830925114803769, 6.156528117874183], "centre_of_mass": [[18.0913128341773, 3.6573960548701976, 0.5457671357500027], [14.88859387253651, 0.9654084846029098, 1.1159656223192738]]}}