{"no_of_atoms": 111, "centre_of_mass": [37.02706028059717, 14.378972791793352, 5.208235851652211], "maximum_diameter": {"diameter": 12.833235658709519, "atom_1": 40, "atom_2": 97}, "pore_diameter": {"diameter": 3.7602996144723657, "atom": 82}, "pore_volume": 27.839791143345504, "pore_diameter_opt": {"diameter": 4.078807714367512, "atom_1": 45, "centre_of_mass": [37.192801616775725, 14.19049909747136, 5.247830677651508]}, "pore_volume_opt": 35.53025450602224, "windows": {"diameters": [2.4636823441053, 2.395089492660989], "centre_of_mass": [[38.17075891645809, 14.190484297819609, 8.294973163820112], [36.133564911716704, 14.190489708616266, 2.261534072589133]]}}