{"no_of_atoms": 112, "centre_of_mass": [7.278409044607573, 20.26117531985673, 11.540193182946945], "maximum_diameter": {"diameter": 14.477934135455435, "atom_1": 54, "atom_2": 68}, "pore_diameter": {"diameter": 4.975538786752978, "atom": 8}, "pore_volume": 64.49394912565668, "pore_diameter_opt": {"diameter": 5.113234871278154, "atom_1": 8, "centre_of_mass": [7.263853105924125, 20.30514593301451, 11.593571636335222]}, "pore_volume_opt": 69.99803498756768, "windows": {"diameters": [3.677646129849826, 3.6772071685366132], "centre_of_mass": [[5.466264986923644, 19.481530300686725, 13.861870210687954], [9.196343663652256, 21.07267125820911, 9.457837961011613]]}}