{"no_of_atoms": 147, "centre_of_mass": [10.33718731932613, 7.554038216296754, 4.603126989119699], "maximum_diameter": {"diameter": 17.61002816664022, "atom_1": 36, "atom_2": 110}, "pore_diameter": {"diameter": 5.683652357721888, "atom": 52}, "pore_volume": 96.13491380785325, "pore_diameter_opt": {"diameter": 6.265532117061257, "atom_1": 52, "centre_of_mass": [10.446818337568967, 7.717482189424125, 5.029342611689119]}, "pore_volume_opt": 128.78714148600184, "windows": {"diameters": [6.369226973813973, 5.769221759877853], "centre_of_mass": [[10.340026525711506, 7.554163247519488, 5.569552548000733], [10.544313456308753, 7.729508784379656, 3.499756149053546]]}}