{"no_of_atoms": 111, "centre_of_mass": [9.146618616084046, 5.478389031696542, 32.14908465448709], "maximum_diameter": {"diameter": 17.611570482843298, "atom_1": 67, "atom_2": 97}, "pore_diameter": {"diameter": 3.0865035801647562, "atom": 9}, "pore_volume": 15.395683609029865, "pore_diameter_opt": {"diameter": 4.731719581455339, "atom_1": 25, "centre_of_mass": [9.483908650726953, 6.238593136701609, 32.64692536797445]}, "pore_volume_opt": 55.469674696714755, "windows": {"diameters": [4.000766340431003, 4.6031199504726725], "centre_of_mass": [[13.4900566918366, 4.907807150284954, 33.42247481683664], [6.685561658622985, 6.565629275535008, 32.24081222599071]]}}