{"no_of_atoms": 125, "centre_of_mass": [3.707642685200748, 2.778335166935737, 14.661382443699983], "maximum_diameter": {"diameter": 17.407402642336137, "atom_1": 64, "atom_2": 68}, "pore_diameter": {"diameter": 3.0599059725960727, "atom": 102}, "pore_volume": 15.001091713720939, "pore_diameter_opt": {"diameter": 4.6115222907465165, "atom_1": 102, "centre_of_mass": [4.054062855989843, 3.5038200896525904, 14.515761826230381]}, "pore_volume_opt": 51.34894900376001, "windows": {"diameters": [4.499167224349968, 3.2700749229592163], "centre_of_mass": [[3.816978058154983, 8.403522362131111, 15.8053901681193], [5.422810754768797, 0.35565976532628873, 14.169605518164554]]}}