{"no_of_atoms": 126, "centre_of_mass": [0.3563606846205436, 6.2198768499888235, 1.569501641472769], "maximum_diameter": {"diameter": 16.09917127561839, "atom_1": 25, "atom_2": 111}, "pore_diameter": {"diameter": 6.380517577019688, "atom": 104}, "pore_volume": 136.00859382022358, "pore_diameter_opt": {"diameter": 6.562538343042355, "atom_1": 104, "centre_of_mass": [0.4495198253779066, 6.333387451099775, 1.5737423837225135]}, "pore_volume_opt": 147.98380299782139, "windows": {"diameters": [5.014447184485243, 5.288209366075825], "centre_of_mass": [[-1.2443442539458092, 4.083566000399367, 3.282980051386243], [2.0047243450323484, 8.418650716912449, 0.032051075089067904]]}}