{"no_of_atoms": 64, "centre_of_mass": [5.8320636412733355, 3.261472054088204, 12.435241137299258], "maximum_diameter": {"diameter": 10.907399379718814, "atom_1": 0, "atom_2": 61}, "pore_diameter": {"diameter": 0.4974776591167229, "atom": 17}, "pore_volume": 0.06446431446163423, "pore_diameter_opt": {"diameter": 0.975514575393281, "atom_1": 5, "centre_of_mass": [5.773633247207013, 3.4417383681163716, 12.683979966857619]}, "pore_volume_opt": 0.48607122316666634, "windows": {"diameters": [1.1101925321545072, 1.7614894767408722], "centre_of_mass": [[6.196695848846568, 3.382131942646562, 13.339890666857604], [5.612011597209988, 5.883318417088596, 10.750578277460965]]}}