{"no_of_atoms": 126, "centre_of_mass": [4.759907851275654, 10.624015145189658, 9.656446350798467], "maximum_diameter": {"diameter": 17.80587139318232, "atom_1": 42, "atom_2": 107}, "pore_diameter": {"diameter": 5.0379309278161255, "atom": 46}, "pore_volume": 66.9507195340338, "pore_diameter_opt": {"diameter": 5.976563507448912, "atom_1": 46, "centre_of_mass": [4.276675290268976, 9.73655672390099, 10.183279024862676]}, "pore_volume_opt": 111.77720309822728, "windows": {"diameters": [6.219130866977084, 5.0585901954596535], "centre_of_mass": [[4.196452353603905, 9.050694418877919, 10.271213390283583], [5.1550622423699, 12.091653352727489, 7.553303718689023]]}}