{"no_of_atoms": 126, "centre_of_mass": [21.590458784329904, 13.438338765928906, 0.6136582228413213], "maximum_diameter": {"diameter": 16.173370358852083, "atom_1": 47, "atom_2": 80}, "pore_diameter": {"diameter": 6.428473653267263, "atom": 113}, "pore_volume": 139.09842971100736, "pore_diameter_opt": {"diameter": 6.4427391307888975, "atom_1": 113, "centre_of_mass": [21.624151934420922, 13.507894692483658, 0.554867806385851]}, "pore_volume_opt": 140.02650950496354, "windows": {"diameters": [5.075945173838607, 5.076245798790462], "centre_of_mass": [[19.196558794892283, 11.619809847331158, 2.0719532841199007], [23.864289312933003, 15.126649999802831, -0.7563150920060604]]}}