{"no_of_atoms": 168, "centre_of_mass": [3.9260965912145335e-16, 12.456999999999995, 12.45699999999999], "maximum_diameter": {"diameter": 22.306116167805452, "atom_1": 13, "atom_2": 166}, "pore_diameter": {"diameter": 5.51260006956441, "atom": 124}, "pore_volume": 87.7138312660818, "pore_diameter_opt": {"diameter": 5.51260006956441, "atom_1": 124, "centre_of_mass": [3.9260965912145335e-16, 12.456999999999995, 12.45699999999999]}, "pore_volume_opt": 87.7138312660818, "windows": {"diameters": [3.7452734090126554, 3.742727503434797, 3.7362246875398992, 3.7452085724631323], "centre_of_mass": [[-1.645199334092619, 10.811771478252473, 14.102215462964434], [1.6297737552142235, 14.086824001240037, 14.086835616428154], [1.5471080991797144, 10.909927233133466, 10.909910987809017], [-1.6449848923735915, 14.10195684199888, 10.812065463402385]]}}