{"no_of_atoms": 216, "centre_of_mass": [12.486210113360327, 0.2780838083670713, 12.486209433198384], "maximum_diameter": {"diameter": 22.31310718691976, "atom_1": 34, "atom_2": 213}, "pore_diameter": {"diameter": 5.224728761073225, "atom": 5}, "pore_volume": 74.67751709475779, "pore_diameter_opt": {"diameter": 5.651758325802355, "atom_1": 166, "centre_of_mass": [12.484195096019146, -0.0005702365885447295, 12.487111034101709]}, "pore_volume_opt": 94.52558429803942, "windows": {"diameters": [3.863006044074727, 3.866341118031722, 3.8569738223515873, 3.866258759009812], "centre_of_mass": [[14.139270403474738, 1.6529568514914013, 14.138940408857874], [10.816534193714599, -1.67006878750888, 14.156424143966275], [14.055290371370651, -1.5695948376106448, 10.9173725093068], [10.81743978842541, 1.6692302355161366, 10.817423250226188]]}}