{"no_of_atoms": 168, "centre_of_mass": [6.241870876239773, 18.725473128670988, 18.72547312867098], "maximum_diameter": {"diameter": 22.32755531075669, "atom_1": 90, "atom_2": 134}, "pore_diameter": {"diameter": 5.644122600491386, "atom": 124}, "pore_volume": 94.14297945783812, "pore_diameter_opt": {"diameter": 5.644264751067945, "atom_1": 44, "centre_of_mass": [6.242042023463785, 18.725548664843696, 18.725400656815054]}, "pore_volume_opt": 94.15009277737674, "windows": {"diameters": [3.851375431202435, 3.8501658768746316, 3.858968656069297, 3.8622999099181485], "centre_of_mass": [[4.614601264869457, 20.353079931046008, 20.353374911759435], [7.857298385536639, 17.109953754293013, 20.341277147976186], [7.920002281107859, 20.403690784116318, 17.04702039526131], [4.54787684624665, 17.03111816642976, 17.03079465911735]]}}