{"no_of_atoms": 206, "centre_of_mass": [0.290837473801419, 12.385197694524917, 12.385198422120078], "maximum_diameter": {"diameter": 22.39878952855487, "atom_1": 126, "atom_2": 158}, "pore_diameter": {"diameter": 5.104288611321884, "atom": 24}, "pore_volume": 69.6312658371745, "pore_diameter_opt": {"diameter": 5.558577306743022, "atom_1": 175, "centre_of_mass": [-0.0003976290684000073, 12.385103355714328, 12.385422787063456]}, "pore_volume_opt": 89.92688964552144, "windows": {"diameters": [3.7834043491361355, 3.7798545168337276, 3.7840602732645796, 3.77367449866678], "centre_of_mass": [[-1.6885496996830232, 10.696362074181678, 14.073559678239874], [1.6694298233550322, 14.054846783602567, 14.054745457375226], [-1.692210683362948, 14.07721836287117, 10.692720098380386], [1.5931727624119685, 10.791422208489655, 10.79152540698326]]}}