{"no_of_atoms": 168, "centre_of_mass": [18.673500000000015, 6.224500000000003, 18.673499999999994], "maximum_diameter": {"diameter": 22.239652290107127, "atom_1": 9, "atom_2": 164}, "pore_diameter": {"diameter": 5.481014975778324, "atom": 128}, "pore_volume": 86.21475301791475, "pore_diameter_opt": {"diameter": 5.481014975778324, "atom_1": 128, "centre_of_mass": [18.673500000000015, 6.224500000000003, 18.673499999999994]}, "pore_volume_opt": 86.21475301791475, "windows": {"diameters": [3.7013637915591544, 3.7000244944873306, 3.71074175378367, 3.709029793095979], "centre_of_mass": [[17.06445111274339, 7.8335330819134725, 20.282493242242044], [20.268414511211695, 4.6296074395209805, 20.268401658243125], [17.00605976904033, 4.557100697820916, 17.006085970650567], [20.332682327441916, 7.883704088105689, 17.014205405911557]]}}