{"no_of_atoms": 168, "centre_of_mass": [6.2245, 18.673499999999997, 18.673499999999997], "maximum_diameter": {"diameter": 22.239652290107127, "atom_1": 9, "atom_2": 164}, "pore_diameter": {"diameter": 5.4810149757783755, "atom": 24}, "pore_volume": 86.21475301791718, "pore_diameter_opt": {"diameter": 5.4810149757783755, "atom_1": 24, "centre_of_mass": [6.2245, 18.673499999999997, 18.673499999999997]}, "pore_volume_opt": 86.21475301791718, "windows": {"diameters": [3.7013637915591473, 3.7000244944876157, 3.710741783979563, 3.709029793096111], "centre_of_mass": [[4.6154511127433775, 20.282533081913467, 20.282493242242047], [7.819414377907492, 17.078607567097308, 20.268401522630292], [4.557059609434748, 17.006100552955672, 17.00608583611597], [7.88368221658175, 20.33270396702407, 17.014205537296057]]}}