{"no_of_atoms": 168, "centre_of_mass": [6.233283126988729, 6.233283126988726, 6.233283126988728], "maximum_diameter": {"diameter": 22.327042487670493, "atom_1": 40, "atom_2": 166}, "pore_diameter": {"diameter": 5.4355643025989835, "atom": 70}, "pore_volume": 84.08771201809978, "pore_diameter_opt": {"diameter": 5.4355643025989835, "atom_1": 70, "centre_of_mass": [6.233283126988729, 6.233283126988726, 6.233283126988728]}, "pore_volume_opt": 84.08771201809978, "windows": {"diameters": [3.669348191810393, 3.6680925803289424, 3.6805134149070997, 3.6767890319227843], "centre_of_mass": [[4.6380562733102435, 7.82867367609969, 7.828992715371854], [7.816979470650783, 4.649929687159278, 7.816666230583357], [4.572347871342868, 4.572414038322572, 4.572417921049429], [7.8782985641247585, 7.878530743526851, 4.588456148905797]]}}