{"no_of_atoms": 2056, "centre_of_mass": [12.438101167315157, 12.438101167315157, 12.438101167315164], "maximum_diameter": {"diameter": 108.47305154859846, "atom_1": 912, "atom_2": 2045}, "pore_diameter": {"diameter": 16.474682418358277, "atom": 99}, "pore_volume": 2341.260708278938, "pore_diameter_opt": {"diameter": 16.474833787470388, "atom_1": 1, "centre_of_mass": [12.437999999430863, 12.437999999430863, 12.43799999943087]}, "pore_volume_opt": 2341.3252432669547, "windows": {"diameters": [15.900722728711475, 15.608591965981311, 15.902184950466392, 15.632190169589705, 15.585196220719183, 15.791396545884453, 15.998730673221498, 15.626563958806436, 15.608492288933949, 15.735355728170266, 15.249047448884305, 15.694823617704607], "centre_of_mass": [[6.6305313903152, 6.630492360072027, 18.245502016639005], [18.023270381172466, 18.02325277658819, 18.023278178116605], [6.629393863674964, 6.629386175028657, 18.246629735532423], [18.0387704727381, 18.038762041081718, 18.038785071886284], [18.0078029865233, 18.00784383296181, 18.007836876611314], [6.716653616277675, 6.71670803432776, 18.159371208159197], [6.55566402291001, 18.32029323224763, 6.555704315000734], [18.035099960139924, 6.84188621325195, 6.841817308487005], [6.853802665673969, 18.023233675812243, 6.853799192551702], [18.11386165489303, 6.762141718081155, 6.762160791355497], [13.319735305363007, -13.318758512764424, -13.318717188718425], [6.795531482115886, 18.08042930309513, 6.795514426680034]]}}