{"no_of_atoms": 168, "centre_of_mass": [6.222500000000005, 18.667500000000004, 18.667499999999993], "maximum_diameter": {"diameter": 22.291074014084884, "atom_1": 3, "atom_2": 166}, "pore_diameter": {"diameter": 5.423401781625914, "atom": 44}, "pore_volume": 83.52451464187773, "pore_diameter_opt": {"diameter": 5.423401781625914, "atom_1": 44, "centre_of_mass": [6.222500000000005, 18.667500000000004, 18.667499999999993]}, "pore_volume_opt": 83.52451464187773, "windows": {"diameters": [3.655436366216296, 3.6542488660413324, 3.666165866636542, 3.6628066877801806], "centre_of_mass": [[4.627956110860602, 20.262064720158154, 20.26207346524922], [7.8051338741171605, 17.084830594618705, 20.25011443179576], [4.562540277883475, 17.007540133757427, 17.007556666323854], [7.866173176867679, 20.31121340843047, 17.023818945689538]]}}