{"no_of_atoms": 198, "centre_of_mass": [12.292999999999994, 12.292999999999996, 12.292999999999994], "maximum_diameter": {"diameter": 22.05284398368789, "atom_1": 31, "atom_2": 196}, "pore_diameter": {"diameter": 5.583999999999962, "atom": 47}, "pore_volume": 91.1664095594899, "pore_diameter_opt": {"diameter": 5.583999999999962, "atom_1": 47, "centre_of_mass": [12.292999999999994, 12.292999999999996, 12.292999999999994]}, "pore_volume_opt": 91.1664095594899, "windows": {"diameters": [3.3264138504710883, 3.3247671439498654, 3.3336055218647735, 3.332424745276192], "centre_of_mass": [[10.564781664571855, 14.021319742587947, 14.021266661779128], [14.001120391544177, 10.584906557667555, 14.001067586802872], [14.066768256371347, 14.066724385897327, 10.519232955671338], [10.525143655457153, 10.525108436933813, 10.52509625101803]]}}