{"no_of_atoms": 108, "centre_of_mass": [6.1465, 18.439499999999995, 18.43949999999999], "maximum_diameter": {"diameter": 17.277996224665056, "atom_1": 59, "atom_2": 68}, "pore_diameter": {"diameter": 5.530077883198949, "atom": 18}, "pore_volume": 88.55077481421115, "pore_diameter_opt": {"diameter": 5.530077883198949, "atom_1": 18, "centre_of_mass": [6.1465, 18.439499999999995, 18.43949999999999]}, "pore_volume_opt": 88.55077481421115, "windows": {"diameters": [3.7578857624142077, 3.7568365258898617, 3.7562587122388247, 3.7688015958877155], "centre_of_mass": [[4.511371694408394, 16.804342095284564, 20.074641768590084], [7.774249969190247, 20.06730850686094, 20.067235247728256], [7.769385602177536, 16.81661568417524, 16.81659863590362], [4.454607608703382, 20.131397739498702, 16.74757597861747]]}}