{"no_of_atoms": 66, "centre_of_mass": [3.746074779200453, 13.800510378510374, 6.149822217180385], "maximum_diameter": {"diameter": 15.889332044896342, "atom_1": 32, "atom_2": 61}, "pore_diameter": {"diameter": 4.67074341063239, "atom": 62}, "pore_volume": 53.35273060958611, "pore_diameter_opt": {"diameter": 5.605022277991776, "atom_1": 34, "centre_of_mass": [3.6104332438562676, 14.745714623368478, 7.077170521885636]}, "pore_volume_opt": 92.19994279909163, "windows": {"diameters": [5.6231870066307446, 4.632523759224476], "centre_of_mass": [[3.6163183644326207, 14.733918477057061, 7.081296042483236], [3.7930884265146863, 11.59691176658092, 4.247020739760746]]}}