{"no_of_atoms": 113, "centre_of_mass": [11.740384899042967, 7.732246427951755, 7.532120326704244], "maximum_diameter": {"diameter": 15.045665198504118, "atom_1": 8, "atom_2": 104}, "pore_diameter": {"diameter": 4.605764451460933, "atom": 44}, "pore_volume": 51.15684975023701, "pore_diameter_opt": {"diameter": 4.734637430355635, "atom_1": 61, "centre_of_mass": [11.728669187964973, 7.677861989936513, 7.564638755063786]}, "pore_volume_opt": 55.57235531059337, "windows": {"diameters": [3.161789717492293, 3.158863543226369], "centre_of_mass": [[14.575685736213414, 9.037597744868837, 7.942825491941969], [9.081515602232443, 6.281421892777997, 7.095306621592285]]}}