{"no_of_atoms": 157, "centre_of_mass": [5.952503338475577, 16.17211029766434, 0.4758543579481449], "maximum_diameter": {"diameter": 14.517273402174403, "atom_1": 75, "atom_2": 92}, "pore_diameter": {"diameter": 4.62941959485671, "atom": 126}, "pore_volume": 51.94912762914492, "pore_diameter_opt": {"diameter": 5.309710987277711, "atom_1": 124, "centre_of_mass": [5.987616624999193, 15.958274743307701, 0.08655241934041853]}, "pore_volume_opt": 78.38108487635402, "windows": {"diameters": [3.8039711004468115, 3.811447470908668], "centre_of_mass": [[8.995599642961297, 17.011582204138413, 0.0433515852119305], [3.057463692654583, 14.935498024560705, -0.05035120349546729]]}}