{"no_of_atoms": 125, "centre_of_mass": [9.41682728294222, 11.987370846787229, 3.794303011407251], "maximum_diameter": {"diameter": 16.46591274510633, "atom_1": 42, "atom_2": 102}, "pore_diameter": {"diameter": 3.4966433821032106, "atom": 114}, "pore_volume": 22.38477052938521, "pore_diameter_opt": {"diameter": 5.01167775307599, "atom_1": 74, "centre_of_mass": [9.976497243595556, 12.95789228543805, 2.0459813270704172]}, "pore_volume_opt": 65.90950312136273, "windows": {"diameters": [3.0796722354816333, 5.173076437572373], "centre_of_mass": [[8.557217849686271, 10.03383101616418, 4.972159644404954], [9.966327726519584, 13.08960864390944, 1.7055244633652191]]}}