{"no_of_atoms": 126, "centre_of_mass": [11.094457355018166, 30.07211314843254, 7.868998272080061], "maximum_diameter": {"diameter": 16.707098333803614, "atom_1": 2, "atom_2": 116}, "pore_diameter": {"diameter": 3.265473883850652, "atom": 36}, "pore_volume": 18.232124030458966, "pore_diameter_opt": {"diameter": 5.1127421222120475, "atom_1": 119, "centre_of_mass": [11.207235191129444, 31.47782886539055, 6.236261330154735]}, "pore_volume_opt": 69.9778003551919, "windows": {"diameters": [2.8268183778964473, 5.378187718070643], "centre_of_mass": [[12.039088324205242, 28.601973634274138, 9.190522198867836], [11.128915270739832, 31.72683351205379, 5.93159621532919]]}}