{"no_of_atoms": 177, "centre_of_mass": [7.665948331191547, 10.671396688973534, 4.821114453217089], "maximum_diameter": {"diameter": 19.26007098931383, "atom_1": 116, "atom_2": 174}, "pore_diameter": {"diameter": 3.8374469289553264, "atom": 88}, "pore_volume": 29.58869214787731, "pore_diameter_opt": {"diameter": 4.839640339839695, "atom_1": 38, "centre_of_mass": [7.573124148600472, 9.99000789746967, 4.859764470461625]}, "pore_volume_opt": 59.352345535586124, "windows": {"diameters": [2.8435136024864236, 3.2996140217999046], "centre_of_mass": [[4.789125652221406, 9.050029280469698, 8.101644979094802], [11.22777512868553, 8.644661030372728, 0.3205971429133978]]}}