{"no_of_atoms": 154, "centre_of_mass": [2.716154366973916, 12.480791344021128, 6.052059087300318], "maximum_diameter": {"diameter": 18.523078234734278, "atom_1": 54, "atom_2": 144}, "pore_diameter": {"diameter": 4.162609456447285, "atom": 75}, "pore_volume": 37.76553329345164, "pore_diameter_opt": {"diameter": 4.973049242308683, "atom_1": 101, "centre_of_mass": [3.215200621906345, 12.2371257481598, 6.154966346584349]}, "pore_volume_opt": 64.39718760768464, "windows": {"diameters": [3.7496252760772255, 3.0601567340298614, 1.596386232664167], "centre_of_mass": [[1.780681969783323, 11.99068518636502, 10.8493562520154], [7.537273487577799, 10.36503576075259, 1.9324818394015661], [4.750863902428751, 14.608484694727341, 2.724901314957182]]}}