{"no_of_atoms": 195, "centre_of_mass": [17.629689591367057, 3.0417438728415256, 4.881635252228641], "maximum_diameter": {"diameter": 19.26007098931383, "atom_1": 34, "atom_2": 140}, "pore_diameter": {"diameter": 3.9702718741704675, "atom": 93}, "pore_volume": 32.768711425370206, "pore_diameter_opt": {"diameter": 4.87989567495454, "atom_1": 94, "centre_of_mass": [17.603686155884258, 2.355563195918022, 4.821207700085859]}, "pore_volume_opt": 60.8457480630219, "windows": {"diameters": [3.370900393831288, 2.8709958482442866], "centre_of_mass": [[14.001317325996371, 1.070411636392861, 9.411423448580566], [19.95375844227813, 1.7102773458248453, 1.9723991913928138]]}}