{"no_of_atoms": 60, "centre_of_mass": [1.3414798399067955e-16, 3.8172548331904848, 18.73141289301893], "maximum_diameter": {"diameter": 13.972488509026665, "atom_1": 17, "atom_2": 44}, "pore_diameter": {"diameter": 2.6842820453966243, "atom": 23}, "pore_volume": 10.127052508330696, "pore_diameter_opt": {"diameter": 2.7257302316047203, "atom_1": 0, "centre_of_mass": [0.0019596972847300805, 3.815952097998803, 18.63432150636428]}, "pore_volume_opt": 10.603451040316392, "windows": {"diameters": [1.5741659401614378, 1.5064099220836868, 1.2398605357657373, 1.2006124032051897], "centre_of_mass": [[2.063397612672384, 4.241576429182249, 20.55426179933505], [-1.8661298754135083, 3.431217744054992, 20.408315778478826], [-0.3577269778466094, 5.745725922310183, 17.331245666399646], [0.3710090834146326, 1.8668443886239812, 17.23406530460747]]}}