{"no_of_atoms": 172, "centre_of_mass": [8.773977460365327, 6.988242123328758, 5.307102470498966], "maximum_diameter": {"diameter": 19.97076294035756, "atom_1": 31, "atom_2": 149}, "pore_diameter": {"diameter": 2.1966034265686516, "atom": 42}, "pore_volume": 5.54949663672764, "pore_diameter_opt": {"diameter": 3.9887946639783105, "atom_1": 69, "centre_of_mass": [9.872279173649652, 6.893206271438696, 5.408657330265451]}, "pore_volume_opt": 33.22948900496008, "windows": {"diameters": [2.3091505245838326, 1.7581804152029235, 1.2241806807072009, 1.7778898493693642], "centre_of_mass": [[10.578354411351103, 6.213421799258045, 9.175783964095896], [11.792947889657583, 2.41458737860796, 6.792589515541873], [13.899308602009587, 6.769236056988277, 5.804504675372572], [9.38522024189, 6.338744972813741, 2.3760173738546744]]}}