{"no_of_atoms": 188, "centre_of_mass": [0.5086618932064508, 8.065867064862147, 9.167445523625043], "maximum_diameter": {"diameter": 19.515017421393033, "atom_1": 12, "atom_2": 147}, "pore_diameter": {"diameter": 2.628206718504361, "atom": 152}, "pore_volume": 9.505548580701353, "pore_diameter_opt": {"diameter": 3.2534248007488373, "atom_1": 57, "centre_of_mass": [0.37286734093985807, 6.751763705609966, 8.954272075320548]}, "pore_volume_opt": 18.031046824132765, "windows": {"diameters": [1.486051047791614, 1.4564959601023593], "centre_of_mass": [[-0.5866770572579875, 5.67657347939475, 11.918653989287257], [1.547727594728972, 5.687366634405888, 6.562837382116403]]}}