{"no_of_atoms": 92, "centre_of_mass": [7.049539757486446, 8.4268789530208, 25.368500000000015], "maximum_diameter": {"diameter": 21.712769056127197, "atom_1": 39, "atom_2": 87}, "pore_diameter": {"diameter": 1.8407668731149518, "atom": 30}, "pore_volume": 3.2658406657134615, "pore_diameter_opt": {"diameter": 1.8407769215329588, "atom_1": 30, "centre_of_mass": [7.049542896035351, 8.426882091569707, 25.368502546032985]}, "pore_volume_opt": 3.26589414893033, "windows": {"diameters": [2.003299734010962, 1.9213046193788101], "centre_of_mass": [[7.627438380127513, 8.135828355752523, 24.870136127077537], [5.916698627254535, 10.173030346037894, 25.10229494423723]]}}