{"no_of_atoms": 148, "centre_of_mass": [4.827648308894058, 4.674882031605217, 5.252184229774647], "maximum_diameter": {"diameter": 19.392054990616316, "atom_1": 101, "atom_2": 144}, "pore_diameter": {"diameter": 4.444081459973519, "atom": 16}, "pore_volume": 45.956257604304525, "pore_diameter_opt": {"diameter": 4.829510217416807, "atom_1": 51, "centre_of_mass": [4.705185989802491, 4.526001917036756, 5.266870476916055]}, "pore_volume_opt": 58.98042395081281, "windows": {"diameters": [3.724839410199237, 4.775724217399507], "centre_of_mass": [[5.395729563513919, 4.381933861141672, 8.886069715645954], [4.820508056682822, 4.4402782732414385, 4.49916911545446]]}}