{"no_of_atoms": 148, "centre_of_mass": [4.82764830889406, 4.219017137456426, 16.797406664639613], "maximum_diameter": {"diameter": 19.39292752555474, "atom_1": 3, "atom_2": 105}, "pore_diameter": {"diameter": 4.443973559934298, "atom": 54}, "pore_volume": 45.95291030184213, "pore_diameter_opt": {"diameter": 4.829013885574135, "atom_1": 99, "centre_of_mass": [4.704963161099879, 4.3673853468019415, 16.812332407657905]}, "pore_volume_opt": 58.96224145230285, "windows": {"diameters": [3.7259660432511237, 4.786963075711116], "centre_of_mass": [[6.283313873300916, 3.760555191604827, 20.553551389264502], [4.8228071781625825, 4.462661436275756, 15.96802244781446]]}}