{"no_of_atoms": 148, "centre_of_mass": [22.31344281379997, 4.219017137456428, 17.838400134426184], "maximum_diameter": {"diameter": 19.392054990616312, "atom_1": 10, "atom_2": 140}, "pore_diameter": {"diameter": 4.444127191122879, "atom": 71}, "pore_volume": 45.95767633669684, "pore_diameter_opt": {"diameter": 4.885821490011153, "atom_1": 46, "centre_of_mass": [22.15622162409412, 4.3494797281509, 17.654359638525673]}, "pore_volume_opt": 61.06767821792395, "windows": {"diameters": [4.708871731055428, 3.7325909985345107], "centre_of_mass": [[21.610184096173747, 4.463792606259406, 18.47563862250689], [22.84657876251867, 4.51769628680612, 14.285578321100019]]}}