{"no_of_atoms": 48, "centre_of_mass": [-1.9063835764529529, 9.285778026022449, 4.216980558438397], "maximum_diameter": {"diameter": 17.112756433336077, "atom_1": 2, "atom_2": 45}, "pore_diameter": {"diameter": 3.3126279689368796, "atom": 11}, "pore_volume": 19.033410546423863, "pore_diameter_opt": {"diameter": 3.3795824914756483, "atom_1": 11, "centre_of_mass": [-1.8893163768497299, 9.307656959213594, 4.235708940489325]}, "pore_volume_opt": 20.210998825224674, "windows": {"diameters": [3.480045297609463, 3.230572183234141, 4.037097609473825], "centre_of_mass": [[-2.272500483260074, 8.951776234279553, 4.9618194912893685], [0.793980513131973, 8.784443315523184, 5.78045452096486], [-1.0121396323567367, 8.592000456576502, 4.6743839334297945]]}}