{"no_of_atoms": 97, "centre_of_mass": [14.553267806580047, 7.586363419185224, 13.029557679848509], "maximum_diameter": {"diameter": 15.026049548402034, "atom_1": 2, "atom_2": 94}, "pore_diameter": {"diameter": 4.5594595820557515, "atom": 27}, "pore_volume": 49.62936664633489, "pore_diameter_opt": {"diameter": 4.9036301834165865, "atom_1": 27, "centre_of_mass": [14.67288978741551, 7.4676152427025455, 12.994064151734399]}, "pore_volume_opt": 61.73788552039092, "windows": {"diameters": [4.562726963688035, 3.9537780929887556], "centre_of_mass": [[15.309204108207055, 4.997527945499532, 15.099856346178301], [14.667870779475603, 9.258393004201382, 10.06257691436827]]}}