{"no_of_atoms": 218, "centre_of_mass": [12.512476104718894, 4.281969943066586, 26.881638498206716], "maximum_diameter": {"diameter": 25.781237637039293, "atom_1": 9, "atom_2": 172}, "pore_diameter": {"diameter": 4.639960342079532, "atom": 45}, "pore_volume": 52.304785839377665, "pore_diameter_opt": {"diameter": 5.481889667105938, "atom_1": 35, "centre_of_mass": [12.80291247468684, 3.936185558831411, 26.780571779605047]}, "pore_volume_opt": 86.25603551703836, "windows": {"diameters": [3.8983495157069394, 3.80119314279238, 3.9785035633741694, 3.7771425536630714, 3.747957476387093], "centre_of_mass": [[11.431821845890846, 3.783125764731513, 29.358790941791334], [16.126044149038265, 7.56310921816687, 31.2339164685677], [15.365691475750161, 1.7321197177730459, 27.133372703681836], [12.917234098080517, 6.057130982590808, 24.91254740704362], [9.365446135925936, 0.7979415216882013, 22.64592426911758]]}}