{"no_of_atoms": 218, "centre_of_mass": [4.281969943066586, 4.281969943066585, 8.77315220242005e-05], "maximum_diameter": {"diameter": 25.78123763703929, "atom_1": 12, "atom_2": 168}, "pore_diameter": {"diameter": 4.640507104170692, "atom": 40}, "pore_volume": 52.3232784397842, "pore_diameter_opt": {"diameter": 5.493784871527808, "atom_1": 129, "centre_of_mass": [3.9734894387470363, 3.9730304148960514, 0.0006757585291824194]}, "pore_volume_opt": 86.81875818040336, "windows": {"diameters": [3.75578389230736, 3.761925275861806, 3.931065689075906, 3.7582289566574993, 3.8103531984940204], "centre_of_mass": [[3.63564853128089, 7.093894737112473, 2.5836971913740903], [7.46917238241355, 0.7590003949959687, 4.270716573288006], [1.9582432565648458, 1.6320974903678636, 0.27099570213826724], [7.134057774332749, 3.609921651042653, -2.7058375396958265], [0.6527493501317991, 7.579505353998442, -4.366300481911466]]}}