{"no_of_atoms": 103, "centre_of_mass": [7.144322959844116, 32.19070577061957, 20.693649690008023], "maximum_diameter": {"diameter": 17.666531539501385, "atom_1": 43, "atom_2": 78}, "pore_diameter": {"diameter": 3.882183341278307, "atom": 60}, "pore_volume": 30.635625175588732, "pore_diameter_opt": {"diameter": 3.9209172510540973, "atom_1": 61, "centre_of_mass": [7.072162845149546, 32.147320480919966, 20.6833302359788]}, "pore_volume_opt": 31.561791957680647, "windows": {"diameters": [3.5641667824226237, 3.954144420013401], "centre_of_mass": [[7.871142103521452, 32.931968090436094, 21.436848425397045], [6.817543090688393, 31.89069088503536, 20.433760126856818]]}}