{"no_of_atoms": 103, "centre_of_mass": [23.93893420539862, 1.3984334001008323, 6.187962841842781], "maximum_diameter": {"diameter": 17.66748036691398, "atom_1": 0, "atom_2": 99}, "pore_diameter": {"diameter": 3.8830018932462864, "atom": 60}, "pore_volume": 30.655007675221476, "pore_diameter_opt": {"diameter": 3.909361102786221, "atom_1": 14, "centre_of_mass": [23.922018046482133, 1.3985370527217076, 6.168548293315789]}, "pore_volume_opt": 31.28354674047841, "windows": {"diameters": [3.9457825161197104, 3.5672004071972685], "centre_of_mass": [[23.641958766806955, 1.6681520181848661, 6.418143415441126], [24.679011206522794, 0.64381717349591, 5.431907617732331]]}}