{"no_of_atoms": 103, "centre_of_mass": [32.19070577061957, 7.144322959844116, 15.148499035277762], "maximum_diameter": {"diameter": 17.66653153950137, "atom_1": 43, "atom_2": 78}, "pore_diameter": {"diameter": 3.883418652758088, "atom": 60}, "pore_volume": 30.664879267597293, "pore_diameter_opt": {"diameter": 3.9068126944983734, "atom_1": 10, "centre_of_mass": [32.18962446833068, 7.128210450989698, 15.126952539019197]}, "pore_volume_opt": 31.222407882089655, "windows": {"diameters": [3.926579889598527, 3.556624912446929], "centre_of_mass": [[32.00850737086299, 6.934488704793252, 15.294069257264349], [32.873710646271434, 7.813113911602282, 14.461876477630005]]}}