{"no_of_atoms": 176, "centre_of_mass": [3.6923308896731277, 3.7230885954042505, 5.78607158018849], "maximum_diameter": {"diameter": 21.184028757082007, "atom_1": 138, "atom_2": 158}, "pore_diameter": {"diameter": 4.432657561046176, "atom": 76}, "pore_volume": 45.60276414630357, "pore_diameter_opt": {"diameter": 4.432881400597937, "atom_1": 15, "centre_of_mass": [3.6922956130198976, 3.723149375837076, 5.7859844738276065]}, "pore_volume_opt": 45.60967301595146, "windows": {"diameters": [4.192344004336736, 2.143465597448214, 4.184712199291475, 2.001663610242296], "centre_of_mass": [[0.09270686933812922, 3.8527402167239226, 7.21331029894715], [6.880055798738926, 2.7463809267620505, 6.380150508350983], [7.306715222361499, 3.678619092533435, 4.32578977641773], [-0.3456077691433759, 6.248689382483757, 2.7050246857880285]]}}