{"no_of_atoms": 142, "centre_of_mass": [12.352969880046718, 1.139841084364285, 14.607757694790886], "maximum_diameter": {"diameter": 21.629231630067032, "atom_1": 104, "atom_2": 138}, "pore_diameter": {"diameter": 3.984222559537836, "atom": 59}, "pore_volume": 33.115353311912735, "pore_diameter_opt": {"diameter": 5.874064007541195, "atom_1": 16, "centre_of_mass": [13.540317287998006, 1.5877285976250135, 12.615646415021967]}, "pore_volume_opt": 106.12425292584349, "windows": {"diameters": [4.552075678347483, 6.784643338684823], "centre_of_mass": [[12.461649040115411, 0.5660157468972997, 14.779697882987088], [14.199464099302704, 2.5475667497415575, 11.208312286354044]]}}