{"no_of_atoms": 126, "centre_of_mass": [8.159076974804703, 4.83959639133468, 7.892816797881881], "maximum_diameter": {"diameter": 17.651855357893464, "atom_1": 45, "atom_2": 100}, "pore_diameter": {"diameter": 6.017245514868771, "atom": 72}, "pore_volume": 114.07535210780794, "pore_diameter_opt": {"diameter": 6.545720366563424, "atom_1": 72, "centre_of_mass": [7.768762955750906, 4.679993342107373, 7.837559355378983]}, "pore_volume_opt": 146.8489911191174, "windows": {"diameters": [6.0551802203840825, 6.8006983771661975], "centre_of_mass": [[9.315195493343458, 4.794405700360881, 8.383601842771073], [5.978810636795231, 4.778735839581799, 7.1136239409821655]]}}