{"no_of_atoms": 148, "centre_of_mass": [6.9834264577852805, 5.765405008404504, 6.747324982851806], "maximum_diameter": {"diameter": 20.536158285436525, "atom_1": 20, "atom_2": 138}, "pore_diameter": {"diameter": 3.312298373781824, "atom": 67}, "pore_volume": 19.027729833884518, "pore_diameter_opt": {"diameter": 3.6049733493021017, "atom_1": 67, "centre_of_mass": [6.962269330803491, 5.9051685842467965, 6.709008795734686]}, "pore_volume_opt": 24.530409467197742, "windows": {"diameters": [3.940309023031593, 1.007607595757941, 3.918040542204752], "centre_of_mass": [[6.427612011153164, 6.917525204014531, 8.820302104486759], [11.366610900539907, 6.092661829141358, 7.659750675651109], [8.76775370184953, 5.98764674056621, 6.938025650479048]]}}