{"no_of_atoms": 168, "centre_of_mass": [-5.0357139439605065, 9.204676759954298, 14.534969703407917], "maximum_diameter": {"diameter": 19.825201415682397, "atom_1": 48, "atom_2": 155}, "pore_diameter": {"diameter": 2.0948692642679405, "atom": 164}, "pore_volume": 4.813593332715695, "pore_diameter_opt": {"diameter": 3.5339139288112382, "atom_1": 50, "centre_of_mass": [-3.9882793118265365, 8.281793031907887, 14.535689764070982]}, "pore_volume_opt": 23.10822169874868, "windows": {"diameters": [3.695878486520798, 3.334031338067604], "centre_of_mass": [[-5.916699720358204, 7.343697952600257, 15.909376296395402], [-2.311853804113509, 9.588564675928744, 11.881685913525116]]}}