{"no_of_atoms": 144, "centre_of_mass": [3.2469635999759237, 25.58660111502347, 21.71230552771759], "maximum_diameter": {"diameter": 17.709680936838325, "atom_1": 29, "atom_2": 122}, "pore_diameter": {"diameter": 7.575117321934748, "atom": 58}, "pore_volume": 227.597094096455, "pore_diameter_opt": {"diameter": 7.704460484762624, "atom_1": 75, "centre_of_mass": [3.258230997083768, 25.63323107516709, 21.66828911872202]}, "pore_volume_opt": 239.45577667107426, "windows": {"diameters": [6.2510850731543774, 6.557950430937129], "centre_of_mass": [[0.35764828474139376, 25.175754777146054, 22.446860047207846], [6.310915241922656, 26.39757003425768, 21.471462347255752]]}}