{"no_of_atoms": 144, "centre_of_mass": [3.299526590526063, 12.776154575207663, 8.142305527717589], "maximum_diameter": {"diameter": 17.709852993508985, "atom_1": 57, "atom_2": 96}, "pore_diameter": {"diameter": 7.575861091970621, "atom": 31}, "pore_volume": 227.66414118487472, "pore_diameter_opt": {"diameter": 7.705142097874106, "atom_1": 31, "centre_of_mass": [3.2876904400099707, 12.82275737785565, 8.098353589973723]}, "pore_volume_opt": 239.51933620420726, "windows": {"diameters": [6.289805754331499, 6.555358269820606], "centre_of_mass": [[6.398640636112459, 11.721849099238312, 8.31567845450276], [0.3420887519451843, 13.559815810032783, 7.922595155193089]]}}