{"no_of_atoms": 184, "centre_of_mass": [-5.356784363329, 9.826821397957922, 19.359931101846716], "maximum_diameter": {"diameter": 17.74342063943528, "atom_1": 73, "atom_2": 127}, "pore_diameter": {"diameter": 7.616086636257743, "atom": 162}, "pore_volume": 231.30991519561243, "pore_diameter_opt": {"diameter": 7.691954350152859, "atom_1": 8, "centre_of_mass": [-5.3399294382626605, 9.800906421295013, 19.337946946943838]}, "pore_volume_opt": 238.29159089664657, "windows": {"diameters": [6.402519174926652, 6.369723515421909], "centre_of_mass": [[-7.313398968003688, 6.867240726590399, 19.139169676130024], [-3.9135714263059587, 12.62090995166066, 18.979742884707477]]}}