{"no_of_atoms": 108, "centre_of_mass": [7.2047963053248285, 22.594366648609604, 18.834517662814484], "maximum_diameter": {"diameter": 14.586700850749974, "atom_1": 50, "atom_2": 67}, "pore_diameter": {"diameter": 5.233432950323309, "atom": 21}, "pore_volume": 75.05136849952227, "pore_diameter_opt": {"diameter": 5.245648647210997, "atom_1": 94, "centre_of_mass": [7.209597879308291, 22.597328881978257, 18.832177601219158]}, "pore_volume_opt": 75.5781430370529, "windows": {"diameters": [3.7566889872024687, 3.7554308872340476], "centre_of_mass": [[5.682367315467822, 24.021810859896352, 21.14543469063488], [8.732535379940613, 21.181970933699073, 16.427540174763664]]}}