{"no_of_atoms": 122, "centre_of_mass": [3.0258037051062057, 10.031326914383769, 20.13861296609668], "maximum_diameter": {"diameter": 15.773289851982115, "atom_1": 55, "atom_2": 121}, "pore_diameter": {"diameter": 1.605607924656114, "atom": 103}, "pore_volume": 2.167290519770697, "pore_diameter_opt": {"diameter": 3.096165138152555, "atom_1": 8, "centre_of_mass": [2.222999742778149, 10.383427256079802, 19.335809003768624]}, "pore_volume_opt": 15.540714113385892, "windows": {"diameters": [3.2261150626070667, 1.5475749040206943, 2.392891130912554], "centre_of_mass": [[-0.7943884255970364, 11.259922221143354, 18.24265349412315], [3.8625378551699177, 9.295149517428792, 20.30748788582323], [2.5615015492430047, 12.255399659814081, 18.941999022481152]]}}