{"no_of_atoms": 108, "centre_of_mass": [10.608085850369992, 6.124597208560952, 14.937468354190935], "maximum_diameter": {"diameter": 17.424821743792222, "atom_1": 53, "atom_2": 60}, "pore_diameter": {"diameter": 5.250788393169717, "atom": 15}, "pore_volume": 75.80051774177494, "pore_diameter_opt": {"diameter": 5.46352911951122, "atom_1": 86, "centre_of_mass": [10.623579354414273, 6.127207051535123, 15.056230480749122]}, "pore_volume_opt": 85.39224051159528, "windows": {"diameters": [3.867603291541277, 3.6531265423035477, 3.6599596770886964, 3.6505522380860778], "centre_of_mass": [[10.607683456841583, 6.124967811323789, 17.741634135324077], [8.95163873707589, 8.196601859636276, 14.118735162420462], [13.316655747663365, 6.53667449063664, 14.087223141556361], [9.670042220794352, 3.72655169390536, 14.146636626260234]]}}