{"no_of_atoms": 230, "centre_of_mass": [16.046389577914745, -0.12503606077796942, 23.006694973149397], "maximum_diameter": {"diameter": 16.043913805271583, "atom_1": 135, "atom_2": 195}, "pore_diameter": {"diameter": 4.282833790849889, "atom": 7}, "pore_volume": 41.133179796091895, "pore_diameter_opt": {"diameter": 5.2993425071866955, "atom_1": 171, "centre_of_mass": [16.206019757309807, -0.0003392092635615505, 23.47547547635828]}, "pore_volume_opt": 77.92280751841975, "windows": {"diameters": [2.007465583326066, 2.0043356935211176, 3.2965063383451567, 3.336171401050144, 2.3066986613740545, 2.3210051585188434], "centre_of_mass": [[20.45744958980395, -1.7437635781714136, 25.11229128446576], [12.6317761964964, -2.769559946780073, 25.054591380686688], [15.557648791963485, 5.86452412051069, 26.297442046101434], [21.633868167315175, 2.379135837716375, 20.628637565730905], [15.938015770048619, -3.4124290173242815, 22.515489750810953], [13.401622355933913, 1.9151320457608325, 22.525772844292668]]}}