{"no_of_atoms": 144, "centre_of_mass": [6.41639008065487, 20.701909490489953, 9.529586286415075], "maximum_diameter": {"diameter": 17.63235571037633, "atom_1": 11, "atom_2": 141}, "pore_diameter": {"diameter": 7.4092249885418795, "atom": 23}, "pore_volume": 212.96928390983197, "pore_diameter_opt": {"diameter": 7.75488619336145, "atom_1": 109, "centre_of_mass": [6.504796118829453, 20.561516320889197, 9.932977968217697]}, "pore_volume_opt": 244.1883320921978, "windows": {"diameters": [6.62913287016151, 5.792210535427848], "centre_of_mass": [[7.295857770188205, 20.20734410394159, 12.705015005898339], [5.934601309583394, 21.82933491947416, 6.64097847252877]]}}