{"no_of_atoms": 144, "centre_of_mass": [6.340609919345133, 7.0264110102925255, 3.1620974727639344], "maximum_diameter": {"diameter": 17.633176922561912, "atom_1": 76, "atom_2": 79}, "pore_diameter": {"diameter": 7.409140753286804, "atom": 99}, "pore_volume": 212.9620202683467, "pore_diameter_opt": {"diameter": 7.692858212328817, "atom_1": 44, "centre_of_mass": [6.3024316045205575, 6.853398729108531, 2.8151336122815325]}, "pore_volume_opt": 238.37560390145558, "windows": {"diameters": [5.79201036129981, 6.624303442932564], "centre_of_mass": [[6.809337877220669, 8.14561317855498, 6.014492097205955], [5.483908823345141, 6.545197691059503, 0.054172852316595854]]}}