{"no_of_atoms": 136, "centre_of_mass": [16.774502038626828, 7.208140530668494, 2.358112854248137], "maximum_diameter": {"diameter": 22.216582567893155, "atom_1": 46, "atom_2": 100}, "pore_diameter": {"diameter": 1.1521747076866573, "atom": 16}, "pore_volume": 0.8008545266159746, "pore_diameter_opt": {"diameter": 1.2248865307203198, "atom_1": 16, "centre_of_mass": [16.795492133472887, 7.2291306657970855, 2.337122796982445]}, "pore_volume_opt": 0.9622461881588203, "windows": {"diameters": [3.0532283063487484, 3.2192618183179964, 1.4895283904256788e+35], "centre_of_mass": [[15.414153543216887, 8.909606332833329, 2.6069259870648245], [16.788447044551585, 5.533065660582258, 0.7256106586654048], [1.1370843184095787e+34, 5.144345160464855e+34, 5.264040536501564e+34]]}}