{"no_of_atoms": 176, "centre_of_mass": [-8.800740086480233e-16, 14.136462157476293, 15.056260705528047], "maximum_diameter": {"diameter": 34.773958029058086, "atom_1": 79, "atom_2": 168}, "pore_diameter": {"diameter": 11.160157285873433, "atom": 54}, "pore_volume": 727.7958392910878, "pore_diameter_opt": {"diameter": 11.160497400201415, "atom_1": 133, "centre_of_mass": [-0.00011964903773410727, 14.136453274047518, 15.056381224508156]}, "pore_volume_opt": 727.8623817233238, "windows": {"diameters": [10.793560640311016, 11.074834355395565, 10.803222973567781], "centre_of_mass": [[3.1023721963558, 11.560146980110426, 17.708784742847193], [0.03371957081121678, 16.25496896769894, 15.041215381991124], [-2.3428101177504868, 12.308029247678109, 13.293841214463928]]}}