{"no_of_atoms": 170, "centre_of_mass": [5.714071468691678, 7.546804339074218, 15.924994028308303], "maximum_diameter": {"diameter": 32.27382940072599, "atom_1": 77, "atom_2": 163}, "pore_diameter": {"diameter": 8.122586392387127, "atom": 140}, "pore_volume": 280.5961061442456, "pore_diameter_opt": {"diameter": 9.294821960154222, "atom_1": 14, "centre_of_mass": [3.9644639266795147, 6.821134251862746, 15.73331448892501]}, "pore_volume_opt": 420.4572529132933, "windows": {"diameters": [8.500117882147336, 9.300064564047544, 9.191649584579952], "centre_of_mass": [[5.559921420090552, 8.937876367521444, 16.672849963867606], [3.9641816009207886, 6.845723098938016, 15.738360309146097], [6.04077939608848, 4.650467604081781, 14.9663475934888]]}}