{"no_of_atoms": 101, "centre_of_mass": [12.87914711398002, 12.202821971192439, 13.88892216760761], "maximum_diameter": {"diameter": 16.090222751631263, "atom_1": 7, "atom_2": 96}, "pore_diameter": {"diameter": 1.518947342900213, "atom": 81}, "pore_volume": 1.8349607447193823, "pore_diameter_opt": {"diameter": 2.6227226382583386, "atom_1": 15, "centre_of_mass": [12.35033123208799, 11.729806681679458, 13.659667538886959]}, "pore_volume_opt": 9.446169127272821, "windows": {"diameters": [2.4821370191228387, 1.5498632875501417, 2.630390669674512], "centre_of_mass": [[10.689635047610759, 12.61032494564962, 14.808296860064385], [14.997470600207079, 10.900567287857188, 14.852845833032495], [12.367797388206942, 11.725479204890306, 13.653753508032079]]}}