{"no_of_atoms": 181, "centre_of_mass": [13.822717736551454, 2.14472740352642, 0.11911642112250072], "maximum_diameter": {"diameter": 19.204781257973845, "atom_1": 56, "atom_2": 115}, "pore_diameter": {"diameter": 5.180323464366653, "atom": 29}, "pore_volume": 72.78958735697714, "pore_diameter_opt": {"diameter": 5.640129520943139, "atom_1": 23, "centre_of_mass": [13.942816552422073, 1.9410195746407353, -0.08444341427094093]}, "pore_volume_opt": 93.94330917745452, "windows": {"diameters": [6.484057255898028, 5.601894616692627], "centre_of_mass": [[9.980997519052199, 2.3132451855613074, 2.3362246666750517], [14.732433145574308, 2.1600684217872064, -0.7680116944899211]]}}