{"no_of_atoms": 186, "centre_of_mass": [2.861330411475642e-17, 2.9896564012628573, 25.785080787620576], "maximum_diameter": {"diameter": 23.038202087979624, "atom_1": 17, "atom_2": 178}, "pore_diameter": {"diameter": 4.6464301740746485, "atom": 84}, "pore_volume": 52.523888093227114, "pore_diameter_opt": {"diameter": 8.669142308681524, "atom_1": 152, "centre_of_mass": [-1.124416680814794e-09, 1.0608933714240438, 23.461865700583253]}, "pore_volume_opt": 341.1355805948726, "windows": {"diameters": [4.166040214033222, 8.948426771663204], "centre_of_mass": [[3.8745389329250832, 6.366696488689853, 26.5093452100511], [3.264986966896193e-05, 0.9894348470018686, 23.06457957346623]]}}