{"no_of_atoms": 135, "centre_of_mass": [-6.379548457330732, 11.686492756431752, 15.275992943183562], "maximum_diameter": {"diameter": 20.39845361165431, "atom_1": 56, "atom_2": 134}, "pore_diameter": {"diameter": 4.380641782373125, "atom": 25}, "pore_volume": 44.01612898338036, "pore_diameter_opt": {"diameter": 4.857790611766626, "atom_1": 25, "centre_of_mass": [-6.422572355713581, 11.942135057366912, 15.226476029527893]}, "pore_volume_opt": 60.02262655394117, "windows": {"diameters": [4.909672250289368, 5.0593294476084765], "centre_of_mass": [[-6.68303507329482, 11.964112766502952, 15.747144089793162], [-5.916562276738992, 12.040797663511135, 14.166021785541062]]}}