{"no_of_atoms": 186, "centre_of_mass": [11.189532921777557, 11.554091907412044, 25.785080787620565], "maximum_diameter": {"diameter": 23.037840346516063, "atom_1": 17, "atom_2": 179}, "pore_diameter": {"diameter": 4.6454898892114045, "atom": 87}, "pore_volume": 52.49200721605952, "pore_diameter_opt": {"diameter": 8.668197049198376, "atom_1": 154, "centre_of_mass": [11.190379221587433, 9.626319286012954, 23.462335843014863]}, "pore_volume_opt": 341.0240032996589, "windows": {"diameters": [4.165947644740312, 8.94853027298514], "centre_of_mass": [[15.06354398455134, 14.930738054318638, 26.509265373663386], [11.189542811153549, 9.554196697395597, 23.06546627525675]]}}