{"no_of_atoms": 81, "centre_of_mass": [8.663573128720744, 10.870277225412337, 10.642075965727892], "maximum_diameter": {"diameter": 15.847111996202194, "atom_1": 35, "atom_2": 52}, "pore_diameter": {"diameter": 4.4588725723530445, "atom": 47}, "pore_volume": 46.41665131698128, "pore_diameter_opt": {"diameter": 5.20211187602835, "atom_1": 39, "centre_of_mass": [9.322188452969375, 11.106439024394655, 10.809480688875407]}, "pore_volume_opt": 73.71191359933182, "windows": {"diameters": [5.227841402333218, 3.692214914894725], "centre_of_mass": [[9.298600069111222, 11.122547232614908, 10.815330979498214], [6.855136404741581, 9.51788434389012, 9.427998518453014]]}}