{"no_of_atoms": 114, "centre_of_mass": [4.4255616767439765, 8.792805410347938, 10.228307351706107], "maximum_diameter": {"diameter": 20.44059076145717, "atom_1": 66, "atom_2": 82}, "pore_diameter": {"diameter": 1.587345965318233, "atom": 100}, "pore_volume": 2.0941770682560663, "pore_diameter_opt": {"diameter": 2.9471566301127177, "atom_1": 35, "centre_of_mass": [3.633720886096018, 8.820918110212494, 10.751254259704949]}, "pore_volume_opt": 13.40319311401968, "windows": {"diameters": [3.2809560850449464, 2.0476860646324044, 5.11788392301723e+43], "centre_of_mass": [[3.4255142590901406, 9.068470061263199, 11.312659577432086], [5.054699212409113, 8.495285518886615, 8.482120345698117], [1.5593323984745143e+43, 3.2436911705294114e+42, 2.0028607313888728e+43]]}}