{"no_of_atoms": 624, "centre_of_mass": [6.191700650768386e-05, 13.344370911215272, 42.67437581524573], "maximum_diameter": {"diameter": 32.22035961835345, "atom_1": 324, "atom_2": 356}, "pore_diameter": {"diameter": 2.5603471929437664, "atom": 229}, "pore_volume": 8.78810437320683, "pore_diameter_opt": {"diameter": 3.2688322485116648, "atom_1": 261, "centre_of_mass": [-3.7084822416716596e-05, 13.344650636696747, 43.190622044602435]}, "pore_volume_opt": 18.28843418638192, "windows": {"diameters": [2.5442999180562, 2.5453913156173154], "centre_of_mass": [[3.485042761762198, 10.084236492200375, 42.08493824364977], [-4.3277907725517295, 12.065996617104297, 42.13190445219135]]}}