{"no_of_atoms": 141, "centre_of_mass": [8.219515983117924, 4.905334984065387, 7.660550606784566], "maximum_diameter": {"diameter": 17.77514091592953, "atom_1": 43, "atom_2": 134}, "pore_diameter": {"diameter": 5.964312095233968, "atom": 79}, "pore_volume": 111.0912119076414, "pore_diameter_opt": {"diameter": 6.26594720565109, "atom_1": 16, "centre_of_mass": [8.119361340208393, 4.802727452497422, 7.740420279342658]}, "pore_volume_opt": 128.81273944652614, "windows": {"diameters": [5.894857028041004, 6.851945846174484], "centre_of_mass": [[9.426290412652435, 4.916445737029983, 8.204398732018767], [5.743375752819094, 4.837551503599145, 6.874403015754432]]}}