{"no_of_atoms": 209, "centre_of_mass": [11.27142305545706, 15.949834215530638, 33.56124219648092], "maximum_diameter": {"diameter": 16.928420750405415, "atom_1": 69, "atom_2": 140}, "pore_diameter": {"diameter": 5.096273136264074, "atom": 174}, "pore_volume": 69.30374614255128, "pore_diameter_opt": {"diameter": 5.177565321993617, "atom_1": 30, "centre_of_mass": [11.348222600887489, 15.980544974584467, 33.60849426661427]}, "pore_volume_opt": 72.67338389588598, "windows": {"diameters": [3.7211787773359584, 3.6955446860986143], "centre_of_mass": [[12.872945162896475, 16.872454731788864, 36.44168102108528], [9.970635952965418, 15.118170481513383, 31.105112387486614]]}}