{"no_of_atoms": 132, "centre_of_mass": [22.6915959381071, 4.027344339708682, 3.0506833016389843], "maximum_diameter": {"diameter": 23.405596269598647, "atom_1": 69, "atom_2": 130}, "pore_diameter": {"diameter": 3.868677394762132, "atom": 26}, "pore_volume": 30.316996235909027, "pore_diameter_opt": {"diameter": 4.862842021296656, "atom_1": 91, "centre_of_mass": [22.754905888232372, 4.162382018137532, 2.5764592194973543]}, "pore_volume_opt": 60.210066247159354, "windows": {"diameters": [4.599698150945985, 4.387847880446884], "centre_of_mass": [[22.521764991897207, 9.464967965167126, 4.341942584588106], [22.922660764105746, 1.8501008272434505, 1.7628902382424239]]}}