{"no_of_atoms": 132, "centre_of_mass": [7.856652470021673, 8.907277153084024, 1.5462172863861166], "maximum_diameter": {"diameter": 25.568402727545752, "atom_1": 72, "atom_2": 129}, "pore_diameter": {"diameter": 3.2250696388061546, "atom": 46}, "pore_volume": 17.563696044445393, "pore_diameter_opt": {"diameter": 4.628832475762106, "atom_1": 58, "centre_of_mass": [8.024728701283939, 8.245348890325051, 1.265893299807292]}, "pore_volume_opt": 51.92936502856802, "windows": {"diameters": [4.566345466638227, 4.422311900264848, 0.9836418825397737], "centre_of_mass": [[10.926471875767687, 4.627041041519777, 5.730555133828756], [7.606074723061973, 8.875227838423925, 0.42811651605848833], [9.116288443391097, 11.698358935189074, 1.5063282359295371]]}}