{"no_of_atoms": 104, "centre_of_mass": [11.007749585077335, 4.175452703774969, 6.310114115305523], "maximum_diameter": {"diameter": 14.953317423441728, "atom_1": 27, "atom_2": 52}, "pore_diameter": {"diameter": 4.194265215113536, "atom": 6}, "pore_volume": 38.6336986814729, "pore_diameter_opt": {"diameter": 4.313654902126862, "atom_1": 82, "centre_of_mass": [11.078365524932009, 4.15132369131617, 6.296165151941675]}, "pore_volume_opt": 42.02762189611277, "windows": {"diameters": [3.091121168297097, 3.2223716245719687, 3.33985447614076], "centre_of_mass": [[8.8985979547678, 5.8494703149617795, 6.376760621977672], [10.699710516897317, 1.7421290736527006, 6.97679521193356], [12.932707372992546, 4.798236600673597, 6.434504825244534]]}}