{"no_of_atoms": 522, "centre_of_mass": [7.166576734151781, 26.193392527288733, 37.70779559352841], "maximum_diameter": {"diameter": 25.993567519378526, "atom_1": 266, "atom_2": 465}, "pore_diameter": {"diameter": 1.8216299566162912, "atom": 137}, "pore_volume": 3.1650392575980604, "pore_diameter_opt": {"diameter": 4.177694967479276, "atom_1": 32, "centre_of_mass": [8.077391712459926, 25.282577548980587, 37.43629227307702]}, "pore_volume_opt": 38.17761581252565, "windows": {"diameters": [2.6915011944632483, 2.928106359881389, 2.984783260010231, 2.9203568688094994], "centre_of_mass": [[5.8379868221131765, 25.138142747417575, 39.35391928670013], [10.485885481065115, 24.72228743602748, 38.81703582419687], [8.761202867635424, 28.216411262296596, 35.72280716296785], [8.218440123872279, 23.2865961868534, 36.41020261471196]]}}