{"no_of_atoms": 552, "centre_of_mass": [5.082234941557715, 5.082234941557707, 5.082234941557707], "maximum_diameter": {"diameter": 28.765635990135724, "atom_1": 128, "atom_2": 549}, "pore_diameter": {"diameter": 5.153807029392766, "atom": 153}, "pore_volume": 71.67753853106251, "pore_diameter_opt": {"diameter": 5.153807029392766, "atom_1": 153, "centre_of_mass": [5.082234941557715, 5.082234941557707, 5.082234941557707]}, "pore_volume_opt": 71.67753853106251, "windows": {"diameters": [3.1135143028075576, 3.1060130823844525, 3.1060514046775007, 3.10710557525655], "centre_of_mass": [[6.903324931757991, 3.2617651665590053, 6.902979908487959], [3.3334702315677336, 6.831250452505528, 6.831548728061351], [3.3239435372516555, 3.323880758617836, 3.323882737218594], [6.8500484271024, 6.850312614821501, 3.3147077629888413]]}}