{"no_of_atoms": 105, "centre_of_mass": [-1.197627665949349e-16, 11.203507997895821, 24.53168945311201], "maximum_diameter": {"diameter": 14.292653476480982, "atom_1": 23, "atom_2": 100}, "pore_diameter": {"diameter": 5.098424214638936, "atom": 58}, "pore_volume": 69.39154013544346, "pore_diameter_opt": {"diameter": 5.098431580792608, "atom_1": 58, "centre_of_mass": [3.2391121010093917e-06, 11.20350634282031, 24.53169003098093]}, "pore_volume_opt": 69.39184090454302, "windows": {"diameters": [3.5335584828899793, 3.5259547055801685], "centre_of_mass": [[2.5062035406316268, 13.782479184321602, 24.60776168946292], [-2.4040239398572694, 8.736589817022388, 24.604923790029275]]}}