{"no_of_atoms": 92, "centre_of_mass": [3.586757343826191, 12.452632131589613, 17.69630411078015], "maximum_diameter": {"diameter": 18.40081551361107, "atom_1": 53, "atom_2": 81}, "pore_diameter": {"diameter": 0.6482673730173718, "atom": 5}, "pore_volume": 0.14264649838406487, "pore_diameter_opt": {"diameter": 0.9015832528719803, "atom_1": 84, "centre_of_mass": [3.5998823758493836, 12.653623065902464, 17.640212207501758]}, "pore_volume_opt": 0.3837214971527054, "windows": {"diameters": [0.8282389874847671, 0.7844751219900306], "centre_of_mass": [[3.526148265029607, 12.399465718435142, 18.07420154370894], [3.320006850851616, 13.403299314913033, 17.04780781213412]]}}