{"no_of_atoms": 116, "centre_of_mass": [3.2960173552250565, 13.439664568496472, 13.721098718047228], "maximum_diameter": {"diameter": 20.988959700100377, "atom_1": 41, "atom_2": 115}, "pore_diameter": {"diameter": 1.356626313092749, "atom": 87}, "pore_volume": 1.3073122522305034, "pore_diameter_opt": {"diameter": 3.0852140293652446, "atom_1": 89, "centre_of_mass": [2.617704198678682, 13.104191516243517, 13.042785561500853]}, "pore_volume_opt": 15.376394576745254, "windows": {"diameters": [4.239484600427135, 4.039881760730159, 3.975191019948124], "centre_of_mass": [[1.5655111574721448, 11.023902544771277, 15.457767828130892], [1.9130960133100359, 12.955881053117624, 14.104004538450818], [2.1488062746412555, 12.764212530362899, 12.965871957835933]]}}