{"no_of_atoms": 91, "centre_of_mass": [2.2847359051193528, 3.6720863954450533, 3.1849078766981185], "maximum_diameter": {"diameter": 14.566824630998784, "atom_1": 37, "atom_2": 62}, "pore_diameter": {"diameter": 3.4089379771445887, "atom": 65}, "pore_volume": 20.74225271908691, "pore_diameter_opt": {"diameter": 3.6475901249314293, "atom_1": 24, "centre_of_mass": [2.342295721119174, 3.7975157945963334, 2.9037647464038874]}, "pore_volume_opt": 25.410705103622124, "windows": {"diameters": [1.500013762151342, 1.0730967710853556, 1.246452120800447, 1.4398778102249872], "centre_of_mass": [[-0.23420720970121867, -0.39679327379686313, 3.4495311582959514], [3.5722015210052245, 6.772596967382258, 2.242390714516148], [4.248303982563831, 1.3489873653324707, 0.9013239969842348], [3.5080216752500553, 3.847007237832389, -1.2356027106253724]]}}