{"no_of_atoms": 198, "centre_of_mass": [6.041646383650888, 14.828999999999995, 19.39380313624477], "maximum_diameter": {"diameter": 15.480346499245792, "atom_1": 75, "atom_2": 187}, "pore_diameter": {"diameter": 3.432746768686625, "atom": 23}, "pore_volume": 21.179900880975527, "pore_diameter_opt": {"diameter": 3.433445698653181, "atom_1": 23, "centre_of_mass": [6.041830394928974, 14.828935255774892, 19.394093096676674]}, "pore_volume_opt": 21.192840619319114, "windows": {"diameters": [1.1194569469104136, 1.0961393451612853], "centre_of_mass": [[7.607639236200912, 18.13882879915141, 20.24944533063677], [4.329543013694438, 10.82586171115022, 18.347046532896307]]}}