{"no_of_atoms": 99, "centre_of_mass": [0.39640656743417846, 19.15440306742435, 10.792385099396343], "maximum_diameter": {"diameter": 14.848151641024831, "atom_1": 39, "atom_2": 69}, "pore_diameter": {"diameter": 3.3962756316785936, "atom": 19}, "pore_volume": 20.511971739237556, "pore_diameter_opt": {"diameter": 3.595339297484505, "atom_1": 1, "centre_of_mass": [0.2044957539409002, 19.149126530887813, 10.829748341639213]}, "pore_volume_opt": 24.334266910642093, "windows": {"diameters": [1.482208034645618, 1.3307469351952403, 1.3897554355127766, 1.448677343810139, 1.1441001389957237], "centre_of_mass": [[-0.4417672792641825, 16.469801452543862, 14.589563626006438], [2.714823434189943, 17.20599384173032, 13.522602618038212], [-1.6988766301317073, 17.28342296013819, 9.4734108411906], [-2.5017259034487034, 20.227887565075633, 8.769878840559402], [1.5505038317822586, 21.125782922063784, 8.6829988638344]]}}