{"no_of_atoms": 97, "centre_of_mass": [9.078114638274842, -0.7781782771227542, 7.490092109382463], "maximum_diameter": {"diameter": 18.58455427617587, "atom_1": 15, "atom_2": 85}, "pore_diameter": {"diameter": 3.591223086089921, "atom": 53}, "pore_volume": 24.25078353460412, "pore_diameter_opt": {"diameter": 3.623582068507131, "atom_1": 53, "centre_of_mass": [9.080688975731347, -0.7625333838448419, 7.493329319881701]}, "pore_volume_opt": 24.91224853187962, "windows": {"diameters": [3.9298889663329546, 3.843380419001066], "centre_of_mass": [[8.449110379325928, -0.7566187067206791, 5.5131829403396875], [10.150887961146848, -1.012127817478532, 9.178135153884535]]}}