{"no_of_atoms": 98, "centre_of_mass": [18.41232830664072, 12.408104526829813, 29.19661573320486], "maximum_diameter": {"diameter": 17.089907412287687, "atom_1": 23, "atom_2": 89}, "pore_diameter": {"diameter": 7.7602298904900024, "atom": 75}, "pore_volume": 244.69347213490235, "pore_diameter_opt": {"diameter": 7.8879207591925535, "atom_1": 75, "centre_of_mass": [18.31259042431079, 12.398179235668433, 29.15993058098188]}, "pore_volume_opt": 256.9722573842055, "windows": {"diameters": [6.308377667079459, 6.3886040564385], "centre_of_mass": [[21.00894219178782, 11.800310748507995, 30.75788404597774], [15.605153419817453, 12.65713598851141, 27.498613611482767]]}}