{"no_of_atoms": 96, "centre_of_mass": [14.371132763504733, 29.310381076974494, 5.687911572720687], "maximum_diameter": {"diameter": 17.016804360788914, "atom_1": 14, "atom_2": 81}, "pore_diameter": {"diameter": 7.568610507001255, "atom": 43}, "pore_volume": 227.01109903162032, "pore_diameter_opt": {"diameter": 7.70188240735863, "atom_1": 43, "centre_of_mass": [14.286425551996143, 29.378689681354352, 5.733111706198222]}, "pore_volume_opt": 239.2154760123827, "windows": {"diameters": [6.229935383998705, 6.3540607268305225], "centre_of_mass": [[15.023073779333682, 26.390320327895846, 6.2260175756286875], [13.562799673960221, 32.54975051807316, 5.324783277743896]]}}