{"no_of_atoms": 120, "centre_of_mass": [14.813445107091509, 10.31753912718535, 3.850931777416182], "maximum_diameter": {"diameter": 20.78107214911207, "atom_1": 64, "atom_2": 79}, "pore_diameter": {"diameter": 0.951436911539822, "atom": 21}, "pore_volume": 0.45096061143630867, "pore_diameter_opt": {"diameter": 1.8416378580146069, "atom_1": 21, "centre_of_mass": [14.486923542176003, 9.841820671415439, 4.326650233186093]}, "pore_volume_opt": 3.2704786957749596, "windows": {"diameters": [1.331070947336015, 1.918742089555232, 1.3374333252679862, 1.2715321542292268, 9.911417134692255e+40], "centre_of_mass": [[14.234127733431794, 8.283066910902857, 4.5226466010177875], [17.839135094009162, 8.505921564812564, 5.062113068500551], [13.181421680791686, 10.374623947314173, 4.114382361427333], [13.959272469478028, 11.479938964905704, 4.046985282679302], [-2.7329416245814805e+40, 2.8174421900983493e+40, -3.0252432937784615e+40]]}}