{"no_of_atoms": 126, "centre_of_mass": [-8.835820442311991, 16.14373673321982, 9.431122239419423], "maximum_diameter": {"diameter": 15.979476113244301, "atom_1": 47, "atom_2": 88}, "pore_diameter": {"diameter": 6.2571413610184585, "atom": 21}, "pore_volume": 128.2704216204431, "pore_diameter_opt": {"diameter": 6.2830716088591, "atom_1": 21, "centre_of_mass": [-8.834040196545107, 16.15105738503256, 9.420570621091505]}, "pore_volume_opt": 129.871737449757, "windows": {"diameters": [4.824564742078679, 4.898697773128954], "centre_of_mass": [[-11.10248115889323, 17.177271149349654, 11.076254146206178], [-6.5470753265018296, 14.681442239497613, 7.138564279707567]]}}