{"no_of_atoms": 126, "centre_of_mass": [13.98606646287985, 0.4197916344219168, 26.703877760580596], "maximum_diameter": {"diameter": 15.98108839910824, "atom_1": 41, "atom_2": 102}, "pore_diameter": {"diameter": 6.256876697614976, "atom": 49}, "pore_volume": 128.25414563347059, "pore_diameter_opt": {"diameter": 6.282851154862023, "atom_1": 49, "centre_of_mass": [13.980580355447234, 0.42497647175194425, 26.714446088840727]}, "pore_volume_opt": 129.85806750891157, "windows": {"diameters": [4.825088413716963, 4.823917955289033], "centre_of_mass": [[16.046923295670876, 1.4215779917466416, 28.634447404579586], [11.92814185659217, -1.044017096467728, 25.030431527227886]]}}