{"no_of_atoms": 126, "centre_of_mass": [-2.206220098367986, 9.768594538169186, 2.6138777605805776], "maximum_diameter": {"diameter": 15.98056901000825, "atom_1": 12, "atom_2": 121}, "pore_diameter": {"diameter": 6.256961576639819, "atom": 44}, "pore_volume": 128.2593652829944, "pore_diameter_opt": {"diameter": 6.283103912538573, "atom_1": 44, "centre_of_mass": [-2.211742801532725, 9.77381163562791, 2.6245144157741]}, "pore_volume_opt": 129.87374062120418, "windows": {"diameters": [4.825369318350503, 4.824841752484352], "centre_of_mass": [[-0.14593065976691477, 10.770696990054235, 4.544246061670541], [-4.263310389573715, 8.305872145189078, 0.9402646913723407]]}}