{"no_of_atoms": 210, "centre_of_mass": [20.46240016104335, 11.814015838792825, 1.8715825997867734], "maximum_diameter": {"diameter": 28.380772374111416, "atom_1": 3, "atom_2": 199}, "pore_diameter": {"diameter": 11.983041758898612, "atom": 22}, "pore_volume": 900.9482387045548, "pore_diameter_opt": {"diameter": 11.98375542407162, "atom_1": 22, "centre_of_mass": [20.46271748040839, 11.813892427897482, 1.8718149588795914]}, "pore_volume_opt": 901.1092196193065, "windows": {"diameters": [11.983704426311894, 11.496224364388734], "centre_of_mass": [[20.46274409197674, 11.813775260201059, 1.8718136668886471], [20.462719659017733, 11.813874240122072, -0.3449368205412169]]}}