{"no_of_atoms": 228, "centre_of_mass": [-2.916622443106947e-05, 17.65940105782778, 8.805346888637775], "maximum_diameter": {"diameter": 26.647332325675112, "atom_1": 177, "atom_2": 195}, "pore_diameter": {"diameter": 4.247374989269439, "atom": 54}, "pore_volume": 40.11995511029283, "pore_diameter_opt": {"diameter": 5.052150767462077, "atom_1": 36, "centre_of_mass": [0.014805881198682884, 17.660039887666517, 9.239091412781272]}, "pore_volume_opt": 67.51923755727444, "windows": {"diameters": [3.7695336004059024, 3.3542614323380575, 3.3559219492802037, 3.346679475854343], "centre_of_mass": [[-0.0002523409149321181, 17.65949433755083, 11.583484204726407], [-1.5980587785477123, 15.386202768726488, 8.269193324487482], [-1.175350932088718, 20.191164975022286, 8.26398451780875], [2.6821398028259806, 17.416747813532947, 8.30382693263137]]}}