{"no_of_atoms": 354, "centre_of_mass": [12.500388749378779, 7.216905088385621, 9.200258189228316], "maximum_diameter": {"diameter": 25.30350150090163, "atom_1": 166, "atom_2": 171}, "pore_diameter": {"diameter": 9.156775888050896, "atom": 325}, "pore_volume": 402.0003000222584, "pore_diameter_opt": {"diameter": 9.156873476398609, "atom_1": 69, "centre_of_mass": [12.500362525781988, 7.216863099615939, 9.20026761540016]}, "pore_volume_opt": 402.01315311497564, "windows": {"diameters": [5.785962134248662, 7.12306202861574, 7.235417156321789, 7.118127875087099], "centre_of_mass": [[12.500318433914991, 7.217306976098214, 13.764027157399953], [9.81286967968849, 10.009060672258745, 8.403126706806772], [15.795054559290932, 8.033575542805146, 8.608419087117143], [11.131583708834231, 2.7089393132735564, 8.074985990753452]]}}