{"no_of_atoms": 184, "centre_of_mass": [17.925477340114057, 3.89395112871373, 9.24551372144321], "maximum_diameter": {"diameter": 21.705841287893335, "atom_1": 70, "atom_2": 164}, "pore_diameter": {"diameter": 2.443468026106881, "atom": 127}, "pore_volume": 7.63868504391875, "pore_diameter_opt": {"diameter": 3.9324567121850538, "atom_1": 127, "centre_of_mass": [16.703743327060618, 3.893999997905642, 10.145236131254075]}, "pore_volume_opt": 31.841276815580468, "windows": {"diameters": [2.8339755314991835, 2.862603282390031, 3.1405657172567163, 2.3807409340056327], "centre_of_mass": [[16.452409774224773, 1.438673540371381, 11.078822455698992], [16.3657302346928, 5.963980004948859, 10.92588979270591], [15.527352114787341, 7.9974881978774786, 7.96727527963431], [15.553709339927641, 1.7912972996152932, 9.141478987265106]]}}