{"no_of_atoms": 135, "centre_of_mass": [7.1885119504232495, 5.542985083654341, 5.996853457825894], "maximum_diameter": {"diameter": 30.61936344224322, "atom_1": 92, "atom_2": 127}, "pore_diameter": {"diameter": 1.378181763338484, "atom": 52}, "pore_volume": 1.370623326874923, "pore_diameter_opt": {"diameter": 1.740522567921063, "atom_1": 9, "centre_of_mass": [6.972508417723181, 5.284944933712624, 5.749236045489361]}, "pore_volume_opt": 2.760816861379128, "windows": {"diameters": [1.1642738979987084, 1.129434152122745, 1.1627500391988304], "centre_of_mass": [[6.393085468950464, 4.925284434634477, 7.033612708671449], [7.737636559513839, 6.224621078666646, 5.317518997033463], [6.509627119980412, 4.081395068961937, 4.9944961807489]]}}