{"no_of_atoms": 84, "centre_of_mass": [-3.1870617657719396e-05, 16.042298788035577, 4.509421707894684], "maximum_diameter": {"diameter": 22.476206871817638, "atom_1": 77, "atom_2": 80}, "pore_diameter": {"diameter": 1.6404287411734226, "atom": 31}, "pore_volume": 2.311376702837475, "pore_diameter_opt": {"diameter": 1.8382048419153532, "atom_1": 22, "centre_of_mass": [-0.00043650766405458724, 16.042110958552296, 4.393157413357412]}, "pore_volume_opt": 3.2522231693558394, "windows": {"diameters": [1.1289433897257006, 1.1311818641140179, 1.1264041670369251], "centre_of_mass": [[1.4774583606025466, 16.069974248234853, 4.40488170168521], [-0.9791741022211863, 15.03395975577493, 4.3814606263861995], [-0.742155166892581, 17.263389697300422, 4.404744178399421]]}}