{"no_of_atoms": 84, "centre_of_mass": [7.5356268914140925, 18.662579309704338, 48.84372546584676], "maximum_diameter": {"diameter": 23.970887827218338, "atom_1": 65, "atom_2": 70}, "pore_diameter": {"diameter": 1.5548856441112089, "atom": 9}, "pore_volume": 1.9683121977343794, "pore_diameter_opt": {"diameter": 1.8138177692030193, "atom_1": 3, "centre_of_mass": [7.715065248149017, 18.598803089107847, 48.681613549619605]}, "pore_volume_opt": 3.1244931642241696, "windows": {"diameters": [1.094521067688341, 1.1166499078265635, 1.219971726050335], "centre_of_mass": [[7.518111968560731, 17.52678256735206, 49.63465913088134], [7.162479632789259, 20.00147164927115, 48.5207921366744], [8.90016707302213, 18.0605454219116, 47.5993612931526]]}}