{"no_of_atoms": 84, "centre_of_mass": [-1.4985599368478308, 7.836111981001279, 64.49443789926171], "maximum_diameter": {"diameter": 23.970765372246124, "atom_1": 76, "atom_2": 77}, "pore_diameter": {"diameter": 1.5541537038203832, "atom": 23}, "pore_volume": 1.965533841143188, "pore_diameter_opt": {"diameter": 1.8313426335686187, "atom_1": 30, "centre_of_mass": [-1.683385320564438, 7.996296708441187, 64.67480678247607]}, "pore_volume_opt": 3.215936315687298, "windows": {"diameters": [1.2288635962223542, 1.187019514426415, 1.1030289436685217], "centre_of_mass": [[-2.428048684182925, 8.839577575177993, 65.92642747321611], [0.13822190220345099, 8.205440520361352, 64.82709046830996], [-2.518919939359521, 7.203040692859897, 63.63641237405143]]}}