{"no_of_atoms": 84, "centre_of_mass": [13.893096949193014, 8.021191278101723, 28.327205620012315], "maximum_diameter": {"diameter": 22.804558551214658, "atom_1": 5, "atom_2": 80}, "pore_diameter": {"diameter": 1.6664073101614636, "atom": 22}, "pore_volume": 2.4229369254019244, "pore_diameter_opt": {"diameter": 1.8034524990362644, "atom_1": 22, "centre_of_mass": [13.893173922975857, 8.02146079255053, 28.4078167561365]}, "pore_volume_opt": 3.071232863021228, "windows": {"diameters": [1.1276078996994285, 1.088919726971786, 1.0839449629509246], "centre_of_mass": [[13.284703527018165, 6.448287988258893, 28.423184395910365], [12.971328599534495, 9.122386643149472, 28.422565079353213], [15.306225847655917, 7.839803746592265, 28.388358514447365]]}}