{"no_of_atoms": 84, "centre_of_mass": [13.893096949193021, 8.02126165296822, 85.010949754224], "maximum_diameter": {"diameter": 22.805298249089372, "atom_1": 56, "atom_2": 77}, "pore_diameter": {"diameter": 1.6661460031814719, "atom": 38}, "pore_volume": 2.4217972921590634, "pore_diameter_opt": {"diameter": 1.8034434394901004, "atom_1": 12, "centre_of_mass": [13.893018973301581, 8.02151326515935, 84.9300972653582]}, "pore_volume_opt": 3.0711865787368144, "windows": {"diameters": [1.08910345643632, 1.0846437558951698, 1.1525188822638452], "centre_of_mass": [[12.984988659782307, 6.940343672070309, 84.91601210558498], [13.034963068598076, 9.145383839703044, 84.95011551674571], [15.639779983805632, 7.757257501059413, 84.91506919495333]]}}