{"no_of_atoms": 84, "centre_of_mass": [3.187061765749315e-05, 16.042298788035577, 53.08285989372919], "maximum_diameter": {"diameter": 22.476217005813993, "atom_1": 77, "atom_2": 80}, "pore_diameter": {"diameter": 1.6413773501265463, "atom": 45}, "pore_volume": 2.3153888139371954, "pore_diameter_opt": {"diameter": 1.8391817715397747, "atom_1": 9, "centre_of_mass": [0.00031362036104908236, 16.042247751797188, 52.96664258059726]}, "pore_volume_opt": 3.2574111907325527, "windows": {"diameters": [1.1327560112708759, 1.1750949795838648, 1.1250406003447169], "centre_of_mass": [[1.0187400570184142, 14.983816758592893, 52.95492045993634], [-1.666193419113132, 15.65527939224062, 52.95497707920319], [0.733697518264843, 17.244069399892297, 52.97820609022394]]}}