{"no_of_atoms": 84, "centre_of_mass": [1.4985599368478308, 23.878129168739676, 80.68557201536349], "maximum_diameter": {"diameter": 23.970439883483262, "atom_1": 76, "atom_2": 77}, "pore_diameter": {"diameter": 1.5541247217073004, "atom": 23}, "pore_volume": 1.9654238824017456, "pore_diameter_opt": {"diameter": 1.818095567492787, "atom_1": 22, "centre_of_mass": [1.6526910990194443, 23.998809847334783, 80.84653899933383]}, "pore_volume_opt": 3.146652224715586, "windows": {"diameters": [1.189717883028059, 1.155168631555251, 1.0920390961321895], "centre_of_mass": [[2.610680910118844, 24.686717827442102, 81.82165684498985], [-0.0413448385087225, 24.239364900698714, 81.01481501775153], [2.4585736758463868, 23.31153538150023, 79.91750004996804]]}}