{"no_of_atoms": 165, "centre_of_mass": [9.628115567825102, 9.914573610929727, 17.713717805227496], "maximum_diameter": {"diameter": 21.607890802660144, "atom_1": 122, "atom_2": 140}, "pore_diameter": {"diameter": 3.7307186634760785, "atom": 161}, "pore_volume": 27.187928657358036, "pore_diameter_opt": {"diameter": 5.3289078561731245, "atom_1": 19, "centre_of_mass": [10.155811613194249, 9.916375219671043, 16.953727679961535]}, "pore_volume_opt": 79.23430532385592, "windows": {"diameters": [3.010478141242627, 3.807460455771277], "centre_of_mass": [[4.590119649883172, 9.829250815765274, 18.554725081570375], [13.558444645424903, 9.851945259141592, 15.065927133986932]]}}