{"no_of_atoms": 173, "centre_of_mass": [-4.703622130650069e-05, 10.455834489415826, 46.72342235756206], "maximum_diameter": {"diameter": 25.549523123076355, "atom_1": 11, "atom_2": 169}, "pore_diameter": {"diameter": 4.419799599280387, "atom": 104}, "pore_volume": 45.20706966921523, "pore_diameter_opt": {"diameter": 4.420424689682483, "atom_1": 104, "centre_of_mass": [0.000212987589749024, 10.455601990539849, 46.72319854765537]}, "pore_volume_opt": 45.22625323274513, "windows": {"diameters": [1.8459287068301111, 1.7551088856186126, 1.7516654917501948], "centre_of_mass": [[1.5413020387267578, 7.391035037735696, 47.060119756419596], [-2.847164191753194, 10.689029017446826, 47.12072700259121], [1.6719705564969976, 12.896774544432738, 47.11090483751871]]}}