{"no_of_atoms": 173, "centre_of_mass": [9.055047036221302, 5.227860399610432, 4.247577642437903], "maximum_diameter": {"diameter": 25.549523123076344, "atom_1": 35, "atom_2": 136}, "pore_diameter": {"diameter": 4.419651550728219, "atom": 95}, "pore_volume": 45.20252696300653, "pore_diameter_opt": {"diameter": 4.420424526692822, "atom_1": 126, "centre_of_mass": [9.054788728964823, 5.227555924632186, 4.2473345607981905]}, "pore_volume_opt": 45.226248230005396, "windows": {"diameters": [1.8348526038075086, 1.7517015073963171, 1.7569756029998267], "centre_of_mass": [[12.451218388259505, 5.028293755725834, 3.9071150399893524], [7.380584763276682, 2.7813468878226986, 3.8606685627577546], [7.837958736376734, 7.803979697419988, 3.84804475978833]]}}