{"no_of_atoms": 196, "centre_of_mass": [-0.1030329851570602, 0.039697748705557465, 12.90334912115982], "maximum_diameter": {"diameter": 25.549523123076348, "atom_1": 65, "atom_2": 95}, "pore_diameter": {"diameter": 4.208384956600134, "atom": 186}, "pore_volume": 39.025187719237294, "pore_diameter_opt": {"diameter": 4.363740052583183, "atom_1": 184, "centre_of_mass": [0.00037011612069950376, -0.0004917260592467164, 12.834542852054941]}, "pore_volume_opt": 43.50861290248328, "windows": {"diameters": [1.7551210761745244, 1.736625762773056, 1.7539609022844487], "centre_of_mass": [[-2.847211976007044, 0.23294778855415946, 13.139516706153556], [1.142260964889132, 2.58043538224678, 12.068375936996198], [1.7036007033440281, -2.5048112757090637, 12.362103726628188]]}}