{"no_of_atoms": 173, "centre_of_mass": [2.352281176799574e-05, 10.4558313616074, 21.237913671860618], "maximum_diameter": {"diameter": 25.55051565541505, "atom_1": 28, "atom_2": 105}, "pore_diameter": {"diameter": 4.4194958180386115, "atom": 138}, "pore_volume": 45.1977488059668, "pore_diameter_opt": {"diameter": 4.420106048307989, "atom_1": 138, "centre_of_mass": [-0.00021525685296158007, 10.455600351419193, 21.237703157867312]}, "pore_volume_opt": 45.2164736859376, "windows": {"diameters": [1.8345608733173195, 1.7514602003159716, 1.7567153746970674], "centre_of_mass": [[3.396167942697095, 10.256025596788948, 20.89702280885835], [-1.6746958213618155, 8.009398652821956, 20.850510403035788], [-1.2167380027518764, 13.032090440872214, 20.837742762239856]]}}