{"no_of_atoms": 144, "centre_of_mass": [12.687938264415555, 1.60229486953774, 19.597740824756222], "maximum_diameter": {"diameter": 17.874718028687234, "atom_1": 3, "atom_2": 143}, "pore_diameter": {"diameter": 7.5160669398467554, "atom": 68}, "pore_volume": 222.31590816248294, "pore_diameter_opt": {"diameter": 7.905847200464737, "atom_1": 39, "centre_of_mass": [16.445971734338933, -2.1557373817309977, 15.93583233210127]}, "pore_volume_opt": 258.7282620322431, "windows": {"diameters": [6.457013346592331, 8.093193195262842e+44], "centre_of_mass": [[14.775524402933515, 0.08330706755424089, 18.17966993583105], [1.3634196177544297e+44, -1.0204247629288945e+44, -3.670798860341719e+44]]}}