{"no_of_atoms": 144, "centre_of_mass": [-0.2244126369327074, 8.44634609064645, 6.563442901318168], "maximum_diameter": {"diameter": 17.875305380909285, "atom_1": 68, "atom_2": 91}, "pore_diameter": {"diameter": 7.516246345202033, "atom": 132}, "pore_volume": 222.33182830403223, "pore_diameter_opt": {"diameter": 7.909634511248417, "atom_1": 15, "centre_of_mass": [-3.982535809533724, 4.69976662523698, 10.221406059773203]}, "pore_volume_opt": 259.10027295112957, "windows": {"diameters": [5.732993031176933e+44, 6.467846129720189], "centre_of_mass": [[-1.4524186985381217e+44, -2.2905625656346082e+44, -9.27688164703554e+43], [-2.5070076265123236, 6.7647949768277265, 8.127514561775557]]}}