{"no_of_atoms": 147, "centre_of_mass": [7.832756109981877, 13.162959830376904, 12.698512888693877], "maximum_diameter": {"diameter": 17.57514911385784, "atom_1": 58, "atom_2": 121}, "pore_diameter": {"diameter": 5.842994455421353, "atom": 127}, "pore_volume": 104.44918242649128, "pore_diameter_opt": {"diameter": 6.418539067168927, "atom_1": 15, "centre_of_mass": [7.75798431067336, 13.137854543461138, 13.468992507359443]}, "pore_volume_opt": 138.45453618505192, "windows": {"diameters": [6.344206406468741, 5.855412524136529], "centre_of_mass": [[7.937529891784277, 13.128748187258667, 14.347046855359842], [7.588886324551994, 13.043355509424558, 11.779292880754037]]}}