{"no_of_atoms": 266, "centre_of_mass": [5.205724050039899e-05, 0.5092833308969696, 0.00019753497833299358], "maximum_diameter": {"diameter": 23.138037043452776, "atom_1": 176, "atom_2": 183}, "pore_diameter": {"diameter": 3.9509651633062717, "atom": 50}, "pore_volume": 32.29298743044064, "pore_diameter_opt": {"diameter": 3.9512201054768505, "atom_1": 147, "centre_of_mass": [-5.402349486546234e-05, 0.5092127352638404, 0.00016222070767581495]}, "pore_volume_opt": 32.299239099502394, "windows": {"diameters": [4.241511904070577, 3.5104483603217704, 3.2004099282954237, 4.287295448219442], "centre_of_mass": [[-0.032885461458583044, 0.0901804588715916, 0.09868401060357922], [3.331447275933027, 0.15204735145651654, -1.9133772773063895], [-3.1831904512108244, -0.4091104691548264, 1.3930145424357152], [0.13783612724693609, 0.09439084246473683, -0.413747925094523]]}}