{"no_of_atoms": 168, "centre_of_mass": [-1.6195277518241636e-05, 10.20813977744133, 23.526100304416456], "maximum_diameter": {"diameter": 22.428464114593968, "atom_1": 3, "atom_2": 164}, "pore_diameter": {"diameter": 5.978542339346692, "atom": 135}, "pore_volume": 111.88826769473683, "pore_diameter_opt": {"diameter": 5.979071168768876, "atom_1": 132, "centre_of_mass": [-2.3349898003786494e-05, 10.207741622339881, 23.525991490572384]}, "pore_volume_opt": 111.9179614086506, "windows": {"diameters": [4.2325982192661975, 4.284170725687771, 4.310300855289107, 4.288517856933705], "centre_of_mass": [[0.00021642255562140568, 10.208093566574847, 26.50194951488631], [0.2054218175198459, 12.865202968450024, 22.48082562472499], [2.3979360997848325, 8.561866756171849, 22.39729104590836], [-2.4681687093575784, 9.027389181291927, 22.456555914153235]]}}