{"no_of_atoms": 168, "centre_of_mass": [8.840440024052661, 5.104049304369924, 19.755211349311168], "maximum_diameter": {"diameter": 22.43747200417663, "atom_1": 106, "atom_2": 119}, "pore_diameter": {"diameter": 5.799160333539961, "atom": 141}, "pore_volume": 102.11604141807105, "pore_diameter_opt": {"diameter": 5.973837753744347, "atom_1": 24, "centre_of_mass": [8.840597502230917, 5.1044427284910805, 19.66381327558985]}, "pore_volume_opt": 111.62433689462809, "windows": {"diameters": [4.27023557087168, 4.281957129698947, 4.272662166966091, 4.3488838192717765], "centre_of_mass": [[11.211307684775221, 6.354194186556319, 20.58575734488647], [8.725051554936641, 2.2351883116130606, 20.654546001913058], [6.504390240933869, 6.577308009284036, 20.615061625505387], [8.840358241229408, 5.104123737097573, 16.82259867831758]]}}