{"no_of_atoms": 168, "centre_of_mass": [13.12584947223745, 5.227510810273922, 21.72211574267949], "maximum_diameter": {"diameter": 22.434607722688686, "atom_1": 102, "atom_2": 130}, "pore_diameter": {"diameter": 5.779705835315987, "atom": 135}, "pore_volume": 101.09177626708912, "pore_diameter_opt": {"diameter": 5.917937143702758, "atom_1": 28, "centre_of_mass": [13.08171741340157, 5.385112615270602, 21.769888139735464]}, "pore_volume_opt": 108.51997037158974, "windows": {"diameters": [4.248916529209781, 4.269720626445812, 4.258165983676102, 4.218963796380537], "centre_of_mass": [[15.697705857219367, 5.370014016725478, 23.204315893210268], [10.929852072076013, 5.343087052231742, 23.61256545709871], [12.900016926658783, 7.600237372166048, 20.18188184717001], [12.90922276896155, 2.8607105429328334, 19.92707983912817]]}}