{"no_of_atoms": 81, "centre_of_mass": [9.6460560143551, 5.92949412424126, 22.938025771844956], "maximum_diameter": {"diameter": 14.3184511779716, "atom_1": 4, "atom_2": 78}, "pore_diameter": {"diameter": 2.3160057688451867, "atom": 27}, "pore_volume": 6.504554139014379, "pore_diameter_opt": {"diameter": 2.36685536548504, "atom_1": 30, "centre_of_mass": [9.663616836623241, 5.910827005957655, 22.936712761188023]}, "pore_volume_opt": 6.942466320000968, "windows": {"diameters": [1.9347099384207076, 2.0082241374288556, 1.963174481605162], "centre_of_mass": [[8.394922948006485, 5.637427124909815, 23.3880703608006], [10.824032299518077, 6.145629817881387, 23.75485770903501], [10.033793197589892, 6.106990330731418, 21.792335794620758]]}}