{"no_of_atoms": 147, "centre_of_mass": [6.960425781088242, 0.20897024547417745, 2.5753127718643483], "maximum_diameter": {"diameter": 17.961182148368987, "atom_1": 49, "atom_2": 110}, "pore_diameter": {"diameter": 5.514949913337357, "atom": 114}, "pore_volume": 87.82604782619228, "pore_diameter_opt": {"diameter": 5.796862701479013, "atom_1": 29, "centre_of_mass": [6.917663600067064, 0.3856757180708903, 2.580968574179063]}, "pore_volume_opt": 101.99471412368655, "windows": {"diameters": [5.630947690045335, 5.797499984480911], "centre_of_mass": [[7.147622881514802, -0.4616847609173318, 3.7731891717603734], [6.9176664629485325, 0.3853173805711701, 2.580553716229042]]}}