{"no_of_atoms": 273, "centre_of_mass": [23.465587763338, -0.03254696924060172, 37.60639684055609], "maximum_diameter": {"diameter": 18.75920194098618, "atom_1": 156, "atom_2": 167}, "pore_diameter": {"diameter": 6.956689970553562, "atom": 41}, "pore_volume": 176.28143201385498, "pore_diameter_opt": {"diameter": 9.27643251302303, "atom_1": 124, "centre_of_mass": [23.75945682061413, 0.00048428724553962283, 34.12805185527931]}, "pore_volume_opt": 417.96661163125856, "windows": {"diameters": [7.3755840501325505, 9.750222945125142], "centre_of_mass": [[23.75961970780464, 0.0002659415071728749, 38.54646837963226], [23.7594684493499, 0.0004928337750901282, 33.47517315122639]]}}