{"no_of_atoms": 190, "centre_of_mass": [54.16535025778828, 16.175034148055758, 10.785716716595735], "maximum_diameter": {"diameter": 18.878620302288457, "atom_1": 108, "atom_2": 130}, "pore_diameter": {"diameter": 4.531181716818708, "atom": 103}, "pore_volume": 48.71167463716333, "pore_diameter_opt": {"diameter": 4.875324540652269, "atom_1": 27, "centre_of_mass": [54.62895389873949, 16.15219566890049, 10.630573624770278]}, "pore_volume_opt": 60.67492045725347, "windows": {"diameters": [1.9200880554736521, 4.342557658675686], "centre_of_mass": [[51.069732552696294, 17.639323255859274, 13.740406680781163], [58.92202776638506, 17.384409374601947, 9.153011036155279]]}}