{"no_of_atoms": 108, "centre_of_mass": [4.463508076865871, 7.599178198013619, 4.444443342529919], "maximum_diameter": {"diameter": 15.883958188874939, "atom_1": 50, "atom_2": 63}, "pore_diameter": {"diameter": 3.833549043720683, "atom": 102}, "pore_volume": 29.498619593192842, "pore_diameter_opt": {"diameter": 4.625901180903057, "atom_1": 7, "centre_of_mass": [4.2146821336253195, 7.820555105353546, 3.583898918712623]}, "pore_volume_opt": 51.830771761987485, "windows": {"diameters": [3.6982667841138697, 4.790347796018725], "centre_of_mass": [[4.74553348217507, 7.161510358025716, 5.140546291929174], [4.443311532137063, 7.612946597822148, 3.149290204019853]]}}