{"no_of_atoms": 108, "centre_of_mass": [0.4321876178724772, 5.581791197183097, 6.432750815577227], "maximum_diameter": {"diameter": 14.486041158715503, "atom_1": 56, "atom_2": 59}, "pore_diameter": {"diameter": 4.835419231772468, "atom": 0}, "pore_volume": 59.19718056633081, "pore_diameter_opt": {"diameter": 4.927636116337428, "atom_1": 0, "centre_of_mass": [0.4047397647288849, 5.565852917908065, 6.466195922410981]}, "pore_volume_opt": 62.6490530967122, "windows": {"diameters": [3.503983938510572, 3.3447870388464445], "centre_of_mass": [[-0.8017361772790501, 7.645893082706517, 8.12698840596862], [1.6450939826158888, 3.482671549693435, 4.841715741408294]]}}