{"no_of_atoms": 204, "centre_of_mass": [19.72121030086977, 6.57378969913024, 6.5737896991302405], "maximum_diameter": {"diameter": 22.7970564581853, "atom_1": 19, "atom_2": 198}, "pore_diameter": {"diameter": 5.35443594127829, "atom": 154}, "pore_volume": 80.37848271094558, "pore_diameter_opt": {"diameter": 5.355045319081782, "atom_1": 32, "centre_of_mass": [19.721499995928834, 6.573500001859224, 6.573499986086212]}, "pore_volume_opt": 80.40592898450642, "windows": {"diameters": [3.5583731510792664, 3.5582551316201196, 3.566318103948259, 3.5644112055512323], "centre_of_mass": [[18.13050820274154, 8.16446445189932, 8.164532686413256], [21.310977181891825, 4.9839966381804786, 8.163025963240717], [18.075561407452742, 4.927609949928637, 4.927589173470581], [21.356924820865064, 8.208908226452154, 4.9380531508801795]]}}