{"no_of_atoms": 110, "centre_of_mass": [12.809417424784561, 0.07387429009714078, 10.56295391721733], "maximum_diameter": {"diameter": 14.712996688741287, "atom_1": 41, "atom_2": 80}, "pore_diameter": {"diameter": 4.908766226779926, "atom": 84}, "pore_volume": 61.93208084824112, "pore_diameter_opt": {"diameter": 4.995656635202332, "atom_1": 84, "centre_of_mass": [12.796074060998789, 0.07466709379667057, 10.521616124476122]}, "pore_volume_opt": 65.27943153406493, "windows": {"diameters": [3.4891853400138535, 3.7727636118673082], "centre_of_mass": [[10.427561722276812, -0.4223583496014831, 12.895832752865427], [14.856944373804005, -0.28459393151139556, 8.406093132437327]]}}