{"no_of_atoms": 110, "centre_of_mass": [2.9335825752154454, 0.07387429009714083, 2.6148053324553113], "maximum_diameter": {"diameter": 14.712772598272098, "atom_1": 4, "atom_2": 109}, "pore_diameter": {"diameter": 4.909048923324638, "atom": 46}, "pore_volume": 61.942781496485786, "pore_diameter_opt": {"diameter": 4.996594238806493, "atom_1": 46, "centre_of_mass": [2.9470262098413293, 0.0746728950248419, 2.573155870014297]}, "pore_volume_opt": 65.31619409976236, "windows": {"diameters": [3.4772420647081113, 3.7720325063882107], "centre_of_mass": [[5.179291238480957, 0.42237937908772527, 4.799033053080214], [0.8530184087378045, -0.2851375204040494, 0.42227234941761616]]}}