{"no_of_atoms": 106, "centre_of_mass": [10.898998965646184, 9.8394054616696, 2.6350003287013584], "maximum_diameter": {"diameter": 14.712976103065065, "atom_1": 41, "atom_2": 72}, "pore_diameter": {"diameter": 4.929645307972555, "atom": 25}, "pore_volume": 62.72571781862521, "pore_diameter_opt": {"diameter": 4.992583393421919, "atom_1": 77, "centre_of_mass": [10.909854805201626, 9.840238773172967, 2.6054588371540164]}, "pore_volume_opt": 65.15902929345866, "windows": {"diameters": [3.620169745319088, 3.8131756389964595], "centre_of_mass": [[13.515608925575679, 10.261139881056442, 5.307253444167371], [8.470989831997404, 9.551197155231046, 0.1473176912986709]]}}