{"no_of_atoms": 83, "centre_of_mass": [18.781295782707506, 6.1322773770363606, 6.011377286936185], "maximum_diameter": {"diameter": 16.64301011854933, "atom_1": 6, "atom_2": 72}, "pore_diameter": {"diameter": 1.1385480057082433, "atom": 56}, "pore_volume": 0.7727742869438101, "pore_diameter_opt": {"diameter": 1.6893819148229547, "atom_1": 10, "centre_of_mass": [18.780525848460215, 6.461746221902314, 5.896578212172394]}, "pore_volume_opt": 2.5245393491831183, "windows": {"diameters": [1.4457585391906398, 1.3161508471613406, 1.4836127905934795], "centre_of_mass": [[20.25130343227776, 6.1043885169591015, 5.569025828655086], [18.780055495601488, 5.510580840941372, 5.652126436786299], [18.104770977742124, 7.690246338706974, 4.737819129103916]]}}