{"no_of_atoms": 108, "centre_of_mass": [19.45246817643755, 25.237140130813373, 21.3398336824365], "maximum_diameter": {"diameter": 14.44515315844039, "atom_1": 53, "atom_2": 65}, "pore_diameter": {"diameter": 5.342503085989076, "atom": 82}, "pore_volume": 79.84228682133354, "pore_diameter_opt": {"diameter": 5.361095273215355, "atom_1": 7, "centre_of_mass": [19.45463120661543, 25.23762552364567, 21.32056521546508]}, "pore_volume_opt": 80.6787569092309, "windows": {"diameters": [3.9070564689918186, 3.9726405926748196], "centre_of_mass": [[20.222397444887672, 22.719693818077644, 23.16822642840324], [18.774993865453666, 27.695957722686003, 19.514835431336763]]}}