{"no_of_atoms": 126, "centre_of_mass": [21.189559705239986, 7.0156870341708375, 0.19168666701061138], "maximum_diameter": {"diameter": 16.165497345464697, "atom_1": 57, "atom_2": 87}, "pore_diameter": {"diameter": 6.0493453912372, "atom": 115}, "pore_volume": 115.91076360604701, "pore_diameter_opt": {"diameter": 6.145932980709736, "atom_1": 115, "centre_of_mass": [21.170669215218105, 7.0441469013656555, 0.2258271875616528]}, "pore_volume_opt": 121.55199260880379, "windows": {"diameters": [4.989389865196968, 4.934195794860386], "centre_of_mass": [[23.278283163512267, 9.155778908814714, 1.040658719762224], [18.792082815133337, 4.468818685188041, -0.7013628474246992]]}}