{"no_of_atoms": 140, "centre_of_mass": [-2.98051803423204, 10.20875702752955, 5.493440782970451], "maximum_diameter": {"diameter": 14.761319207459925, "atom_1": 52, "atom_2": 98}, "pore_diameter": {"diameter": 5.107623750397146, "atom": 55}, "pore_volume": 69.76784612007533, "pore_diameter_opt": {"diameter": 5.181438768166059, "atom_1": 55, "centre_of_mass": [-2.9531067809175804, 10.216385166766562, 5.516948238467842]}, "pore_volume_opt": 72.83661143767286, "windows": {"diameters": [3.8380506765095337, 3.8356382531763495], "centre_of_mass": [[-5.958348058994929, 11.526244387381071, 6.361033219582568], [-0.1018933929789041, 8.731950520564684, 4.893975132125739]]}}