{"no_of_atoms": 127, "centre_of_mass": [-0.012321468143888174, 0.07124059894427255, 33.839783905063456], "maximum_diameter": {"diameter": 13.688493519748498, "atom_1": 39, "atom_2": 59}, "pore_diameter": {"diameter": 3.8008009412370094, "atom": 62}, "pore_volume": 28.749083032656436, "pore_diameter_opt": {"diameter": 4.150572371846948, "atom_1": 77, "centre_of_mass": [0.013628776085527433, 0.00896087448519959, 33.625930789668686]}, "pore_volume_opt": 37.43885817191934, "windows": {"diameters": [1.979648407974277, 1.3408228741051254, 1.3155747311844403, 1.3961004616475812], "centre_of_mass": [[0.00039797567090047586, 7.56730944131978e-05, 37.71763923685794], [1.242192211634107, 3.068511423884401, 33.12563973837171], [-2.96747219141369, -0.9749018355132865, 32.6696777952714], [1.9454482706558833, -2.600928944218313, 33.209605578710836]]}}