{"no_of_atoms": 488, "centre_of_mass": [15.031813306235247, 31.843197700101893, 8.405714903544837], "maximum_diameter": {"diameter": 33.25739631951171, "atom_1": 159, "atom_2": 406}, "pore_diameter": {"diameter": 9.39238905521058, "atom": 227}, "pore_volume": 433.83725514297856, "pore_diameter_opt": {"diameter": 10.890280431536212, "atom_1": 229, "centre_of_mass": [14.56998111144516, 32.57922043086237, 8.706927818561265]}, "pore_volume_opt": 676.263288556204, "windows": {"diameters": [4.463382411570107, 4.4359318994507735, 6.767932007822855, 4.641312620436324, 4.37832221507241, 5.251908158172792], "centre_of_mass": [[14.829213104615807, 37.04008039507525, 13.330424834222073], [10.03937840832942, 32.039305147288424, 13.61968011846707], [24.589992463297943, 31.529995270320324, 14.838369600737359], [9.255112183131702, 25.084981040400407, 7.937464826510433], [9.773801641352375, 37.00615104294763, 8.584766463173056], [15.807251116812216, 37.246579970910645, 4.035115153871207]]}}