{"no_of_atoms": 503, "centre_of_mass": [15.328240861494972, 38.96100346576829, 31.937346651749635], "maximum_diameter": {"diameter": 33.140262371188825, "atom_1": 174, "atom_2": 380}, "pore_diameter": {"diameter": 11.535216006588383, "atom": 225}, "pore_volume": 803.6664095142582, "pore_diameter_opt": {"diameter": 11.535447193549164, "atom_1": 225, "centre_of_mass": [15.328327683663082, 38.960960600253905, 31.937410856034116]}, "pore_volume_opt": 803.7147313449896, "windows": {"diameters": [4.40254628458562, 4.4966865593396665, 4.735788292885765, 4.542752217692618, 4.4947952411954954, 6.062271113223517], "centre_of_mass": [[15.562997209745754, 33.180486806099665, 37.474005470373704], [10.454711167237416, 39.12117011918952, 37.64085442342886], [19.924644142529083, 38.307311372563234, 36.81872076467062], [20.85277517524074, 44.40017807993974, 31.017810549170843], [9.77361951570757, 33.90602839517353, 31.66516237951074], [15.89870222255155, 44.831553305598455, 22.52378766790241]]}}