{"no_of_atoms": 168, "centre_of_mass": [9.845662110211652e-06, 14.135269709220553, 18.05359447916331], "maximum_diameter": {"diameter": 21.859086843652072, "atom_1": 9, "atom_2": 165}, "pore_diameter": {"diameter": 3.48396878036453, "atom": 135}, "pore_volume": 22.14223146161163, "pore_diameter_opt": {"diameter": 4.549570804891292, "atom_1": 26, "centre_of_mass": [0.3190624533551939, 14.189186891438812, 17.39172750383026]}, "pore_volume_opt": 49.3071507601971, "windows": {"diameters": [3.2486379000171115, 2.979472090235627, 2.973856322370994, 4.112478168072782], "centre_of_mass": [[3.976011363723212, 16.089217667023217, 18.589758376120074], [-3.030930478754163, 16.108692827921118, 18.409722256765917], [-0.17777456570365424, 10.655701759513764, 18.379247093279673], [1.6746577954418473e-05, 14.135238758291228, 15.796722263455296]]}}