{"no_of_atoms": 227, "centre_of_mass": [12.09846132158235, 21.13561078378188, 14.803253740205008], "maximum_diameter": {"diameter": 21.859086843652072, "atom_1": 141, "atom_2": 166}, "pore_diameter": {"diameter": 3.715798825849775, "atom": 33}, "pore_volume": 26.863042661740376, "pore_diameter_opt": {"diameter": 4.879071374810472, "atom_1": 34, "centre_of_mass": [12.24119974099726, 21.203284972739056, 15.383503960500859]}, "pore_volume_opt": 60.814919522440086, "windows": {"diameters": [4.104443055043516, 2.9926495497906402, 3.2145248050027093, 2.989423371802474], "centre_of_mass": [[12.241203715867075, 21.203359999741128, 17.309285275767554], [15.361307489974813, 19.16275046494584, 14.251774822244174], [8.343395125581779, 19.27702166268446, 14.109614696384973], [12.445153673681256, 24.90077360361883, 14.257550009706677]]}}