{"no_of_atoms": 123, "centre_of_mass": [10.517964259591622, 30.626052671884437, 1.670886318306164], "maximum_diameter": {"diameter": 19.322811933868955, "atom_1": 109, "atom_2": 119}, "pore_diameter": {"diameter": 3.5458888151835013, "atom": 23}, "pore_volume": 23.343929532359123, "pore_diameter_opt": {"diameter": 4.656491266288938, "atom_1": 15, "centre_of_mass": [10.296827907170218, 31.076083928534413, 2.245882001883288]}, "pore_volume_opt": 52.86582335676356, "windows": {"diameters": [2.945648859270929, 4.01260675802893], "centre_of_mass": [[13.105763955652293, 30.041884943392514, 3.9970167569497423], [7.225137831747873, 31.150752957137875, 1.6439782359523711]]}}