{"no_of_atoms": 122, "centre_of_mass": [-7.90486596624561, 13.96587344177205, 6.0251861189663725], "maximum_diameter": {"diameter": 14.505525424905828, "atom_1": 45, "atom_2": 87}, "pore_diameter": {"diameter": 4.810807012059238, "atom": 100}, "pore_volume": 58.29783520513146, "pore_diameter_opt": {"diameter": 4.842902154846392, "atom_1": 10, "centre_of_mass": [-7.892540331682667, 13.95627517626959, 6.028857191277529]}, "pore_volume_opt": 59.472433104234696, "windows": {"diameters": [3.495319296375806, 3.474419888412985], "centre_of_mass": [[-7.979485079915235, 16.20806837752908, 7.672954650230437], [-8.185826996719122, 11.450741447698954, 4.943474313708153]]}}