{"no_of_atoms": 108, "centre_of_mass": [7.9529999999999985, 4.591732919024115, 2.0556515599293763], "maximum_diameter": {"diameter": 14.655228815536812, "atom_1": 21, "atom_2": 94}, "pore_diameter": {"diameter": 4.845851624088503, "atom": 86}, "pore_volume": 59.58116065605196, "pore_diameter_opt": {"diameter": 4.846307364140937, "atom_1": 7, "centre_of_mass": [7.952848011411892, 4.591887545218043, 2.0555814481141588]}, "pore_volume_opt": 59.59797260812226, "windows": {"diameters": [3.7307309268042452, 3.6627282471891514], "centre_of_mass": [[8.391451546031895, 7.740479014742698, 3.678449318513805], [7.5194505125985, 1.7129049280547046, 0.5527496830414731]]}}