{"no_of_atoms": 100, "centre_of_mass": [3.526624924093523, 2.78906103376568, 5.301640116542778], "maximum_diameter": {"diameter": 17.39895508896718, "atom_1": 47, "atom_2": 54}, "pore_diameter": {"diameter": 3.7555958052850706, "atom": 96}, "pore_volume": 27.735446275019946, "pore_diameter_opt": {"diameter": 4.217442274688496, "atom_1": 96, "centre_of_mass": [3.4912283782560376, 2.968690032196034, 5.442375883324218]}, "pore_volume_opt": 39.27770131883372, "windows": {"diameters": [4.077145767106902, 4.611023878021124, 4.453296546990373], "centre_of_mass": [[2.3062817585592432, 1.6769459067140333, 5.846166197057526], [-0.779287983541062, 3.829936559431056, 6.084423872348238], [4.173121186489256, 3.1830669367393374, 5.408742452071604]]}}