{"no_of_atoms": 100, "centre_of_mass": [8.80403142218378, 14.550940215438075, 22.454573322559785], "maximum_diameter": {"diameter": 17.39931388072406, "atom_1": 46, "atom_2": 73}, "pore_diameter": {"diameter": 3.7552270185521217, "atom": 75}, "pore_volume": 27.727276497880965, "pore_diameter_opt": {"diameter": 4.22194047519401, "atom_1": 16, "centre_of_mass": [8.818848815785733, 14.380170502775584, 22.29305677995537]}, "pore_volume_opt": 39.4035127505227, "windows": {"diameters": [3.8957532770893626, 4.310703018483453, 4.078964845328688], "centre_of_mass": [[10.923859088863557, 13.715375729298307, 22.922181749265565], [8.469754101897506, 14.265496226388759, 22.315012098558242], [10.034657336653684, 15.7301056137357, 21.882813360259735]]}}