{"no_of_atoms": 125, "centre_of_mass": [5.979488723097361, 9.197592067780795, 6.926231635126242], "maximum_diameter": {"diameter": 16.794353217296788, "atom_1": 16, "atom_2": 118}, "pore_diameter": {"diameter": 3.8744861336368817, "atom": 69}, "pore_volume": 30.45376240536514, "pore_diameter_opt": {"diameter": 4.761833617930714, "atom_1": 81, "centre_of_mass": [5.955601371584298, 8.928654334672434, 7.336024637125088]}, "pore_volume_opt": 56.535504576542785, "windows": {"diameters": [3.8241997762999183, 4.361644684148173], "centre_of_mass": [[10.285236575612466, 10.293624139639522, 9.75806322610094], [3.808935438587095, 7.417391055873075, 6.154333204114742]]}}