{"no_of_atoms": 125, "centre_of_mass": [5.066855025020236, 2.6980603004618517, 18.165725068752256], "maximum_diameter": {"diameter": 16.794813386265467, "atom_1": 36, "atom_2": 86}, "pore_diameter": {"diameter": 3.875146071043504, "atom": 34}, "pore_volume": 30.469326534143942, "pore_diameter_opt": {"diameter": 4.761726251264253, "atom_1": 44, "centre_of_mass": [5.0427698234213425, 2.967163536055488, 18.57621389345578]}, "pore_volume_opt": 56.531680487575315, "windows": {"diameters": [3.814280923132961, 4.126872473187078], "centre_of_mass": [[9.3457042511497, 1.6122247482185064, 20.986110865890332], [2.564077347108406, 5.257083361336562, 17.251363113563546]]}}