{"no_of_atoms": 125, "centre_of_mass": [17.314650407804084, 3.249806955942703, 4.313284867057075], "maximum_diameter": {"diameter": 16.795930771235074, "atom_1": 59, "atom_2": 92}, "pore_diameter": {"diameter": 3.873539719618172, "atom": 30}, "pore_volume": 30.431451192749147, "pore_diameter_opt": {"diameter": 4.762123940048779, "atom_1": 90, "centre_of_mass": [17.338581374702187, 2.980430455113902, 3.9030149414765]}, "pore_volume_opt": 56.54584587118667, "windows": {"diameters": [5.856418466499029, 3.7665394815400703], "centre_of_mass": [[24.009370348235525, 0.3991318178830703, 3.797309272118395], [13.684321951563827, 4.0901950327788885, 1.7570006659972033]]}}