{"no_of_atoms": 184, "centre_of_mass": [12.988301678810084, 20.18188510114559, 14.000005461120036], "maximum_diameter": {"diameter": 19.79131661744799, "atom_1": 106, "atom_2": 112}, "pore_diameter": {"diameter": 3.337670594542988, "atom": 152}, "pore_volume": 19.468345274267016, "pore_diameter_opt": {"diameter": 3.6946241421594768, "atom_1": 54, "centre_of_mass": [13.199756997555182, 20.377886815146844, 13.715823540885054]}, "pore_volume_opt": 26.406413132011135, "windows": {"diameters": [3.028145017969924, 2.5437397252774843, 1.8661677721673846, 2.19186005220535], "centre_of_mass": [[12.788617628762726, 20.014949947024007, 16.022555646498805], [8.399512931782741, 19.722401808511133, 13.419820198509804], [15.56185929121812, 18.76751380208557, 12.641371957760743], [13.678238633273505, 22.806950804073413, 13.615288431792342]]}}