{"no_of_atoms": 112, "centre_of_mass": [6.255343527823879, 22.081481147683736, 5.148412349919069], "maximum_diameter": {"diameter": 20.245962498577263, "atom_1": 20, "atom_2": 103}, "pore_diameter": {"diameter": 3.410940954054585, "atom": 27}, "pore_volume": 20.77883654914811, "pore_diameter_opt": {"diameter": 4.186837824904046, "atom_1": 21, "centre_of_mass": [6.632751244910806, 21.861722971485356, 4.476451579486676]}, "pore_volume_opt": 38.42881913677208, "windows": {"diameters": [4.410476783390875, 3.9409069841372704, 4.2474086808697], "centre_of_mass": [[4.955650337363287, 19.93479528135285, 8.100900245594534], [6.8475105373867375, 23.022330078308674, 3.1589564019819494], [6.700541879227175, 21.863149652977793, 4.144224189476863]]}}