{"no_of_atoms": 90, "centre_of_mass": [2.4701971180163196, 7.045785770305611, 12.461152247678369], "maximum_diameter": {"diameter": 17.36971296634667, "atom_1": 3, "atom_2": 89}, "pore_diameter": {"diameter": 1.2347046262443704, "atom": 26}, "pore_volume": 0.9855708465299653, "pore_diameter_opt": {"diameter": 1.234995613353302, "atom_1": 26, "centre_of_mass": [2.4700811253709607, 7.0457549087299345, 12.461262767189904]}, "pore_volume_opt": 0.9862678294331827, "windows": {"diameters": [1.0618682353549396, 1.5604591205494622, 1.1032741833917394], "centre_of_mass": [[3.4816953662780765, 7.611751154975998, 13.397329998600881], [2.389192823450885, 6.460109829177374, 12.199310792020473], [2.026689173980164, 7.463485009922128, 11.858782994739046]]}}