{"no_of_atoms": 165, "centre_of_mass": [14.973240796032487, 0.28499928161472826, 15.667554186381919], "maximum_diameter": {"diameter": 20.97743610907859, "atom_1": 75, "atom_2": 97}, "pore_diameter": {"diameter": 7.770472838962988, "atom": 122}, "pore_volume": 245.66368527170602, "pore_diameter_opt": {"diameter": 8.914372214775927, "atom_1": 122, "centre_of_mass": [14.422471247257505, 0.17260915187337494, 15.79548476694096]}, "pore_volume_opt": 370.91202539852526, "windows": {"diameters": [6.226542609564989, 4.993133303469026, 6.439303335155714, 6.184864881402049], "centre_of_mass": [[17.24382105126717, -1.08704375021905, 19.537429066528148], [12.401017363801556, 5.3601901494709105, 16.68162885288316], [9.41696121047463, -2.446804126865832, 16.086160559515488], [17.076405011842933, 0.8968506938079086, 11.707564853110085]]}}