{"no_of_atoms": 222, "centre_of_mass": [5.98692400772535, 5.986924007725353, 5.986924007725346], "maximum_diameter": {"diameter": 22.08864334905822, "atom_1": 85, "atom_2": 187}, "pore_diameter": {"diameter": 5.603427515122695, "atom": 114}, "pore_volume": 92.12126592337417, "pore_diameter_opt": {"diameter": 5.6035342167969056, "atom_1": 112, "centre_of_mass": [5.986664596367546, 5.986664694868739, 5.986664620660557]}, "pore_volume_opt": 92.126528602576, "windows": {"diameters": [3.8175624812561373, 3.815180792038204, 3.8086399156933006, 3.8162132402346898], "centre_of_mass": [[4.325405509785212, 4.325212177936686, 7.648553864280229], [7.6362178860496215, 7.6362332856640345, 7.636220734417924], [7.550238366372154, 4.423802188621121, 4.423513705056678], [4.3337027710679195, 7.6400675711728745, 4.333971059460341]]}}