{"no_of_atoms": 186, "centre_of_mass": [17.820238312904106, 5.940098309076232, 17.820238312904106], "maximum_diameter": {"diameter": 22.20256527021451, "atom_1": 13, "atom_2": 185}, "pore_diameter": {"diameter": 5.605942998235726, "atom": 141}, "pore_volume": 92.245386489623, "pore_diameter_opt": {"diameter": 5.606341988070808, "atom_1": 25, "centre_of_mass": [17.820414883209317, 5.939796829608233, 17.820267925217344]}, "pore_volume_opt": 92.26508393809355, "windows": {"diameters": [3.815012520969383, 3.812950185101126, 3.8059010704418124, 3.8139346395443545], "centre_of_mass": [[16.15546379366153, 4.27501450519681, 19.48458636478453], [19.470304704963404, 7.590225863847554, 19.470212742075123], [19.382649449427188, 4.377659871748319, 16.257744517835715], [16.159633168380793, 7.6003767213302, 16.159894588208733]]}}