{"no_of_atoms": 108, "centre_of_mass": [11.93877523972378, 11.938775239723773, 11.938775239723773], "maximum_diameter": {"diameter": 17.400813775879403, "atom_1": 12, "atom_2": 106}, "pore_diameter": {"diameter": 5.519288354506312, "atom": 4}, "pore_volume": 88.0334810591062, "pore_diameter_opt": {"diameter": 5.519288354506312, "atom_1": 4, "centre_of_mass": [11.93877523972378, 11.938775239723773, 11.938775239723773]}, "pore_volume_opt": 88.0334810591062, "windows": {"diameters": [3.7253472623649535, 3.7123115478737136, 3.7161288762225424, 3.712066777655005], "centre_of_mass": [[10.25589937245394, 13.621455554101258, 13.621168892168777], [13.524650369938069, 10.352348277625328, 13.525027594988297], [10.305151250170622, 10.30510369832381, 10.305138305295461], [13.520528230616119, 13.520117229441103, 10.35689855710952]]}}