{"no_of_atoms": 222, "centre_of_mass": [5.969403501664916, 17.908247073430303, 17.908247073430303], "maximum_diameter": {"diameter": 22.157700192965162, "atom_1": 22, "atom_2": 218}, "pore_diameter": {"diameter": 5.623956564335391, "atom": 181}, "pore_volume": 93.1374827109106, "pore_diameter_opt": {"diameter": 5.624740356220737, "atom_1": 33, "centre_of_mass": [5.969173517506191, 17.90784130322339, 17.908146155155556]}, "pore_volume_opt": 93.17642891006498, "windows": {"diameters": [3.833668794512809, 3.8305495345354594, 3.824861989918008, 3.832888804004361], "centre_of_mass": [[4.30276016041769, 16.24183389356059, 19.574850775184537], [7.621467665862381, 19.56005182548791, 19.560370647468844], [7.534026561461095, 16.344037281959253, 16.343733181929196], [4.30744641029445, 19.570223132677658, 16.246436352719602]]}}