{"no_of_atoms": 163, "centre_of_mass": [-0.019137232358838952, 11.838738532034004, -0.020657057904858948], "maximum_diameter": {"diameter": 17.393450003204403, "atom_1": 49, "atom_2": 107}, "pore_diameter": {"diameter": 5.398009808566545, "atom": 101}, "pore_volume": 82.35683162783465, "pore_diameter_opt": {"diameter": 5.468778010174784, "atom_1": 101, "centre_of_mass": [-1.0308959301770701e-08, 11.879999983693056, -3.7176121497096805e-09]}, "pore_volume_opt": 85.63858967611844, "windows": {"diameters": [3.6707463190495297, 3.6577714120043674, 3.6621393071586037, 3.6575019340134305], "centre_of_mass": [[-1.678245751617213, 13.558240446400932, 1.6782632353542886], [1.5825406855692183, 10.297492028572506, 1.582510866596697], [-1.6292600402146584, 10.250731520942095, -1.6293123605805175], [1.5776987420086133, 13.457676008695444, -1.5777325441808778]]}}