{"no_of_atoms": 192, "centre_of_mass": [17.684554404680565, 5.894931618406991, 17.68455440468057], "maximum_diameter": {"diameter": 21.846526129441372, "atom_1": 115, "atom_2": 142}, "pore_diameter": {"diameter": 5.617310513650626, "atom": 31}, "pore_volume": 92.80768007851644, "pore_diameter_opt": {"diameter": 5.617322234331631, "atom_1": 31, "centre_of_mass": [17.684550289505378, 5.894929405227502, 17.68455797056381]}, "pore_volume_opt": 92.80826101746224, "windows": {"diameters": [3.8213040192444283, 3.820636352036708, 3.812552079498554, 3.81852238406065], "centre_of_mass": [[16.0187012632445, 4.228715602806629, 19.350342633077705], [19.343119029316004, 7.553409525886737, 19.343027587523284], [19.261322276344906, 4.317656596572018, 16.107581715730863], [16.040303547193105, 7.538998373812604, 16.04034260341045]]}}