{"no_of_atoms": 102, "centre_of_mass": [11.956191316300757, 13.505331960083495, 13.649363368326476], "maximum_diameter": {"diameter": 15.301643875673502, "atom_1": 36, "atom_2": 91}, "pore_diameter": {"diameter": 4.965074625667505, "atom": 60}, "pore_volume": 64.08788854458183, "pore_diameter_opt": {"diameter": 5.022896292277929, "atom_1": 24, "centre_of_mass": [11.919964420606721, 13.477244130459132, 13.621084434636098]}, "pore_volume_opt": 66.35310590271361, "windows": {"diameters": [4.685353544848178, 4.239284761468774], "centre_of_mass": [[9.549030047140665, 12.493654637028126, 14.815565797843394], [15.235670941055403, 14.820809068346948, 12.703949531434809]]}}