{"no_of_atoms": 90, "centre_of_mass": [2.9346886854460053, 4.703334907908992, 7.124407320332248], "maximum_diameter": {"diameter": 12.986999999999998, "atom_1": 51, "atom_2": 57}, "pore_diameter": {"diameter": 3.621416018772164, "atom": 85}, "pore_volume": 24.86760023747006, "pore_diameter_opt": {"diameter": 3.8718498257176237, "atom_1": 8, "centre_of_mass": [2.9595950332403, 4.703499995910037, 7.001668790878051]}, "pore_volume_opt": 30.391639938428412, "windows": {"diameters": [2.2425198598220684, 2.484631093737071], "centre_of_mass": [[5.273180110539022, 4.703519702706052, 8.930977454524548], [0.5322589270692961, 4.70348808470686, 4.9858869465560804]]}}