{"no_of_atoms": 111, "centre_of_mass": [7.432860505784977, 12.700447591250152, 5.172786636811687], "maximum_diameter": {"diameter": 13.80786240611127, "atom_1": 18, "atom_2": 92}, "pore_diameter": {"diameter": 2.3101627511497367, "atom": 37}, "pore_volume": 6.4554474993996545, "pore_diameter_opt": {"diameter": 2.310590362576981, "atom_1": 37, "centre_of_mass": [7.432875510069136, 12.700450110826162, 5.17299999696638]}, "pore_volume_opt": 6.4590328754995205, "windows": {"diameters": [2.5690660267487506, 2.5239952136506685, 2.50168437796501], "centre_of_mass": [[8.010151098027903, 13.188211673332987, 5.173010818710204], [6.565694981388701, 12.84839513491819, 5.172985813624094], [7.70352879887199, 12.054496116732283, 5.172989766406319]]}}