{"no_of_atoms": 72, "centre_of_mass": [2.7186446070510475, 15.91385529746603, 20.480298310686738], "maximum_diameter": {"diameter": 15.17679422011444, "atom_1": 47, "atom_2": 70}, "pore_diameter": {"diameter": 3.556392537148727, "atom": 59}, "pore_volume": 23.551994596634447, "pore_diameter_opt": {"diameter": 3.663044781416252, "atom_1": 59, "centre_of_mass": [2.736839935873764, 15.93190520144344, 20.430705915205422]}, "pore_volume_opt": 25.735067186427983, "windows": {"diameters": [3.581424795502768, 3.496932542073388], "centre_of_mass": [[2.439375937447315, 16.59444384349927, 20.65360202824696], [3.10558529683357, 15.191129152078735, 20.42575768122992]]}}