{"no_of_atoms": 72, "centre_of_mass": [9.522161984943077, 16.649289954094748, 13.08537688762395], "maximum_diameter": {"diameter": 15.057685312197997, "atom_1": 47, "atom_2": 70}, "pore_diameter": {"diameter": 3.5330412157940954, "atom": 22}, "pore_volume": 23.091105945717604, "pore_diameter_opt": {"diameter": 3.598705773140363, "atom_1": 22, "centre_of_mass": [9.533781835307787, 16.5378047462312, 13.078795590929179]}, "pore_volume_opt": 24.402686695520828, "windows": {"diameters": [3.6441501028397507, 3.3599725108138827], "centre_of_mass": [[9.603042621535103, 16.12881878969232, 12.911067118759647], [9.655518222619722, 17.508873920688814, 13.183053607966096]]}}