{"no_of_atoms": 135, "centre_of_mass": [21.97045503575528, 13.329214539359626, 9.316897097795131], "maximum_diameter": {"diameter": 16.20280442707521, "atom_1": 14, "atom_2": 121}, "pore_diameter": {"diameter": 4.032582046140826, "atom": 42}, "pore_volume": 34.33588604828431, "pore_diameter_opt": {"diameter": 4.111524063610069, "atom_1": 94, "centre_of_mass": [21.947934145449533, 13.363688495452653, 9.31395417096575]}, "pore_volume_opt": 36.39210120117797, "windows": {"diameters": [2.268799672731163, 2.3023174610827573], "centre_of_mass": [[22.59806794694762, 13.276584591791343, 12.40593871057941], [21.34410070110834, 13.445372557499972, 6.363695005180466]]}}