{"no_of_atoms": 209, "centre_of_mass": [10.704772980803304, 23.523493075612063, 21.93287510465437], "maximum_diameter": {"diameter": 23.03160341556496, "atom_1": 101, "atom_2": 205}, "pore_diameter": {"diameter": 3.834675087301059, "atom": 173}, "pore_volume": 29.524621469272873, "pore_diameter_opt": {"diameter": 4.053453050399273, "atom_1": 59, "centre_of_mass": [10.791716201834195, 23.507965613372168, 21.856700271923312]}, "pore_volume_opt": 34.87177578657763, "windows": {"diameters": [5.331061077952709, 3.5425700677700824, 4.907828531825981], "centre_of_mass": [[14.982278821728478, 18.7432282805698, 23.26689406992454], [11.156555759728787, 26.389517186498505, 24.22331508646681], [10.65984143392782, 20.837467294040312, 22.410424720031248]]}}