{"no_of_atoms": 209, "centre_of_mass": [10.704772980803304, 23.523493075612063, 21.93287510465437], "maximum_diameter": {"diameter": 23.03160341556496, "atom_1": 101, "atom_2": 205}, "pore_diameter": {"diameter": 3.834675087301059, "atom": 173}, "pore_volume": 29.524621469272873, "pore_diameter_opt": {"diameter": 4.044238451487098, "atom_1": 201, "centre_of_mass": [10.79044638558447, 23.508032930791117, 21.840842881848186]}, "pore_volume_opt": 34.63449697187677, "windows": {"diameters": [5.331069686771244, 3.542549913457068, 4.90784914024592], "centre_of_mass": [[14.982282836432512, 18.743223271649338, 23.266877231907852], [11.15654181983843, 26.3895427171444, 24.223288112661955], [10.659906872470529, 20.83747432438362, 22.410319969898126]]}}