{"no_of_atoms": 218, "centre_of_mass": [-0.13387292958051666, 4.512518297034441, 7.703828027679073], "maximum_diameter": {"diameter": 23.03155389893041, "atom_1": 100, "atom_2": 134}, "pore_diameter": {"diameter": 3.7839986016768488, "atom": 183}, "pore_volume": 28.36948970665092, "pore_diameter_opt": {"diameter": 4.045274058314126, "atom_1": 183, "centre_of_mass": [-0.11573557945617267, 4.424761859723107, 7.27134062390912]}, "pore_volume_opt": 34.66111031876387, "windows": {"diameters": [4.88145025116151, 3.5398343242273254, 5.6908211732789145], "centre_of_mass": [[0.08316724644244085, 6.979519946472665, 6.474833885442073], [0.24699640213130752, 1.6379285269936052, 9.579321276278174], [-4.649136866447114, 9.322907126044697, 5.721353302735477]]}}