{"no_of_atoms": 44, "centre_of_mass": [4.006526113466346, 2.1555843042502936, 1.8371827399128382], "maximum_diameter": {"diameter": 11.486858170188261, "atom_1": 2, "atom_2": 28}, "pore_diameter": {"diameter": 0.6972376456208083, "atom": 22}, "pore_volume": 0.1774766021834327, "pore_diameter_opt": {"diameter": 1.1957139490747863, "atom_1": 12, "centre_of_mass": [3.9374889791943612, 2.504203125857235, 1.6906359708969825]}, "pore_volume_opt": 0.8951184512887748, "windows": {"diameters": [2.231778800705557, 0.8457403968875354], "centre_of_mass": [[4.989827086563993, 3.6162645517943224, 3.0481309573356556], [3.160080899355577, 2.5190341352898025, 1.4186286084506188]]}}