{"no_of_atoms": 328, "centre_of_mass": [-1.5673457816446488, 10.220999999999997, 9.898200840590052], "maximum_diameter": {"diameter": 30.37612450320079, "atom_1": 278, "atom_2": 315}, "pore_diameter": {"diameter": 5.51777415841406, "atom": 272}, "pore_volume": 87.96104596741564, "pore_diameter_opt": {"diameter": 5.51851095484054, "atom_1": 264, "centre_of_mass": [-1.5417349073366986, 10.251509022284951, 9.911395219259488]}, "pore_volume_opt": 87.99628737289225, "windows": {"diameters": [1.8687613864182295, 1.9525380420600942, 1.9200743626767722, 1.9440278878949049, 1.9326299191711613, 1.8639355860196027], "centre_of_mass": [[2.2260599299129846, 9.80659148491335, 14.402673560510365], [-4.633929373038772, 10.927682385346099, 12.561897466026263], [-1.1220977619996526, 14.878758364358635, 9.642542875333463], [-2.036106944039013, 5.096989483524411, 10.11085285811791], [2.6482417993390537, 11.715077678758947, 6.775515896155622], [-5.345999872614346, 10.634197922108628, 5.410498732506178]]}}