{"no_of_atoms": 356, "centre_of_mass": [-3.1162415730293476, 20.469009328835636, 19.85281397270365], "maximum_diameter": {"diameter": 30.235424787374008, "atom_1": 178, "atom_2": 344}, "pore_diameter": {"diameter": 5.42685826806153, "atom": 43}, "pore_volume": 83.68431400772435, "pore_diameter_opt": {"diameter": 5.571696745915283, "atom_1": 43, "centre_of_mass": [-3.133783567789475, 20.478948515640976, 19.922369975241374]}, "pore_volume_opt": 90.56513413329088, "windows": {"diameters": [1.7872543313927962, 1.6944166434014707, 1.989913642244082, 2.0382311065090293, 1.7765834178194817, 1.791552976987893], "centre_of_mass": [[0.3257389086159983, 20.893513339494334, 24.138890360242577], [-6.823010535312719, 21.764710007675355, 22.40760740772102], [-2.78204703138535, 15.102749840173765, 19.7170156007158], [-3.892940825837837, 25.99159256848543, 19.985078320124902], [0.21219738657388998, 21.156956181261542, 16.8669415393508], [-7.043808258369721, 20.061712843563143, 15.51787047864238]]}}