{"no_of_atoms": 200, "centre_of_mass": [12.757444263483839, 15.65629317823907, 9.740225454217619], "maximum_diameter": {"diameter": 21.0533470534508, "atom_1": 60, "atom_2": 106}, "pore_diameter": {"diameter": 4.668342695939707, "atom": 130}, "pore_volume": 53.27050460181836, "pore_diameter_opt": {"diameter": 5.711466488835747, "atom_1": 52, "centre_of_mass": [12.730392367923066, 15.788587433052806, 10.816839272856091]}, "pore_volume_opt": 97.55320029086609, "windows": {"diameters": [1.7626235975109301, 1.0877135059843814, 2.1805393166129288], "centre_of_mass": [[12.592714376588626, 15.705721380238145, 15.58580100108857], [13.332316614587224, 20.262544409502098, 10.496062859164189], [12.87533466863689, 15.624124482499653, 3.870734231965484]]}}