{"no_of_atoms": 200, "centre_of_mass": [9.847312456057058, 8.213265222743706, 28.04786902084096], "maximum_diameter": {"diameter": 21.053717863738452, "atom_1": 2, "atom_2": 70}, "pore_diameter": {"diameter": 4.6673199444832125, "atom": 130}, "pore_volume": 53.23550039083488, "pore_diameter_opt": {"diameter": 5.786136935722078, "atom_1": 109, "centre_of_mass": [9.843248426495355, 8.120719200329518, 29.122105450248743]}, "pore_volume_opt": 101.4296074926939, "windows": {"diameters": [1.762017110199655, 2.1185966387237234], "centre_of_mass": [[9.769822501836781, 8.220228875532767, 33.888400154215596], [9.959014942244943, 8.214431646923842, 22.39327680496224]]}}