{"no_of_atoms": 61, "centre_of_mass": [-5.526689382816126, 9.851318570429305, 27.46007525054097], "maximum_diameter": {"diameter": 15.63852515753047, "atom_1": 54, "atom_2": 56}, "pore_diameter": {"diameter": 1.6633368693035666, "atom": 12}, "pore_volume": 2.409568431503478, "pore_diameter_opt": {"diameter": 1.886424977979948, "atom_1": 2, "centre_of_mass": [-5.657353662600535, 9.79768162421297, 27.524998558575987]}, "pore_volume_opt": 3.5149345047336045, "windows": {"diameters": [1.1934333077574109, 1.1653129916553877, 1.2244894395782633], "centre_of_mass": [[-4.011539000189838, 9.978334375906114, 27.523254893389], [-6.508887204083547, 8.66859411418568, 27.526668013401903], [-6.697389810918682, 11.229504857223159, 27.5231724920836]]}}