{"no_of_atoms": 45, "centre_of_mass": [6.818022993201084e-05, 11.88760524974646, 8.669782404827039], "maximum_diameter": {"diameter": 15.659887869548795, "atom_1": 4, "atom_2": 43}, "pore_diameter": {"diameter": 1.8830014879212738, "atom": 14}, "pore_volume": 3.495832470141888, "pore_diameter_opt": {"diameter": 1.8837381736986187, "atom_1": 14, "centre_of_mass": [0.0002070327814130443, 11.887339713609617, 8.670069855947988]}, "pore_volume_opt": 3.49993709420163, "windows": {"diameters": [1.1642772596832747, 1.2138307096054768, 1.1590023643095448], "centre_of_mass": [[-1.0594950823258544, 12.8813717537932, 8.676344826779953], [1.6612519968567, 12.415144361213311, 8.677005742418677], [0.01629433608187227, 10.470397308064303, 8.660095840377606]]}}