{"no_of_atoms": 237, "centre_of_mass": [-0.1377885788473113, 0.031185059321885363, 12.109523817595559], "maximum_diameter": {"diameter": 19.284237252797915, "atom_1": 29, "atom_2": 236}, "pore_diameter": {"diameter": 4.23841729066163, "atom": 165}, "pore_volume": 39.86665155449176, "pore_diameter_opt": {"diameter": 4.521133155468737, "atom_1": 175, "centre_of_mass": [-0.00018614713105223724, 5.217764318592079e-05, 12.099920024703206]}, "pore_volume_opt": 48.38831690059458, "windows": {"diameters": [2.9128941323364486, 2.8870002336534593, 2.9140113168373856], "centre_of_mass": [[-1.0452818531786137, -2.0943860227176923, 10.732583698656342], [-1.1387863515481784, 2.2302998788238453, 13.432248239804132], [2.3102576013088134, 0.14760173461392345, 10.729630524503648]]}}