{"no_of_atoms": 140, "centre_of_mass": [4.5039024875796985, 8.30985963362058, 13.68177806428322], "maximum_diameter": {"diameter": 20.525581969314974, "atom_1": 21, "atom_2": 89}, "pore_diameter": {"diameter": 2.21626781181715, "atom": 69}, "pore_volume": 5.699875100993886, "pore_diameter_opt": {"diameter": 2.411045184238579, "atom_1": 96, "centre_of_mass": [4.672618615710207, 8.310012877351845, 13.646597877393857]}, "pore_volume_opt": 7.338624566471674, "windows": {"diameters": [4.043611801439928, 2.1173724238327005, 3.3917265365370644, 4.218039190905202], "centre_of_mass": [[4.492841604943707, 6.2077338810438745, 12.460940743242153], [4.826207410096721, 10.403707401863613, 14.128337574612717], [4.1134247559814625, 6.9156782508324035, 12.548615079694928], [5.057785755359578, 6.579365247111815, 12.374067366589948]]}}