{"no_of_atoms": 108, "centre_of_mass": [9.756086943368055e-17, 13.476499999999993, 1.8837446318284747], "maximum_diameter": {"diameter": 16.457669202426594, "atom_1": 0, "atom_2": 107}, "pore_diameter": {"diameter": 5.3878637738411665, "atom": 95}, "pore_volume": 81.8933131947823, "pore_diameter_opt": {"diameter": 5.388084493819239, "atom_1": 8, "centre_of_mass": [9.756086943368055e-17, 13.476400468752304, 1.8837923249791724]}, "pore_volume_opt": 81.90337816573066, "windows": {"diameters": [3.748940304438711, 3.7501987169650057], "centre_of_mass": [[-1.5603031083291224e-05, 13.475972958669457, 5.018678025913051], [3.497989655326777e-05, 13.477006117575398, -1.264128283663281]]}}