{"no_of_atoms": 108, "centre_of_mass": [6.973840983507888, 4.381264574054011, 23.653108232013153], "maximum_diameter": {"diameter": 14.46458342802067, "atom_1": 40, "atom_2": 80}, "pore_diameter": {"diameter": 5.28412666881588, "atom": 60}, "pore_volume": 77.25352085695647, "pore_diameter_opt": {"diameter": 5.329848555398195, "atom_1": 6, "centre_of_mass": [6.9907228569895405, 4.383178708105171, 23.63740642259586]}, "pore_volume_opt": 79.27627385286873, "windows": {"diameters": [3.7272611832397056, 3.6987442061866513], "centre_of_mass": [[5.878750872069851, 1.6207449054928533, 24.760556170876566], [8.227062539040453, 7.0577679574409515, 22.61529621679327]]}}