{"no_of_atoms": 126, "centre_of_mass": [23.33672948288019, 5.022019846429003, 13.843247986207844], "maximum_diameter": {"diameter": 16.016753593238548, "atom_1": 52, "atom_2": 74}, "pore_diameter": {"diameter": 4.217053096180283, "atom": 9}, "pore_volume": 39.266828880742146, "pore_diameter_opt": {"diameter": 5.533650847620379, "atom_1": 104, "centre_of_mass": [23.92556437197601, 4.818141545872504, 13.565134982980627]}, "pore_volume_opt": 88.72252279117328, "windows": {"diameters": [4.919657394417635, 5.194243828470413], "centre_of_mass": [[25.089290688002933, 6.261870011272664, 15.322499615401295], [21.05455590140842, 3.801832035257814, 11.597823990075298]]}}