{"no_of_atoms": 784, "centre_of_mass": [0.24506280417433585, -0.06057164193743463, 77.00666925629817], "maximum_diameter": {"diameter": 34.50214230214329, "atom_1": 429, "atom_2": 476}, "pore_diameter": {"diameter": 4.882089083864187, "atom": 655}, "pore_volume": 60.92783154044033, "pore_diameter_opt": {"diameter": 5.691880686447801, "atom_1": 655, "centre_of_mass": [0.0014533900278895114, 0.0001347227512852026, 76.62769233291394]}, "pore_volume_opt": 96.55304744653823, "windows": {"diameters": [1.393475203341541, 1.4071651597402774, 1.4856579722026884, 1.0492118956769927], "centre_of_mass": [[2.0470105839657182, -3.782978275893799, 78.04497956988507], [-4.048622896618175, 0.11961673958171147, 77.94133604490048], [2.6164176130191215, 4.299920223678001, 78.28470016106729], [-0.0004264574186206701, -0.0006675762054857606, 71.92773349579217]]}}