{"no_of_atoms": 636, "centre_of_mass": [12.339972888323414, 7.124465330202027, 59.31196496538782], "maximum_diameter": {"diameter": 34.50214230214329, "atom_1": 374, "atom_2": 390}, "pore_diameter": {"diameter": 5.659194898290815, "atom": 234}, "pore_volume": 94.89920521042687, "pore_diameter_opt": {"diameter": 5.694238297011953, "atom_1": 199, "centre_of_mass": [12.339752074664043, 7.124262612356908, 59.342507140758826]}, "pore_volume_opt": 96.67307567504699, "windows": {"diameters": [1.0482461722660426, 1.3923806663114768, 1.3921927016554547, 1.40554994399784], "centre_of_mass": [[12.340408308215178, 7.1246544418325355, 64.03087726185825], [16.834913712677867, 6.9827032568655705, 57.871389329675736], [9.969689093750796, 3.3027028024197427, 57.87150382491512], [10.176295093445706, 11.175011671931916, 57.84421700423712]]}}