{"no_of_atoms": 128, "centre_of_mass": [2.6691610202554537, 10.148905381125186, 11.524276820200953], "maximum_diameter": {"diameter": 14.48061909011087, "atom_1": 59, "atom_2": 87}, "pore_diameter": {"diameter": 5.00274946033862, "atom": 24}, "pore_volume": 65.55787738811118, "pore_diameter_opt": {"diameter": 5.422970042877289, "atom_1": 1, "centre_of_mass": [2.8985831801032034, 10.130980025963067, 11.65935645202563]}, "pore_volume_opt": 83.50456891392909, "windows": {"diameters": [3.9800698537500665, 3.971151665430397], "centre_of_mass": [[0.967454821360606, 12.404023256748848, 13.130673150553509], [4.689475802721256, 7.965074202159119, 10.28033803035082]]}}