{"no_of_atoms": 112, "centre_of_mass": [4.651338644264193, 0.025713398742472734, 5.7110323005907695], "maximum_diameter": {"diameter": 14.480793023216023, "atom_1": 52, "atom_2": 71}, "pore_diameter": {"diameter": 5.232732727096945, "atom": 8}, "pore_volume": 75.02124734534597, "pore_diameter_opt": {"diameter": 5.41218125835084, "atom_1": 95, "centre_of_mass": [4.666203946917446, 0.01220114701780375, 5.8064681643675975]}, "pore_volume_opt": 83.00717266128687, "windows": {"diameters": [3.9780887618466414, 3.980538552599861], "centre_of_mass": [[2.7293008234934537, -2.2501504000999235, 7.28578941113505], [6.516705573814231, 2.266486491991527, 4.382936833665927]]}}