{"no_of_atoms": 109, "centre_of_mass": [5.292612302699903, 17.15898718953616, 20.98367212999576], "maximum_diameter": {"diameter": 19.84146746451155, "atom_1": 95, "atom_2": 101}, "pore_diameter": {"diameter": 5.687745403840751, "atom": 14}, "pore_volume": 96.34275625380836, "pore_diameter_opt": {"diameter": 5.890644308332465, "atom_1": 64, "centre_of_mass": [5.253539762576319, 17.142240831237114, 21.076559558027164]}, "pore_volume_opt": 107.02543990153885, "windows": {"diameters": [4.781764882059824, 4.7565822251228775], "centre_of_mass": [[8.769624292212134, 19.423146103990113, 21.93270183612768], [1.9906563617022743, 14.705184273581208, 19.98072102205802]]}}