{"no_of_atoms": 204, "centre_of_mass": [25.093962113974232, 0.030625693434935746, 2.791466019681721], "maximum_diameter": {"diameter": 22.375204653580514, "atom_1": 11, "atom_2": 203}, "pore_diameter": {"diameter": 5.0692899080520615, "atom": 35}, "pore_volume": 68.20873714356587, "pore_diameter_opt": {"diameter": 5.423956735869515, "atom_1": 174, "centre_of_mass": [25.256278847750515, 0.00011557671521334919, 2.984892359819267]}, "pore_volume_opt": 83.55015741863158, "windows": {"diameters": [3.804857695110164, 3.7979748698688742, 3.799148223237997, 3.521461940580289], "centre_of_mass": [[25.168993820302994, 2.6491201512102642, 3.842366729226111], [23.087183371151156, -1.3452143828215453, 3.8085163100914503], [27.52441145628718, -1.2150036475223986, 3.8155691527592426], [25.256224585546644, -2.5999809006821596e-05, -0.058799998666617004]]}}