{"no_of_atoms": 168, "centre_of_mass": [6.214995008764706e-16, 12.475500000000006, 4.445668584434473e-16], "maximum_diameter": {"diameter": 22.338403830660795, "atom_1": 39, "atom_2": 163}, "pore_diameter": {"diameter": 5.873231637352742, "atom": 66}, "pore_volume": 106.07914506816631, "pore_diameter_opt": {"diameter": 5.873231637352742, "atom_1": 66, "centre_of_mass": [6.214995008764706e-16, 12.475500000000006, 4.445668584434473e-16]}, "pore_volume_opt": 106.07914506816631, "windows": {"diameters": [4.100975956205685, 4.098053115512364, 4.091300392056954, 4.1007977324021905], "centre_of_mass": [[-1.6964215946483345, 10.77951383763511, 1.69612463267112], [1.6782832601745246, 14.153282785494149, 1.6779187102873514], [1.5924381883211136, 10.883488991587207, -1.5920942501072561], [-1.6959027371874869, 14.170966502449728, -1.695706254439495]]}}