{"no_of_atoms": 168, "centre_of_mass": [12.012272279132528, 11.13168722685737, 3.737126212028478], "maximum_diameter": {"diameter": 22.509787234499036, "atom_1": 32, "atom_2": 166}, "pore_diameter": {"diameter": 5.496638166044583, "atom": 100}, "pore_volume": 86.9541010299562, "pore_diameter_opt": {"diameter": 5.612655842447021, "atom_1": 44, "centre_of_mass": [11.990560115337264, 11.281071907419381, 3.6304832329283925]}, "pore_volume_opt": 92.57716155479622, "windows": {"diameters": [3.8274497596227337, 3.9793699700600897, 4.071068738386485, 4.000171868457976], "centre_of_mass": [[12.130664752289915, 9.230398097726528, 5.7461932856947495], [11.141256368559024, 13.694617234649757, 4.817170015098715], [14.473429720639983, 11.581602004418322, 2.38822246476121], [10.038519000198194, 10.345638037508403, 1.6072399146435554]]}}