{"no_of_atoms": 144, "centre_of_mass": [1.1163840692070935e-16, 11.904000000000003, 16.67143791675308], "maximum_diameter": {"diameter": 18.498447230052253, "atom_1": 25, "atom_2": 120}, "pore_diameter": {"diameter": 7.48170193155733, "atom": 34}, "pore_volume": 219.28040694301544, "pore_diameter_opt": {"diameter": 7.48170193155733, "atom_1": 34, "centre_of_mass": [1.1163840692070935e-16, 11.904000000000003, 16.67143791675308]}, "pore_volume_opt": 219.28040694301544, "windows": {"diameters": [7.481662420566227, 7.379468595537249], "centre_of_mass": [[-1.2967374145261988e-05, 11.903983412903251, 16.67143858394336], [-1.74503683632822e-05, 11.904017103401339, 15.717110414761382]]}}