{"no_of_atoms": 228, "centre_of_mass": [5.861570164109292, 0.18604060966459177, 0.08949760385265979], "maximum_diameter": {"diameter": 20.91048747363506, "atom_1": 72, "atom_2": 219}, "pore_diameter": {"diameter": 3.624577175332122, "atom": 8}, "pore_volume": 24.93277834735867, "pore_diameter_opt": {"diameter": 4.103112657433831, "atom_1": 8, "centre_of_mass": [5.976044057222535, -0.006951814591685004, 0.00643916727362887]}, "pore_volume_opt": 36.169203614203084, "windows": {"diameters": [4.264731161601976, 4.448351411371849], "centre_of_mass": [[11.614464515478616, -1.6753682754798245, 0.5070338185573813], [4.380135491399834, -0.4764895843655782, -0.3009520851765323]]}}