{"no_of_atoms": 102, "centre_of_mass": [8.059833169813322, 15.59232240990195, 13.394258371929945], "maximum_diameter": {"diameter": 17.013565114294, "atom_1": 73, "atom_2": 97}, "pore_diameter": {"diameter": 3.5327019060325697, "atom": 30}, "pore_volume": 23.084453644149495, "pore_diameter_opt": {"diameter": 3.900732099565895, "atom_1": 18, "centre_of_mass": [8.00585554858806, 14.996881134071428, 13.181598272057931]}, "pore_volume_opt": 31.076850238617638, "windows": {"diameters": [3.2547710946030853e+39, 3.8813255445696093, 4.564668586312799], "centre_of_mass": [[3.5676949738290556e+38, 1.4909200242123917e+39, 5.461288554046667e+38], [9.050324201470193, 16.68712399875001, 14.881685609857263], [6.39349424187407, 15.9712421222262, 10.24172238524001]]}}