{"no_of_atoms": 102, "centre_of_mass": [10.16209017907651, 4.83577087752793, 17.86121360427568], "maximum_diameter": {"diameter": 17.012592794248757, "atom_1": 11, "atom_2": 92}, "pore_diameter": {"diameter": 3.5335778471129955, "atom": 30}, "pore_volume": 23.101629422886504, "pore_diameter_opt": {"diameter": 3.9007647743493457, "atom_1": 32, "centre_of_mass": [10.21634277035951, 4.240542808408576, 18.074718663120116]}, "pore_volume_opt": 31.07763119806202, "windows": {"diameters": [3.5739778318500792, 4.189023493126646, 1.0580660844146242e+43], "centre_of_mass": [[11.033830354250675, 4.887525708273421, 19.530028681915127], [8.957397235557611, 3.438830403913891, 15.848403394267192], [-8.284491057254983e+41, 5.0480702429900963e+42, -1.348426815134177e+42]]}}