{"no_of_atoms": 94, "centre_of_mass": [6.595612397036632, 5.871736492628686, 5.064589955351619], "maximum_diameter": {"diameter": 16.002916445660286, "atom_1": 22, "atom_2": 56}, "pore_diameter": {"diameter": 0.43007101258681324, "atom": 42}, "pore_volume": 0.04165039617060963, "pore_diameter_opt": {"diameter": 0.8854937827947533, "atom_1": 42, "centre_of_mass": [6.380576890743225, 6.086771998922092, 5.031657619277634]}, "pore_volume_opt": 0.36354248469352074, "windows": {"diameters": [1.4400647660685344, 1.4382861204993498], "centre_of_mass": [[6.384101276550988, 6.629082744080302, 4.3830975121498685], [6.450118472380536, 6.618007796225573, 4.6376792721296844]]}}