{"no_of_atoms": 132, "centre_of_mass": [16.16514446403763, 8.880993453070921, 4.97543858361901], "maximum_diameter": {"diameter": 16.933511798701197, "atom_1": 8, "atom_2": 128}, "pore_diameter": {"diameter": 4.449014903102022, "atom": 46}, "pore_volume": 46.10947781416727, "pore_diameter_opt": {"diameter": 4.981108645852165, "atom_1": 42, "centre_of_mass": [15.92503839734775, 8.993950290109824, 4.94399789153862]}, "pore_volume_opt": 64.71078463167177, "windows": {"diameters": [2.341906706252911, 1.8674749050882684, 2.5304396889015144, 2.3689966505282127, 1.9308424174514767], "centre_of_mass": [[16.569619193116726, 7.463435984086466, 8.816461320945413], [12.659795360171007, 8.756539617405558, 5.637870143705436], [20.038441552209715, 9.724826237685607, 3.178132347200105], [13.564401930705467, 7.7484504028607155, 2.897633268800772], [16.124205862243297, 12.180117933791605, 0.9217058899464092]]}}