{"no_of_atoms": 147, "centre_of_mass": [0.16325913791632574, 4.075550994332206, 34.3581496707925], "maximum_diameter": {"diameter": 18.650853590509513, "atom_1": 104, "atom_2": 146}, "pore_diameter": {"diameter": 4.143949604609478, "atom": 108}, "pore_volume": 37.259928570714706, "pore_diameter_opt": {"diameter": 4.6075652536812886, "atom_1": 9, "centre_of_mass": [0.379523985581006, 3.979301560731368, 34.380068141659464]}, "pore_volume_opt": 51.21687847738034, "windows": {"diameters": [1.9419090192897808, 2.534169153519561, 1.9775438427699465, 2.485807248642011], "centre_of_mass": [[2.5561658232589393, 5.224515597806401, 36.73932449425111], [-3.3674998932639917, 3.0407119018268034, 36.11041391589005], [4.594376744549654, 4.28735545052296, 33.48793126901026], [0.06709915535483851, 5.784864240181706, 30.26354172190794]]}}