{"no_of_atoms": 136, "centre_of_mass": [2.53147611234912, 3.147136044232424, 4.590587870827272], "maximum_diameter": {"diameter": 17.0220946104219, "atom_1": 27, "atom_2": 135}, "pore_diameter": {"diameter": 4.461750128824521, "atom": 0}, "pore_volume": 46.50657500258323, "pore_diameter_opt": {"diameter": 4.752442508466444, "atom_1": 33, "centre_of_mass": [2.6809451340821218, 3.135822819687395, 4.828981244550674]}, "pore_volume_opt": 56.20167221664951, "windows": {"diameters": [1.2706131558201288, 2.2337289296413094, 2.3309560773028113, 1.6139111485312054, 2.1748511225385916], "centre_of_mass": [[3.4737723168699115, 3.354830264737765, 8.406885570087141], [5.000812456154128, 0.3953438912619598, 7.538550528054951], [3.794932158817981, 6.037901978004542, 4.724265678856294], [1.3115565945333636, -0.01095720152440638, 3.45556036085218], [2.265035976114606, 1.0835159163792967, -0.22810113841114266]]}}