{"no_of_atoms": 132, "centre_of_mass": [10.797726123387667, 3.5828474301427984, 13.239319903445384], "maximum_diameter": {"diameter": 17.106889472086657, "atom_1": 67, "atom_2": 122}, "pore_diameter": {"diameter": 4.64711490331427, "atom": 81}, "pore_volume": 52.54711233691137, "pore_diameter_opt": {"diameter": 4.864257517999128, "atom_1": 8, "centre_of_mass": [10.833719424358172, 3.4781335476649327, 12.981063072406469]}, "pore_volume_opt": 60.26266015862697, "windows": {"diameters": [2.405724525930379, 0.9451214202915916, 1.3114220404223653, 2.252278929660895, 2.153539774515849, 2.3657654612960637], "centre_of_mass": [[10.948317658442514, 2.6537994262133853, 16.345544174016542], [13.154316161616162, 0.9709129133540424, 14.021469679849728], [7.295994402283852, 2.1068413262654166, 13.44974238686012], [7.536151580939547, 4.7600668725556385, 12.309528004049497], [14.54326560259641, 5.208484599511477, 11.635690169121386], [11.160474368889952, 4.198861837593524, 9.800644112448524]]}}