{"no_of_atoms": 127, "centre_of_mass": [11.201657737794937, 30.84841396578918, 13.979544340769927], "maximum_diameter": {"diameter": 17.62609838167836, "atom_1": 20, "atom_2": 121}, "pore_diameter": {"diameter": 6.240839627557985, "atom": 38}, "pore_volume": 127.27048231618124, "pore_diameter_opt": {"diameter": 6.7109599169016345, "atom_1": 7, "centre_of_mass": [11.180002336740625, 31.498851405663565, 13.816429879092977]}, "pore_volume_opt": 158.25322055223083, "windows": {"diameters": [7.062334422419939, 6.6395981573699], "centre_of_mass": [[11.602665678225138, 27.267961283953028, 14.931532928247199], [11.094936769002814, 32.24813231331342, 13.878594331676677]]}}