{"no_of_atoms": 130, "centre_of_mass": [3.3977359812245895, 10.52594928070417, 15.527629921688119], "maximum_diameter": {"diameter": 23.78924348513848, "atom_1": 2, "atom_2": 128}, "pore_diameter": {"diameter": 3.5578892626195837, "atom": 86}, "pore_volume": 23.58174303476576, "pore_diameter_opt": {"diameter": 4.819482129683346, "atom_1": 75, "centre_of_mass": [3.4975442306070534, 9.93599513749491, 15.224586717158603]}, "pore_volume_opt": 58.61378205420327, "windows": {"diameters": [4.270171890460112, 4.313290890386119], "centre_of_mass": [[2.8670111273963625, 8.72378933931406, 18.079776537274185], [3.698888016200003, 10.702962447188714, 11.460766178505292]]}}