{"no_of_atoms": 144, "centre_of_mass": [7.54119432180691, 21.078946435987735, 31.004789330534507], "maximum_diameter": {"diameter": 17.52569623705616, "atom_1": 29, "atom_2": 123}, "pore_diameter": {"diameter": 7.947738941091627, "atom": 111}, "pore_volume": 262.86296519132713, "pore_diameter_opt": {"diameter": 8.028989189537922, "atom_1": 38, "centre_of_mass": [7.5252304188719945, 21.001834659933238, 31.048258451580814]}, "pore_volume_opt": 271.00745749840667, "windows": {"diameters": [6.649393624267403, 6.469566176321469], "centre_of_mass": [[6.821308458565689, 18.457923018809396, 32.886824100432584], [8.446701580888941, 23.689857734507353, 29.31678362970352]]}}