{"no_of_atoms": 144, "centre_of_mass": [7.541194321806912, 4.0968929908510905, 48.65373060746959], "maximum_diameter": {"diameter": 17.52569623705616, "atom_1": 3, "atom_2": 143}, "pore_diameter": {"diameter": 7.9478729665665, "atom": 85}, "pore_volume": 262.87626366329584, "pore_diameter_opt": {"diameter": 8.031472834759082, "atom_1": 24, "centre_of_mass": [7.526468205038197, 4.017160801301553, 48.70115408824587]}, "pore_volume_opt": 271.2590313608008, "windows": {"diameters": [6.6493917127230775, 6.47012200453399], "centre_of_mass": [[6.821289863437114, 1.475955228158444, 50.535862632626895], [8.446229974083865, 6.707540787985215, 46.9651935581752]]}}