{"no_of_atoms": 87, "centre_of_mass": [34.07901249596819, 5.661946520169386, 18.3560388613166], "maximum_diameter": {"diameter": 13.016539530680427, "atom_1": 48, "atom_2": 61}, "pore_diameter": {"diameter": 4.3884837791440745, "atom": 77}, "pore_volume": 44.25293854717279, "pore_diameter_opt": {"diameter": 4.461232898589024, "atom_1": 8, "centre_of_mass": [34.07643526021055, 5.604938368783203, 18.353239420574425]}, "pore_volume_opt": 46.49040299544673, "windows": {"diameters": [2.665948065103501, 2.940366577733425, 2.6119830724261255], "centre_of_mass": [[31.580201159585755, 4.105159029102851, 18.618894563881277], [34.13700705325541, 8.532334775260678, 18.388229749757624], [36.58057378840041, 4.169401611389581, 18.085208933484637]]}}