{"no_of_atoms": 87, "centre_of_mass": [34.07901685996993, 4.352230693082554, 5.8064434797860205], "maximum_diameter": {"diameter": 13.016695621821238, "atom_1": 84, "atom_2": 85}, "pore_diameter": {"diameter": 4.390521428346565, "atom": 44}, "pore_volume": 44.31460939594477, "pore_diameter_opt": {"diameter": 4.461958796039484, "atom_1": 50, "centre_of_mass": [34.076464224032705, 4.408205368748571, 5.80369321666673]}, "pore_volume_opt": 46.51310036890737, "windows": {"diameters": [2.662808482826025, 2.9473205522549573, 2.612295229197691], "centre_of_mass": [[31.60890173748033, 5.871301986556652, 6.089408935932745], [34.16151735711469, 1.3648492672634838, 5.846905812759535], [36.46240567173679, 5.7735907569733, 5.54510861139822]]}}