{"no_of_atoms": 87, "centre_of_mass": [42.67298750403178, 0.6547470811279219, 18.356038861316602], "maximum_diameter": {"diameter": 13.016539530680427, "atom_1": 5, "atom_2": 84}, "pore_diameter": {"diameter": 4.388714868207824, "atom": 14}, "pore_volume": 44.259929737635396, "pore_diameter_opt": {"diameter": 4.46130669611472, "atom_1": 14, "centre_of_mass": [42.67558657105108, 0.5978658740314544, 18.35327139341502]}, "pore_volume_opt": 46.49271016044442, "windows": {"diameters": [2.663515092209806, 2.9404793182006146, 2.614917527097909], "centre_of_mass": [[45.1274548651, -0.8752021811326722, 18.61395239136627], [42.61377150283305, 3.530375112304434, 18.388668482742943], [40.136849782753224, -0.8573241018830455, 18.081344589848808]]}}