{"no_of_atoms": 151, "centre_of_mass": [16.372911678033578, 25.74465662193467, 23.95401386333517], "maximum_diameter": {"diameter": 16.208327697911827, "atom_1": 34, "atom_2": 77}, "pore_diameter": {"diameter": 4.761833776072393, "atom": 36}, "pore_volume": 56.5355102092175, "pore_diameter_opt": {"diameter": 5.085558348170457, "atom_1": 36, "centre_of_mass": [16.464445698911415, 25.728664943067507, 24.086547593309714]}, "pore_volume_opt": 68.8675363184884, "windows": {"diameters": [4.0461486462993985, 3.8643216500020094, 3.212249323606193, 3.3763971082962185], "centre_of_mass": [[14.862745300937226, 23.554571929674815, 27.3041751061886], [19.919784770382925, 27.631440721411856, 25.023550187707887], [13.63364644556254, 27.80214273308352, 23.112610165139383], [17.29523692456591, 23.69018174731241, 21.683237535485997]]}}