{"no_of_atoms": 117, "centre_of_mass": [1.623982076968489, 8.476579779167585, 13.493648840491474], "maximum_diameter": {"diameter": 23.580775815383554, "atom_1": 86, "atom_2": 108}, "pore_diameter": {"diameter": 1.3050481573275472, "atom": 8}, "pore_volume": 1.163799685963028, "pore_diameter_opt": {"diameter": 1.3269978783681906, "atom_1": 8, "centre_of_mass": [1.6303411001447279, 8.489511272230361, 13.49791670805091]}, "pore_volume_opt": 1.2235150275015094, "windows": {"diameters": [0.7328189853039215, 0.6785162467167063, 0.7210107035706872], "centre_of_mass": [[1.1539007871309572, 9.671235898047978, 14.190773881462896], [1.8248171018464534, 7.168513137646244, 13.10894451463891], [2.4774347017107363, 8.696147207802955, 12.359053981812359]]}}