{"no_of_atoms": 117, "centre_of_mass": [1.623982076968489, 8.476579779167585, 13.493648840491474], "maximum_diameter": {"diameter": 23.580775815383554, "atom_1": 86, "atom_2": 108}, "pore_diameter": {"diameter": 1.3050481573275472, "atom": 8}, "pore_volume": 1.163799685963028, "pore_diameter_opt": {"diameter": 1.3269324882076083, "atom_1": 8, "centre_of_mass": [1.6302374434438986, 8.489133349425725, 13.49809949555303]}, "pore_volume_opt": 1.223334163832329, "windows": {"diameters": [0.7328269067548718, 0.6785085088166727, 0.7210095852032175], "centre_of_mass": [[1.1538833091174634, 9.671129831700483, 14.19084538559001], [1.8248326254664728, 7.168514067708829, 13.108908112289079], [2.4774347806378008, 8.696140206094437, 12.359050443514683]]}}