{"no_of_atoms": 96, "centre_of_mass": [-3.555608509436342, 12.280197719470097, 21.53871795838506], "maximum_diameter": {"diameter": 21.92787261960133, "atom_1": 3, "atom_2": 94}, "pore_diameter": {"diameter": 5.36175084421688, "atom": 30}, "pore_volume": 80.70835745837223, "pore_diameter_opt": {"diameter": 5.540549181363113, "atom_1": 67, "centre_of_mass": [-3.4896175682936468, 12.333245927877291, 21.5674113493895]}, "pore_volume_opt": 89.05474516046931, "windows": {"diameters": [5.1413312856913596, 5.397356246785019], "centre_of_mass": [[-2.8769811708422255, 10.385443195767543, 22.96583010650366], [-3.921484982586151, 13.779960000737304, 20.63446047837641]]}}