{"no_of_atoms": 96, "centre_of_mass": [18.921233276679736, 21.15153788235123, 23.56790708040771], "maximum_diameter": {"diameter": 21.928269620399657, "atom_1": 51, "atom_2": 87}, "pore_diameter": {"diameter": 5.36161423158098, "atom": 36}, "pore_volume": 80.70218848436697, "pore_diameter_opt": {"diameter": 5.539883008764415, "atom_1": 36, "centre_of_mass": [18.907842146800757, 21.23481112094732, 23.539069511452155]}, "pore_volume_opt": 89.02262630567918, "windows": {"diameters": [5.324783375338722, 5.070215040304355], "centre_of_mass": [[18.084109716682153, 21.398255776745735, 24.32151973282548], [20.29180154156743, 20.96541426903034, 22.72015412473716]]}}