{"no_of_atoms": 210, "centre_of_mass": [12.22524014738624, 21.521440193615906, 9.373629935566534], "maximum_diameter": {"diameter": 21.59966812280787, "atom_1": 118, "atom_2": 156}, "pore_diameter": {"diameter": 5.080686982957072, "atom": 36}, "pore_volume": 68.66982488672471, "pore_diameter_opt": {"diameter": 5.4869949943941325, "atom_1": 47, "centre_of_mass": [12.311608737483152, 21.35246726817861, 9.651084736353402]}, "pore_volume_opt": 86.49725281344372, "windows": {"diameters": [3.933603538090915, 3.9403023618028485, 3.9433282664045604, 3.6129586418272024], "centre_of_mass": [[14.565748237921058, 20.18614188794122, 10.539570600471297], [10.100529296833512, 19.977841287719958, 10.577796108936285], [12.25003801388801, 24.04299447149064, 10.588122524852958], [12.33984669476493, 21.373963541595483, 6.568143224665903]]}}