{"no_of_atoms": 150, "centre_of_mass": [-9.672087680087733e-06, 13.766349794752395, 1.6434739884225253], "maximum_diameter": {"diameter": 21.47611637091775, "atom_1": 65, "atom_2": 135}, "pore_diameter": {"diameter": 5.343005336872434, "atom": 9}, "pore_volume": 79.86480695569153, "pore_diameter_opt": {"diameter": 5.490829491336491, "atom_1": 57, "centre_of_mass": [0.000123188371778439, 13.766412630608158, 1.427471175413051]}, "pore_volume_opt": 86.67872115286188, "windows": {"diameters": [3.708231594324451, 3.8601058214718127, 3.8670178223908604, 3.8642845886805337], "centre_of_mass": [[-0.00032390061118719874, 13.766723080434614, 4.369426148898996], [-1.558717109719121, 11.605583932049647, 0.5301217804973559], [-1.1177443997428504, 16.25187089330525, 0.5090430174376684], [2.6857343102824114, 13.493761575125044, 0.5180708873389858]]}}