{"no_of_atoms": 88, "centre_of_mass": [-1.8389666917182375, 10.694199335974847, 10.884346381158048], "maximum_diameter": {"diameter": 16.563727185949883, "atom_1": 2, "atom_2": 82}, "pore_diameter": {"diameter": 2.419833710396048, "atom": 19}, "pore_volume": 7.419167735839349, "pore_diameter_opt": {"diameter": 3.6020388801872385, "atom_1": 50, "centre_of_mass": [-2.439327127899522, 9.484282480776823, 10.706897840921219]}, "pore_volume_opt": 24.470554531211803, "windows": {"diameters": [4.0580263415069915, 1.2980490969081253], "centre_of_mass": [[-1.8813105958000085, 8.884300003554609, 10.87198264154111], [-2.4365606438483645, 12.718527485428549, 10.95488970955501]]}}