{"no_of_atoms": 340, "centre_of_mass": [31.634590544078712, 30.305317139590674, 23.414509939695808], "maximum_diameter": {"diameter": 23.652452258649927, "atom_1": 229, "atom_2": 262}, "pore_diameter": {"diameter": 5.388755839934024, "atom": 58}, "pore_volume": 81.93399704308945, "pore_diameter_opt": {"diameter": 5.581236055429798, "atom_1": 303, "centre_of_mass": [31.737650592165462, 30.34278210200434, 23.49941339499985]}, "pore_volume_opt": 91.03110107105, "windows": {"diameters": [1.7091805179501445, 1.4947587423674356], "centre_of_mass": [[31.223354258347896, 29.19280500347469, 26.944796721117065], [28.095329866785598, 29.773733642603297, 22.230489660550397]]}}