{"no_of_atoms": 300, "centre_of_mass": [28.250844929503387, 15.76381291359061, 24.760831961288456], "maximum_diameter": {"diameter": 25.648163370830705, "atom_1": 3, "atom_2": 271}, "pore_diameter": {"diameter": 9.37922133454809, "atom": 102}, "pore_volume": 432.0151491970973, "pore_diameter_opt": {"diameter": 9.74922174633416, "atom_1": 128, "centre_of_mass": [28.321037607172386, 16.645274336104112, 24.86194224034016]}, "pore_volume_opt": 485.1862313628494, "windows": {"diameters": [6.354612885556627, 6.135056519627907, 5.968385910729609, 4.988742198257658, 6.266012789503886, 6.279679749836891], "centre_of_mass": [[28.077032796830572, 16.398430134835284, 30.15349175784838], [28.490397578220875, 21.196793730686384, 24.326519926784613], [35.03217842081851, 16.649425483219453, 25.475934906691357], [28.176097911610405, 9.710588095747653, 24.03971112948551], [23.93271983719605, 14.615668742469616, 23.386376689124322], [28.366720989915994, 16.208464722355945, 18.63258204096895]]}}