{"no_of_atoms": 138, "centre_of_mass": [1.9970080683180829, 3.5654338991551433, 4.542494813680026], "maximum_diameter": {"diameter": 21.75282341675807, "atom_1": 27, "atom_2": 125}, "pore_diameter": {"diameter": 1.8164916040451713, "atom": 107}, "pore_volume": 3.138331434748929, "pore_diameter_opt": {"diameter": 2.2587888957772884, "atom_1": 3, "centre_of_mass": [2.1582528452150607, 3.413799164055418, 4.545644334039935]}, "pore_volume_opt": 6.034281337877068, "windows": {"diameters": [2.3692000389435246, 6.8784564571637254, 2.449726711672159], "centre_of_mass": [[2.817282948409565, 4.616998355514112, 4.28015390652207], [6.010154348486193, -0.8696035491025347, 4.603207287549521], [1.138307677231055, 2.771555305709789, 4.96870982142831]]}}