{"no_of_atoms": 79, "centre_of_mass": [14.978193612878215, 1.0497406261258173, 1.149935399138108], "maximum_diameter": {"diameter": 17.403968636835714, "atom_1": 29, "atom_2": 65}, "pore_diameter": {"diameter": 5.85410422650088, "atom": 6}, "pore_volume": 105.04610971650422, "pore_diameter_opt": {"diameter": 8.047703243053913, "atom_1": 64, "centre_of_mass": [12.051141499627775, -1.8773114871246226, 0.6528549376704255]}, "pore_volume_opt": 272.90687902397553, "windows": {"diameters": [8.220422557888744e+44, 5.529444339954017], "centre_of_mass": [[-4.073041200407015e+44, 4.835378397333099e+43, -2.652608054247045e+43], [16.463014291145434, 2.0990651403123692, 1.1664646206243692]]}}