{"no_of_atoms": 125, "centre_of_mass": [3.715075321575262, 18.64856753080492, 8.798772526461384], "maximum_diameter": {"diameter": 18.161036385322227, "atom_1": 63, "atom_2": 109}, "pore_diameter": {"diameter": 3.4754031729781203, "atom": 115}, "pore_volume": 21.97931747684671, "pore_diameter_opt": {"diameter": 3.7699449484280794, "atom_1": 8, "centre_of_mass": [3.7736766734247307, 18.56734901639535, 8.690799617016099]}, "pore_volume_opt": 28.054571992296477, "windows": {"diameters": [3.7194642155412114, 4.126599509611712], "centre_of_mass": [[3.4412629807193333, 17.83652084303458, 9.338229449249912], [4.120095555263162, 19.023627556907822, 8.382146821303222]]}}