{"no_of_atoms": 267, "centre_of_mass": [13.127490846525577, 8.91400585702728, 16.002816438558195], "maximum_diameter": {"diameter": 34.330697470312565, "atom_1": 59, "atom_2": 202}, "pore_diameter": {"diameter": 8.67262799032098, "atom": 149}, "pore_volume": 341.54723661339625, "pore_diameter_opt": {"diameter": 10.661430637531279, "atom_1": 250, "centre_of_mass": [12.960424899699836, 7.741468811331341, 15.51974247684071]}, "pore_volume_opt": 634.5196552792524, "windows": {"diameters": [6.177611001420724, 9.706802716177691, 9.834634309602576], "centre_of_mass": [[15.31611296935375, 13.900595774298242, 14.785163448829643], [10.869690088001345, 8.214330595928033, 17.378921528260538], [14.852950953992968, 5.857051791315033, 15.468500114549325]]}}