{"no_of_atoms": 108, "centre_of_mass": [23.26121212212924, 1.59517516103486, 4.937194842092518], "maximum_diameter": {"diameter": 17.750572597049864, "atom_1": 12, "atom_2": 105}, "pore_diameter": {"diameter": 5.456314078110394, "atom": 73}, "pore_volume": 85.0543845545363, "pore_diameter_opt": {"diameter": 5.665791118956378, "atom_1": 34, "centre_of_mass": [23.317866762538333, 1.507091303595607, 5.0845825169177745]}, "pore_volume_opt": 95.23142879481907, "windows": {"diameters": [4.211374649930033, 4.038439446640828, 4.021133363487046, 3.9394914004905375], "centre_of_mass": [[21.81809403597993, 0.4845240633295187, 7.347708196701694], [25.819582291602536, 0.5664149145271979, 5.140543715579055], [23.270172470268044, 4.598023435454592, 5.255918602162757], [22.15374363343181, 0.6480501486338766, 2.685087237953879]]}}