{"no_of_atoms": 168, "centre_of_mass": [1.1631715147954935e-05, 14.554083315437014, 5.216627959604422], "maximum_diameter": {"diameter": 22.315693233658482, "atom_1": 15, "atom_2": 165}, "pore_diameter": {"diameter": 4.71282049303378, "atom": 128}, "pore_volume": 54.80766713564445, "pore_diameter_opt": {"diameter": 4.713186544281424, "atom_1": 20, "centre_of_mass": [0.0002495679055162384, 14.554262778076454, 5.216621063366356]}, "pore_volume_opt": 54.82043908820289, "windows": {"diameters": [3.1653311832364452, 3.574316033559891, 3.441267891419755, 3.542474458709109], "centre_of_mass": [[0.0002033404769162953, 14.5540969044388, 7.921596967943281], [2.9643284472424196, 14.048307660519065, 3.800966264511068], [-1.3887332619303177, 12.860845173191187, 4.05368593372912], [-1.017590770370702, 17.297473814497707, 3.826054576106663]]}}