{"no_of_atoms": 168, "centre_of_mass": [6.217191734046327, 6.217191734046326, 18.65180826595367], "maximum_diameter": {"diameter": 22.276863834937036, "atom_1": 110, "atom_2": 120}, "pore_diameter": {"diameter": 5.443377095943065, "atom": 122}, "pore_volume": 84.45082315730643, "pore_diameter_opt": {"diameter": 5.443377095943065, "atom_1": 122, "centre_of_mass": [6.217191734046327, 6.217191734046326, 18.65180826595367]}, "pore_volume_opt": 84.45082315730643, "windows": {"diameters": [3.7012765283038145, 3.7001087802423256, 3.7121454208957707, 3.7075987724550825], "centre_of_mass": [[4.603446676541671, 7.831151428245582, 20.265463368768174], [7.819309870770376, 4.615439523010439, 20.253623153379532], [4.537252523975635, 4.537229170414007, 16.971565687340007], [7.880430451322761, 7.880423445515332, 16.98860668785322]]}}