{"no_of_atoms": 168, "centre_of_mass": [18.65180826595368, 18.651808265953687, 18.65180826595367], "maximum_diameter": {"diameter": 22.276863834937036, "atom_1": 9, "atom_2": 164}, "pore_diameter": {"diameter": 5.443377095943065, "atom": 24}, "pore_volume": 84.45082315730643, "pore_diameter_opt": {"diameter": 5.443377095943065, "atom_1": 24, "centre_of_mass": [18.65180826595368, 18.651808265953687, 18.65180826595367]}, "pore_volume_opt": 84.45082315730643, "windows": {"diameters": [3.701279170090818, 3.7001435345759845, 3.7110972062773055, 3.7086159390845217], "centre_of_mass": [[17.037791756488836, 20.265465221910222, 20.265525116126874], [20.254003308534223, 17.04940918731273, 20.253896226054888], [16.97164556721603, 16.971688118626314, 16.9716804575964], [20.314836897440948, 20.314856016374584, 16.98842560238645]]}}