{"no_of_atoms": 168, "centre_of_mass": [6.1999999999999975, 6.1999999999999975, 18.600000000000005], "maximum_diameter": {"diameter": 22.17936999007719, "atom_1": 96, "atom_2": 114}, "pore_diameter": {"diameter": 5.39702017731001, "atom": 136}, "pore_volume": 82.3115438515436, "pore_diameter_opt": {"diameter": 5.39702017731001, "atom_1": 136, "centre_of_mass": [6.1999999999999975, 6.1999999999999975, 18.600000000000005]}, "pore_volume_opt": 82.3115438515436, "windows": {"diameters": [3.6325120474632215, 3.631154937143353, 3.6417726915281503, 3.6401548403323623], "centre_of_mass": [[4.608064895410344, 7.791869739021893, 20.19185873241678], [7.777884323980262, 4.622113302034788, 20.177946943120453], [4.550301262203806, 4.550223815594482, 16.950305227582113], [7.841580720570676, 7.841591383613979, 16.95836778856504]]}}