{"no_of_atoms": 282, "centre_of_mass": [-2.2634895037379215, 11.329642785424804, 4.570213034939048], "maximum_diameter": {"diameter": 27.388662181877084, "atom_1": 154, "atom_2": 176}, "pore_diameter": {"diameter": 2.2881092818688686, "atom": 17}, "pore_volume": 6.2723301659404855, "pore_diameter_opt": {"diameter": 2.300016262474472, "atom_1": 17, "centre_of_mass": [-2.263630591280514, 11.367697475556232, 4.570354173378959]}, "pore_volume_opt": 6.370761436896009, "windows": {"diameters": [1.495786656910861, 0.9950039312036574, 1.5145112766136148], "centre_of_mass": [[0.6179064043416251, 11.173748847577897, 5.701096183830815], [-2.082452820423813, 13.308841307361872, 3.9043645794537953], [-4.909974419170581, 11.212217882442145, 3.500663319449433]]}}