{"no_of_atoms": 36, "centre_of_mass": [2.731322686847957, 14.639727818134356, 1.3093520878903264], "maximum_diameter": {"diameter": 11.941886267095807, "atom_1": 0, "atom_2": 35}, "pore_diameter": {"diameter": 1.7761850473760998, "atom": 29}, "pore_volume": 2.9340212256726974, "pore_diameter_opt": {"diameter": 1.9669825703594115, "atom_1": 28, "centre_of_mass": [2.7328598526196246, 14.547413947428401, 1.2818770571033078]}, "pore_volume_opt": 3.9847415388927514, "windows": {"diameters": [1.1738761322275795, 2.243430363541862, 1.3317477914588607], "centre_of_mass": [[2.4842068390024505, 14.768033440622737, 2.7659821701094014], [1.970418814999515, 11.82751743009381, 0.3622988427177428], [2.2607838955593245, 15.616410119623083, 0.5311537728134142]]}}