{"no_of_atoms": 132, "centre_of_mass": [8.22474082275253, 4.7485770690547815, 4.153578081424557], "maximum_diameter": {"diameter": 16.951335281551223, "atom_1": 67, "atom_2": 110}, "pore_diameter": {"diameter": 3.8735206887278335, "atom": 59}, "pore_volume": 30.431002661322797, "pore_diameter_opt": {"diameter": 3.873739462711064, "atom_1": 64, "centre_of_mass": [8.224778791587784, 4.748487463214027, 4.153526528666065]}, "pore_volume_opt": 30.436159123533823, "windows": {"diameters": [2.957515095125237, 4.971241595261372, 2.9508540262105307], "centre_of_mass": [[6.219992670637096, 4.712443898297346, 3.992603927911809], [12.868440516544755, 9.041853234582476, 2.9005787809282166], [9.143528068503015, 3.0885753074855082, 4.304729874190528]]}}