{"no_of_atoms": 114, "centre_of_mass": [6.604147707749151, 6.871001481574178, 4.972401772798427], "maximum_diameter": {"diameter": 15.305793715666335, "atom_1": 0, "atom_2": 100}, "pore_diameter": {"diameter": 3.792886182394932, "atom": 77}, "pore_volume": 28.569856159399418, "pore_diameter_opt": {"diameter": 4.0634154366406765, "atom_1": 34, "centre_of_mass": [6.647023252876854, 6.748460770997302, 5.081057937087032]}, "pore_volume_opt": 35.12952686906723, "windows": {"diameters": [2.345951804183474, 2.3043934792351513], "centre_of_mass": [[4.935304342704079, 8.372021422587377, 7.246287840784397], [8.283694453776759, 5.183585499444717, 3.0752466898191244]]}}