{"no_of_atoms": 387, "centre_of_mass": [-0.08714870276059035, 14.176138878831198, 44.30754515287243], "maximum_diameter": {"diameter": 25.691833684109536, "atom_1": 182, "atom_2": 192}, "pore_diameter": {"diameter": 9.595340735116524, "atom": 357}, "pore_volume": 462.5725170668797, "pore_diameter_opt": {"diameter": 9.81299093966506, "atom_1": 78, "centre_of_mass": [-2.5957356513590506e-05, 14.245670485103558, 44.285602606806776]}, "pore_volume_opt": 494.76938167302995, "windows": {"diameters": [7.670324417106141, 7.667856936813331, 7.659791382020872, 7.669974064004517], "centre_of_mass": [[-1.9898241706432838, 16.201896994249367, 46.527171461462125], [1.9439504402632417, 12.332826375502723, 46.48142738233082], [-2.0105224236205927, 12.185020185055844, 42.22107114863441], [1.9617313000806835, 16.241367681668432, 42.03720448319429]]}}