{"no_of_atoms": 104, "centre_of_mass": [3.591805893223381, 8.204375303099896, 16.53185666445907], "maximum_diameter": {"diameter": 17.385170194280025, "atom_1": 15, "atom_2": 83}, "pore_diameter": {"diameter": 2.5646593937482858, "atom": 93}, "pore_volume": 8.832582636384199, "pore_diameter_opt": {"diameter": 2.9232265759843714, "atom_1": 86, "centre_of_mass": [3.914797819348225, 7.985711411419084, 16.604894366638682]}, "pore_volume_opt": 13.079346861237866, "windows": {"diameters": [2.121426450574442, 2.999154617284161, 3.1221603336790107], "centre_of_mass": [[1.8134084521815956, 8.317159400125727, 20.40799002525038], [4.506005130652172, 7.475653347330403, 16.816227018821607], [3.9941379114258972, 8.773886956546162, 15.504798523869125]]}}