{"no_of_atoms": 135, "centre_of_mass": [5.803762683363747, 3.097314759368805, 10.237173586683546], "maximum_diameter": {"diameter": 14.768905790417211, "atom_1": 34, "atom_2": 48}, "pore_diameter": {"diameter": 2.728767693733755, "atom": 78}, "pore_volume": 10.638938945512022, "pore_diameter_opt": {"diameter": 3.9562969193345165, "atom_1": 0, "centre_of_mass": [5.7872572704758936, 2.2983085910048553, 9.626201970610532]}, "pore_volume_opt": 32.42390034361765, "windows": {"diameters": [4.198268403602427, 4.06234954736323, 3.2594371267393227], "centre_of_mass": [[8.550008109360139, 1.0099107943160373, 13.241214992023757], [3.3819481287120072, 6.505927446372927, 9.147093580264459], [4.326389989538447, 0.4869965449816023, 7.740945831397724]]}}