{"no_of_atoms": 104, "centre_of_mass": [1.4386224154119813, 4.410481794647997, 4.354874023857228], "maximum_diameter": {"diameter": 14.92756235521129, "atom_1": 29, "atom_2": 55}, "pore_diameter": {"diameter": 4.034486479777353, "atom": 63}, "pore_volume": 34.38455558692647, "pore_diameter_opt": {"diameter": 4.265402617152374, "atom_1": 83, "centre_of_mass": [1.3273597104341157, 4.336305847512534, 4.348810579582116]}, "pore_volume_opt": 40.632983850683736, "windows": {"diameters": [3.294654052246267, 4.873735295482886, 3.357421720338371], "centre_of_mass": [[2.6575357250463396, 5.832950465356754, 5.8111265332799835], [3.9805310136264636, -0.25684827061226745, 4.946132666602406], [0.06042301716842524, 5.223233699012277, 2.7158320717037894]]}}