{"no_of_atoms": 138, "centre_of_mass": [0.1440169491525426, 12.325019066826988, 5.382523292479538], "maximum_diameter": {"diameter": 17.936291251433506, "atom_1": 17, "atom_2": 137}, "pore_diameter": {"diameter": 4.0971019776123345, "atom": 44}, "pore_volume": 36.01048275793827, "pore_diameter_opt": {"diameter": 4.363155527998529, "atom_1": 54, "centre_of_mass": [-0.01334102836648819, 12.754022784824231, 5.3890307197712435]}, "pore_volume_opt": 43.4911312602737, "windows": {"diameters": [4.078152377711326, 4.143671205976974, 4.088111994243988], "centre_of_mass": [[-1.7390119207648425, 12.79435464266313, 5.38250036357277], [1.2438269265873487, 10.913961461725705, 5.382501408395618], [0.7772087269837671, 14.05324192653026, 5.382496316042146]]}}