{"no_of_atoms": 150, "centre_of_mass": [17.89101747885838, 1.6944611155865044, 13.018003065950111], "maximum_diameter": {"diameter": 17.950201615705488, "atom_1": 25, "atom_2": 127}, "pore_diameter": {"diameter": 3.728340225853364, "atom": 35}, "pore_volume": 27.13596260359488, "pore_diameter_opt": {"diameter": 4.09456717957886, "atom_1": 83, "centre_of_mass": [18.057057914661353, 1.4998724145718845, 13.15388908200583]}, "pore_volume_opt": 35.94368712511317, "windows": {"diameters": [3.9919516545317433, 4.024186266897573, 3.897296808756462], "centre_of_mass": [[18.93364341074827, -1.0020804576463014, 13.12228922574912], [18.815510691870227, -0.29156632407882266, 13.163736350547952], [19.4492036675437, 3.2037184979315017, 13.058302989588585]]}}