{"no_of_atoms": 130, "centre_of_mass": [0.042223424059638345, 1.6729050580942262, 5.392676765861778], "maximum_diameter": {"diameter": 17.886386599087647, "atom_1": 12, "atom_2": 128}, "pore_diameter": {"diameter": 4.266133462137441, "atom": 41}, "pore_volume": 40.653873907514004, "pore_diameter_opt": {"diameter": 4.402689581131167, "atom_1": 49, "centre_of_mass": [0.028070862447821518, 1.4834311580180526, 5.3924999850158235]}, "pore_volume_opt": 44.68407992887734, "windows": {"diameters": [4.223312358424119, 4.062577507258775, 4.109033427147692], "centre_of_mass": [[0.7533612879234991, -0.5130772860360697, 5.3924962936806295], [-1.3635147688819176, 3.085253920378711, 5.392495269531427], [-1.731715371541849, 1.4425257019607365, 5.392506015916738]]}}