{"no_of_atoms": 126, "centre_of_mass": [9.07118066902921, 15.890072424828174, 13.072605092353943], "maximum_diameter": {"diameter": 17.95020161570549, "atom_1": 84, "atom_2": 90}, "pore_diameter": {"diameter": 3.836184887518511, "atom": 28}, "pore_volume": 29.559508779342995, "pore_diameter_opt": {"diameter": 4.090079907277005, "atom_1": 28, "centre_of_mass": [9.072099041938632, 15.850592361665317, 13.193259117262494]}, "pore_volume_opt": 35.82564357300622, "windows": {"diameters": [3.9847321681832413, 4.0062346781774245, 4.011907046197296], "centre_of_mass": [[8.353423210905655, 14.24287451320236, 13.144780103896318], [9.82446403525637, 14.182060474023528, 13.148586892432478], [7.841529439825219, 17.68896852527139, 13.054921121581675]]}}