{"no_of_atoms": 150, "centre_of_mass": [0.15056508313137887, 1.6423139920144314, 15.871096810465712], "maximum_diameter": {"diameter": 17.974256329438244, "atom_1": 26, "atom_2": 111}, "pore_diameter": {"diameter": 4.040165129997781, "atom": 86}, "pore_volume": 34.529951655208365, "pore_diameter_opt": {"diameter": 4.165712235902204, "atom_1": 35, "centre_of_mass": [-0.002308608497399359, 1.482562814867494, 15.868672282114535]}, "pore_volume_opt": 37.85004673686213, "windows": {"diameters": [4.035189776945744, 3.8830630999717957, 3.78788207086543], "centre_of_mass": [[0.7558383220915584, -0.48412459937203467, 15.871019354614084], [0.1065888233046913, -0.4842140962857857, 15.87100790002145], [-1.4006890595203756, 3.1294132718798835, 15.87099506632283]]}}