{"no_of_atoms": 126, "centre_of_mass": [9.017748387027499, 16.001424295532647, 16.021774232173538], "maximum_diameter": {"diameter": 17.907643211873793, "atom_1": 81, "atom_2": 93}, "pore_diameter": {"diameter": 4.144351872850624, "atom": 27}, "pore_volume": 37.27078049392479, "pore_diameter_opt": {"diameter": 4.277719139239155, "atom_1": 27, "centre_of_mass": [9.017139216490905, 15.817490260810645, 16.02094854866927]}, "pore_volume_opt": 40.98598934787517, "windows": {"diameters": [4.0027192500501325, 4.090244081013596, 3.9106106252979003], "centre_of_mass": [[7.244754451882729, 15.836282777069549, 16.021495191417166], [9.792807670315138, 13.917132120320396, 16.02150557290788], [8.108452129070084, 17.382730769151028, 16.021499966405166]]}}