{"no_of_atoms": 126, "centre_of_mass": [7.307565772121988, 15.39428700064433, 5.161951062070443], "maximum_diameter": {"diameter": 18.303161879730663, "atom_1": 68, "atom_2": 104}, "pore_diameter": {"diameter": 3.473069559414301, "atom": 14}, "pore_volume": 21.935072134725814, "pore_diameter_opt": {"diameter": 3.6382552222131364, "atom_1": 96, "centre_of_mass": [7.351657464755382, 15.421451998499768, 5.0976116358603365]}, "pore_volume_opt": 25.216110937247628, "windows": {"diameters": [3.8399802948070128, 3.8346849642970997, 3.8415094748739107], "centre_of_mass": [[7.785319068490992, 13.614111764709559, 5.094874011642343], [7.843515882359303, 16.34365086320042, 5.662186709859924], [8.886820896036848, 13.744393593671223, 5.493224240562203]]}}