{"no_of_atoms": 136, "centre_of_mass": [18.04858853341583, 1.5740624279808895, 15.931499999999986], "maximum_diameter": {"diameter": 17.766882754418862, "atom_1": 13, "atom_2": 128}, "pore_diameter": {"diameter": 4.156038345043584, "atom": 31}, "pore_volume": 37.58696502769716, "pore_diameter_opt": {"diameter": 4.156038345043584, "atom_1": 31, "centre_of_mass": [18.04858853341583, 1.5740624279808895, 15.931499999999986]}, "pore_volume_opt": 37.58696502769716, "windows": {"diameters": [3.965946018863098, 4.074015699407589, 3.8824476305115057], "centre_of_mass": [[16.325575488680876, 1.4979599013232279, 15.931499367695663], [18.81990860813613, -0.47036589733795786, 15.931503637896595], [16.654151519652558, 3.1186494528806, 15.931503119276373]]}}