{"no_of_atoms": 150, "centre_of_mass": [8.634399101371587, 4.985001765725996, 29.348402672237093], "maximum_diameter": {"diameter": 19.076798690876334, "atom_1": 66, "atom_2": 108}, "pore_diameter": {"diameter": 4.666755468264624, "atom": 50}, "pore_volume": 53.21618746170856, "pore_diameter_opt": {"diameter": 4.666934742475183, "atom_1": 65, "centre_of_mass": [8.634521507549756, 4.985008690577773, 29.34840232229628]}, "pore_volume_opt": 53.22232062417504, "windows": {"diameters": [4.888103032482547, 3.7383682734112784, 2.965414168284394], "centre_of_mass": [[11.527331562479763, 0.20126643034285685, 30.628075114142188], [4.088345321637915, 5.100864383519532, 28.046182452280366], [9.982357860669374, 7.072300431381946, 28.027327824375515]]}}