{"no_of_atoms": 150, "centre_of_mass": [-2.7988859109942678e-05, 9.97007281342512, 46.118997351410975], "maximum_diameter": {"diameter": 19.07743607770124, "atom_1": 66, "atom_2": 128}, "pore_diameter": {"diameter": 4.666134143823852, "atom": 77}, "pore_volume": 53.19493493443738, "pore_diameter_opt": {"diameter": 4.666834874194748, "atom_1": 47, "centre_of_mass": [0.0004030895074485315, 9.970000601167182, 46.11899265362412]}, "pore_volume_opt": 53.21890396536501, "windows": {"diameters": [3.676670149910977, 3.7380859424669537, 2.9658931618904067], "centre_of_mass": [[2.137206887691933, 6.03686317790595, 44.814341700338105], [-4.545637551765754, 10.086058820900059, 44.81715055193728], [1.3485461469309528, 12.057237263675464, 44.79747500270043]]}}