{"no_of_atoms": 672, "centre_of_mass": [22.444499999999998, 22.444500000000012, 3.8702724873822323], "maximum_diameter": {"diameter": 34.469417368543525, "atom_1": 138, "atom_2": 544}, "pore_diameter": {"diameter": 11.897871965175096, "atom": 603}, "pore_volume": 881.8739126708628, "pore_diameter_opt": {"diameter": 11.897871965175096, "atom_1": 603, "centre_of_mass": [22.444499999999998, 22.444500000000012, 3.8702724873822323]}, "pore_volume_opt": 881.8739126708628, "windows": {"diameters": [1.6621102562625452, 1.452530012439007, 1.4829685589593207, 1.477843916753145, 1.5164743771841906, 1.5965561185209034, 1.5300939015762896, 1.6117263262135535], "centre_of_mass": [[16.226439220033477, 24.40265725021232, 10.261071146827485], [24.233273274516304, 27.94595454992627, 9.729951414497622], [19.80433726671403, 30.458876628276276, 4.801875821170822], [25.132732722947534, 14.512017236774657, 2.9643389099813793], [14.201200434644646, 19.708862479294197, 4.866520627369144], [16.59104492929039, 24.424806526825652, -2.4401761143771052], [25.759101000439706, 27.144189884325613, -2.0533324328911737], [18.80335998039198, 17.354166321633464, -2.4631628837787805]]}}