{"no_of_atoms": 183, "centre_of_mass": [8.860196464906059, 2.636050200854392, 15.608150606811062], "maximum_diameter": {"diameter": 19.35342787484092, "atom_1": 103, "atom_2": 108}, "pore_diameter": {"diameter": 1.344917738979564, "atom": 112}, "pore_volume": 1.273754665483265, "pore_diameter_opt": {"diameter": 3.4841418132134936, "atom_1": 112, "centre_of_mass": [8.187737595416277, 1.9635913313646098, 14.93569173732128]}, "pore_volume_opt": 22.14553073659523, "windows": {"diameters": [4.256944159138406, 1.901168862699734], "centre_of_mass": [[7.907874138121393, 1.9182399531223566, 14.546321601401406], [11.150235321184972, -1.3150340892101957, 13.097316554556595]]}}