{"no_of_atoms": 502, "centre_of_mass": [11.241157963857608, 18.547642600733404, 7.428596388210689], "maximum_diameter": {"diameter": 29.207677628682788, "atom_1": 385, "atom_2": 444}, "pore_diameter": {"diameter": 4.963173449762456, "atom": 411}, "pore_volume": 64.01429708221124, "pore_diameter_opt": {"diameter": 5.084935179034952, "atom_1": 104, "centre_of_mass": [11.240035916899155, 18.48700282062208, 7.423301228491766]}, "pore_volume_opt": 68.84222295373944, "windows": {"diameters": [1.7501738617345102, 1.5644041715860655, 1.9574388984443911, 1.7359377456787008], "centre_of_mass": [[13.850013737584346, 14.463616063160945, 11.502134804661338], [6.794089473420852, 17.315211494079847, 8.488296292376116], [16.88871092385956, 19.868160027150694, 5.0102493848981755], [8.574553711983636, 22.213102309210512, 3.519178229701013]]}}