{"no_of_atoms": 129, "centre_of_mass": [4.761450872919829, 0.41292717310824767, 4.07757403657123], "maximum_diameter": {"diameter": 19.91907218543292, "atom_1": 73, "atom_2": 78}, "pore_diameter": {"diameter": 5.819130676977597, "atom": 94}, "pore_volume": 103.17463765956823, "pore_diameter_opt": {"diameter": 5.928804750888215, "atom_1": 94, "centre_of_mass": [4.808132434401646, 0.410840332487647, 4.107487144210647]}, "pore_volume_opt": 109.11892205920302, "windows": {"diameters": [4.252244955741093, 4.635732257719461], "centre_of_mass": [[2.1852902715366, 3.613197332059905, 4.983686330808542], [7.6106633858309305, -3.4585160289470864, 3.4253060563389273]]}}