{"no_of_atoms": 129, "centre_of_mass": [34.209791837089014, 14.701296776400785, 8.275362240026146], "maximum_diameter": {"diameter": 19.95343793417581, "atom_1": 73, "atom_2": 78}, "pore_diameter": {"diameter": 5.762159156825421, "atom": 91}, "pore_volume": 100.17385143498738, "pore_diameter_opt": {"diameter": 5.890885408548057, "atom_1": 32, "centre_of_mass": [34.14372828381679, 14.706118577689029, 8.253448749304342]}, "pore_volume_opt": 107.03858188300947, "windows": {"diameters": [4.682286156971541, 4.555999813888748], "centre_of_mass": [[31.34284218138649, 18.57347022721302, 8.975316559036239], [36.2942058450655, 11.649012737565915, 7.379126272446557]]}}