{"no_of_atoms": 144, "centre_of_mass": [0.14138671075598927, 13.71174112645961, 25.594163031930908], "maximum_diameter": {"diameter": 18.12192115147984, "atom_1": 30, "atom_2": 120}, "pore_diameter": {"diameter": 6.937862486065496, "atom": 104}, "pore_volume": 174.8540455452454, "pore_diameter_opt": {"diameter": 7.417485876807467, "atom_1": 104, "centre_of_mass": [0.39456807253024734, 13.571050668474022, 25.28045358288853]}, "pore_volume_opt": 213.6824264041294, "windows": {"diameters": [5.789878885235326, 6.23889685352012], "centre_of_mass": [[1.0980914276804365, 15.92712614351054, 27.266436063364793], [-0.8541876793514807, 11.654548207602556, 23.501384372683113]]}}