{"no_of_atoms": 165, "centre_of_mass": [-0.2206281499652496, 0.2359652896622847, 32.867718583487125], "maximum_diameter": {"diameter": 18.286264930144423, "atom_1": 66, "atom_2": 102}, "pore_diameter": {"diameter": 1.5831605474351247, "atom": 139}, "pore_volume": 2.077655310018519, "pore_diameter_opt": {"diameter": 2.088210611109791, "atom_1": 144, "centre_of_mass": [0.000713972813100589, 1.6924440550357985e-06, 32.82800181327828]}, "pore_volume_opt": 4.767838290436082, "windows": {"diameters": [3.3915515858404848, 1.2112000324893368, 1.2017231991506034], "centre_of_mass": [[-3.236184972880267, 3.5903757431548136, 31.176686826113205], [1.2833513033785295, 1.2068684345452212, 32.498285080080045], [-1.646820991613557, -0.49653862382652403, 33.150122890397846]]}}