{"no_of_atoms": 100, "centre_of_mass": [24.68249358701678, 6.650441792050623, 7.503768093048597], "maximum_diameter": {"diameter": 17.072679443270115, "atom_1": 59, "atom_2": 98}, "pore_diameter": {"diameter": 4.831427693622759, "atom": 55}, "pore_volume": 59.05070341744416, "pore_diameter_opt": {"diameter": 5.215452729248021, "atom_1": 29, "centre_of_mass": [23.95739314424223, 6.728092652919843, 8.25303124412561]}, "pore_volume_opt": 74.2804733787619, "windows": {"diameters": [5.090755253590332, 4.380625901240933, 4.322119093893141], "centre_of_mass": [[23.235410916965638, 7.097519333453363, 8.860708626850883], [25.37063250194435, 8.462135897795395, 6.41468178561075], [25.119969626221394, 4.370758847673252, 6.816576062473946]]}}