{"no_of_atoms": 130, "centre_of_mass": [7.005974386610178, 4.044951020764468, 25.54469581800828], "maximum_diameter": {"diameter": 18.287172129210024, "atom_1": 52, "atom_2": 85}, "pore_diameter": {"diameter": 2.0942817052954665, "atom": 107}, "pore_volume": 4.8095441872890685, "pore_diameter_opt": {"diameter": 2.0945199708578195, "atom_1": 107, "centre_of_mass": [7.00600085718859, 4.044881743554924, 25.544576308452477]}, "pore_volume_opt": 4.81118591360498, "windows": {"diameters": [1.8390613277721795e+42, 1.2028252248192, 1.2002709795708788], "centre_of_mass": [[-6.547712298094842e+41, -6.280465386662486e+41, 1.4956210653074204e+41], [8.616917262700602, 4.531133099093388, 25.23073121115232], [8.600366123338643, 3.563214752707876, 25.855441184024695]]}}