{"no_of_atoms": 106, "centre_of_mass": [3.164342549654598, 10.973954713234516, 5.114636286660086], "maximum_diameter": {"diameter": 17.258913422392215, "atom_1": 10, "atom_2": 92}, "pore_diameter": {"diameter": 4.187228072812406, "atom": 69}, "pore_volume": 38.43956578957939, "pore_diameter_opt": {"diameter": 4.589568932340633, "atom_1": 69, "centre_of_mass": [3.6916246642566533, 11.06706603323416, 5.436295241076233]}, "pore_volume_opt": 50.61908768005255, "windows": {"diameters": [5.389606815494673, 4.513452485232035, 3.9463310018330726], "centre_of_mass": [[5.08944765359983, 9.63770990775797, 9.366546475714], [1.529711262629438, 13.620499666588875, 5.248277927286892], [2.2201695521921034, 8.73342864261356, 3.0552290215784224]]}}