{"no_of_atoms": 109, "centre_of_mass": [2.8586537388948137, 2.8593425742599536, 4.2421710504829875], "maximum_diameter": {"diameter": 17.54133965512123, "atom_1": 64, "atom_2": 80}, "pore_diameter": {"diameter": 3.5886440988634924, "atom": 68}, "pore_volume": 24.1985749503286, "pore_diameter_opt": {"diameter": 4.28613203906251, "atom_1": 74, "centre_of_mass": [3.2446727945080256, 3.199137061075252, 4.313958206870563]}, "pore_volume_opt": 41.228284076729075, "windows": {"diameters": [4.232180691032401, 4.230986350766241, 3.893596039855088], "centre_of_mass": [[2.3951662330052526, 1.5520248835605301, 5.750746226366552], [2.3118122085118045, 1.5725550817874492, 5.7345267646576055], [4.38567014890266, 4.156856703704699, 3.3780150724648976]]}}