{"no_of_atoms": 160, "centre_of_mass": [22.81186303573202, 2.9920776549234387, 0.07230070547710786], "maximum_diameter": {"diameter": 14.54313241051797, "atom_1": 62, "atom_2": 110}, "pore_diameter": {"diameter": 5.23388360763826, "atom": 130}, "pore_volume": 75.07075846464183, "pore_diameter_opt": {"diameter": 5.303107288672715, "atom_1": 13, "centre_of_mass": [22.77493688079766, 3.024681585316518, 0.07739278512348131]}, "pore_volume_opt": 78.08900028880511, "windows": {"diameters": [3.8395381427906576, 3.8133234142676127], "centre_of_mass": [[22.911616369806964, 4.698390606207683, 2.634541317505676], [22.93534634603279, 1.7067351434180817, -2.811025020548171]]}}