{"no_of_atoms": 115, "centre_of_mass": [21.35115121326678, 14.64302100142173, 9.71498532943432], "maximum_diameter": {"diameter": 17.038676690742008, "atom_1": 13, "atom_2": 105}, "pore_diameter": {"diameter": 3.145379778443687, "atom": 43}, "pore_volume": 16.29363163111421, "pore_diameter_opt": {"diameter": 4.568486207990354, "atom_1": 43, "centre_of_mass": [22.02853352758986, 14.44904976498592, 9.612199165422771]}, "pore_volume_opt": 49.92471297536313, "windows": {"diameters": [2.9851402218095857, 3.4743411347558646, 4.556338378397493], "centre_of_mass": [[20.72221428257424, 16.991329915606876, 12.131286184870227], [24.38958606519476, 14.563121092796235, 10.367147126230721], [20.808891455899882, 15.201674982810557, 7.273585101123969]]}}