{"no_of_atoms": 118, "centre_of_mass": [14.5333997595023, 12.14356932673222, 8.307960824786353], "maximum_diameter": {"diameter": 16.597648178534527, "atom_1": 19, "atom_2": 95}, "pore_diameter": {"diameter": 3.5306252288755506, "atom": 93}, "pore_volume": 23.043767407037702, "pore_diameter_opt": {"diameter": 4.723930688751084, "atom_1": 6, "centre_of_mass": [14.735058814540668, 11.317180655964595, 8.013879943071005]}, "pore_volume_opt": 55.19619914513462, "windows": {"diameters": [4.510419439547041, 3.2833090099721853, 0.8760268342573796, 4.254537155368864], "centre_of_mass": [[14.3966630509853, 10.488557458890757, 9.553385317838458], [18.472626112913762, 13.733516579488143, 9.389807574518402], [14.80650527120272, 14.811880339917087, 9.162792447158868], [12.902697154982661, 12.913585730700756, 7.144910184920589]]}}