{"no_of_atoms": 118, "centre_of_mass": [7.613972081135269, 4.6301173923106145, 14.944698308717536], "maximum_diameter": {"diameter": 16.826673098865292, "atom_1": 0, "atom_2": 109}, "pore_diameter": {"diameter": 4.090037376767425, "atom": 79}, "pore_volume": 35.82452599065979, "pore_diameter_opt": {"diameter": 4.583003275908949, "atom_1": 79, "centre_of_mass": [7.410137801990468, 4.675570820994298, 15.123031580129965]}, "pore_volume_opt": 50.40215729274724, "windows": {"diameters": [3.7087263382930256, 4.33198570272873, 3.122289947160217], "centre_of_mass": [[8.106991406181852, 1.9547272508295634, 17.24463759085184], [6.292048624626402, 5.320546041418352, 14.77437470517469], [7.768863985027752, 3.9117848932904877, 12.067935820669009]]}}