{"no_of_atoms": 64, "centre_of_mass": [17.35287323748443, 0.16046691604265612, 4.865395515339021], "maximum_diameter": {"diameter": 13.271375909426848, "atom_1": 6, "atom_2": 61}, "pore_diameter": {"diameter": 0.24855411601827582, "atom": 47}, "pore_volume": 0.008040100927093707, "pore_diameter_opt": {"diameter": 0.2653814246423747, "atom_1": 10, "centre_of_mass": [17.349735264247926, 0.14726021112771165, 4.869023564649734]}, "pore_volume_opt": 0.009786112089532902, "windows": {"diameters": [0.24625731721781685, 0.24509746392514753], "centre_of_mass": [[17.127827778745573, 0.12451496903985274, 5.275454789905301], [17.55855504692036, 0.1188808735362924, 4.491997897481355]]}}