{"no_of_atoms": 115, "centre_of_mass": [17.89030803642452, 1.6679789985782716, 19.446138304078065], "maximum_diameter": {"diameter": 17.039237699155365, "atom_1": 17, "atom_2": 104}, "pore_diameter": {"diameter": 3.1459790479241083, "atom": 33}, "pore_volume": 16.302946375877102, "pore_diameter_opt": {"diameter": 4.567970976460003, "atom_1": 33, "centre_of_mass": [18.56715959781456, 1.8617160440254361, 19.343281200512035]}, "pore_volume_opt": 49.90782342976482, "windows": {"diameters": [3.1078795683467884, 3.487687402464124, 4.550552986802645], "centre_of_mass": [[17.67904133204813, -0.5385381102641804, 21.24852314400409], [20.897058989158314, 1.7393190206298872, 20.09299541963432], [18.40987285521135, 0.7712457246969326, 18.426789472787664]]}}