{"no_of_atoms": 118, "centre_of_mass": [2.158811439489421, -1.3319994478112447, 16.687368459582057], "maximum_diameter": {"diameter": 16.201533332699388, "atom_1": 6, "atom_2": 114}, "pore_diameter": {"diameter": 4.991896178871112, "atom": 66}, "pore_volume": 65.13212614560413, "pore_diameter_opt": {"diameter": 5.486550718516414, "atom_1": 66, "centre_of_mass": [2.013737168956261, -1.6790618306571043, 16.862680460887617]}, "pore_volume_opt": 86.4762437557467, "windows": {"diameters": [3.831613979391513, 4.267724557325204, 4.023849179411622], "centre_of_mass": [[4.2754699998915555, -1.0558750733688935, 20.6156292440102], [-0.6486235874896793, 0.01950497052272704, 17.0673963161069], [2.7909891309716652, -4.1202970713056954, 14.67985842159883]]}}