{"no_of_atoms": 64, "centre_of_mass": [-0.2792620062878126, 4.961742178542178, 7.760185223640062], "maximum_diameter": {"diameter": 11.985571783430073, "atom_1": 14, "atom_2": 44}, "pore_diameter": {"diameter": 0.2627064412357618, "atom": 23}, "pore_volume": 0.009493159683180024, "pore_diameter_opt": {"diameter": 0.39520653529630945, "atom_1": 16, "centre_of_mass": [-0.2352864945106272, 4.8303889579242965, 7.632022433105324]}, "pore_volume_opt": 0.03231997195458947, "windows": {"diameters": [1.0053314636695085, 0.32416145496135584, 0.9937306984858001], "centre_of_mass": [[-0.2070164901151599, 3.809542944252633, 7.891106731271165], [-0.3166364612007807, 5.235102794535422, 7.52541213962379], [-0.24251447529361986, 3.835206701602512, 7.981064540384627]]}}