{"no_of_atoms": 121, "centre_of_mass": [15.38867176867001, 15.170484246436628, 9.531901635852124], "maximum_diameter": {"diameter": 20.302437650024373, "atom_1": 53, "atom_2": 120}, "pore_diameter": {"diameter": 4.2287355661047705, "atom": 28}, "pore_volume": 39.59407556450015, "pore_diameter_opt": {"diameter": 4.996528602741401, "atom_1": 45, "centre_of_mass": [15.799117825572312, 14.776109557983744, 9.461368640158327]}, "pore_volume_opt": 65.31362012150029, "windows": {"diameters": [4.031196800794209, 4.6998679204382], "centre_of_mass": [[16.201831305262562, 18.913562649015546, 11.10741769876549], [15.740039981580788, 11.894108931747658, 8.145464215373027]]}}