{"no_of_atoms": 70, "centre_of_mass": [2.1501387534119525, 16.751312046871885, 8.179079476464558], "maximum_diameter": {"diameter": 13.983874668570106, "atom_1": 23, "atom_2": 36}, "pore_diameter": {"diameter": 5.35253681983586, "atom": 54}, "pore_volume": 80.29298666629616, "pore_diameter_opt": {"diameter": 5.848264359992211, "atom_1": 57, "centre_of_mass": [2.5647365353409732, 16.757150868531298, 8.899078399121388]}, "pore_volume_opt": 104.73205133566526, "windows": {"diameters": [5.8267127585539225, 5.079828482178085], "centre_of_mass": [[3.0377912041778563, 16.751509901557434, 9.375787077424151], [1.5348576579293465, 16.750983727504146, 7.005792252834484]]}}