{"no_of_atoms": 128, "centre_of_mass": [3.9067439367832724, 4.411375087780898, 4.905191778640103], "maximum_diameter": {"diameter": 19.52669046244845, "atom_1": 76, "atom_2": 103}, "pore_diameter": {"diameter": 4.930704953847398, "atom": 20}, "pore_volume": 62.76617590374887, "pore_diameter_opt": {"diameter": 5.125509119111289, "atom_1": 72, "centre_of_mass": [3.911749491280268, 4.272280223038187, 5.012321822184599]}, "pore_volume_opt": 70.50333388409226, "windows": {"diameters": [3.7311148722347287, 3.341655371745496], "centre_of_mass": [[3.024829601048342, 2.046821363226218, 6.667906634693201], [5.085324627290771, 6.8685894024255685, 3.2505052540563004]]}}