{"no_of_atoms": 156, "centre_of_mass": [1.8339558690607711, 10.296304452737235, 11.248908308534233], "maximum_diameter": {"diameter": 18.769054252729415, "atom_1": 57, "atom_2": 133}, "pore_diameter": {"diameter": 3.4236864583549456, "atom": 15}, "pore_volume": 21.012637945831422, "pore_diameter_opt": {"diameter": 5.222234500205587, "atom_1": 39, "centre_of_mass": [0.5235886119652461, 10.827894623914807, 11.467984487851574]}, "pore_volume_opt": 74.57061606173929, "windows": {"diameters": [5.2051602134725865, 1.7075427580609843], "centre_of_mass": [[0.07876499143941645, 11.093846138996637, 11.436892920331596], [4.686162697689521, 10.273373359929028, 9.975295034853088]]}}