{"no_of_atoms": 504, "centre_of_mass": [9.618100475060128, 9.61810047506013, 9.618100475060132], "maximum_diameter": {"diameter": 27.367073132859243, "atom_1": 90, "atom_2": 502}, "pore_diameter": {"diameter": 5.472103492274599, "atom": 190}, "pore_volume": 85.79491133036379, "pore_diameter_opt": {"diameter": 5.472370393483553, "atom_1": 67, "centre_of_mass": [9.617969448988564, 9.617969448988566, 9.61796944922951]}, "pore_volume_opt": 85.80746585303937, "windows": {"diameters": [3.6811301192123147, 3.685063185232201, 3.6807784713904073, 3.689323591314691], "centre_of_mass": [[8.053469801167752, 11.182570353332634, 11.182542434352271], [11.232654095561848, 8.003314662975498, 11.232650941881323], [8.069490246847456, 8.06948749536178, 8.069458275430275], [11.262302197712255, 11.262245248887863, 7.973785801362193]]}}