{"no_of_atoms": 112, "centre_of_mass": [-1.3647598941976007, 6.798409892910473, 17.083239630850027], "maximum_diameter": {"diameter": 15.4700982251716, "atom_1": 69, "atom_2": 82}, "pore_diameter": {"diameter": 1.8238775289074138, "atom": 20}, "pore_volume": 3.1767690303599645, "pore_diameter_opt": {"diameter": 1.8251572091073336, "atom_1": 20, "centre_of_mass": [-1.3652598341881244, 6.797820369402398, 17.08336667735915]}, "pore_volume_opt": 3.1834604358657814, "windows": {"diameters": [1.8546137254486639, 2.038898240660426], "centre_of_mass": [[-1.5566607875964813, 7.684186872090866, 17.796085121945296], [-1.2850858179809457, 6.411558240699508, 16.794966631396512]]}}