{"no_of_atoms": 212, "centre_of_mass": [12.816846730342677, 4.59681118750765, 6.578997409723829], "maximum_diameter": {"diameter": 28.37466567833993, "atom_1": 28, "atom_2": 174}, "pore_diameter": {"diameter": 3.614466500745561, "atom": 111}, "pore_volume": 24.724711592013296, "pore_diameter_opt": {"diameter": 4.044008764213274, "atom_1": 111, "centre_of_mass": [12.786615050567576, 4.658972143072123, 6.37307163158498]}, "pore_volume_opt": 34.62859624310375, "windows": {"diameters": [3.6958847565999045, 3.1280889851230556, 3.522700715529519], "centre_of_mass": [[14.2616756604091, 6.9142111552056615, 8.439884377134891], [11.276036995987058, 2.571157584534946, 7.466390880024054], [13.60967414664971, 5.062129649989262, 4.9165442472425225]]}}