{"no_of_atoms": 204, "centre_of_mass": [13.400008541285606, 7.736472777228214, 1.748739622606293], "maximum_diameter": {"diameter": 22.222197609044773, "atom_1": 30, "atom_2": 202}, "pore_diameter": {"diameter": 4.610733542605459, "atom": 49}, "pore_volume": 51.32260555883142, "pore_diameter_opt": {"diameter": 4.956531083738977, "atom_1": 118, "centre_of_mass": [13.399894786867433, 7.736284131805046, 1.5650058507707965]}, "pore_volume_opt": 63.75762405830633, "windows": {"diameters": [1.7864216333679912, 1.7796872375719484, 1.780289588173026, 1.5970129402401612], "centre_of_mass": [[9.756286673860844, 5.550256873305343, 3.043200996223429], [13.31479212871251, 12.107040327889784, 3.0840229728750934], [17.17946333653941, 5.6462639380682, 3.06653994003691], [13.40005928345421, 7.736464056260924, -2.524142354508384]]}}