{"no_of_atoms": 163, "centre_of_mass": [11.745362187285146, 23.65965889456297, 14.444071919496817], "maximum_diameter": {"diameter": 18.558301010788632, "atom_1": 23, "atom_2": 155}, "pore_diameter": {"diameter": 7.197597970421189, "atom": 43}, "pore_volume": 195.23666357698556, "pore_diameter_opt": {"diameter": 9.20441461057108, "atom_1": 48, "centre_of_mass": [11.904982906416825, 23.808989908984184, 18.042870904707414]}, "pore_volume_opt": 408.3072972493712, "windows": {"diameters": [9.204435805672913, 7.517700368149335], "centre_of_mass": [[11.90426483714959, 23.80856490828778, 18.04290782598977], [11.904724126456026, 23.808833552609354, 13.481450208903915]]}}