{"no_of_atoms": 79, "centre_of_mass": [0.6247315903960597, 6.275594920765214, 12.997647465170896], "maximum_diameter": {"diameter": 17.500707935644094, "atom_1": 17, "atom_2": 72}, "pore_diameter": {"diameter": 5.980627180625344, "atom": 24}, "pore_volume": 112.00536177274925, "pore_diameter_opt": {"diameter": 8.30016166535493, "atom_1": 1, "centre_of_mass": [3.615045180708732, 3.285281330452542, 13.566952046266234]}, "pore_volume_opt": 299.40446760085837, "windows": {"diameters": [1.8021773464143617e+44, 5.324731378897667], "centre_of_mass": [[1.6912542226602173e+42, -8.091831068918879e+43, -3.961028432345599e+43], [-2.0814448688157574, 8.1839750455362, 12.931872270365103]]}}