{"no_of_atoms": 126, "centre_of_mass": [0.9828022228028073, 5.9817758226426365, 13.305606374105666], "maximum_diameter": {"diameter": 17.772312026864505, "atom_1": 3, "atom_2": 125}, "pore_diameter": {"diameter": 5.048954336025675, "atom": 66}, "pore_volume": 67.39116293801136, "pore_diameter_opt": {"diameter": 6.916864249876891, "atom_1": 6, "centre_of_mass": [3.5072793908156448, 3.4584225546622904, 13.522480680455766]}, "pore_volume_opt": 173.27119845072895, "windows": {"diameters": [7.046006812906293, 5.418024252753893], "centre_of_mass": [[3.5159949061203757, 1.5564077353828971, 12.624668378678088], [-1.3821290841230174, 7.98112365342922, 12.700458323711057]]}}