{"no_of_atoms": 72, "centre_of_mass": [16.778361930422342, 1.3343989482795717, 17.580654873588415], "maximum_diameter": {"diameter": 16.704850538803928, "atom_1": 2, "atom_2": 67}, "pore_diameter": {"diameter": 2.3880494402184103, "atom": 39}, "pore_volume": 7.1306408658587435, "pore_diameter_opt": {"diameter": 3.8101797156301696, "atom_1": 21, "centre_of_mass": [15.584337210313137, 1.4451536014374102, 17.98478654408275]}, "pore_volume_opt": 28.962430470144515, "windows": {"diameters": [6.391290811341236, 2.234357040517525], "centre_of_mass": [[12.511868373614734, 1.5984918679248523, 17.90705378471003], [18.36939419172329, 0.4557333267197834, 19.101778655835414]]}}