{"no_of_atoms": 69, "centre_of_mass": [5.213702860400173, 8.428593131666371, 12.044136530841431], "maximum_diameter": {"diameter": 19.343313990510254, "atom_1": 2, "atom_2": 68}, "pore_diameter": {"diameter": 0.7723017040491125, "atom": 29}, "pore_volume": 0.24119016886486846, "pore_diameter_opt": {"diameter": 1.0770292037220623, "atom_1": 23, "centre_of_mass": [4.92515405836957, 8.58505720614932, 11.915687723810073]}, "pore_volume_opt": 0.6541555952839748, "windows": {"diameters": [1.2506630391787676, 1.0043952902712987], "centre_of_mass": [[4.6453095576488455, 9.1232180200726, 12.074907599114878], [7.063598190327493, 6.437316261882609, 12.276554457012208]]}}