{"no_of_atoms": 69, "centre_of_mass": [16.693486276569406, 22.52259504564514, 7.796301130880706], "maximum_diameter": {"diameter": 19.402921826966466, "atom_1": 1, "atom_2": 68}, "pore_diameter": {"diameter": 0.5506187140539032, "atom": 31}, "pore_volume": 0.08740806894912637, "pore_diameter_opt": {"diameter": 0.9139659853264273, "atom_1": 25, "centre_of_mass": [16.803827092150666, 22.446449788317405, 7.584353630854217]}, "pore_volume_opt": 0.39975022933306725, "windows": {"diameters": [0.9830948467994811, 1.1457624327711744], "centre_of_mass": [[16.113838631997265, 21.393243776108744, 10.530343362325226], [16.984405687195526, 22.96119137238096, 6.900868241077563]]}}