{"no_of_atoms": 96, "centre_of_mass": [5.63175612506543, 2.706205054912718, 10.28111047671426], "maximum_diameter": {"diameter": 16.13940796440052, "atom_1": 58, "atom_2": 89}, "pore_diameter": {"diameter": 4.156597358052029, "atom": 19}, "pore_volume": 37.602134109624494, "pore_diameter_opt": {"diameter": 4.4764872296226255, "atom_1": 19, "centre_of_mass": [5.62082612254775, 3.1823885669914125, 10.086147958651381]}, "pore_volume_opt": 46.968930578938, "windows": {"diameters": [4.211595983556212, 4.077459234836786, 4.301751446112668], "centre_of_mass": [[6.006828178847747, 4.124199800804496, 12.059522140668358], [6.288009633456982, 1.6479394061846702, 12.194790946820273], [4.916020258843338, 2.409139163855716, 7.261692546863056]]}}