{"no_of_atoms": 119, "centre_of_mass": [8.922000000000002, 8.9845872620932, 3.3471905769995574], "maximum_diameter": {"diameter": 16.574968987995586, "atom_1": 57, "atom_2": 79}, "pore_diameter": {"diameter": 5.2330021500116715, "atom": 75}, "pore_volume": 75.03283602275206, "pore_diameter_opt": {"diameter": 5.2330021500116715, "atom_1": 75, "centre_of_mass": [8.922000000000002, 8.9845872620932, 3.3471905769995574]}, "pore_volume_opt": 75.03283602275206, "windows": {"diameters": [3.6384933247759497, 3.639385918187463], "centre_of_mass": [[8.92198973813411, 9.01004866234219, 6.491465697250247], [8.921976643406236, 9.00997704883485, 0.19235977689689365]]}}