{"no_of_atoms": 92, "centre_of_mass": [15.032812668584432, 38.57493119946398, 4.909682351146335], "maximum_diameter": {"diameter": 14.704865462941672, "atom_1": 13, "atom_2": 60}, "pore_diameter": {"diameter": 0.5640003601027046, "atom": 86}, "pore_volume": 0.09393701726369497, "pore_diameter_opt": {"diameter": 1.1854468573932553, "atom_1": 39, "centre_of_mass": [14.75081248853308, 38.77734246537229, 4.627682171094983]}, "pore_volume_opt": 0.8722578595230531, "windows": {"diameters": [1.263214121278104, 1.9794420719317647], "centre_of_mass": [[14.431657366074091, 39.04442141717584, 5.134577544325433], [15.227855768886888, 38.81352696049077, 3.608554016031502]]}}