{"no_of_atoms": 112, "centre_of_mass": [7.986894058020202, 9.102999793852035e-18, 14.772083153776034], "maximum_diameter": {"diameter": 14.344460407268379, "atom_1": 28, "atom_2": 91}, "pore_diameter": {"diameter": 5.148014878011505, "atom": 7}, "pore_volume": 71.43614373088236, "pore_diameter_opt": {"diameter": 5.321637671886535, "atom_1": 23, "centre_of_mass": [8.022845286651329, -0.033132414402286064, 14.951999991237154]}, "pore_volume_opt": 78.91045146280665, "windows": {"diameters": [3.6861254699427803, 3.683623076076013], "centre_of_mass": [[6.985773399850478, 2.9415094327969964, 14.952028698858486], [8.978823779005749, -2.914359176070282, 14.952012151998238]]}}