{"no_of_atoms": 135, "centre_of_mass": [1.6644788852668724, 10.259372080053414, 16.144779578187855], "maximum_diameter": {"diameter": 17.31314655988846, "atom_1": 4, "atom_2": 132}, "pore_diameter": {"diameter": 4.908178420482535, "atom": 15}, "pore_volume": 61.90983511089573, "pore_diameter_opt": {"diameter": 5.048409201178119, "atom_1": 28, "centre_of_mass": [1.55795425280643, 10.254497978125602, 16.023547324279196]}, "pore_volume_opt": 67.36933665329073, "windows": {"diameters": [4.294844230218212, 4.5111762997971105], "centre_of_mass": [[3.4430444107052933, 10.619263156161118, 19.936429147698387], [0.01879366521560555, 10.696105513933116, 13.16680736509278]]}}