{"no_of_atoms": 141, "centre_of_mass": [9.51919412335968, 10.711790991250883, 5.558424344256698], "maximum_diameter": {"diameter": 17.541419931654037, "atom_1": 34, "atom_2": 136}, "pore_diameter": {"diameter": 4.860131115270963, "atom": 5}, "pore_volume": 60.10942580606653, "pore_diameter_opt": {"diameter": 4.952025064563989, "atom_1": 14, "centre_of_mass": [9.54410285301799, 10.767133413669054, 5.503927440566382]}, "pore_volume_opt": 63.5838945059708, "windows": {"diameters": [3.913169179867286, 4.2830250546436055], "centre_of_mass": [[10.668394045169888, 10.881413458595244, 8.275612747198771], [7.622025530977028, 10.638974324103327, 1.6621328314956734]]}}