{"no_of_atoms": 255, "centre_of_mass": [0.5005862591109568, 7.483561355428014, 4.797788768346716], "maximum_diameter": {"diameter": 24.99418656469991, "atom_1": 38, "atom_2": 184}, "pore_diameter": {"diameter": 4.327234918830845, "atom": 41}, "pore_volume": 42.42580009928898, "pore_diameter_opt": {"diameter": 4.779225628981875, "atom_1": 122, "centre_of_mass": [0.2843381713030663, 7.505164053874493, 4.714981872358928]}, "pore_volume_opt": 57.15723676852334, "windows": {"diameters": [1.47782546183111, 0.9718637779905195], "centre_of_mass": [[1.4622540264990105, 10.28099228566805, 7.407167475043872], [4.5333902818965095, 6.2696399662943625, 3.4394587555821636]]}}