{"no_of_atoms": 125, "centre_of_mass": [25.97954567082342, 5.008360400557502, 5.014847187403688], "maximum_diameter": {"diameter": 21.118755344530964, "atom_1": 2, "atom_2": 121}, "pore_diameter": {"diameter": 0.6131173173662332, "atom": 113}, "pore_volume": 0.12067835203184188, "pore_diameter_opt": {"diameter": 1.5498567399909868, "atom_1": 113, "centre_of_mass": [25.672987012140304, 5.314919059240619, 5.321405846086805]}, "pore_volume_opt": 1.9492758003576924, "windows": {"diameters": [3.8113535342734317, 6.063121153971096], "centre_of_mass": [[24.388608851727913, 5.220430055741033, 5.386256050294992], [24.96901635749066, 5.106917683113065, 7.7431360294012315]]}}