{"no_of_atoms": 102, "centre_of_mass": [18.787736247255413, 16.60325526816773, 9.292205870743322], "maximum_diameter": {"diameter": 18.641610522667577, "atom_1": 52, "atom_2": 73}, "pore_diameter": {"diameter": 4.673743085206706, "atom": 20}, "pore_volume": 53.4555902316063, "pore_diameter_opt": {"diameter": 4.727014106890527, "atom_1": 20, "centre_of_mass": [18.805795053984916, 16.60481309726572, 9.311723413667867]}, "pore_volume_opt": 55.304353192635354, "windows": {"diameters": [4.269705282015419, 4.30635630899037, 0.9815376063280863], "centre_of_mass": [[17.430618742775888, 17.120538169545085, 9.870807660564656], [20.38357421445206, 15.477572197169804, 8.3563164761957], [17.84250988841792, 18.582272910180524, 5.696368035740965]]}}