{"no_of_atoms": 144, "centre_of_mass": [3.8208017735193014, 9.394150491156232, 8.31278700843297], "maximum_diameter": {"diameter": 22.0979772567397, "atom_1": 85, "atom_2": 120}, "pore_diameter": {"diameter": 4.599275331690464, "atom": 64}, "pore_volume": 50.94092765424648, "pore_diameter_opt": {"diameter": 4.600010994568807, "atom_1": 32, "centre_of_mass": [3.820519283220033, 9.393928156905824, 8.312864900343667]}, "pore_volume_opt": 50.96537586054021, "windows": {"diameters": [4.935481514837782, 3.594567635407662, 4.745393052036132, 3.75250193808485], "centre_of_mass": [[3.137106998346936, 10.112944520959196, 7.8862148954933335], [5.455537393945795, 4.340645360205868, 11.658598916728119], [3.552140744735997, 9.509836496014529, 7.670513146673474], [2.390740583502944, 14.234681011975955, 5.481976874859225]]}}