{"no_of_atoms": 83, "centre_of_mass": [3.724037884595635, -3.091946883231954, 12.950584243848507], "maximum_diameter": {"diameter": 12.732517488040944, "atom_1": 2, "atom_2": 73}, "pore_diameter": {"diameter": 0.6300385825223467, "atom": 48}, "pore_volume": 0.13094835875256056, "pore_diameter_opt": {"diameter": 0.7628069960165536, "atom_1": 48, "centre_of_mass": [3.784552427961207, -3.042513609558565, 12.96942716355827]}, "pore_volume_opt": 0.23240347887220633, "windows": {"diameters": [1.2251977755681565, 1.1305963702104114, 1.116766287597637], "centre_of_mass": [[4.329272969620693, -3.1276111923528305, 13.63625437752665], [4.291622223158178, -3.219590889487814, 12.331367456673787], [4.320529343586054, -3.229385227786796, 12.384195619360847]]}}