{"no_of_atoms": 83, "centre_of_mass": [7.672259651460765, 3.8597946928608438, 3.3311732617817666], "maximum_diameter": {"diameter": 12.975713732773762, "atom_1": 21, "atom_2": 75}, "pore_diameter": {"diameter": 2.54411224669994, "atom": 36}, "pore_volume": 8.621988275824531, "pore_diameter_opt": {"diameter": 2.7419957444255583, "atom_1": 10, "centre_of_mass": [7.777993397905524, 3.8377658733729985, 3.30130742873914]}, "pore_volume_opt": 10.794411041749793, "windows": {"diameters": [1.8889868514358068, 2.1303619269255516, 1.9545275480723974], "centre_of_mass": [[9.031091686702098, 5.342212477319097, 5.03194796829958], [7.767737652484354, 2.206540042215842, 3.28793688794788], [6.6519644551152215, 5.236530339972281, 1.0489068900717924]]}}