{"no_of_atoms": 128, "centre_of_mass": [-1.1478951585833987, 14.13845337499567, 16.94770576783415], "maximum_diameter": {"diameter": 21.785566990015873, "atom_1": 24, "atom_2": 83}, "pore_diameter": {"diameter": 0.9399265201570786, "atom": 87}, "pore_volume": 0.4347907866416451, "pore_diameter_opt": {"diameter": 1.144084403336826, "atom_1": 99, "centre_of_mass": [-1.0450946286121003, 14.043708292679678, 16.98095009264577]}, "pore_volume_opt": 0.784102462467196, "windows": {"diameters": [0.5163371554885514, 0.4401865825946776], "centre_of_mass": [[-0.3382361487954765, 14.818399900653764, 17.792332111950333], [-0.10157929726336745, 13.152007243197454, 15.994286716034214]]}}