{"no_of_atoms": 286, "centre_of_mass": [19.69285248545102, -5.185403368017221e-16, 15.330005600891585], "maximum_diameter": {"diameter": 29.649701381704173, "atom_1": 151, "atom_2": 274}, "pore_diameter": {"diameter": 5.527966029823361, "atom": 139}, "pore_volume": 88.44936493308145, "pore_diameter_opt": {"diameter": 5.61951603901848, "atom_1": 203, "centre_of_mass": [19.604291189428547, -0.0009528200894838876, 15.328699563325216]}, "pore_volume_opt": 92.91704028039945, "windows": {"diameters": [2.600745992834932, 1.7256754906906684, 1.787202480803726, 1.8232298857513274, 2.5821073266527397, 1.8208954415476435], "centre_of_mass": [[23.647596190962965, -0.25287953746908665, 17.655931575018336], [16.60054695579548, -0.34663696174756586, 19.55345066713052], [19.327309467783756, 5.7488382692599185, 15.784958267625699], [19.31371381408457, -6.000604513555556, 14.748176756130754], [23.414224681141892, 0.2380934226607786, 13.225178178955183], [15.627172058825792, 0.6380378142142412, 12.978165469820977]]}}