{"no_of_atoms": 106, "centre_of_mass": [36.25644718416507, 2.152869514415955, 3.267366123805746], "maximum_diameter": {"diameter": 18.17090475070113, "atom_1": 0, "atom_2": 105}, "pore_diameter": {"diameter": 1.109450265380282, "atom": 26}, "pore_volume": 0.7150264995349308, "pore_diameter_opt": {"diameter": 1.6023242062340897, "atom_1": 23, "centre_of_mass": [36.41417284478825, 2.3180437601345236, 3.015067462120557]}, "pore_volume_opt": 2.154020355781983, "windows": {"diameters": [1.1848627107372351, 1.0323723885445268], "centre_of_mass": [[35.29421137761695, 1.9628596840426262, 3.206615553604733], [37.22357732941058, 3.1490642559817985, 2.2330116813637564]]}}