{"no_of_atoms": 145, "centre_of_mass": [3.2812985715307965, 4.060179551512549, 5.327061629009461], "maximum_diameter": {"diameter": 17.47157472350124, "atom_1": 20, "atom_2": 123}, "pore_diameter": {"diameter": 5.60858522339279, "atom": 28}, "pore_volume": 92.37588084709458, "pore_diameter_opt": {"diameter": 6.308457310089858, "atom_1": 29, "centre_of_mass": [3.356806837982002, 3.365010005350603, 6.0172595629490795]}, "pore_volume_opt": 131.45228138653923, "windows": {"diameters": [6.444632923003892, 5.7935098121947775], "centre_of_mass": [[3.4992851717119016, 3.1795186798720736, 6.4536569711209335], [2.865342932091785, 5.89575579085184, 3.3912025167103272]]}}