{"no_of_atoms": 83, "centre_of_mass": [14.022911803881476, 18.697514598517316, 23.817543207734186], "maximum_diameter": {"diameter": 16.735587415147492, "atom_1": 11, "atom_2": 80}, "pore_diameter": {"diameter": 3.115066728801484, "atom": 16}, "pore_volume": 15.827075900119448, "pore_diameter_opt": {"diameter": 3.598333619913038, "atom_1": 20, "centre_of_mass": [14.848992833619564, 19.873280130595276, 24.511770081469855]}, "pore_volume_opt": 24.395116807846655, "windows": {"diameters": [3.9391870467364174, 3.6461347423414785, 2.594111160286513], "centre_of_mass": [[13.905107334496948, 21.286604163211212, 24.54358683131249], [15.223462705105273, 19.408330218807237, 24.39115683968116], [10.724379214596135, 18.768791425846743, 24.02509509753312]]}}