{"no_of_atoms": 83, "centre_of_mass": [8.86126120683995, 4.522395054201178, 14.396334468321943], "maximum_diameter": {"diameter": 16.472009305902372, "atom_1": 21, "atom_2": 74}, "pore_diameter": {"diameter": 3.3573892333791346, "atom": 10}, "pore_volume": 19.81543918815866, "pore_diameter_opt": {"diameter": 3.6387917659913076, "atom_1": 16, "centre_of_mass": [8.923720415361148, 4.762710672552318, 14.369859300674]}, "pore_volume_opt": 25.227268655944034, "windows": {"diameters": [3.537536684642762, 1.8008692531320878, 3.698865108781248], "centre_of_mass": [[8.969743889264038, 4.202423428809457, 15.630878447235892], [7.616735061408969, -0.6748950229514294, 14.73155423307828], [8.631747828095364, 5.081832903871408, 13.643375353937554]]}}