{"no_of_atoms": 71, "centre_of_mass": [-0.00022154428057452336, 4.5744532134188205, -0.008842431441408923], "maximum_diameter": {"diameter": 13.474674718645065, "atom_1": 9, "atom_2": 63}, "pore_diameter": {"diameter": 1.4923415475151915, "atom": 41}, "pore_volume": 1.7402166224011346, "pore_diameter_opt": {"diameter": 1.4927302819821269, "atom_1": 43, "centre_of_mass": [-0.00019175448287784828, 4.574257013486079, -0.008844406047048137]}, "pore_volume_opt": 1.7415768842228356, "windows": {"diameters": [0.6431511337382516, 0.734502419477884, 0.9965893475793073], "centre_of_mass": [[-1.1918164484892575, 5.157808824329444, -1.020025572469396], [0.9419215355165411, 5.6154194819036425, 4.1449480018603685e-06], [0.34573076404496755, 2.97843264032034, -2.4228374545938367]]}}