{"no_of_atoms": 84, "centre_of_mass": [-4.060994300673439, 7.234639812480728, 6.505542110971907], "maximum_diameter": {"diameter": 13.315116838183604, "atom_1": 18, "atom_2": 59}, "pore_diameter": {"diameter": 1.4192520791627676, "atom": 2}, "pore_volume": 1.4968464086518949, "pore_diameter_opt": {"diameter": 1.7103716584747102, "atom_1": 65, "centre_of_mass": [-4.201378023531547, 7.275659921232734, 6.505457346069346]}, "pore_volume_opt": 2.6198118172841727, "windows": {"diameters": [1.1629858966316289, 0.8450563207993622, 0.9314828958143155], "centre_of_mass": [[-4.17483396593844, 6.884665225844733, 8.446884987876027], [-5.668008507557557, 7.663126831083404, 6.505521229957596], [-2.689833645458233, 8.716176845238113, 6.505540864968701]]}}