{"no_of_atoms": 89, "centre_of_mass": [1.6709511313034175, 11.630346456489818, 3.626762025568323], "maximum_diameter": {"diameter": 13.579765874788832, "atom_1": 22, "atom_2": 77}, "pore_diameter": {"diameter": 1.0489434211534205, "atom": 29}, "pore_volume": 0.604303086871678, "pore_diameter_opt": {"diameter": 1.4840542071382017, "atom_1": 47, "centre_of_mass": [1.6424190050527925, 12.091989257915682, 3.1022903149916123]}, "pore_volume_opt": 1.711385766374846, "windows": {"diameters": [0.784829476211264, 0.6982808238062757, 0.6061700828100687], "centre_of_mass": [[0.8432626195444872, 13.177507992134752, 3.7075608862989924], [3.1055572346314877, 12.324256952229629, 2.794965633798515], [1.3380437824031532, 10.307940522837091, 3.4756562080732754]]}}