{"no_of_atoms": 78, "centre_of_mass": [1.51262649065153, 8.083503228707645, 14.631528848308314], "maximum_diameter": {"diameter": 14.392776752237795, "atom_1": 39, "atom_2": 46}, "pore_diameter": {"diameter": 2.1359322426838134, "atom": 15}, "pore_volume": 5.102241809490684, "pore_diameter_opt": {"diameter": 2.2042477365213693, "atom_1": 42, "centre_of_mass": [1.4461156651862899, 8.026487678480327, 14.627041523367463]}, "pore_volume_opt": 5.607636227747256, "windows": {"diameters": [0.8696846726044041, 0.8556862021119991, 0.8917621372454367, 0.7935812684041612], "centre_of_mass": [[1.8433481661678817, 6.368551911818359, 15.727689108571507], [2.642035055131594, 9.635574061960243, 15.463879980147595], [-1.0962389813943094, 8.556900774100422, 14.72538284569831], [2.043958412850648, 7.9295984127157935, 12.60241401111045]]}}