{"no_of_atoms": 186, "centre_of_mass": [11.804769878916812, 18.89569093980173, 6.422748387863145], "maximum_diameter": {"diameter": 23.932830588505713, "atom_1": 24, "atom_2": 168}, "pore_diameter": {"diameter": 4.426756010507937, "atom": 63}, "pore_volume": 45.42086275035004, "pore_diameter_opt": {"diameter": 4.81545718984969, "atom_1": 74, "centre_of_mass": [11.822688729467336, 19.32196247778839, 6.3392976756335795]}, "pore_volume_opt": 58.467052610371965, "windows": {"diameters": [4.273747799796485, 4.211915447406536], "centre_of_mass": [[14.81506912093969, 19.919429968974498, 12.280086488232898], [9.04550986458733, 19.833687857315358, 0.8547037731251637]]}}