{"no_of_atoms": 145, "centre_of_mass": [16.19499638102948, 11.195327296928811, 4.895918241963004], "maximum_diameter": {"diameter": 24.156819697136342, "atom_1": 7, "atom_2": 133}, "pore_diameter": {"diameter": 4.555267425267335, "atom": 42}, "pore_volume": 49.49259856169857, "pore_diameter_opt": {"diameter": 4.799813891562087, "atom_1": 48, "centre_of_mass": [16.195353493482735, 11.675170885981263, 4.892464678052963]}, "pore_volume_opt": 57.89910057421242, "windows": {"diameters": [1.491220516668919, 1.0450870184118553, 1.6562616115121904], "centre_of_mass": [[18.732828744694203, 12.593506339457656, 8.341486620094996], [19.631700610349778, 8.380077684399085, 5.668532697741237], [13.392261866048567, 12.829980463705125, 0.8704275166309596]]}}