{"no_of_atoms": 140, "centre_of_mass": [6.496435329757174, 13.43088251951722, 5.435498338214063], "maximum_diameter": {"diameter": 24.085685586166896, "atom_1": 24, "atom_2": 106}, "pore_diameter": {"diameter": 3.9091468185735736, "atom": 86}, "pore_volume": 31.278402777639656, "pore_diameter_opt": {"diameter": 4.240763386764483, "atom_1": 36, "centre_of_mass": [6.3773134738141355, 13.491221302646752, 5.337204883232521]}, "pore_volume_opt": 39.93289050972149, "windows": {"diameters": [4.336616056150188, 4.192338264304558, 6.241041063841704], "centre_of_mass": [[6.29040399581197, 12.089553503283067, 4.966514911032099], [6.038969119287575, 15.811420605242823, 6.363462258395075], [4.331412241728784, 7.830701199233635, 6.168787749366033]]}}