{"no_of_atoms": 108, "centre_of_mass": [4.0755050778110234e-16, 12.136999999999993, 12.13699999999999], "maximum_diameter": {"diameter": 18.109789201367356, "atom_1": 20, "atom_2": 107}, "pore_diameter": {"diameter": 5.282467160893821, "atom": 8}, "pore_volume": 77.180758083083, "pore_diameter_opt": {"diameter": 5.282467160893821, "atom_1": 8, "centre_of_mass": [4.0755050778110234e-16, 12.136999999999993, 12.13699999999999]}, "pore_volume_opt": 77.180758083083, "windows": {"diameters": [3.911218742133007, 3.9282917184376314, 3.9127573942541765, 3.950369087103018], "centre_of_mass": [[-1.5317718338929942, 13.643121025502815, 13.624815229933455], [1.4246549510260793, 10.724370640752367, 13.502621648883075], [-1.5136287053192394, 10.646661217563938, 10.669888411141319], [1.7935925332734732, 13.8718558031258, 10.350412425209914]]}}