{"no_of_atoms": 168, "centre_of_mass": [8.584547518316889, 4.956282260806696, 17.8766390329543], "maximum_diameter": {"diameter": 22.39572531471478, "atom_1": 16, "atom_2": 166}, "pore_diameter": {"diameter": 5.600820650845124, "atom": 25}, "pore_volume": 91.99275390233858, "pore_diameter_opt": {"diameter": 5.6012594521665715, "atom_1": 133, "centre_of_mass": [8.584643941857705, 4.956579221693561, 17.876723336350153]}, "pore_volume_opt": 92.01437736100372, "windows": {"diameters": [4.097411322806076, 4.106761786598328, 4.143446019223939, 3.806783049825538], "centre_of_mass": [[10.573375678086311, 6.428824415709909, 18.951551586740944], [6.464526885332236, 5.881046411398794, 18.89838391679368], [8.919900377055393, 2.0864341224163496, 19.08778284617268], [8.584358257206368, 4.956467583440035, 14.957432224948253]]}}