{"no_of_atoms": 168, "centre_of_mass": [6.050723041873819, 6.05072304187382, 18.223276958126196], "maximum_diameter": {"diameter": 22.380504968935803, "atom_1": 97, "atom_2": 126}, "pore_diameter": {"diameter": 5.293051037311761, "atom": 27}, "pore_volume": 77.64560301969259, "pore_diameter_opt": {"diameter": 5.557076786243432, "atom_1": 27, "centre_of_mass": [5.970478689493294, 5.97047802912536, 18.30352150186188]}, "pore_volume_opt": 89.85408285809024, "windows": {"diameters": [3.9715776309851427, 3.9048652223982416, 3.8962226175935064, 3.897275177004739], "centre_of_mass": [[4.41024844091017, 4.410217988319019, 19.8637784896663], [7.3764988975574255, 7.906942536382277, 20.04571203202101], [7.743892022161142, 4.3620493275815075, 17.016248211701942], [4.377413315960322, 7.244070806588725, 16.548911508883858]]}}