{"no_of_atoms": 88, "centre_of_mass": [-3.811319439177594, 13.88839075487038, 12.944348201835862], "maximum_diameter": {"diameter": 17.614715578850166, "atom_1": 82, "atom_2": 84}, "pore_diameter": {"diameter": 1.4609320865843265, "atom": 21}, "pore_volume": 1.6326335062780677, "pore_diameter_opt": {"diameter": 1.9810838059407634, "atom_1": 18, "centre_of_mass": [-3.9783362065430175, 13.721373987504975, 13.111364969201226]}, "pore_volume_opt": 4.071056840370976, "windows": {"diameters": [2.026847868804038, 2.04340793048504, 1.0058971984472955], "centre_of_mass": [[-4.194617664529392, 14.67939026373255, 13.407329536469778], [-4.284569655305346, 14.65143355138817, 13.315362403683121], [-3.0273662704629736, 11.727011890246636, 13.113593523407095]]}}