{"no_of_atoms": 144, "centre_of_mass": [29.000999999999994, 5.581259054863366, 8.998000000000001], "maximum_diameter": {"diameter": 18.250983075095313, "atom_1": 11, "atom_2": 140}, "pore_diameter": {"diameter": 7.151627389292443, "atom": 75}, "pore_volume": 191.5196146460632, "pore_diameter_opt": {"diameter": 7.151718588919456, "atom_1": 58, "centre_of_mass": [29.001006050441788, 5.581267683397593, 8.997955632507741]}, "pore_volume_opt": 191.52694168054484, "windows": {"diameters": [5.888238411491998, 6.0783923553711565], "centre_of_mass": [[30.012049089296788, 8.09037464915784, 10.770593624219023], [29.163531624269574, 2.1482328243480047, 6.8986100437084]]}}