{"no_of_atoms": 144, "centre_of_mass": [-9.667, 27.906259054863362, 4.499000000000003], "maximum_diameter": {"diameter": 18.250983075095316, "atom_1": 26, "atom_2": 126}, "pore_diameter": {"diameter": 7.151627389292422, "atom": 50}, "pore_volume": 191.5196146460615, "pore_diameter_opt": {"diameter": 7.15171858956686, "atom_1": 84, "centre_of_mass": [-9.666993949548596, 27.906267683148922, 4.49895563279337]}, "pore_volume_opt": 191.52694173255836, "windows": {"diameters": [5.888238302819359, 6.078392686270068], "centre_of_mass": [[-8.655951019071917, 30.41537393458758, 6.271593170785395], [-9.504468656684999, 24.473232161589742, 2.3996095728657107]]}}