{"no_of_atoms": 210, "centre_of_mass": [6.770856528997183, 3.9089074311086467, 9.851917296410123], "maximum_diameter": {"diameter": 31.040335800421897, "atom_1": 146, "atom_2": 206}, "pore_diameter": {"diameter": 7.890777566401075, "atom": 100}, "pore_volume": 257.25156525192125, "pore_diameter_opt": {"diameter": 7.890936494341053, "atom_1": 100, "centre_of_mass": [6.77087481204957, 3.908907205449368, 9.85199462817333]}, "pore_volume_opt": 257.26710945568414, "windows": {"diameters": [7.823380887854604, 7.8149621050202, 7.93107749587697], "centre_of_mass": [[6.320441523511117, 3.122644395465124, 9.852569862939935], [6.3932523857905, 4.581936108367035, 9.850137852478479], [8.530240101967339, 3.642927555758184, 9.853044760913674]]}}