{"no_of_atoms": 307, "centre_of_mass": [13.737084527469419, -0.12499042190934466, 29.858571757049532], "maximum_diameter": {"diameter": 31.039555860616204, "atom_1": 101, "atom_2": 259}, "pore_diameter": {"diameter": 7.217197088388303, "atom": 114}, "pore_volume": 196.83590350677576, "pore_diameter_opt": {"diameter": 7.843466280946702, "atom_1": 98, "centre_of_mass": [13.658476763886522, -0.14614986862159987, 29.55556257075992]}, "pore_volume_opt": 252.65199034835436, "windows": {"diameters": [7.813090594760272, 7.820372160613552, 7.818515397221654], "centre_of_mass": [[13.89879472150157, -0.6018206873167066, 29.55422122566871], [13.984839386979687, 0.7459212474433501, 29.55821613775435], [12.70297255569168, 0.010211866977515943, 29.558194809401353]]}}