{"no_of_atoms": 105, "centre_of_mass": [5.3528009629218545, 4.853773957785184, 15.676789233602005], "maximum_diameter": {"diameter": 23.42288847029968, "atom_1": 28, "atom_2": 80}, "pore_diameter": {"diameter": 1.3366611894955356, "atom": 17}, "pore_volume": 1.2504393651114234, "pore_diameter_opt": {"diameter": 1.436242489939016, "atom_1": 17, "centre_of_mass": [5.366073303387187, 4.8183967978382, 15.709726629080054]}, "pore_volume_opt": 1.5512505007043074, "windows": {"diameters": [0.8877955339976675, 0.8444369949874999, 0.7547097561566933], "centre_of_mass": [[4.587896832033673, 5.453923269365582, 16.604283121627713], [4.398664529283362, 3.8924265973181864, 15.873287466315052], [6.45003718570765, 4.411778598859196, 14.677109158567575]]}}