{"no_of_atoms": 105, "centre_of_mass": [6.224788484045077, 6.415226042214816, 6.293743182818086], "maximum_diameter": {"diameter": 23.422888470299682, "atom_1": 51, "atom_2": 68}, "pore_diameter": {"diameter": 1.337749273293801, "atom": 6}, "pore_volume": 1.2534955412356326, "pore_diameter_opt": {"diameter": 1.4368125813484531, "atom_1": 6, "centre_of_mass": [6.237791892680824, 6.450469687957572, 6.326521303932177]}, "pore_volume_opt": 1.5530984595262516, "windows": {"diameters": [0.8940534204201422, 0.8606051816846931, 0.7808769859431375], "centre_of_mass": [[5.429784066796845, 5.792383584667877, 7.254097256237311], [5.97430588196366, 7.997728316176996, 5.876864525537004], [7.5044412985366895, 5.5994405465196415, 5.840590121011972]]}}