{"no_of_atoms": 161, "centre_of_mass": [13.270776028557012, 15.044311715048607, 5.8945282265023335], "maximum_diameter": {"diameter": 30.25311756823599, "atom_1": 61, "atom_2": 153}, "pore_diameter": {"diameter": 0.618255446242824, "atom": 81}, "pore_volume": 0.12373782405416191, "pore_diameter_opt": {"diameter": 1.1636813732245268, "atom_1": 81, "centre_of_mass": [13.39791433670337, 14.886646201534111, 5.585400503380922]}, "pore_volume_opt": 0.8250891392596366, "windows": {"diameters": [0.8461037178105273, 1.081725479791309, 0.9506130024604222], "centre_of_mass": [[13.882999881163947, 15.2025475158591, 6.294730508559866], [12.223371609028787, 14.249669159331988, 5.777772421607524], [14.069062641443699, 16.08284480214324, 4.978128694638926]]}}