{"no_of_atoms": 161, "centre_of_mass": [3.949819827909021, 3.283688284951403, 13.483022686866056], "maximum_diameter": {"diameter": 30.25197018379722, "atom_1": 82, "atom_2": 153}, "pore_diameter": {"diameter": 0.6180912117930899, "atom": 22}, "pore_volume": 0.1236392404557251, "pore_diameter_opt": {"diameter": 1.1576143988421648, "atom_1": 22, "centre_of_mass": [3.851636910756517, 3.449692656178633, 13.7920682927626]}, "pore_volume_opt": 0.8122512390210551, "windows": {"diameters": [1.760678824719121, 1.1131486914194153, 0.8609241157600054], "centre_of_mass": [[3.4361851016814775, 0.9170263234614398, 16.393648853900302], [4.937981715997062, 4.000685053906129, 13.603804334154443], [3.6823842313959205, 3.350591811996748, 12.906286907133577]]}}