{"no_of_atoms": 292, "centre_of_mass": [6.704608925327755, 11.632346813795152, 23.464899739271182], "maximum_diameter": {"diameter": 21.610903067021876, "atom_1": 73, "atom_2": 269}, "pore_diameter": {"diameter": 4.981306413049434, "atom": 139}, "pore_volume": 64.71849266187427, "pore_diameter_opt": {"diameter": 5.878000035484837, "atom_1": 33, "centre_of_mass": [6.70456441604332, 11.183999995030726, 23.464886820979107]}, "pore_volume_opt": 106.33772760717534, "windows": {"diameters": [4.917025833384889, 4.907208414154393], "centre_of_mass": [[7.923978191716839, 11.19484550483652, 27.01224115548202], [5.516430207800876, 11.195400425610966, 19.992987092111342]]}}