{"no_of_atoms": 134, "centre_of_mass": [35.48991882330995, 10.907799057947276, 2.1923341477619154], "maximum_diameter": {"diameter": 17.18883321661862, "atom_1": 3, "atom_2": 124}, "pore_diameter": {"diameter": 4.377646137464533, "atom": 39}, "pore_volume": 43.92589114748766, "pore_diameter_opt": {"diameter": 4.800563897181664, "atom_1": 81, "centre_of_mass": [35.4056269133707, 10.969758825757912, 1.9864963103447952]}, "pore_volume_opt": 57.926246274576684, "windows": {"diameters": [3.6273518623335756, 4.629147022992218], "centre_of_mass": [[34.74175484474156, 14.756079708196122, 2.2848278826498785], [35.56146114537653, 6.9389848541799335, 1.131273277252471]]}}