{"no_of_atoms": 121, "centre_of_mass": [15.317612981989875, 10.435741744304835, 2.8618234063318195], "maximum_diameter": {"diameter": 16.58792715833891, "atom_1": 66, "atom_2": 102}, "pore_diameter": {"diameter": 4.325496259507922, "atom": 86}, "pore_volume": 42.3746812807473, "pore_diameter_opt": {"diameter": 4.89751611357946, "atom_1": 10, "centre_of_mass": [14.916126274669029, 10.665440230489132, 3.089691171519295]}, "pore_volume_opt": 61.50724050108289, "windows": {"diameters": [4.267403269463047, 4.271670389872229], "centre_of_mass": [[15.843709303142766, 6.443250506766466, 3.88262809390973], [14.518944811753906, 13.804288510469455, 2.38479099355961]]}}