{"no_of_atoms": 121, "centre_of_mass": [10.654034007137781, 13.996661796499767, 1.6351461566256238], "maximum_diameter": {"diameter": 16.619296277866177, "atom_1": 2, "atom_2": 120}, "pore_diameter": {"diameter": 4.445389835295893, "atom": 69}, "pore_volume": 45.996859292982414, "pore_diameter_opt": {"diameter": 4.939501842309793, "atom_1": 8, "centre_of_mass": [10.596746553941818, 13.871724195598285, 1.4172860587504426]}, "pore_volume_opt": 63.10271970053908, "windows": {"diameters": [3.3050979143911072, 4.858834579253543], "centre_of_mass": [[7.55307832080805, 12.491457664322514, 1.786428614049675], [12.53778664214429, 14.732263117314245, 0.9246202996644297]]}}