{"no_of_atoms": 121, "centre_of_mass": [2.9166446146662017, 13.13342108036796, 12.207781868862021], "maximum_diameter": {"diameter": 16.61912331133715, "atom_1": 7, "atom_2": 120}, "pore_diameter": {"diameter": 4.444721558712013, "atom": 30}, "pore_volume": 45.97611825265345, "pore_diameter_opt": {"diameter": 4.938779735213059, "atom_1": 66, "centre_of_mass": [2.8590849480226743, 13.258642896027022, 11.989594720212823]}, "pore_volume_opt": 63.075048735698324, "windows": {"diameters": [4.116327267612322, 4.857582240865398], "centre_of_mass": [[-2.1868985873582063, 15.02566418093865, 13.17261214654139], [4.777479698945371, 12.428263430616072, 11.51399982492978]]}}