{"no_of_atoms": 126, "centre_of_mass": [5.746814140954408, 12.368426520950003, 10.083406671773037], "maximum_diameter": {"diameter": 16.424641453798255, "atom_1": 76, "atom_2": 81}, "pore_diameter": {"diameter": 4.771311359851504, "atom": 121}, "pore_volume": 56.87375418527164, "pore_diameter_opt": {"diameter": 5.055658945701699, "atom_1": 24, "centre_of_mass": [5.732473947072999, 12.171725390960086, 9.964748052949904]}, "pore_volume_opt": 67.6599899117533, "windows": {"diameters": [3.069561652540946, 3.514706995866396], "centre_of_mass": [[5.6575244049033095, 14.475375442475185, 12.381026105320261], [5.739466175430505, 9.794489001206403, 7.645771986038547]]}}