{"no_of_atoms": 168, "centre_of_mass": [2.143763792029696, 5.23546548138762, 12.701871978609791], "maximum_diameter": {"diameter": 24.637241652342706, "atom_1": 94, "atom_2": 110}, "pore_diameter": {"diameter": 4.228668892974699, "atom": 17}, "pore_volume": 39.59220279240036, "pore_diameter_opt": {"diameter": 4.828337623160305, "atom_1": 11, "centre_of_mass": [1.8709420624595476, 5.126559030671581, 12.804786615852404]}, "pore_volume_opt": 58.93747343655882, "windows": {"diameters": [1.8124530124557667, 1.8244962039152486, 1.640674281971633, 2.800626053511255], "centre_of_mass": [[3.4206400859012485, 1.4908129359870408, 13.96366400706099], [-2.5819005642838113, 4.883420713661025, 11.417088503550024], [6.25965691149093, 4.278165044367153, 12.05608694813618], [-0.8193065901692886, 8.13015403057073, 10.585137363112464]]}}