{"no_of_atoms": 372, "centre_of_mass": [5.296118135615788, 9.695039964194832, 19.54914035849561], "maximum_diameter": {"diameter": 28.632648770964312, "atom_1": 107, "atom_2": 359}, "pore_diameter": {"diameter": 3.7538988490050778, "atom": 15}, "pore_volume": 27.69786669074197, "pore_diameter_opt": {"diameter": 3.75465851433493, "atom_1": 15, "centre_of_mass": [5.296034611692601, 9.694989619185568, 19.54950749147634]}, "pore_volume_opt": 27.714685498224114, "windows": {"diameters": [1.4349990761927836, 1.7253651107653654, 1.8798630412673485, 1.2531925044381214], "centre_of_mass": [[6.27570383788915, 10.582141297384599, 21.770282955984104], [3.055062735630046, 6.593262689690882, 19.239819619997217], [6.946916409133056, 12.327169956156272, 18.299152490709652], [4.534958640547979, 8.825185172738946, 16.883419265135934]]}}