{"no_of_atoms": 246, "centre_of_mass": [19.209, 19.209, 6.402999999999999], "maximum_diameter": {"diameter": 22.343664944647347, "atom_1": 18, "atom_2": 245}, "pore_diameter": {"diameter": 3.7592762204010204, "atom": 130}, "pore_volume": 27.817066897861523, "pore_diameter_opt": {"diameter": 3.7592762204010204, "atom_1": 130, "centre_of_mass": [19.209, 19.209, 6.402999999999999]}, "pore_volume_opt": 27.817066897861523, "windows": {"diameters": [1.123841016782729, 1.1223904803177578, 1.128720984270751, 1.128904163107173], "centre_of_mass": [[17.565954849770378, 20.85208726209679, 8.046088582021936], [20.83536546982394, 17.58261849206515, 8.02933417629104], [17.53340326523338, 17.533348131026678, 4.72732705957436], [20.885294507624728, 20.88531067389592, 4.726679944191716]]}}