{"no_of_atoms": 116, "centre_of_mass": [12.916356616880257, 5.864864700729497, 11.870721527404605], "maximum_diameter": {"diameter": 19.777054583082933, "atom_1": 21, "atom_2": 86}, "pore_diameter": {"diameter": 1.323968948063286, "atom": 56}, "pore_volume": 1.2151559579011508, "pore_diameter_opt": {"diameter": 1.8946286557898158, "atom_1": 25, "centre_of_mass": [13.218243131459895, 6.21198438130174, 11.73494430208815]}, "pore_volume_opt": 3.5609914190855143, "windows": {"diameters": [0.8154347304189034, 0.7682362142335228, 0.6442449368405438], "centre_of_mass": [[14.23257441747499, 6.537853480250664, 13.588422954879645], [13.372372405994202, 3.835889597039139, 11.013701424433407], [13.806801510244924, 5.410100396488643, 10.223156379780905]]}}