{"no_of_atoms": 102, "centre_of_mass": [1.884515720811396, 15.700780253174354, 14.737185614741405], "maximum_diameter": {"diameter": 18.403329879944646, "atom_1": 24, "atom_2": 66}, "pore_diameter": {"diameter": 1.0531169204774042, "atom": 9}, "pore_volume": 0.6115449641553066, "pore_diameter_opt": {"diameter": 1.1129789871313585, "atom_1": 87, "centre_of_mass": [1.8654863497084477, 15.719542810190088, 14.755653083258062]}, "pore_volume_opt": 0.7218708707272308, "windows": {"diameters": [0.5767037643576955, 0.8460820435467018, 0.767930942728023], "centre_of_mass": [[2.8670194893838965, 15.001267825388824, 15.543686251323026], [0.4665437475572465, 15.260058513322727, 15.393687570548087], [1.965030133742175, 16.537041717870157, 13.714371089844162]]}}