{"no_of_atoms": 98, "centre_of_mass": [-2.630332225496242, 19.888439938587645, 11.014508926328014], "maximum_diameter": {"diameter": 15.960695882284034, "atom_1": 52, "atom_2": 73}, "pore_diameter": {"diameter": 1.8486265520695997, "atom": 42}, "pore_volume": 3.307852852565681, "pore_diameter_opt": {"diameter": 2.02243999368604, "atom_1": 42, "centre_of_mass": [-2.685279546874455, 19.833492617501033, 11.057483980764985]}, "pore_volume_opt": 4.331372719334426, "windows": {"diameters": [1.5000961310061598, 1.7816806855280438, 1.2480506238430102, 1.9132670830844734], "centre_of_mass": [[-3.454808939804093, 19.970081265556395, 12.008584180647524], [-0.26020382863088276, 20.168519919397827, 11.597159417154119], [-2.628822008615046, 18.65254862421579, 10.570174275307693], [-3.5155277314048337, 21.512920088983574, 9.65214345975506]]}}