{"no_of_atoms": 100, "centre_of_mass": [20.147083126266626, 2.9867827547214136, 7.3637675154932865], "maximum_diameter": {"diameter": 16.965183766189718, "atom_1": 59, "atom_2": 69}, "pore_diameter": {"diameter": 2.2444890462624847, "atom": 95}, "pore_volume": 5.92040058820577, "pore_diameter_opt": {"diameter": 2.3677273367729206, "atom_1": 14, "centre_of_mass": [20.101031193986756, 3.0277705024048585, 7.375989108467832]}, "pore_volume_opt": 6.950142152509061, "windows": {"diameters": [2.5202020843097057, 2.561871540663955], "centre_of_mass": [[20.119478538057383, 3.0530914648953136, 7.730711771693962], [20.02733818087096, 2.8971127953231606, 7.78476144723638]]}}