{"no_of_atoms": 88, "centre_of_mass": [0.7554025597308867, 3.723203786378105, 20.22526312469819], "maximum_diameter": {"diameter": 16.249438546011707, "atom_1": 42, "atom_2": 80}, "pore_diameter": {"diameter": 0.6995186357364211, "atom": 49}, "pore_volume": 0.1792241333956071, "pore_diameter_opt": {"diameter": 1.413773681221595, "atom_1": 9, "centre_of_mass": [0.4566193732370425, 3.830314316293362, 19.92868098214273]}, "pore_volume_opt": 1.4795794817863175, "windows": {"diameters": [0.8889384559595999, 1.1509955403569596, 1.092897739240104], "centre_of_mass": [[1.7999373312560871, 3.9252101676695914, 20.118290473534522], [0.8204194746637467, 2.5255918967300186, 18.959742738540655], [0.6014100034879747, 4.403699528467998, 19.063234643833496]]}}