{"no_of_atoms": 88, "centre_of_mass": [12.541311200136661, 13.06970891438108, 16.337824034926932], "maximum_diameter": {"diameter": 16.24870448904234, "atom_1": 84, "atom_2": 87}, "pore_diameter": {"diameter": 0.6994476759184414, "atom": 72}, "pore_volume": 0.1791695969421911, "pore_diameter_opt": {"diameter": 1.324092385162185, "atom_1": 72, "centre_of_mass": [12.858692306641833, 13.056977593307066, 16.654240489466968]}, "pore_volume_opt": 1.215495866124675, "windows": {"diameters": [1.0936607579102486, 1.1253352505616276, 0.9043914984176289], "centre_of_mass": [[12.692170516017688, 12.417151848936815, 17.470188079534385], [12.484435557688396, 14.202021645842857, 17.553784322198165], [11.824924302756544, 12.87807394532985, 16.573255499937417]]}}