{"no_of_atoms": 78, "centre_of_mass": [0.13937135594948794, 4.37517915326995, 8.784633914226392], "maximum_diameter": {"diameter": 12.175051225481539, "atom_1": 5, "atom_2": 75}, "pore_diameter": {"diameter": 1.2066260813490137, "atom": 74}, "pore_volume": 0.9198494383581786, "pore_diameter_opt": {"diameter": 1.719722602269588, "atom_1": 72, "centre_of_mass": [0.0674399560934132, 4.3752811431913035, 8.527832802402498]}, "pore_volume_opt": 2.6630162709662644, "windows": {"diameters": [1.5328802085259992, 0.9890435195788214, 1.0653505353032968], "centre_of_mass": [[-2.041216748476731, 4.375506817247393, 11.181748936993865], [1.2998373324456938, 3.9475274021401394, 8.828917704687013], [-0.3819621791313816, 3.9759481976495152, 7.519176221683104]]}}