{"no_of_atoms": 105, "centre_of_mass": [5.975760748638764, 1.9012752623954445, 15.300085989110107], "maximum_diameter": {"diameter": 15.1420683442058, "atom_1": 14, "atom_2": 90}, "pore_diameter": {"diameter": 4.011701268958154, "atom": 21}, "pore_volume": 33.80526773375687, "pore_diameter_opt": {"diameter": 4.063209688891577, "atom_1": 21, "centre_of_mass": [5.953805150226785, 1.9252669788429617, 15.315821625262636]}, "pore_volume_opt": 35.12419087385022, "windows": {"diameters": [2.3398046584236356, 2.2923946707938088], "centre_of_mass": [[8.172544039666858, 2.0126516003114423, 17.55029193386526], [3.739871148418858, 1.8164256313535387, 13.132522306980254]]}}