{"no_of_atoms": 105, "centre_of_mass": [7.666040321479517, 12.7932825522987, 5.05578069568789], "maximum_diameter": {"diameter": 15.142731283649475, "atom_1": 50, "atom_2": 53}, "pore_diameter": {"diameter": 4.012841884820508, "atom": 33}, "pore_volume": 33.834110700512774, "pore_diameter_opt": {"diameter": 4.06385601727893, "atom_1": 34, "centre_of_mass": [7.687808806670248, 12.7697162546329, 5.0402626660924525]}, "pore_volume_opt": 35.140954989936844, "windows": {"diameters": [2.2933238279661072, 2.343073055575309], "centre_of_mass": [[9.91169802366532, 12.878896673723267, 7.23271250601899], [5.4451424417645935, 12.680131628013754, 2.781712532361144]]}}