{"no_of_atoms": 135, "centre_of_mass": [3.116439976180921, 16.20382287149348, 5.824203610661627], "maximum_diameter": {"diameter": 19.482529099264116, "atom_1": 6, "atom_2": 132}, "pore_diameter": {"diameter": 4.1181463011934145, "atom": 18}, "pore_volume": 36.56822969344844, "pore_diameter_opt": {"diameter": 4.398182507532072, "atom_1": 98, "centre_of_mass": [3.19920015742713, 16.316993378613688, 5.7548493846293445]}, "pore_volume_opt": 44.54698986090984, "windows": {"diameters": [3.0137767272732883, 3.187200362731717], "centre_of_mass": [[5.173711775679243, 17.243474723445125, 9.016338701316919], [2.726802690760487, 14.51025518643263, 3.02544029620595]]}}