{"no_of_atoms": 60, "centre_of_mass": [16.427589408558923, 8.97892121293341, 4.790642327185009], "maximum_diameter": {"diameter": 12.576952726640629, "atom_1": 53, "atom_2": 57}, "pore_diameter": {"diameter": 1.15554101452237, "atom": 13}, "pore_volume": 0.8078946214675938, "pore_diameter_opt": {"diameter": 1.1608072132921383, "atom_1": 13, "centre_of_mass": [16.428233985461894, 8.984495950862481, 4.790504495396319]}, "pore_volume_opt": 0.8189905992977453, "windows": {"diameters": [0.40022342316728254, 0.45402606095865705, 0.40816549952241044], "centre_of_mass": [[15.414158284474508, 10.046801675186973, 4.804489023765787], [16.141023269758684, 7.569002272037219, 4.755887878063046], [17.47543519443801, 10.084210162431777, 4.777753667526939]]}}