{"no_of_atoms": 177, "centre_of_mass": [12.614558291947034, 6.307859373475026, -0.0139442881323327], "maximum_diameter": {"diameter": 17.058363921055847, "atom_1": 79, "atom_2": 105}, "pore_diameter": {"diameter": 5.017351419076618, "atom": 12}, "pore_volume": 66.13360293078233, "pore_diameter_opt": {"diameter": 5.132036150916903, "atom_1": 12, "centre_of_mass": [12.668505016883534, 6.323329543047319, -0.025715944118644442]}, "pore_volume_opt": 70.77302246494672, "windows": {"diameters": [3.73491236510466, 3.7361832433611557], "centre_of_mass": [[14.911598526003127, 4.540249174952106, 1.442539490520934], [10.41702874280072, 8.135618420580311, -1.4507231409943053]]}}