{"no_of_atoms": 81, "centre_of_mass": [5.718853552805843, 3.2027123260301975, 5.103913751844707], "maximum_diameter": {"diameter": 14.700186606430648, "atom_1": 11, "atom_2": 75}, "pore_diameter": {"diameter": 4.658137706452022, "atom": 54}, "pore_volume": 52.92192001142635, "pore_diameter_opt": {"diameter": 4.82417889564643, "atom_1": 19, "centre_of_mass": [5.56931224157269, 3.402954239896243, 5.326088940449615]}, "pore_volume_opt": 58.78531309120841, "windows": {"diameters": [4.273920490555989, 4.850774472939898], "centre_of_mass": [[4.120601371527396, 1.8135613887257267, 5.743587407189331], [8.000716929884241, 5.861887303049569, 5.101643884756465]]}}