{"no_of_atoms": 210, "centre_of_mass": [0.7647517483802546, 16.7814617193981, 20.982207458049363], "maximum_diameter": {"diameter": 26.514884117250283, "atom_1": 4, "atom_2": 207}, "pore_diameter": {"diameter": 5.630639720958287, "atom": 39}, "pore_volume": 93.46991363579015, "pore_diameter_opt": {"diameter": 5.678797435039497, "atom_1": 177, "centre_of_mass": [0.7510236902998699, 16.782131192529853, 21.00197824508518]}, "pore_volume_opt": 95.88877154749741, "windows": {"diameters": [5.389150875051223, 5.547519744583896], "centre_of_mass": [[2.385049190711979, 19.101468766629186, 22.155975165494734], [-0.989469172216934, 15.064633112438019, 19.219443658634294]]}}