{"no_of_atoms": 97, "centre_of_mass": [2.6516408967241953, 15.524729700725517, 6.039006882763548], "maximum_diameter": {"diameter": 18.35342196320865, "atom_1": 68, "atom_2": 70}, "pore_diameter": {"diameter": 3.529920922957245, "atom": 8}, "pore_volume": 23.029979516804524, "pore_diameter_opt": {"diameter": 3.883325855011542, "atom_1": 69, "centre_of_mass": [2.30008005245911, 15.345300296174193, 6.719933586526124]}, "pore_volume_opt": 30.662681026343744, "windows": {"diameters": [4.035418686712445, 3.4906071466807806], "centre_of_mass": [[1.8562494924529571, 14.637068597766337, 5.543494606215518], [4.3205610050202825, 17.182930286094933, 6.303203085935056]]}}