{"no_of_atoms": 107, "centre_of_mass": [9.953708063982491, 8.834109167260513, 19.386542125623546], "maximum_diameter": {"diameter": 19.296925074323365, "atom_1": 17, "atom_2": 105}, "pore_diameter": {"diameter": 3.00768693262564, "atom": 51}, "pore_volume": 14.246117078810961, "pore_diameter_opt": {"diameter": 3.6108088661859776, "atom_1": 5, "centre_of_mass": [8.819367068306194, 7.639497468222, 18.231776705297378]}, "pore_volume_opt": 24.649727516421066, "windows": {"diameters": [3.69196139972104, 3.9024000050725705, 4.006932179761856], "centre_of_mass": [[8.29155753540651, 7.2806449611311725, 19.611432811748127], [9.414057014307117, 8.785793730689132, 20.89595542994882], [9.603358016599472, 8.48250507794502, 17.98826595889716]]}}