{"no_of_atoms": 120, "centre_of_mass": [13.420779872119933, 9.785068165714826, 16.516444430216577], "maximum_diameter": {"diameter": 17.24914519805288, "atom_1": 12, "atom_2": 106}, "pore_diameter": {"diameter": 4.3674510529735, "atom": 24}, "pore_volume": 43.619708768807214, "pore_diameter_opt": {"diameter": 4.367569174837458, "atom_1": 24, "centre_of_mass": [13.420762344244892, 9.785058486357105, 16.516499995611674]}, "pore_volume_opt": 43.62324807395099, "windows": {"diameters": [4.626387859878298, 4.157968905883285, 4.494317675400735], "centre_of_mass": [[14.558310758409464, 7.8921726497739835, 16.516499083633928], [12.762809133374612, 11.202234975553264, 16.51649937242648], [12.427804368561823, 7.707206060638356, 16.516499978032307]]}}