{"no_of_atoms": 120, "centre_of_mass": [15.05097223645009, 8.689618604929105, 39.59215302712117], "maximum_diameter": {"diameter": 17.47365884934015, "atom_1": 38, "atom_2": 66}, "pore_diameter": {"diameter": 4.01798054875484, "atom": 24}, "pore_volume": 33.96425651568493, "pore_diameter_opt": {"diameter": 4.081017790015046, "atom_1": 86, "centre_of_mass": [15.048384604680315, 8.688309394833519, 39.626723317567546]}, "pore_volume_opt": 35.58804132372155, "windows": {"diameters": [3.929608174066854, 3.926083583372909, 3.926447150252446], "centre_of_mass": [[16.371490190603676, 8.058870633606857, 39.61577737185409], [15.447924027917935, 10.057633286397044, 39.627850734036016], [13.863533789204112, 7.887185366991587, 39.616121939872336]]}}