{"no_of_atoms": 108, "centre_of_mass": [7.5750010111953765, 4.373420691384775, 37.29166259780907], "maximum_diameter": {"diameter": 14.36356950979475, "atom_1": 12, "atom_2": 106}, "pore_diameter": {"diameter": 5.370681535766646, "atom": 72}, "pore_volume": 81.11232028048923, "pore_diameter_opt": {"diameter": 5.371497123968005, "atom_1": 23, "centre_of_mass": [7.574817111453218, 4.373214501965481, 37.29125123756214]}, "pore_volume_opt": 81.14927888487587, "windows": {"diameters": [3.6954093075011905, 3.7003702287866194], "centre_of_mass": [[7.574988952546815, 4.373338359201548, 40.391323272030135], [7.5747835407774975, 4.373104979242475, 34.136560912009124]]}}