{"no_of_atoms": 204, "centre_of_mass": [-3.6161002415947467, 8.945551499762825, 15.236380426535472], "maximum_diameter": {"diameter": 19.047340543191744, "atom_1": 78, "atom_2": 191}, "pore_diameter": {"diameter": 5.160793893269057, "atom": 6}, "pore_volume": 71.96944726767302, "pore_diameter_opt": {"diameter": 5.301300757179307, "atom_1": 166, "centre_of_mass": [-3.682181455612596, 8.945544068432234, 15.26023034084775]}, "pore_volume_opt": 78.0092231809119, "windows": {"diameters": [3.8023935691791904, 3.7912818902474523], "centre_of_mass": [[-3.928806966989441, 8.945529969391028, 18.511162449159904], [-3.423685270425487, 8.945505561169579, 12.183626461608744]]}}