{"no_of_atoms": 238, "centre_of_mass": [8.49292879758847, 0.06009540026293701, 0.2144121341305769], "maximum_diameter": {"diameter": 16.737647243798286, "atom_1": 71, "atom_2": 172}, "pore_diameter": {"diameter": 4.885525520104741, "atom": 24}, "pore_volume": 61.05658094379308, "pore_diameter_opt": {"diameter": 5.249717550679751, "atom_1": 217, "centre_of_mass": [8.500061530753655, -4.384731438644526e-06, -0.0030048581083992804]}, "pore_volume_opt": 75.75415106898348, "windows": {"diameters": [3.655936315788903, 3.6519582158562978], "centre_of_mass": [[10.892770184284748, 0.0005212614211466265, 2.133074823607305], [6.385385267981146, 0.0004894551916731354, -2.0952030000268933]]}}