{"no_of_atoms": 72, "centre_of_mass": [2.247817985303175, 14.130744528220237, 6.048917234649889], "maximum_diameter": {"diameter": 13.263721087019317, "atom_1": 25, "atom_2": 50}, "pore_diameter": {"diameter": 0.6658675318216152, "atom": 59}, "pore_volume": 0.15458314507693077, "pore_diameter_opt": {"diameter": 1.0724841904521845, "atom_1": 59, "centre_of_mass": [2.1154285072319263, 13.936106876237226, 6.3818510005606885]}, "pore_volume_opt": 0.6459089749641842, "windows": {"diameters": [1.7452565943037954, 1.4987054622096374], "centre_of_mass": [[1.7686857511059275, 15.201240685739412, 6.961424823605005], [1.7955363265997342, 13.822985057083546, 6.792454059177981]]}}