{"no_of_atoms": 176, "centre_of_mass": [21.63386591213832, 12.62373700056569, 26.836834475872042], "maximum_diameter": {"diameter": 17.841575431609687, "atom_1": 71, "atom_2": 120}, "pore_diameter": {"diameter": 7.472583848195628, "atom": 57}, "pore_volume": 218.4796608107368, "pore_diameter_opt": {"diameter": 7.790646816526088, "atom_1": 57, "centre_of_mass": [21.781144557913276, 12.580733762279857, 26.744656601075878]}, "pore_volume_opt": 247.58205956822846, "windows": {"diameters": [6.4586584263719375, 6.4717386105272245], "centre_of_mass": [[22.831580675899982, 15.078648581649102, 28.259048464231462], [20.83428464544586, 9.95736315657498, 25.091515343848727]]}}