{"no_of_atoms": 114, "centre_of_mass": [-3.135986297853288e-05, 9.597550327606262, 0.5294200527146478], "maximum_diameter": {"diameter": 15.290098702908379, "atom_1": 75, "atom_2": 78}, "pore_diameter": {"diameter": 2.7928598010145174, "atom": 72}, "pore_volume": 11.406332504842698, "pore_diameter_opt": {"diameter": 3.179325808210804, "atom_1": 8, "centre_of_mass": [-8.224616977166085e-05, 9.597861821471502, 0.7445144161494345]}, "pore_volume_opt": 16.826885078403542, "windows": {"diameters": [0.9505140863885964, 0.9263894735889631, 0.9273465632521085], "centre_of_mass": [[-2.37026618797745, 7.313939174807244, 0.7166531908452981], [-0.5327755359187255, 12.276261215743986, 0.705385202711992], [2.3749732268753507, 11.82401316975199, 0.7888372854616825]]}}