{"no_of_atoms": 221, "centre_of_mass": [12.35268028272329, 0.09518868048186062, 0.2252925313765872], "maximum_diameter": {"diameter": 23.011903345589907, "atom_1": 154, "atom_2": 162}, "pore_diameter": {"diameter": 5.8946974611616145, "atom": 77}, "pore_volume": 107.24651368572418, "pore_diameter_opt": {"diameter": 6.208691607671742, "atom_1": 98, "centre_of_mass": [12.420104173643754, 0.1635473884339962, 0.09669052074161885]}, "pore_volume_opt": 125.31379658664467, "windows": {"diameters": [6.229857263025, 6.233964143583032, 3.685161085030133, 3.389144050963279], "centre_of_mass": [[13.658017023826753, 0.09865523568110804, 0.24948275545992013], [11.37649380857603, -0.13313991451756702, -0.23759482032437632], [12.272563122061184, -6.129049910244148, 1.8350280122009315], [12.43774308159309, 4.524395823439715, -0.9417426599736698]]}}