{"no_of_atoms": 134, "centre_of_mass": [6.789289550749518, 12.573123310174097, 14.549816063556756], "maximum_diameter": {"diameter": 17.523082936620003, "atom_1": 91, "atom_2": 133}, "pore_diameter": {"diameter": 4.97609820508946, "atom": 82}, "pore_volume": 64.51570545553699, "pore_diameter_opt": {"diameter": 5.023484391685171, "atom_1": 19, "centre_of_mass": [6.770774802529261, 12.584749748666137, 14.540684097952827]}, "pore_volume_opt": 66.37641523802012, "windows": {"diameters": [3.810635379859915, 4.460300296324908], "centre_of_mass": [[6.019535578827791, 14.905015739908901, 16.91353324748443], [7.798500062850211, 9.053781554244953, 10.4610328525984]]}}