{"no_of_atoms": 160, "centre_of_mass": [14.765837045098309, 7.274911721662293, 13.047572278305225], "maximum_diameter": {"diameter": 15.677314584760923, "atom_1": 74, "atom_2": 134}, "pore_diameter": {"diameter": 4.818545894120019, "atom": 50}, "pore_volume": 58.57962964145292, "pore_diameter_opt": {"diameter": 4.9694484154627645, "atom_1": 50, "centre_of_mass": [14.7698398821386, 7.3243650028571805, 12.988126091771289]}, "pore_volume_opt": 64.25740500028837, "windows": {"diameters": [4.165864435082234, 3.2064798989760956], "centre_of_mass": [[14.762514332205452, 9.815999601179012, 16.35042204583664], [14.763284426411415, 4.487421092187647, 9.885199081664744]]}}