{"no_of_atoms": 115, "centre_of_mass": [7.182644159840183, 9.862228722323328, 15.9947061418263], "maximum_diameter": {"diameter": 18.384910227378672, "atom_1": 50, "atom_2": 102}, "pore_diameter": {"diameter": 4.7714846482885935, "atom": 53}, "pore_volume": 56.879951174638535, "pore_diameter_opt": {"diameter": 5.024751315690221, "atom_1": 48, "centre_of_mass": [7.457215131321403, 9.606096086070094, 15.810473831494008]}, "pore_volume_opt": 66.42664834967391, "windows": {"diameters": [4.186141309584206, 4.004484353461621], "centre_of_mass": [[9.905614565956625, 7.277888441308047, 15.988388219652508], [4.451492815857556, 11.71445230203262, 15.850336841934967]]}}