{"no_of_atoms": 115, "centre_of_mass": [8.539862684630801, 2.9321172785148035, 5.22135711915683], "maximum_diameter": {"diameter": 18.38452807878456, "atom_1": 58, "atom_2": 114}, "pore_diameter": {"diameter": 4.771780358434166, "atom": 87}, "pore_volume": 56.89052714143653, "pore_diameter_opt": {"diameter": 4.995490360765418, "atom_1": 6, "centre_of_mass": [8.399998389986573, 2.9760853401769847, 5.3212606464386845]}, "pore_volume_opt": 65.27291350836103, "windows": {"diameters": [4.216008746684087, 3.9869480693075645], "centre_of_mass": [[5.912719423137961, 5.451918915271889, 5.2262326725630865], [11.059222318288766, 1.243927500280725, 5.36279015357088]]}}