{"no_of_atoms": 195, "centre_of_mass": [8.601827250199573, 4.57826113172998, 5.185676317810543], "maximum_diameter": {"diameter": 21.699562520712394, "atom_1": 104, "atom_2": 178}, "pore_diameter": {"diameter": 4.849147971290071, "atom": 99}, "pore_volume": 59.70283203842624, "pore_diameter_opt": {"diameter": 5.014019744706825, "atom_1": 35, "centre_of_mass": [8.524538197490068, 4.543775095947004, 5.151584734238731]}, "pore_volume_opt": 66.00194620538196, "windows": {"diameters": [4.405930609163734, 4.091736136981497], "centre_of_mass": [[5.320110441294698, 4.395073277860904, 7.06440872585816], [16.124460175502566, 4.944994258562937, 0.533802100452065]]}}