{"no_of_atoms": 141, "centre_of_mass": [12.472072166446818, 6.455611534167357, 6.75353146422728], "maximum_diameter": {"diameter": 16.967061438974277, "atom_1": 52, "atom_2": 135}, "pore_diameter": {"diameter": 3.4466339704377, "atom": 36}, "pore_volume": 21.437992506423075, "pore_diameter_opt": {"diameter": 4.5572971131665945, "atom_1": 100, "centre_of_mass": [12.628783095396924, 6.0179573182204775, 6.343234265354575]}, "pore_volume_opt": 49.55878521012277, "windows": {"diameters": [1.162437941876754, 1.248082058125656, 4.030976738324155], "centre_of_mass": [[9.69289364771151, 6.333461921645329, 9.168168619893564], [11.682946582643106, 9.758130154071274, 9.537100891337658], [13.099906053355221, 4.322603287932984, 5.934014402915388]]}}