{"no_of_atoms": 135, "centre_of_mass": [6.422731899613428, 15.839760560171921, 3.844607518332951], "maximum_diameter": {"diameter": 17.04286772463511, "atom_1": 2, "atom_2": 133}, "pore_diameter": {"diameter": 3.932153888227542, "atom": 89}, "pore_volume": 31.83392144488151, "pore_diameter_opt": {"diameter": 4.7670827985674915, "atom_1": 89, "centre_of_mass": [6.50644486901622, 15.971112185485401, 4.339670003799196]}, "pore_volume_opt": 56.72267554298818, "windows": {"diameters": [3.830274787073258, 1.9043819916986249, 3.3987286221443855], "centre_of_mass": [[7.383849949897278, 19.08462206737249, 4.872111005114956], [3.0910263258787785, 14.959095431240392, 0.4802993646377294], [6.997972860129469, 10.465007631192977, -0.3823393809972835]]}}