{"no_of_atoms": 130, "centre_of_mass": [-3.5131301275348683, 8.755525842639466, 9.825660613173909], "maximum_diameter": {"diameter": 20.221676596904597, "atom_1": 81, "atom_2": 98}, "pore_diameter": {"diameter": 0.8849993114512862, "atom": 19}, "pore_volume": 0.3629338040390701, "pore_diameter_opt": {"diameter": 2.1529540788803767, "atom_1": 19, "centre_of_mass": [-3.070630471809225, 8.313026186913824, 10.268160268899551]}, "pore_volume_opt": 5.225200050988823, "windows": {"diameters": [4.740306124755076, 4.938159877627479], "centre_of_mass": [[-4.104481267592618, 7.18338258546846, 10.995537424689283], [-3.4559015783724236, 7.06007605996324, 10.957487847033825]]}}