{"no_of_atoms": 126, "centre_of_mass": [6.490752165834386, 9.209619778945791, 20.593967036330948], "maximum_diameter": {"diameter": 20.2219747424882, "atom_1": 82, "atom_2": 118}, "pore_diameter": {"diameter": 1.1393262228158556, "atom": 17}, "pore_volume": 0.7743599837756486, "pore_diameter_opt": {"diameter": 2.7705721773539422, "atom_1": 17, "centre_of_mass": [6.923488613102751, 9.77928289035372, 21.163630147738875]}, "pore_volume_opt": 11.135430923724813, "windows": {"diameters": [4.8909476617121665, 4.850961105536728], "centre_of_mass": [[6.170953984583042, 10.810028614757895, 21.668632309508446], [6.977326222989864, 10.864769374570512, 21.62636397270679]]}}