{"no_of_atoms": 216, "centre_of_mass": [21.38783825833852, 17.51667517017625, 17.256908940740242], "maximum_diameter": {"diameter": 26.8691546241981, "atom_1": 163, "atom_2": 191}, "pore_diameter": {"diameter": 6.430776791081222, "atom": 212}, "pore_volume": 139.24798821951887, "pore_diameter_opt": {"diameter": 6.842386831187287, "atom_1": 13, "centre_of_mass": [21.41134568458912, 17.349290705281255, 17.112201913095998]}, "pore_volume_opt": 167.73414985813585, "windows": {"diameters": [6.629331402968409, 5.044889979585763, 6.572948736000875, 4.74460915035311], "centre_of_mass": [[21.731840697471362, 16.974577721991047, 21.803011438215634], [18.52563685835222, 17.340580033868047, 16.04188656161151], [23.80162241823049, 14.209392755834848, 15.790638925799385], [22.397188801207026, 20.6063113274842, 15.64785474915104]]}}