{"no_of_atoms": 208, "centre_of_mass": [17.055847239899606, 4.743847294878952, 23.453243122084373], "maximum_diameter": {"diameter": 26.639223744494927, "atom_1": 64, "atom_2": 193}, "pore_diameter": {"diameter": 8.1591142922263, "atom": 13}, "pore_volume": 284.39874298003247, "pore_diameter_opt": {"diameter": 8.349948090064878, "atom_1": 13, "centre_of_mass": [17.125464089867535, 4.755097075437402, 23.517613825731917]}, "pore_volume_opt": 304.8245553914938, "windows": {"diameters": [6.31271332086054, 6.118985151991785, 6.868509766926412, 6.593953289004036], "centre_of_mass": [[17.95656125670718, 7.004692328812428, 25.79075063571396], [13.037262614785519, 3.8270173073924605, 24.10969040025272], [18.92493477138629, 1.4448280012044568, 23.791744072485706], [17.49889017185195, 6.4812371132347115, 20.537954466115277]]}}