{"no_of_atoms": 237, "centre_of_mass": [3.9189404504454357, 4.87539778220795, 48.806693962442495], "maximum_diameter": {"diameter": 22.574219131901096, "atom_1": 4, "atom_2": 236}, "pore_diameter": {"diameter": 5.110255292255581, "atom": 38}, "pore_volume": 69.87573872839226, "pore_diameter_opt": {"diameter": 5.81403778341143, "atom_1": 38, "centre_of_mass": [3.900572561091407, 5.201886781732226, 48.938375799520244]}, "pore_volume_opt": 102.90397985921568, "windows": {"diameters": [5.347027910363726, 4.9831924658445566, 2.790364397115843], "centre_of_mass": [[3.99271487731522, 3.9557609678881254, 53.35881189467046], [4.096696745834611, 5.979059689018428, 46.123592430171996], [3.9012637076627095, -0.9689063358379162, 44.22948544394448]]}}