{"no_of_atoms": 126, "centre_of_mass": [0.760210045797387, 5.9766602553915815, 13.035432660961964], "maximum_diameter": {"diameter": 17.663833465267242, "atom_1": 4, "atom_2": 123}, "pore_diameter": {"diameter": 5.07190111252997, "atom": 46}, "pore_volume": 68.31419494270942, "pore_diameter_opt": {"diameter": 5.5796566101195, "atom_1": 101, "centre_of_mass": [1.1970183536030043, 5.4811106497467605, 13.325503739292463]}, "pore_volume_opt": 90.95383971180372, "windows": {"diameters": [5.941936788139026, 5.032287728144162], "centre_of_mass": [[1.5177787563289231, 4.933388566120121, 13.022817551684065], [0.0915159602440836, 6.685923320206566, 12.943065038951957]]}}