{"no_of_atoms": 180, "centre_of_mass": [5.663501314070125, 29.975037413432688, 19.44042972965807], "maximum_diameter": {"diameter": 24.316788226840853, "atom_1": 96, "atom_2": 125}, "pore_diameter": {"diameter": 2.555770408487415, "atom": 80}, "pore_volume": 8.741060670260323, "pore_diameter_opt": {"diameter": 5.345780421723791, "atom_1": 80, "centre_of_mass": [5.015595507047749, 28.805519058337367, 19.88692813787512]}, "pore_volume_opt": 79.98931370855291, "windows": {"diameters": [5.418576045949861, 5.483821146685418, 5.372248651487874], "centre_of_mass": [[4.716873205444916, 29.047558457825062, 20.29020694428742], [5.242630995476126, 27.85109499733304, 18.268034439399667], [3.4281684267109833, 27.479802137284974, 17.331437922491503]]}}