{"no_of_atoms": 110, "centre_of_mass": [4.178400097439423, 2.2659678751568655, 2.1444722674727283], "maximum_diameter": {"diameter": 16.059846576961863, "atom_1": 17, "atom_2": 100}, "pore_diameter": {"diameter": 3.321853584175241, "atom": 94}, "pore_volume": 19.19287705490616, "pore_diameter_opt": {"diameter": 4.040958104770382, "atom_1": 88, "centre_of_mass": [4.279032384725879, 2.3078644782766364, 2.494681922691758]}, "pore_volume_opt": 34.55028752336278, "windows": {"diameters": [3.1714099917048233, 3.3931696913718485, 3.0457371196448872], "centre_of_mass": [[4.515840490941305, 3.3695692123975913, 4.1395469709966894], [2.9686702329381163, 1.0481085748977659, 2.2541059161195567], [6.40237527402496, 3.0756600132833447, 0.7214317185242698]]}}