{"no_of_atoms": 64, "centre_of_mass": [4.920960278460277, 4.1475860769860775, 12.321111122559513], "maximum_diameter": {"diameter": 11.391940512183087, "atom_1": 16, "atom_2": 60}, "pore_diameter": {"diameter": 1.611593848141768, "atom": 55}, "pore_volume": 2.1916208580237857, "pore_diameter_opt": {"diameter": 1.6118265676193286, "atom_1": 10, "centre_of_mass": [4.921000268311585, 4.147601142878387, 12.321000034834885]}, "pore_volume_opt": 2.1925704270153545, "windows": {"diameters": [0.8118622726354161, 0.7050455380523681, 0.7687856007982989, 0.8448858592952169], "centre_of_mass": [[6.355376624277326, 1.6666874991563252, 14.481463370555005], [3.81872083177662, 6.0033672140176195, 10.441913868096716], [7.133996674466516, 4.162195372987663, 10.415380434800271], [3.5057088296813275, 1.619996632117847, 10.135416508981846]]}}