{"no_of_atoms": 193, "centre_of_mass": [5.143076392834925, 14.322747926362476, 17.384821633125096], "maximum_diameter": {"diameter": 14.703383169096123, "atom_1": 71, "atom_2": 133}, "pore_diameter": {"diameter": 4.518846028197416, "atom": 171}, "pore_volume": 48.314918754897576, "pore_diameter_opt": {"diameter": 5.030034074477324, "atom_1": 171, "centre_of_mass": [5.307821378951495, 14.146049354326317, 17.468278261712484]}, "pore_volume_opt": 66.63638113168106, "windows": {"diameters": [3.6590903145852174, 3.6623313341708634], "centre_of_mass": [[6.561014130398706, 14.866912349993028, 20.278562209122402], [4.104087884216166, 13.490172029598115, 14.918764071952765]]}}