{"no_of_atoms": 108, "centre_of_mass": [2.530541163075319, 11.8515, 7.9850391808113645], "maximum_diameter": {"diameter": 14.531597386573122, "atom_1": 12, "atom_2": 106}, "pore_diameter": {"diameter": 5.156605458093063, "atom": 24}, "pore_volume": 71.79436095775894, "pore_diameter_opt": {"diameter": 5.15687441297719, "atom_1": 24, "centre_of_mass": [2.530597444143724, 11.851613832574708, 7.985083438790257]}, "pore_volume_opt": 71.8055953548849, "windows": {"diameters": [3.7170198464016586, 3.71628880048742], "centre_of_mass": [[3.8270302134194205, 9.248116723383557, 9.029351187804949], [1.2621261032107445, 14.39908064944817, 6.958925045241721]]}}