{"no_of_atoms": 128, "centre_of_mass": [6.665826365762192, 3.7054473703738573, 13.108282293416256], "maximum_diameter": {"diameter": 19.576691725727624, "atom_1": 10, "atom_2": 127}, "pore_diameter": {"diameter": 4.687601818376999, "atom": 48}, "pore_volume": 53.93252636770715, "pore_diameter_opt": {"diameter": 4.831892274819012, "atom_1": 70, "centre_of_mass": [6.576790762283866, 3.605888935623037, 13.141971470727649]}, "pore_volume_opt": 59.067739676442024, "windows": {"diameters": [3.7577480219360497, 3.1889705925013434], "centre_of_mass": [[4.60368096558263, 1.0086552138508584, 13.38217064223303], [8.570850689286118, 6.668899610839495, 11.966487230569527]]}}