{"no_of_atoms": 204, "centre_of_mass": [4.9211732424720775, 6.230401985945848, 6.268670962846041], "maximum_diameter": {"diameter": 24.53264042568573, "atom_1": 118, "atom_2": 194}, "pore_diameter": {"diameter": 4.9589532489436134, "atom": 154}, "pore_volume": 63.85114126380463, "pore_diameter_opt": {"diameter": 4.959702882904201, "atom_1": 5, "centre_of_mass": [4.921161080088319, 6.230188758323283, 6.268362941330556]}, "pore_volume_opt": 63.88010234743566, "windows": {"diameters": [4.515030203124088, 5.382277754724518], "centre_of_mass": [[2.8472673584070995, 6.004935808255427, 5.575343531568044], [8.441967403943783, 8.93634765072074, 6.785275466604553]]}}