{"no_of_atoms": 90, "centre_of_mass": [9.031231674425143, 12.005855429709458, 5.984715638210784], "maximum_diameter": {"diameter": 17.17865340622284, "atom_1": 17, "atom_2": 83}, "pore_diameter": {"diameter": 0.9728011038539637, "atom": 32}, "pore_volume": 0.4820263576351057, "pore_diameter_opt": {"diameter": 1.0656936881117525, "atom_1": 30, "centre_of_mass": [8.945214315246222, 12.060112188789478, 6.027470940601734]}, "pore_volume_opt": 0.6337176498474856, "windows": {"diameters": [0.2901321964090613, 0.3517159265960319], "centre_of_mass": [[9.199863784788343, 10.967592446150752, 6.7152178767981585], [7.531225113577001, 11.669233355453779, 5.851111023592926]]}}